victim_id,title,outlet,url
V1-0040,Mental illness training key  inquest told; Man died after he was arrested Jury deliberates recommendations: [ONT Edition],Toronto Star,https://www.proquest.com/canadiannews/docview/438797882/1433533E416E437FPQ/8?accountid=14771
V2-0867,Coroner's Inquest hears testimony from investigating officer,paNOW,https://panow.com/2019/12/03/coroners-inquest-hears-testimony-from-investigating-officer/
V1-0368,Inquest called on police,Winnipeg Sun,https://www.proquest.com/canadiannews/docview/2230320159/29DE5D32EBEF4598PQ/154?accountid=14771&sourcetype=Newspapers
V1-0459,'I don't want to die': RCMP officer describes opening fire during chaotic attempted arrest that left man dead,Edmonton Journal,https://edmontonjournal.com/news/local-news/i-dont-want-to-die-rcmp-officer-describes-opening-fire-during-chaotic-attempted-arrest-that-left-man-dead
V1-0560,Police identify killed B.C. bank gunmen as 22-year-old twin brothers,Global News,https://globalnews.ca/news/8962999/police-release-suspects-name-saanich-bank-robbery/
V1-0919,A month after assaulting Chadd Facey  who later died  this Toronto cop shot two other racialized teenagers,Toronto Star,https://www.thestar.com/news/gta/a-month-after-assaulting-chadd-facey-who-later-died-this-toronto-cop-shot-two-other/article_c4e30add-4619-46f3-a378-e01d79a2adec.html
V1-0029,Enraged gunman dies in shootout: `He said he wasn't going back to jail ' friend says,Ottawa Citizen,https://www.proquest.com/canadiannews/docview/240485402/195049D257CD443EPQ/4?accountid=14771&sourcetype=Newspapers
V1-0027,Dead thief's accomplice speaks out: Man challenges SIU ruling that death was `unavoidable',Ottawa Citizen,https://www.proquest.com/canadiannews/docview/240468124/EF182F438D3F4D06PQ/23?accountid=14771&sourcetype=Newspapers
V1-0643,Police cleared in carjacking suspect's death at Nanaimo ferry terminal: watchdog,Vancouver Sun,https://vancouversun.com/news/local-news/police-cleared-in-carjacking-suspects-death-at-nanaimo-ferry-terminal-watchdog
V1-0285,Man who stabbed officer dies in hospital,The Globe and Mail,https://www.theglobeandmail.com/news/toronto/man-who-stabbed-officer-dies-in-hospital/article4223564/
V1-0222,Suspect in OPP killing dies,CBC,https://www.cbc.ca/news/canada/suspect-in-opp-killing-dies-1.947608
V2-0943,Inquest called into woman's death,Ottawa Sun,https://www.proquest.com/canadiannews/docview/2230070007/29DE5D32EBEF4598PQ/272?accountid=14771&sourcetype=Newspapers
V2-0855,Medical emergency occurred 'incredibly fast ' inquest told,The North Bay Nugget,https://www.nugget.ca/news/local-news/medical-emergency-occurred-incredibly-fast-inquest-told
V1-0031,Pepper spray was used by police,Regina Leader-Post,https://www.proquest.com/canadiannews/docview/349702293/F7745594E26240ABPQ/18?accountid=14771&sourcetype=Newspapers
V1-0273,Toronto Police shootings inquest hears Sylvia Klibingaitis bone-chilling 911 call,The Toronto Sun,https://torontosun.com/2013/10/30/police-shootings-inquest-hears-from-sylvia-klibingaitis-psychiatrist
V2-0951,Inquest ordered into death of man found in jail cell,CityNews,https://vancouver.citynews.ca/2013/11/15/inquest-ordered-into-death-of-man-found-in-jail-cell/
V1-0603,Police body cameras do little to ensure more transparency,The Brandon Sun,https://www.brandonsun.com/opinion/2024/09/12/police-body-cameras-do-little-to-ensure-more-transparency
V1-0640,Police cleared in immigration detainee's death,Toronto Star,https://www.thestar.com/news/immigration/police-cleared-in-immigration-detainees-death/article_ef60f1b1-be8f-51c6-bf07-0769f36b49b0.html
V1-0012,Police seek witnesses to road struggle,Times-Colonist,https://www.proquest.com/canadiannews/docview/345791687/A773E5184F984802PQ/4?accountid=14771&sourcetype=Newspapers
V1-0601,Uncle identifies Drake Dillon  27  as man fatally shot by Saskatoon police,CBC,https://www.cbc.ca/news/canada/saskatoon/uncle-identifies-drake-dillon-27-as-man-fatally-shot-by-saskatoon-police-1.7245733
V1-0538,Family and friends gather to mourn man killed by police,CTV,https://www.ctvnews.ca/edmonton/article/family-and-friends-gather-to-mourn-man-killed-by-police/
V2-0895,Zakery Rogers died of a heart condition while in Hamilton jail. His sister's urging change after inquest,CBC,https://www.cbc.ca/news/canada/hamilton/zakery-rogers-inquest-1.7617423
V1-0671,ASIRT investigating in-custody death at Grande Prairie RCMP detachment,rdnewsNOW,https://rdnewsnow.com/2021/02/09/asirt-investigating-in-custody-death-at-grande-prairie-rcmp-detachment/
V2-0768,Inmate  24  from Ottawa  dies in CSC custody at Joyceville Institution in Kingston,The Kingston Whig-Standard,https://www.thewhig.com/news/inmate-24-from-ottawa-dies-in-csc-custody-at-joyceville-institution-in-kingston
V1-0182,High cocaine levels killed Yukon man  inquest told,CBC,https://www.cbc.ca/news/canada/north/high-cocaine-levels-killed-yukon-man-inquest-told-1.803483
V1-0449,North Bay cop recounts Couvrette turning "three colours" and yelling "satanic" stuff,North Bay Nugget,https://www.nugget.ca/news/north-bay-cop-testifies-in-inquest-into-2018-tasered-death-of-43-year-old-man
V1-0506,Lawsuit filed by family of a B.C. man who died in a police confrontation,The Globe and Mail,https://www.theglobeandmail.com/canada/article-lawsuit-filed-by-family-of-a-bc-man-who-died-in-a-police-2/
V1-0161,Man shot by police was troubled but had good heart  mom says,Kitchener Record,https://www.proquest.com/canadiannews/docview/267223958/5CEC8F4D711947FBPQ/7?accountid=14771&sourcetype=Newspapers
V1-0353,Officer who killed man to testify at inquiry,Brock Citizen,https://www.durhamregion.com/news/officer-who-killed-man-to-testify-at-inquiry/article_cc9cd580-dd09-542d-a973-d92f239a6a5d.html
V1-0292,Greg Matters' family launches civil suit against RCMP,Global News,https://globalnews.ca/news/1554795/greg-matters-family-launches-civil-suit-against-rcmp/
V1-0021,Inquest called into shooting death of Hamilton teen,CBC,https://www.cbc.ca/news/canada/hamilton/headlines/inquest-called-into-shooting-death-of-hamilton-teen-1.1194011
V1-0269,Vigil held as SIU probes disabled man's death,National Post,https://nationalpost.com/posted-toronto/vigil-held-as-siu-probes-disabled-mans-death
V1-0026,Coroner won't let jury rule police shooting a suicide: Police lawyer argues McMillan's death could be seen as self-inflicted,Saskatoon Star-Phoenix,https://www.proquest.com/canadiannews/docview/348669421/6394D4EAEDBD418APQ/5?accountid=14771&sourcetype=Newspapers
V1-0413,Who was Sam Maloney? Man killed during standoff with police had been secretly living a double life,Toronto Sun,https://torontosun.com/2017/01/09/who-was-sam-maloney-man-killed-during-standoff-with-police-had-been-secretly-living-a-double-life
V1-0421,Inquest hears Sanirajak man shot by police had a toy gun,CBC,https://www.cbc.ca/news/canada/north/sanirajak-inquest-jeremy-nuvviaq-rcmp-shooting-1.6368099
V1-0332,Jermaine Carby taken in under Mental Health Act a month before police shot him dead,Toronto Star,https://www.thestar.com/news/crime/jermaine-carby-taken-in-under-mental-health-act-a-month-before-police-shot-him-dead/article_078876d0-dbb4-599a-a4c3-4c5444b96637.html
V1-0394,No charges but lingering questions for Calgary officer who fatally shot car thief,CBC,https://www.cbc.ca/news/canada/calgary/asirt-officer-involved-shooting-calgary-police-no-charge-1.5176596
V1-0556,ASIRT clears Edmonton police officers who killed bystander while firing on robbery suspect,Edmonton Journal,https://edmontonjournal.com/news/crime/asirt-clears-edmonton-police-bystander-shooting
V2-0734,Exposing our dark secret; Inquest into reserve jail deaths,Toronto Sun,https://www.proquest.com/canadiannews/docview/2211640363/29DE5D32EBEF4598PQ/223?accountid=14771&sourcetype=Newspapers
V1-0099,Staff didn't stop Geldart from leaving psychiatric ward  inquest hears,CBC,https://www.cbc.ca/news/canada/new-brunswick/staff-didn-t-stop-geldart-from-leaving-psychiatric-ward-inquest-hears-1.640709
V1-0321,Inquest into cop shooting ordered,Ottawa Sun,https://www.proquest.com/canadiannews/docview/2227137664/29DE5D32EBEF4598PQ/254?accountid=14771&sourcetype=Newspapers
V1-0277,Oakville  Ont. man shot dead by officers had killed estranged wife hours earlier: police,The Globe and Mail,https://www.theglobeandmail.com/news/toronto/oakville-ont-man-shot-dead-by-officers-had-killed-estranged-wife-hours-earlier-police/article4394542/
V2-0678,Man who died in Alberta RCMP cell needed medical attention before his arrest  expert says,CBC,https://www.cbc.ca/news/canada/edmonton/holding-cell-death-rcmp-alberta-1.6556517
V1-0178,He had a good heart  a tough life,Winnipeg Free Press,https://www.winnipegfreepress.com/historic/2008/07/31/he-had-a-good-heart-a-tough-life
V1-0354,Inquest set into 26-year-old Edmonton man's police-shooting death,Peace Arch News,https://www.peacearchnews.com/news/inquest-set-into-26-year-old-edmonton-mans-police-shooting-death-2815158
V1-0118,A pattern of none and done,Winnipeg Free Press,https://www.winnipegfreepress.com/featured/2023/09/12/a-pattern-of-none-and-done
V2-0763,Italian community asks why man died in custody in Quebec,The Globe and Mail,https://www.proquest.com/canadiannews/docview/383838604/DAB282DB47754EEEPQ/7?accountid=14771&sourcetype=Newspapers
V1-0609,Community demands answers in fatal police shooting of Surrey mom,CBC,https://www.cbc.ca/news/canada/british-columbia/fatal-police-shooting-1.7328352
V1-0036,OPP officers cleared in fatal shootout,Montreal Gazette,https://www.proquest.com/canadiannews/docview/433817052/CD3DF8020430499DPQ/8?accountid=14771&sourcetype=Newspapers
V1-0179,Third man dies in police custody in six weeks,Vancouver Sun,https://www.proquest.com/canadiannews/docview/243845040/7B57D5E2BED24D51PQ/10?accountid=14771&sourcetype=Newspapers
V1-0584,Siblings of Brampton  Ont.  man who died during police response to crisis demand change,CBC,https://www.cbc.ca/news/canada/toronto/brampton-man-dead-police-mental-health-1.6809121
V1-0635,Autopsy shows gunshot didn't kill man who died in Saskatoon police chase,CBC,https://www.cbc.ca/news/canada/saskatoon/police-chase-autopsy-released-1.4178782
V1-0028,Investigation underway into death of Regina man,CBC,https://www.cbc.ca/news/canada/investigation-underway-into-death-of-regina-man-1.261953
V1-0076,Park death prompts Taser call; Three officers identified in shooting Victim mourned at Scarborough home: [ONT Edition],Toronto Star,https://www.proquest.com/canadiannews/docview/438711984/BC4B73913A0D4551PQ/5?accountid=14771&sourcetype=Newspapers
V1-0348,ASIRT says no charges in shooting death of Anthony Heffernan,Edmonton Journal,https://web.archive.org/web/20170222185605/http://edmontonjournal.com/opinion/columnists/paula-simons-72-seconds-asirt-investigation-of-anthony-heffernan-shooting-leaves-questions-unanswered
V1-0089,Inquest slams RCMP 'understaffing  underfunding' on reserves,CBC,https://www.cbc.ca/news/canada/manitoba/inquest-slams-rcmp-understaffing-underfunding-on-reserves-1.579161
V1-0448,SIU clears Timmins police officer after shooting after shooting death,National Post,https://nationalpost.com/pmn/news-pmn/canada-news-pmn/siu-clears-timmins-police-officer-after-shooting-after-shooting-death
V1-0606,Cellphone video shows last moments of Cree man's life,APTN News,https://www.aptnnews.ca/national-news/video-atahkakoop-cree-nation-saskatchewan-rcmp-shooting/
V1-0096,Father wants second inquiry into police shooting,CBC,https://www.cbc.ca/news/canada/edmonton/father-wants-second-inquiry-into-police-shooting-1.678809
V1-0331,B.C. Coroner's Inquest into 2014 Valemount death set for Prince George,Prince George Citizen,https://www.princegeorgecitizen.com/local-news/bc-coroners-inquest-into-2014-valemount-death-set-for-prince-george-1468182
V1-0317,SIU clears Halton officers in fatal shooting of Oakville man,CTV,https://www.ctvnews.ca/toronto/article/siu-clears-halton-officers-in-fatal-shooting-of-oakville-man/
V2-0854,Sobering centre opens in Prince George  years after Gitxsan man died of alcohol poisoning in police custody,CBC,https://www.cbc.ca/news/canada/british-columbia/prince-george-sobering-centre-opens-1.6989594
V2-0721,RCMP probe death of man in custody,Winnipeg Free Press,https://www.proquest.com/canadiannews/docview/752213522/49930DEAF4864221PQ/1?accountid=14771&sourcetype=Newspapers
V1-0196,Man identified in shooting  other questions unanswered,Times-Colonist,https://www.proquest.com/canadiannews/docview/348240371/4F9316B3D92A4DC3PQ/12?accountid=14771&sourcetype=Newspapers
V2-0767,Cocaine overdose killed man in Durham police custody,Brock Citizen,https://www.durhamregion.com/news/cocaine-overdose-killed-man-in-durham-police-custody/article_3fde478a-a044-590a-9c09-fb4183e161d1.html
V2-0688,Coroner's inquest begins for Kugluktuk man  22  who died in police custody,CBC,https://www.cbc.ca/news/canada/north/austin-maniyogena-inquest-kugluktuk-1.6436142
V1-0347,Police shooting victim had expressed hope for the future,Toronto Star,https://www.thestar.com/news/gta/police-shooting-victim-had-expressed-hope-for-the-future/article_e2dc223f-ce4e-589d-bf45-0fbf29d6ea15.html
V2-0781,Peel stun gun victim was grieving dead sister,Toronto Star,https://www.thestar.com/news/gta/peel-stun-gun-victim-was-grieving-dead-sister/article_2e2fca9e-5bd6-52db-b0c4-6c91433736fc.html
V1-0361,James Butters ID'ed as man killed by RCMP in Port Hardy,CBC,https://www.cbc.ca/news/canada/british-columbia/james-butters-id-ed-as-man-killed-by-rcmp-in-port-hardy-1.3147728
V1-0340,Inquest into death of Hazelton man,The Interior News,https://www.interior-news.com/news/inquest-into-death-of-hazelton-man-6455632
V2-0770,Woman dies in Chilliwack  B.C.  jail,CBC,https://www.cbc.ca/news/canada/woman-dies-in-chilliwack-b-c-jail-1.715343
V1-0522,SIU identifies man killed after confrontation that began when he reportedly refused to wear mask at grocery store,Toronto.com,https://www.toronto.com/news/siu-identifies-man-killed-after-confrontation-that-began-when-he-reportedly-refused-to-wear-mask/article_c09adce2-634c-5e6f-bd31-3d2792d4c15a.html
V2-0687,SIRT investigates death of man in Amherst police custody,PNI Atlantic News,https://www.saltwire.com/nova-scotia/sirt-investigates-death-of-man-in-amherst-police-custody-328807
V1-0513,'Impossible to find peace:' Spouse wants to see report on Nunavut RCMP shooting death,Global News,https://globalnews.ca/news/7778195/nunavut-rcmp-shooting-spouse-ottawa-police/
V1-0063,SIU clears officer,Toronto Star,https://www.proquest.com/canadiannews/docview/438676950/35F0A61CD2C1488EPQ/4?accountid=14771&sourcetype=Newspapers
V1-0172,Aboriginal group demands meeting after RCMP shooting,Winnipeg Free Press,https://www.winnipegfreepress.com/historic/2008/06/15/aboriginal-group-demands-meeting-after-rcmp-shooting
V1-0445,Better communication may have prevented 2017 Nunavik shooting death: coroner's report,Nunatsiaq News,https://nunatsiaq.com/stories/article/better-communication-may-have-prevented-2017-nunavik-shooting-death-coroners-report/
V1-0624,Woman dies after being hit by Winnipeg police cruiser in riverside park,CBC,https://www.cbc.ca/news/canada/manitoba/woman-hot-fatality-police-cruiser-winnipeg-1.7311828
V1-0503,Police watchdog investigating after man fatally shot by SQ officer,Global News,https://globalnews.ca/news/6498613/police-watchdog-shooting-sq-officer/
V1-0440,Family  community gathers for funeral of man shot by RCMP,Saskatoon StarPhoenix,https://thestarphoenix.com/news/local-news/brydon-whitstone-family-gathers-for-funeral-of-man-shot-by-rcmp
V2-0918,Dad says N.S. restorative justice helped him heal after son's jail cell death,CBC,https://www.cbc.ca/news/canada/nova-scotia/cape-breton-correctional-centre-ernie-leblanc-jason-leblanc-death-1.4601567
V1-0549,Family questions police conduct in firearms search of Port Dover gunsmith,Global News,https://globalnews.ca/news/8383288/port-dover-gunsmith-shot-dead-toronto-police/
V1-0369,No charges against Toronto police after SIU investigation into man's death,CBC,https://www.cbc.ca/news/canada/toronto/no-charges-against-toronto-police-after-siu-investigation-into-man-s-death-1.4038174
V1-0399,London police officer found guilty in death of Oneida of the Thames mother,APTN News,https://www.aptnnews.ca/national-news/london-police-officer-found-guilty-in-death-of-oneida-of-the-thames-mother/
V1-0255,Crescent Beach gunman threatened girlfriend  inquest hears,Surrey Now-Leader,https://www.surreynowleader.com/news/crescent-beach-gunman-threatened-girlfriend-inquest-hears-2888577
V1-0538,Family wants justice for Edmonton man killed in 2021 police shooting,Global News,https://globalnews.ca/news/8708788/steven-nguyen-edmonton-police-shooting-lawsuit/
V1-0644,Why is almost everything about his shooting death a secret?,Toronto Star,https://www.thestar.com/opinion/star-columnists/why-is-almost-everything-about-his-shooting-death-a-secret/article_3aa3ce3d-2c2b-502b-b019-895d2a3f01a5.html
V1-0560,Investigation breaks down suspects' movements ahead of bank shootout in Saanich  B.C.,CBC,https://www.cbc.ca/news/canada/british-columbia/timeline-saanich-bank-robbery-investigation-rcmp-1.6721570
V1-0552,'It bothers me to this day': Officers testify about fatal Saint John  N.B. shooting,PNI Atlantic News,https://www.saltwire.com/atlantic-canada/news/canada/it-bothers-me-to-this-day-officers-testify-about-fatal-saint-john-nb-shooting-100914473/
V1-0224,Waiting for answers in teen's death ; Inquest into how 18-year-old died in police custody begins next week,Toronto Sun,https://www.proquest.com/canadiannews/docview/2229173617/29DE5D32EBEF4598PQ/196?accountid=14771&sourcetype=Newspapers
V2-0682,Broader systemic changes needed to prevent more deaths in custody: PAGC,Saskatoon StarPhoenix,https://thestarphoenix.com/news/saskatchewan/pagc-says-broader-systemic-changes-needed-to-prevent-more-deaths-in-custody
V1-0652,On a quiet London street  shock as police fatally shoot 18-year-old,The London Free Press,https://lfpress.com/news/local-news/man-shot-death-london-police
V1-0513,No grounds for charges in Clyde River RCMP shooting  Ottawa police say,Nunatsiaq News,https://nunatsiaq.com/stories/article/no-grounds-for-charges-in-clyde-river-rcmp-shooting-ottawa-police-say/
V2-0900,Manitoba corrections officer acquitted in 2021 death of Headingley inmate William Ahmo,CBC,https://www.cbc.ca/news/canada/manitoba/robert-morden-william-ahmo-trial-decision-1.7314644
V1-0237,Police shootings inquest: Fateful 911 call  which set the end of Reyal Jardine-Douglas's life in motion  is heard,Toronto Star,https://www.thestar.com/news/crime/police-shootings-inquest-fateful-911-call-which-set-the-end-of-reyal-jardine-douglas-s/article_c8a6f9ee-1fcb-52cc-9293-d936e425c9ac.html
V1-0440,A 'very chaotic' few minutes: Sask. Mountie shot Brydon Whitstone because he thought he had a gun,CBC,https://www.cbc.ca/news/canada/saskatoon/rcmp-whitstone-inquest-shooting-1.4934527
V1-0456,Experts question police tactics in killing of Truro man,PNI Atlantic News,https://www.saltwire.com/nova-scotia/experts-question-police-tactics-in-killing-of-truro-man-274801
V1-0363,Audio of Surrey RCMP shooting of Hudson Brooks posted online,Vancouver Sun,https://vancouversun.com/news/local-news/he-didnt-stand-a-chance-audio-of-police-involved-shooting-of-hudson-brooks-posted-online
V1-0066,Pepper-sprayed man dies; Melee breaks out on east-end street But neighbours praise police 'restraint',Toronto Star,https://www.proquest.com/canadiannews/docview/438675912/BFF1940821B64C41PQ/43?accountid=14771&sourcetype=Newspapers
V1-0581,P.A. police union  administration meet after force's social media makes 'unauthorized' harassment allegations,Saskatoon StarPhoenix,https://thestarphoenix.com/news/local-news/prince-albert-police-allege-harassment-inside-an-outside-of-force-prompting-it-to-remove-video-thanking-outgoing-chief
V1-0560,It looked like a botched bank robbery. But twin brothers were setting a trap for police officers  authorities say,Toronto Star,https://www.thestar.com/news/canada/it-looked-like-a-botched-bank-robbery-but-twin-brothers-were-setting-a-trap-for/article_730598fa-de53-5c28-b40d-a919a5e18d3f.html
V1-0552,Avoid returning to 'high-threat areas' after domestic calls: jury,Telegraph-Journal,https://tj.news/saint-john-south/avoid-returning-to-high-threat-areas-after-domestic-calls-jury
V1-0032,Man dies in a Regina hospital after being arrested by police,The Regina Leader-Post,https://leaderpost.com/news/local/man-dies-in-a-regina-hospital-after-being-arrested-by-police
V1-0019,Parolee killed by police had long record: Officers say man was looking for lethal drug dose,Calgary Herald,https://www.proquest.com/canadiannews/docview/244845840/CD307489238948F6PQ/3?accountid=14771&sourcetype=Newspapers
V1-0378,ASIRT clears officers in fatal shooting of David McQueen,Edmonton Sun,https://edmontonsun.com/2017/08/24/asirt-to-release-findings-in-police-shooting-of-david-mcqueen
V1-0333,RCMP officer who shot Peter de Groot testifies at inquest,Trail Times,https://www.trailtimes.ca/news/rcmp-officer-who-shot-peter-de-groot-testifies-at-inquest-5061114
V1-0019,Mixed feelings greet award: Constable's bullet saved pharmacist,Calgary Herald,https://www.proquest.com/canadiannews/docview/244478382/CD307489238948F6PQ/8?accountid=14771&sourcetype=Newspapers
V1-0129,Supreme Court won't hear family's case in Toronto police shooting death,Global News,https://globalnews.ca/news/165505/supreme-court-wont-hear-familys-case-in-toronto-police-shooting-death/
V1-0188,Man who stabbed family had mental-health problems,The Globe and Mail,https://www.theglobeandmail.com/news/national/man-who-stabbed-family-had-mental-health-problems/article25582130/
V1-0157,Six years later  Coroner rules Robert Dziekanski's death at hands of Mounties at Vancouver airport was a homicide,Ottawa Citizen,https://ottawacitizen.com/news/canada/six-years-later-coroner-rules-robert-dziekanskis-death-at-hands-of-mounties-at-vancouver-airport-was-a-homicide
V1-0160,Complaints commission completes Knipstrom review,The Chilliwack Progress,https://www.theprogress.com/news/complaints-commission-completes-knipstrom-review-1846270
V2-0685,Testimony wraps up at coroner's inquest into in-custody death of Jeremy Sabourin in Moose Jaw,CBC,https://www.cbc.ca/news/canada/saskatchewan/inquest-jeremy-sabourin-death-1.7176296
V1-0185,Inquest into Langley bank robber's death hears he bled to death,Langley Advance Times,https://www.langleyadvancetimes.com/news/inquest-into-langley-bank-robbers-death-hears-he-bled-to-death-2461333
V2-0800,Stanley Robillard inquest releases findings,CBC,https://www.cbc.ca/news/canada/saskatoon/stanley-robillard-inquest-releases-findings-1.2463192
V1-0086,Man shot  killed by Toronto police officer,Niagara Falls Review,https://www.proquest.com/canadiannews/docview/361343068/412FCCA619194262PQ/9?accountid=14771
V2-0867,Man  34  dies in Prince Albert police custody,CTV,https://www.ctvnews.ca/saskatoon/article/man-34-dies-in-prince-albert-police-custody/
V1-0572,SIU identifies four 'subject officers' in probe into police shooting of GTA rampage killer,Toronto Star,https://www.thestar.com/news/gta/siu-identifies-four-subject-officers-in-probe-into-police-shooting-of-gta-rampage-killer/article_373efa76-2b3d-5a8e-b133-034832dc914e.html
V1-0128,Coroner questions 'dynamic entry' raids,Montreal Gazette,https://www.pressreader.com/canada/montreal-gazette/20090627/281638186188371
V2-0680,Brandon Daniels' family devastated by surveillance video of death,CBC,https://www.cbc.ca/news/canada/saskatoon/brandon-daniels-family-devastated-by-surveillance-video-of-death-1.2255125
V1-0055,Family sues cop for son's death: [FINAL C Edition],The Province,https://www.proquest.com/canadiannews/docview/269425963/E91D52E487E04F21PQ/20?accountid=14771&sourcetype=Newspapers
V2-0696,Inquest date set for man who died in Onion Lake police cell in 2019,The Regina Leader-Post,https://leaderpost.com/news/saskatchewan/inquest-date-set-for-man-who-died-in-onion-lake-police-cell-in-2019
V1-0618,Montrealers rally around family of man who died after police operation in Saint-Michel,CBC,https://www.cbc.ca/news/canada/montreal/march-abisay-cruz-spvm-bei-investigations-1.7503358
V1-0330,Man dies after police in B.C. Taser him,The Toronto Sun,https://torontosun.com/2014/06/05/man-dies-after-police-in-bc-taser-him
V2-0761,Inquest set for December in death of man after his arrest by police in Kelowna,Kelowna Capital News,https://www.proquest.com/canadiannews/docview/357966356/9B0D556540C48F4PQ/22?accountid=14771
V2-0689,SIU findings 'breaking my heart ' says friend of Olando Brown,Collingwood Today,https://www.collingwoodtoday.ca/local-news/siu-findings-breaking-my-heart-says-friend-of-olando-brown-1245396
V1-0018,Officer recalls struggle; Victim told to 'drop the knife ' jury told,Windsor Star,https://www.proquest.com/canadiannews/docview/254403444/9228828E3B2A487BPQ/19?accountid=14771&sourcetype=Newspapers
V1-0295,Investigation continues into death of Vancouver man after Tasering,The Vancouver Sun,https://vancouversun.com/news/metro/investigation-continues-into-death-of-vancouver-man-after-police-tasering
V1-0622,First Nation man shot and killed by police 1 year after father's death in police shooting,CBC,https://www.cbc.ca/news/canada/thunder-bay/siu-investigation-eric-nothing-deer-lake-first-nation-1.7593196
V1-0591,Royal Newfoundland Constabulary officer cleared of wrongdoing in fatal shooting of Omar Mohammed,PNI Atlantic News,https://www.saltwire.com/atlantic-canada/royal-newfoundland-constabulary-officer-cleared-of-wrongdoing-in-fatal-shooting-of-omar-mohammed-100920864
V2-0819,Man  18  killed in Niagara Gorge was youth-home resident,CTV,https://www.ctvnews.ca/toronto/article/man-18-killed-in-niagara-gorge-was-youth-home-resident/
V1-0292,Greg Matters RCMP shooting investigation gets third-party review,CBC,https://www.cbc.ca/news/canada/british-columbia/greg-matters-rcmp-shooting-investigation-gets-third-party-review-1.2677587
V1-0153,Investigation continues in Fort St. John RCMP custody death,Alaska Highway News,https://www.proquest.com/canadiannews/docview/356536794/D331290309994DACPQ/5?accountid=14771&sourcetype=Newspapers
V2-0801,Coroner's inquest announced to examine death of man in RCMP custody,Global News,https://globalnews.ca/news/143566/coroners-inquest-announced-to-examine-death-of-man-in-rcmp-custody/
V2-0830,Son accused of attacking mother dies,CBC,https://www.cbc.ca/news/canada/son-accused-of-attacking-mother-dies-1.232535
V2-0776,Inquest to probe death of woman in police cell,The Province,https://www.proquest.com/canadiannews/docview/269594483/701C2F189D964378PQ/5?accountid=14771
V1-0324,Officer cleared of wrongdoing in Medicine Hat shooting,Calgary Herald,https://calgaryherald.com/news/local-news/officer-cleared-of-wrongdoing-in-medicine-hat-shooting
V2-0693,IIO investigate death of woman in custody of Vancouver police,CBC,https://www.cbc.ca/news/canada/british-columbia/iio-investigate-death-of-woman-in-custody-of-vancouver-police-1.2883173
V1-0332,Was knife in Jermaine Carby's hand? Witnesses can't agree as police shooting inquest begins,Brampton Guardian,https://www.bramptonguardian.com/news/was-knife-in-jermaine-carbys-hand-witnesses-cant-agree-as-police-shooting-inquest-begins/article_c4b4330d-68a3-58ec-ae45-29d2d05e424a.html
V1-0523,33-year-old Sherbrooke man dies after being pepper-sprayed by police,CBC,https://www.cbc.ca/news/canada/montreal/bei-investigating-death-of-sherbrooke-man-1.5663250
V1-0381,Mother speaks out after SIU lays no charges in son's police shooting death,Toronto Star,https://www.thestar.com/news/gta/mother-speaks-out-after-siu-lays-no-charges-in-son-s-police-shooting-death/article_dbfd4f9a-3c0f-5f2d-afe1-b5dd357b439a.html
V1-0588,The moments before  during and after a Hamilton landlord killed his 2 tenants: SIU report,CBC,https://www.cbc.ca/news/canada/hamilton/landlord-tenant-shooting-victims-siu-report-1.6978441
V1-0455,'21 seconds': Anatomy of the police shooting that killed Josephine Pelletier,APTN News,https://www.aptnnews.ca/national-news/21-seconds-anatomy-of-the-police-shooting-that-killed-josephine-pelletier/
V1-0440,Mother of Sask. man fatally shot by RCMP officer disappointed by lack of criminal charges,CBC,https://www.cbc.ca/news/canada/saskatoon/brydon-whitstone-rcmp-shooting-saskatchewan-1.4837861
V2-0784,Silverfox inquest verdict restored by court of appeal,Yukon News,https://www.yukon-news.com/news/silverfox-inquest-verdict-restored-by-court-of-appeal-6984690
V1-0473,June dates eyed for inquest probing Steven Rigby's death in 2018 police-involved shooting,CBC,https://www.cbc.ca/news/canada/saskatoon/steven-rigby-saskatoon-police-service-2018-shooting-corner-s-inquest-1.6029595
V1-0047,Booze  drugs caused death  coroner finds,Prince George Citizen,https://www.proquest.com/canadiannews/docview/361720807/B593DA227D9A4987PQ/4?accountid=14771&sourcetype=Newspapers
V2-0683,Inquest deems the in-custody death of Sask. man accidental,CTV,https://www.ctvnews.ca/saskatoon/article/inquest-deems-the-in-custody-death-of-sask-man-accidental/
V1-0416,Suspect fatally shot during arrest in Morley homicide  ASIRT takes over investigation,Global News,https://globalnews.ca/news/3168042/suspect-fatally-shot-during-arrest-rcmp-seek-3rd-suspect-in-morley-homicide/
V1-0563,Inquest into fatal 2022 police shooting of Sask. man ends with no closure: father,CBC,https://www.cbc.ca/news/canada/saskatchewan/jury-inquest-ryan-booker-police-shooting-1.7571102
V1-0201,Cocaine and brain disorder  not RCMP Taser  responsible for death of Brooks man,CTV,https://www.ctvnews.ca/calgary/article/cocaine-and-brain-disorder-not-rcmp-taser-responsible-for-death-of-brooks-man/
V1-0009,London police investigated after stopped cyclist dies,The Globe and Mail,https://www.theglobeandmail.com/news/national/london-police-investigated-after-stopped-cyclist-dies/article1041643/
V1-0325,Brampton residents shocked &amp#039;good&amp#039; neighbour opened fire in courthouse as SIU searches for motive,National Post,https://nationalpost.com/news/toronto/brampton-residents-shocked-good-neighbour-opened-fire-in-courthouse-as-siu-searches-for-motive
V1-0028,Epileptic dies after struggle with police in ambulance,The Globe and Mail,https://www.theglobeandmail.com/news/national/epileptic-dies-after-struggle-with-police-in-ambulance/article4150515/
V1-0566,Shooter in killing spree had privately made guns  coroner hears,Montreal Gazette,https://www.proquest.com/canadiannews/docview/2869801854/DFE21E03147740E4PQ/85?accountid=14771
V1-0397,Coroner names B.C. man who died following confrontation with Terrace RCMP,The Vancouver Sun,https://vancouversun.com/news/local-news/coroner-names-b-c-man-who-died-following-confrontation-with-terrace-rcmp
V1-0059,Deadly force: 10 years after fatal encounter with Yukon police  man's family still wants justice,CBC,https://www.cbc.ca/news/canada/north/deadly-force-cbc-yukon-1.4614546
V1-0565,Investigation continues a year after Langley spree shooting,Surrey Now-Leader,https://www.surreynowleader.com/news/investigation-continues-a-year-after-langley-spree-shooting-3003359
V1-0658,SIU report details fatal police shooting outside Toronto Pearson Airport,CTV,https://www.ctvnews.ca/toronto/article/siu-report-details-fatal-police-shooting-outside-pearson-airport/
V1-0265,Use-of-force expert to testify at inquest for DTES man shot by police,CBC,https://www.cbc.ca/news/canada/british-columbia/use-of-force-expert-to-testify-at-inquest-for-dtes-man-shot-by-police-1.1221863
V1-0350,Travis Rood identified as man shot by Burnaby RCMP after fatal stabbing,CBC,https://www.cbc.ca/news/canada/british-columbia/travis-rood-identified-as-man-shot-by-burnaby-rcmp-after-fatal-stabbing-1.3033123
V1-0329,Alberta Serious Incident Response Team clears officers in shooting,Edmonton Sun,https://edmontonsun.com/2015/07/23/alberta-serious-incident-response-team-clears-officers-in-shooting
V1-0200,Man dies after being shot  by Ottawa police  SIU says,The Globe and Mail,https://www.proquest.com/canadiannews/docview/382655652/FE4943DEAEF749C9PQ/1?accountid=14771&sourcetype=Newspapers
V2-0914,'No one is talking to us:' B.C. woman searching for answers after brother's death in jail,CTV,https://www.ctvnews.ca/vancouver/article/no-one-is-talking-to-us-bc-woman-searching-for-answers-after-brothers-death-in-jail/
V2-0861,Inquest to probe death of Sask. woman who died in police custody in 2017,CBC,https://www.cbc.ca/news/canada/saskatoon/inquest-to-probe-death-of-sask-woman-who-died-in-police-custody-in-2017-1.5313182
V1-0285,Man who allegedly stabbed Toronto police officer has died: SIU,Global News,https://globalnews.ca/news/236324/man-who-allegedly-stabbed-toronto-police-officer-has-died-siu/
V1-0529,No charges for Montreal police officer who shot and killed armed man in distress,CTV,https://www.ctvnews.ca/montreal/article/no-charges-for-montreal-police-officer-who-shot-and-killed-armed-man-in-distress/
V1-0327,Three RCMP officers injured in confrontation with gunman in northern Alberta,National Post,https://nationalpost.com/news/canada/three-rcmp-officers-injured-in-confrontation-with-gunman-in-northern-alberta
V1-0206,Police cleared in fatal shooting after chase,CBC,https://www.cbc.ca/news/canada/ottawa/police-cleared-in-fatal-shooting-after-chase-1.781663
V1-0074,Tasers save lives: coroner: Tells inquest more Ontario police forces should have Tasers,St. Catharine's Standard,https://www.proquest.com/canadiannews/docview/349701744/1D75ECF888524B4EPQ/1?accountid=14771&sourcetype=Newspapers
V1-0088,Sister looks to bring brother's body home,Prince Rupert Daily News,https://www.proquest.com/canadiannews/docview/357955761/5EEAF77600804313PQ/1?accountid=14771&sourcetype=Newspapers
V1-0123,Police justified in fatal shooting  SIU concludes,The Globe and Mail,https://www.theglobeandmail.com/news/national/police-justified-in-fatal-shooting-siu-concludes/article18168827/
V1-0018,SIU launches probe after cop kills man; 37-year-old Amherstburg resident shot,Windsor Star,https://www.proquest.com/canadiannews/docview/254366646/9228828E3B2A487BPQ/3?accountid=14771&sourcetype=Newspapers
V1-0456,SiRT clears RCMP officers in Westphal fatal shooting,CityNews,https://halifax.citynews.ca/2018/11/21/sirt-clears-rcmp-officers-in-westphal-fatal-shooting-1130390/
V1-0279,Inquest into death of Phonesay Chanthachack delayed,Stoney Creek News,https://www.thespec.com/news/hamilton-region/inquest-into-death-of-phonesay-chanthachack-delayed/article_150e2ddf-1380-530b-820e-63a91b02efe4.html
V1-0369,SIU probing death of man Tasered by cops,The Toronto Sun,https://torontosun.com/2015/11/18/siu-probing-death-of-man-tasered-by-cops
V1-0131,Carjacking suspect dies in hospital,The Globe and Mail,https://www.theglobeandmail.com/news/national/carjacking-suspect-dies-in-hospital/article18167530/
V1-0576,Man killed in police shooting in Saskatoon was shot and wounded in February confrontation,Saskatoon StarPhoenix,https://thestarphoenix.com/news/local-news/man-killed-in-police-shooting-in-saskatoon-was-shot-and-wounded-in-february-confrontation
V2-0956,Homeless man's cell death probed,The Province,https://www.proquest.com/canadiannews/docview/269328921/74283A72D18A478EPQ/32?accountid=14771&sourcetype=Newspapers
V1-0297,Public inquest will probe death of man killed by Burnaby RCMP,Global News,https://globalnews.ca/news/1165248/public-inquest-will-probe-death-of-man-killed-by-burnaby-rcmp/
V1-0334,Martin Couture-Rouleau  hit-and-run driver  arrested by RCMP in July,CBC,https://www.cbc.ca/news/canada/montreal/martin-couture-rouleau-hit-and-run-driver-arrested-by-rcmp-in-july-1.2807078
V1-0556,One of two men killed in police shooting outside Edmonton apartment building identified,The Calgary Sun,https://calgarysun.com/news/local-news/man-shot-by-police-outside-edmonton-apartment-building-identified/wcm/defd9c94-8b51-467d-9c40-3e4a7df553e4
V2-0858,New Dorval home for Nunavik medical patients opens,CTV,https://www.ctvnews.ca/montreal/article/new-dorval-home-for-nunavik-medical-patients-opens/
V1-0077,Taser study on the right track,Times-Colonist,https://www.proquest.com/canadiannews/docview/347963343/33F85CB0C2724DBCPQ/45?accountid=14771&sourcetype=Newspapers
V1-0612,Family of twins shot by Nunavik police call for justice at Montreal protest,CBC,https://www.cbc.ca/news/canada/montreal/protest-nunavik-twins-fatal-police-shooting-1.7397938
V2-0763,Tasered man's death 'avoidable ' Quebec coroner's report finds,The Globe and Mail,https://www.proquest.com/canadiannews/docview/382680001/DAB282DB47754EEEPQ/15?accountid=14771&sourcetype=Newspapers
V2-0932,Hamilton woman still wants accountability after inquest into brother's 2017 death in jail,CBC,https://www.cbc.ca/news/canada/hamilton/ryan-mckechnie-inquest-verdict-1.7476685
V1-0083,Publishing Truscott photo was 'heartless',Kingston Whig-Standard,https://www.proquest.com/canadiannews/docview/352722935/8918D4395BD64E1APQ/23?accountid=14771&sourcetype=Newspapers
V1-0230,Psychiatrist surprised by Firman's behaviour,Collingwood Connection,https://www.simcoe.com/news/psychiatrist-surprised-by-firman-s-behaviour/article_553b6d80-1529-5acb-a2b8-7f8fbcd10aba.html
V1-0234,RCMP shooting questions remain  deceased man's dad says,CBC,https://www.cbc.ca/news/canada/british-columbia/rcmp-shooting-questions-remain-deceased-man-s-dad-says-1.1228280
V1-0587,'I don't understand why he's lying in the morgue': Family searches for answers after fatal Toronto police shooting,Niagara Falls Review,https://www.niagarafallsreview.ca/news/gta/i-don-t-understand-why-he-s-lying-in-the-morgue-family-searches-for-answers/article_1f1b3a89-c3ea-5b4f-8b4d-368a3834fd12.html
V1-0469,Family challenges RCMP statement after Mi'kmaw man shot and killed during wellness check,CBC,https://www.cbc.ca/news/indigenous/rcmp-shooting-elsipogtog-family-statement-1.7321343
V1-0168,Officers who shot knife-wielding schizophrenic man say they would do it again,Toronto Star,https://www.thestar.com/news/crime/officers-who-shot-knife-wielding-schizophrenic-man-say-they-would-do-it-again/article_79879b19-6542-5905-b573-bdfe6756af35.html
V2-0835,Manitoba inquest questions whether police should have taken clothing from man who died in custody,Toronto Star,https://www.thestar.com/news/canada/manitoba-inquest-questions-whether-police-should-have-taken-clothing-from-man-who-died-in-custody/article_8e3bd8fd-8b9b-58a3-9215-17d1d5f1ccdd.html
V1-0207,SIU clears cops in man's death,Barrie Advance,https://www.simcoe.com/news/siu-clears-cops-in-man-s-death/article_e5b1713d-e840-5b2e-8284-b7dae78b7f00.html
V1-0183,Mountie felt 'fear of death ' inquest hears,CBC,https://www.cbc.ca/news/canada/saskatchewan/mountie-felt-fear-of-death-inquest-hears-1.868162
V1-0172,RCMP shooting was death by suicide: jury,CBC,https://www.cbc.ca/news/canada/saskatchewan/rcmp-shooting-was-death-by-suicide-jury-1.840534
V1-0399,Oneida family relieved police officer's appeals come to an end,APTN News,https://www.aptnnews.ca/national-news/debra-chrisjohn-oneida-family-relieved-police-officers-appeals-come-to-an-end/
V1-0278,Toronto Police shooting of Michael Eligon: A timeline,Toronto Star,https://www.thestar.com/news/crime/toronto-police-shooting-of-michael-eligon-a-timeline/article_27ce888d-f35e-510d-af71-2806ced3327e.html
V2-0735,Woman died after seizure in jail,Times-Colonist,https://www.proquest.com/canadiannews/docview/348286939/23A0D4B86B944E97PQ/1?accountid=14771&sourcetype=Newspapers
V1-0082,SIU clears officer who shot hostage-taker,The Globe and Mail,https://www.theglobeandmail.com/news/national/siu-clears-officer-who-shot-hostage-taker/article1004202/
V1-0550,MLCN leadership responds to shooting incident; community prepares for funeral,La Ronge Now,https://larongenow.com/2021/12/19/mlcn-leadership-responds-to-shooting-incident-community-prepares-for-funeral/
V2-0800,Public inquest into death of Stanley Robillard,Global News,https://globalnews.ca/news/1017371/public-inquest-into-death-of-stanley-robillard/
V1-0273,Doctor 'astounded' to learn police shot Sylvia Klibingaitis,CBC,https://www.cbc.ca/news/canada/toronto/doctor-astounded-to-learn-police-shot-sylvia-klibingaitis-1.2287616
V1-0549,Toronto police officer who fatally shot renowned gunsmith did so in self-defence  says SIU,CBC,https://www.cbc.ca/news/canada/hamilton/rodger-kotanko-self-defence-siu-1.6371860
V2-0823,Year in Review: Demands for answers following in-custody deaths in P.A.,paNOW,https://panow.com/2021/12/27/year-in-review-demands-for-answers-following-in-custody-deaths-in-p-a/
V1-0443,UPDATE: Police sniper shot  killed suspect in Vaughan hostage situation,East Gwillimbury Express,https://www.yorkregion.com/news/crime/update-police-sniper-shot-killed-suspect-in-vaughan-hostage-situation/article_79f5ef27-18e9-582a-b6d4-5711392896be.html
V2-0688,Doctor tells inquest decision to keep man in jail after head injury 'risky',Nunatsiaq News,https://nunatsiaq.com/stories/article/doctor-tells-inquest-decision-to-keep-man-in-jail-after-head-injury-risky/
V1-0182,Whitehorse Daily Star: Man 'looked right through us ' officer testifies,Whitehorse Star,https://www.whitehorsestar.com/News/man-looked-right-through-us-officer-testifies
V2-0850,Date set for delayed inquest into Island teen's in-custody death,Times-Colonist,https://www.proquest.com/canadiannews/docview/2541165947/7D6CDABE33CB4A1APQ/1?accountid=14771&sourcetype=Newspapers
V1-0370,Inquest ordered into 2015 death,Ottawa Sun,https://www.proquest.com/canadiannews/docview/2231438727/29DE5D32EBEF4598PQ/221?accountid=14771&sourcetype=Newspapers
V1-0499,Family of Mississauga  Ont.  man sues police  paramedics and SIU for $101M over his death,CBC,https://www.cbc.ca/news/canada/toronto/ont-jamal-francique-1.6515798
V2-0840,Inquest into death of man who died in police custody starts,CTV,https://www.ctvnews.ca/saskatoon/article/inquest-into-death-of-man-who-died-in-police-custody-starts/
V2-0720,Holding cells flayed; Inquest probes woman's suicide,Winnipeg Sun,https://www.proquest.com/canadiannews/docview/2168714450/29DE5D32EBEF4598PQ/260?accountid=14771&sourcetype=Newspapers
V2-0734,Jury slams poor state of reserve,Toronto Star,https://www.thestar.com/news/ontario/jury-slams-poor-state-of-reserve/article_ca7f458d-49a4-5bca-9d84-9a0279ae0bbc.html
V2-0938,'Complete torture': Mentally ill man shouldn't have been in solitary  inquest told,CBC,https://www.cbc.ca/news/canada/ottawa/inquest-death-cleve-cas-geddes-mentally-ill-1.4921181
V1-0331,Improvements made to emergency response teams  inquest into police shooting death hears,Prince George Citizen,https://www.princegeorgecitizen.com/local-news/improvements-made-to-emergency-response-teams-inquest-into-police-shooting-death-hears-3737333
V1-0165,Saskatoon police involved in second shooting in less than a week,Winnipeg Free Press,https://www.winnipegfreepress.com/historic/2007/12/27/saskatoon-police-involved-in-second-shooting-in-less-than-a-week
V2-0689,Relatives of man who died in police custody in Barrie  Ont.  want justice,CBC,https://www.cbc.ca/news/canada/toronto/olando-brown-barrie-siu-family-1.4725370
V1-0572,Officers cleared of wrongdoing in shootout with Toronto cop killer: SIU,Global News,https://globalnews.ca/news/9362295/officers-cleared-wrongdoing-toronto-area-shooting-spree-sean-petrie/
V1-0223,Wieslaw Duda inquest: Family called Peel police hours before shooting death,Toronto Star,https://www.thestar.com/news/crime/wieslaw-duda-inquest-family-called-peel-police-hours-before-shooting-death/article_5fc41f2d-1011-59ac-9db7-17cd1f9513b7.html
V1-0542,Police watchdog investigating after B.C. RCMP shoot  kill Wet'suwet'en man in Campbell River,APTN News,https://www.aptnnews.ca/national-news/police-watchdog-investigating-after-b-c-rcmp-shoot-kill-wetsuweten-man-in-campbell-river/
V1-0178,Taser fires back in lawsuit by city teenager's family,Winnipeg Free Press,https://www.winnipegfreepress.com/local/2011/02/09/taser-fires-back-in-lawsuit-by-city-teenagers-family
V1-0343,Coroner's inquest in death of Michel Vienneau scheduled for April,Global News,https://globalnews.ca/news/7578337/coroners-inquest-michel-vienneau/
V2-0763,Charest faces calls to suspend taser use across Quebec,The Globe and Mail,https://www.proquest.com/canadiannews/docview/383374855/DAB282DB47754EEEPQ/1?accountid=14771&sourcetype=Newspapers
V1-0018,Police held at bay in standoff,Windsor Star,https://www.proquest.com/canadiannews/docview/254370737/9228828E3B2A487BPQ/8?accountid=14771&sourcetype=Newspapers
V1-0163,Vancouver police 'heavy-handed' with cameraman  Channel M says,The Georgia Straight,https://www.straight.com/article-127703/vancouver-police-heavy-handed-with-cameraman-channel-m-says
V1-0618,Family of Montreal man who died after police altercation sees similarities to George Floyd,CBC,https://www.cbc.ca/news/canada/montreal/abisay-cruz-george-floyd-vigil-saint-michel-spvm-bei-1.7543819
V1-0181,Cops patrol anti-police protest in Montreal; Symbolic dice tournament honours teen shot by officer last summer,Times-Colonist,https://www.proquest.com/canadiannews/docview/348295119/DFE21E03147740E4PQ/34?accountid=14771&sourcetype=Newspapers
V1-0204,Officer tells inquest he saw a blade as mentally handicapped man came towards him,The Toronto Sun,https://torontosun.com/2014/05/29/officer-tells-inquest-he-saw-a-blade-as-mentally-handicapped-man-came-towards-him
V1-0153,Man dies in police custody in Fort St. John,CBC,https://www.cbc.ca/news/canada/british-columbia/man-dies-in-police-custody-in-fort-st-john-1.610097
V1-0264,Update: Man who went into cardiac arrest while in APD custody dies in hospital,The Abbotsford News,https://www.abbynews.com/news/update-man-who-went-into-cardiac-arrest-while-in-apd-custody-dies-in-hospital-1723610
V1-0181,Ethnic tension builds in Montreal; Anger  rioting after teen shot by police,The Windsor Star,https://www.proquest.com/canadiannews/docview/254817527/DFE21E03147740E4PQ/26?accountid=14771&sourcetype=Newspapers
V1-0303,Officer testifies he fired shot only after suspect lunged at him,CTV,https://www.ctvnews.ca/saskatoon/article/officer-testifies-he-fired-shot-only-after-suspect-lunged-at-him/
V1-0346,Jury makes five recommendations following coroner's inquest into Smithers man's 2015 death,The Hope Standard,https://www.hopestandard.com/news/jury-makes-five-recommendations-in-coroners-inquest-into-smithers-mans-2015-death/
V1-0462,Specialized team to respond to people in crisis could prevent future deaths: inquest report,CBC,https://www.cbc.ca/news/canada/manitoba/inquest-specialized-team-crisis-1.7364263
V1-0081,Ontario: Officials probe whether Taser gun caused death,Ottawa Citizen,https://www.proquest.com/canadiannews/docview/240752800/7C33584FEF744E88PQ/18?accountid=14771
V1-0488,Inquest called into death of man hit by a conductive energy weapon,CTV,https://www.ctvnews.ca/winnipeg/article/inquest-called-into-death-of-man-hit-by-a-conductive-energy-weapon/
V1-0226,Inquest clears police in fatal 2010 shooting,Winnipeg Sun,https://www.proquest.com/canadiannews/docview/2081539805/29DE5D32EBEF4598PQ/170?accountid=14771&sourcetype=Newspapers
V1-0313,Day three of public inquest into police shooting death of Gerald Lord hears autopsy testimony,Global News,https://globalnews.ca/news/2567468/day-three-of-public-inquest-into-police-shooting-death-of-gerald-lord-hears-autopsy-testimony/
V1-0318,Calls for better police training and SIU reform are being ignored while avoidable tragedies continue,The Pointer,https://thepointer.com/article/2020-11-28/calls-for-better-police-training-and-siu-reform-are-being-ignored-while-avoidable-tragedies-continue
V1-0270,Former Sault man shot and killed by police in Calgary ; POLICE: Officer says he was forced to shoot,Sault Star,https://www.proquest.com/canadiannews/docview/2211348279/DFE21E03147740E4PQ/67?accountid=14771&sourcetype=Newspapers
V1-0120,Failure of criminal  family courts to share information puts lives at risk,Toronto Star,https://www.thestar.com/news/gta/failure-of-criminal-family-courts-to-share-information-puts-lives-at-risk/article_8d55eed1-0510-5049-b9ae-27c0298ecd2e.html
V1-0624,Family of Tammy Bateman says it took police 2 days to notify them of her death,APTN News,https://www.aptnnews.ca/national-news/tammy-bateman-family-winnipeg-police-manitoba-police-involved-death/
V1-0538,'It's perverse': Family of unarmed man killed by police shocked no charges will be brought against officer,CTV,https://www.ctvnews.ca/edmonton/article/its-perverse-family-of-unarmed-man-killed-by-police-shocked-no-charges-will-be-brought-against-officer/
V2-0850,Alberni RCMP cleared in 2016 in-custody death of teen,Alberni Valley News,https://www.albernivalleynews.com/news/alberni-rcmp-cleared-in-2016-in-custody-death-of-teen-695675
V2-0719,Officer's trial is adjourned,Whitehorse Star,https://www.proquest.com/canadiannews/docview/362253622/62771837E0B746DCPQ/6?accountid=14771
V1-0445,Quebec's police watchdog investigating after knife-wielding man shot dead in northern Quebec,CBC,https://www.cbc.ca/news/canada/north/northern-quebec/bei-umiujaq-shooting-1.4467215
V1-0077,Probe clears officers: TASER DEATH: Family believes there's been 'cover-up' from start,The Province,https://www.proquest.com/canadiannews/docview/269423797/33F85CB0C2724DBCPQ/20?accountid=14771&sourcetype=Newspapers
V1-0440,'I want answers': Mother of man fatally shot 1 year ago by Sask. RCMP feasts and waits for inquest,CBC,https://www.cbc.ca/news/canada/saskatoon/brydon-whitstone-rcmp-shooting-1.4881684
V1-0645,Nunavik man dies in early morning altercation with police,Nunatsiaq News,https://nunatsiaq.com/stories/article/65674nunavik_man_dies_in_early_morning_police_altercation/
V1-0481,Officer in charge tells inquest everything possible was done to save B.C. hostage,CBC,https://www.cbc.ca/news/canada/british-columbia/coroners-inquest-crosson-mcewan-surrey-1.7176802
V2-0682,Saskatchewan government releases recommendations from review of Prince Albert police,SaskToday,https://www.sasktoday.ca/national-news/saskatchewan-government-releases-recommendations-from-review-of-prince-albert-police-7291701
V1-0412,Inquest jury rules Nunavut police shooting of Inuk man a homicide,The Globe and Mail,https://www.theglobeandmail.com/canada/article-jury-to-deliberate-in-nunavut-shooting-inquest-rcmp-officer-faces/
V1-0418,Parents of man killed by Montreal police in 2017 call for case to be reopened,Global News,https://globalnews.ca/news/10769725/montreal-celik-police-death-parents/
V1-0567,Policing expert weighs in following shooting death of 70-year-old Windsor man,CBC,https://www.cbc.ca/news/canada/windsor/downtown-windsor-shooting-police-1.6555691
V1-0246,RCMP forced to shoot fake gun-wielding man  judge says,CBC,https://www.cbc.ca/news/canada/calgary/rcmp-forced-to-shoot-fake-gun-wielding-man-judge-says-1.1364955
V1-0196,Questions linger after shooting,Nanaimo Daily News,https://www.proquest.com/canadiannews/docview/361517106/4F9316B3D92A4DC3PQ/24?accountid=14771
V1-0658,Man  30  shot dead by police at Toronto's Pearson Airport: SIU,Toronto Star,https://www.thestar.com/news/ontario/man-30-shot-dead-by-police-at-torontos-pearson-airport-siu/article_067156fe-8dbc-5457-8e82-fd0b0f513054.html
V1-0530,Gary Brohman  60  identified as man fatally shot during incident where OPP Const. Marc Hovingh was killed on Thursday,Sudbury Star,https://www.thesudburystar.com/news/local-news/gary-brohman-60-identified-as-man-fatally-shot-during-incident-where-opp-const-marc-hovingh-was-killed-on-thursday
V1-0513,Coroner's inquest begins into RCMP-involved fatal shooting of Nunavut man,CBC,https://www.cbc.ca/news/canada/north/coroner-inquest-rcmp-fatal-shooting-nunavut-1.6198980
V1-0034,Trial hears how RCMP sniper killed suspect,CBC,https://www.cbc.ca/news/canada/trial-hears-how-rcmp-sniper-killed-suspect-1.393639
V1-0579,Police name gunman in Vaughan mass shooting  was involved in dispute with condo,Global News,https://globalnews.ca/news/9358801/vaughan-condo-mass-shooting-tenant-dispute/
V1-0364,Toronto police acted in self-defence in fatal nightclub shooting: SIU,The Globe and Mail,https://www.theglobeandmail.com/news/toronto/toronto-police-acted-in-self-defence-in-fatal-nightclub-shooting-siu/article30702164/
V1-0268,Toronto police cleared in mistaken identity death,CBC,https://www.cbc.ca/news/canada/toronto/toronto-police-cleared-in-mistaken-identity-death-1.1298083
V1-0673,Manitoba RCMP arrested this man for public intoxication. Security video shows why he didn't survive the night,CBC,https://www.cbc.ca/news/canada/manitoba/inquest-ends-video-pas-1.7259962
V1-0572,'Deeply missed'; Toronto officer  2 others honoured year after their murders,Toronto Sun,https://global-factiva-com.myaccess.library.utoronto.ca/redir/default.aspx?P=sa&NS=16&AID=9UNI011000&an=TORSUN0020230912ej9c0000t&drn=drn%3aarchive.newsarticle.TORSUN0020230912ej9c0000t&cat=a&ep=ASI
V1-0192,SIU reopens separate probes into two Brantford deaths in move called 'exceptional',National Post,https://nationalpost.com/news/toronto/siu-reopens-separate-probes-into-two-brantford-deaths-in-move-called-exceptional
V1-0465,Protesters gather in memory of Nicholas Gibbs  shot dead by Montreal police,Global News,https://globalnews.ca/news/5779737/protesters-gather-in-memory-of-nicholas-gibbs-shot-dead-by-police-officers/
V1-0563,Sask. police testify suspect's gun was not loaded  as inquest into 2022 police shooting of Ryan Booker continues,CTV,https://www.ctvnews.ca/regina/article/sask-police-testify-suspects-gun-was-not-loaded-as-inquest-into-2022-police-shooting-of-ryan-booker-continues/
V1-0260,Police cleared in Montreal shooting that killed bystander,CBC,https://www.cbc.ca/news/canada/montreal/police-cleared-in-montreal-shooting-that-killed-bystander-1.1160967
V1-0081,Officer not responsible for man's death despite Taser,Guelph Mercury-Tribune,https://www.proquest.com/canadiannews/docview/355924764/7C33584FEF744E88PQ/13?accountid=14771&sourcetype=Newspapers
V2-0845,Beverly Elanik  Inuvik woman who died in RCMP custody  remembered as 'joyful',CBC,https://www.cbc.ca/news/canada/north/inuvik-death-rcmp-custody-beverly-elanik-1.3402692
V1-0265,Drug-addict shot to death by B.C. police had untreated mental issues,The Globe and Mail,https://www.theglobeandmail.com/news/british-columbia/drug-addict-shot-to-death-by-bc-police-had-untreated-mental-issues/article4453497/
V2-0814,No inquest ordered in death of man held in police custody,SaskToday,https://www.sasktoday.ca/southeast/local-news/no-inquest-ordered-in-death-of-man-held-in-police-custody-3991604
V2-0911,Soleiman Faqiri's death should be deemed a homicide  Ontario coroner's counsel says,CBC,https://www.cbc.ca/news/canada/toronto/soleiman-faqiri-inquest-day-15-homicide-1.7053159
V1-0390,Inquest into northern B.C. police shooting death recommends creating community crisis intervention teams,The Williams Lake Tribune,https://www.wltribune.com/news/inquest-into-northern-b-c-police-shooting-death-recommends-creating-community-crisis-intervention-teams-5537492
V1-0180,Expert cites systemic racism in the 2008 Winnipeg shooting of Craig McDougall,Global News,https://globalnews.ca/news/3112906/expert-cites-systemic-racism-in-the-2008-winnipeg-shooting-of-craig-mcdougall/
V1-0513,'This system is broken': Nunavut RCMP release few details on man shot dead by police,Toronto Star,https://www.thestar.com/news/canada/this-system-is-broken-nunavut-rcmp-release-few-details-on-man-shot-dead-by-police/article_c24dd236-a067-50d4-ae6f-81e0e1cc1799.html
V1-0162,Slain man's name surfaced in B.C. court; Oakville Shooting: [National Edition],National Post,https://www.proquest.com/canadiannews/docview/330741819/D3F6C0D060374446PQ/4?accountid=14771&sourcetype=Newspapers
V1-0653,London officers cleared in fatal shooting of man who killed girlfriend,The London Free Press,https://lfpress.com/news/local-news/london-officers-cleared-in-fatal-shooting-of-man-who-killed-girlfriend
V1-0224,Arrest techniques must change  inquest told,Toronto Sun,https://www.proquest.com/canadiannews/docview/2229176039/29DE5D32EBEF4598PQ/236?accountid=14771&sourcetype=Newspapers
V1-0654,Mother of Corey Rogers 'absolutely disgusted' after booking officers acquitted in his death,Global News,https://globalnews.ca/news/8892657/booking-officers-acquitted-jail-cell-death/
V1-0378,Update: People who knew shooter believe he suffered from mental health issues,Calgary Herald,https://calgaryherald.com/news/crime/police-offer-update-on-huntington-hills-shooting
V1-0458,RANCOR IN THE RANKS: Toronto Police under the gun in 2019,Toronto Sun,https://torontosun.com/news/local-news/rancor-in-the-ranks-toronto-police-under-the-gun-in-2019
V1-0072,Officer feared for life during confrontation,Saskatoon StarPhoenix,https://www.proquest.com/canadiannews/docview/348902483/18888437A7C848C0PQ/10?accountid=14771&sourcetype=Newspapers
V1-0151,VPD officer cleared in 2007 shooting death of Paul Boyd,CBC,https://www.cbc.ca/news/canada/british-columbia/vpd-officer-cleared-in-2007-shooting-death-of-paul-boyd-1.2255155
V1-0658,Man dead after being shot by police at Toronto's Pearson airport,CBC,https://www.cbc.ca/news/canada/toronto/police-paramedics-pearson-airport-1.7517231
V2-0909,Woman  28  who died in London police custody was much more than just an addict: Brother,The London Free Press,https://lfpress.com/news/local-news/watchdog-publicly-identifies-woman-who-died-in-london-police-custody
V1-0577,RCMP officer's shooting of activist Dani Cooper during mental health episode was justified: police watchdog,CBC,https://www.cbc.ca/news/canada/british-columbia/dani-cooper-iio-report-no-charges-1.6927643
V1-0624,Woman dead after being hit by Winnipeg police; Manitoba police watchdog investigating,Toronto Star,https://www.thestar.com/news/canada/manitoba/woman-dead-after-being-hit-by-winnipeg-police-manitoba-police-watchdog-investigating/article_79d19bf4-9aab-552f-9ccd-03816352f0c2.html
V1-0602,First Nations man killed in Kenora OPP shooting remembered as avid outdoorsman  generous as SIU investigates,CBC,https://www.cbc.ca/news/canada/thunder-bay/kenora-shooting-anicinabe-park-siu-investigation-1.7248955
V1-0604,Teen shot by RCMP handed over weapons and then ran away  investigators say,CBC,https://www.cbc.ca/news/canada/edmonton/alberta-police-shooting-lightning-1.7314483
V1-0318,Officer who fatally shot Michael MacIsaac testifies he thought his own life was at risk,CBC,https://www.cbc.ca/news/canada/toronto/michael-macisaac-inquest-officer-testifies-1.4215176
V1-0027,Police cleared in man's death: SIU rules collision with suspect `unavoidable',Ottawa Citizen,https://www.proquest.com/canadiannews/docview/240465086/EF182F438D3F4D06PQ/11?accountid=14771&sourcetype=Newspapers
V1-0168,Inquest rules on shooting death,Toronto Sun,https://www.proquest.com/canadiannews/docview/2223649827/29DE5D32EBEF4598PQ/245?accountid=14771&sourcetype=Newspapers
V2-0850,Family demanding answers after death of Jocelyn George in police custody,CBC,https://www.cbc.ca/news/canada/british-columbia/family-demanding-answers-after-death-of-jocelyn-george-in-police-custody-1.3659344
V1-0548,SIU releases identity of man fatally shot by London police,Global News,https://globalnews.ca/news/8343970/siu-identity-man-fatally-shot-london-police/
V1-0018,Slain family man cherished kids,Windsor Star,https://www.proquest.com/canadiannews/docview/254373068/9228828E3B2A487BPQ/16?accountid=14771&sourcetype=Newspapers
V1-0516,Prosecutors rule out charges in RCMP shooting of Rodney Levi,The Globe and Mail,https://www.theglobeandmail.com/canada/article-prosecutors-rule-out-charges-in-rcmp-shooting-of-rodney-levi/
V1-0919,Chadd Facey died hours after an off-duty cop tackled him in a Kijiji deal gone bad. His family is struggling to move on: 'It is like my child was nobody',Toronto Star,https://www.thestar.com/news/gta/chadd-facey-died-hours-after-an-off-duty-cop-tackled-him-in-a-kijiji-deal/article_817920b4-ac24-11ef-8ac0-97e205d8b5ef.html
V1-0313,Who polices the police? No independent oversight of investigations involving Sask. officers,Global News,https://globalnews.ca/news/2211285/who-polices-the-police-no-independent-oversight-of-investigations-involving-sask-officers/
V2-0773,Another person dies after jail time,North Island Gazette,https://www.proquest.com/canadiannews/docview/372682690/9CC697FA2CCD4401PQ/7?accountid=14771&sourcetype=Newspapers
V1-0263,Police firearm wounded officer,Peterborough This Week,https://www.proquest.com/canadiannews/docview/873622350/6E8CD0BBCFCB44E6PQ/1?accountid=14771&sourcetype=Newspapers
V1-0512,N.S. mass shooter had a history of intimidation  violent altercations,CBC,https://www.cbc.ca/news/canada/nova-scotia/n-s-mass-shooter-had-a-history-of-intimidation-violent-altercations-1.6517256
V1-0399,SIU investigates death of woman  39  from Oneida Nations of the Thames,CBC,https://www.cbc.ca/news/canada/windsor/siu-oneida-nations-debra-chrisjohn-1.3756774
V1-0509,Manitoba child advocate releases report on fatal police shooting of Eishia Hudson,APTN News,https://www.aptnnews.ca/national-news/manitoba-child-advocate-releases-report-on-fatal-police-shooting-of-eishia-hudson/
V1-0396,Aaron Driver: Troubled childhood  ISIS supporter  terror threat suspect,CBC,https://www.cbc.ca/news/canada/manitoba/aaron-driver-troubled-childhood-isis-supporter-1.3716222
V1-0474,Manitoba friends  family identify woman shot dead by Calgary police Christmas morning,Global News,https://globalnews.ca/news/4799318/manitoba-friends-family-identify-woman-shot-dead-by-calgary-police-christmas-morning/
V1-0395,Unreliable Testimony?; Officer in Abdi arrest took part in another infamous bust,Ottawa Sun,https://www.proquest.com/canadiannews/docview/2230437270/D82103FC2A434836PQ/49?accountid=14771&sourcetype=Newspapers
V1-0065,Arrest death probes too slow,Vancouver Sun,https://www.proquest.com/canadiannews/docview/242132902/Record/2D5E4B65BD004EA0PQ/4?accountid=14771&sourcetype=Newspapers
V1-0614,Norway House community calls for change a week after teen killed by police,CBC,https://www.cbc.ca/news/canada/manitoba/norway-house-manitoba-elgyn-muskego-1.7398330
V1-0174,Ontario police identify man who died after being felled by a taser,National Post,https://www.proquest.com/canadiannews/docview/330818337/6E7C8A9327A54475PQ/19?accountid=14771&sourcetype=Newspapers
V1-0288,Death of Frédérick Guay: the police officer who fired will not be prosecuted,CBC,https://ici.radio-canada.ca/nouvelle/629741/frederick-guay-policier
V1-0416,RCMP say murder suspect fatally shot during his arrest on a First Nation in Calgary,Toronto Star,https://www.thestar.com/news/canada/rcmp-say-murder-suspect-fatally-shot-during-his-arrest-on-a-first-nation-in-calgary/article_5599dd22-da3c-56fa-b3bf-8c91d8ece045.html
V1-0230,Verdict due today at inquest into Ontario man who died after hit with Taser,Toronto Star,https://www.thestar.com/news/gta/verdict-due-today-at-inquest-into-ontario-man-who-died-after-hit-with-taser/article_b7ffe12f-fe35-523f-abf5-5407c3951d18.html
V1-0350,Coroners inquest to examine police-involved death of Burnaby man,The Vancouver Sun,https://vancouversun.com/news/local-news/coroners-inquest-to-examine-police-involved-death-of-burnaby-man
V1-0103,Family of Kamloops shooting victim want Mounties to answer questions,The Province,https://www.proquest.com/canadiannews/docview/269401355/F801407D58FF4447PQ/3?accountid=14771&sourcetype=Newspapers
V1-0563,'A good man': Father of Belle Plaine victim speaks about son,Regina Leader-Post,https://leaderpost.com/news/a-good-man-father-of-belle-plaine-victim-speaks-about-son
V1-0563,Inquest finds Ryan Booker shooting death was a suicide,Moosejaw Today,https://www.moosejawtoday.com/local-news/inquest-finds-ryan-booker-shooting-death-was-a-suicide-10865602
V1-0484,Death inquest for man shot by Regina police set for Aug. 9,The Toronto Sun,https://torontosun.com/news/local-news/death-inquest-for-man-shot-by-regina-police-set-for-aug-9
V1-0031,Officers stand by their actions,Saskatoon StarPhoenix,https://www.proquest.com/canadiannews/docview/349806049/F7745594E26240ABPQ/10?accountid=14771&sourcetype=Newspapers
V1-0033,Police conduct to be reviewed at inquests,Winnipeg Free Press,https://www.proquest.com/canadiannews/docview/2545264033/3ADA4041CC4E42D9PQ/4?accountid=14771&sourcetype=Newspapers
V2-0894,Family in Alberta still waiting for answers on how Blackfoot man died in Calgary jail,APTN News,https://www.aptnnews.ca/national-news/family-in-alberta-still-waiting-for-answers-on-how-blackfoot-man-died-in-calgary-jail/
V1-0087,Police identify man shot dead by officer in northern B.C.,Kamloops Daily News,https://www.proquest.com/canadiannews/docview/358378792/A0B6A32331C94D2EPQ/4?accountid=14771&sourcetype=Newspapers
V1-0440,Coroner's inquest called into death of Brydon Whitstone,CTV,https://www.ctvnews.ca/saskatoon/article/coroners-inquest-called-into-death-of-brydon-whitstone/
V2-0892,Native's death falls between justice cracks,Toronto Sun,https://www.proquest.com/canadiannews/docview/2217814749/D82103FC2A434836PQ/45?accountid=14771&sourcetype=Newspapers
V1-0343,Preliminary hearing set for Bathurst police officers on manslaughter charges,CTV,https://www.ctvnews.ca/atlantic/article/preliminary-hearing-set-for-bathurst-police-officers-on-manslaughter-charges/
V1-0337,Rhett Mutch identifed as man shot and killed by Victoria police,CBC,https://www.cbc.ca/news/canada/british-columbia/rhett-mutch-identifed-as-man-shot-and-killed-by-victoria-police-1.2825324
V1-0432,La Sarre Chase: Police Officer Suspended 20 Days,CBC,https://www.proquest.com/canadiannews/docview/3054436950
V1-0558,'Calls to Action' issued 5 months after cops shoot Surrey man dead during 'wellness' check,Surrey Now-Leader,https://www.surreynowleader.com/news/calls-to-action-issued-5-months-after-cops-shoot-surrey-man-dead-during-wellness-check-2991929
V1-0401,Inquest hears 911 call made before Anthony Divers was shot by Hamilton police,Stoney Creek News,https://www.thespec.com/news/hamilton-region/inquest-hears-911-call-made-before-anthony-divers-was-shot-by-hamilton-police/article_724c2127-30aa-50a6-aab1-4da8cf73a131.html
V2-0784,'He was a great  devoted  wonderful father',APTN News,https://www.aptnnews.ca/national-news/he-was-a-great-devoted-wonderful-father/
V2-0881,Updated: Quebec police watchdog investigates in-custody death of Nunavik man,Nunatsiaq News,https://nunatsiaq.com/stories/article/quebec-police-watchdog-investigates-in-custody-death-of-nunavik-man/
V1-0505,Coroner announces inquest into 'RCMP-involved' shooting of Kinngait man,Nunatsiaq News,https://nunatsiaq.com/stories/article/coroner-announces-inquest-into-rcmp-involved-shooting-of-kinngait-man/
V1-0122,Dead man's relatives sue police  doctors,Windsor Star,https://www.proquest.com/canadiannews/docview/254802514/E19CEB124E2E4B08PQ/4?accountid=14771&sourcetype=Newspapers
V1-0033,Police shoot man armed with knife,Winnipeg Free Press,https://www.proquest.com/canadiannews/docview/2545240818/E6EF58EC833C43DAPQ/8?accountid=14771&sourcetype=Newspapers
V1-0586,'We don't feel safe:' Protestors advocate for better treatment from Prince Albert police,Prince Albert Daily Herald,https://paherald.sk.ca/we-dont-feel-safe-protestors-advocate-for-better-treatment-from-prince-albert-police/
V1-0151,Alberta police to investigate shooting of Paul Boyd as he crawled towards VPD,Global News,https://globalnews.ca/news/250270/alberta-police-to-investigate-shooting-of-paul-boyd-as-he-crawled-towards-vpd/
V2-0939,Yukon coroner will hold inquest in police shooting near Whitehorse airport,Yukon News,https://www.proquest.com/canadiannews/docview/3179775123/AC454D46A5CF4667PQ/8?accountid=14771&sourcetype=Blogs,%20Podcasts,%20&%20Websites
V1-0221,Manitoba judge says fatal police shooting of machete-wielding man was justified,National Post,https://nationalpost.com/pmn/news-pmn/canada-news-pmn/manitoba-judge-says-fatal-police-shooting-of-machete-wielding-man-was-justified
V1-0342,Investigators search for witnesses in Grande Prairie shooting,Global News,https://globalnews.ca/news/1752460/grande-prairie-armed-robbery-suspect-killed-by-rcmp/
V1-0239,Cop whose gun killed Eric Osawe tells inquest he wishes he'd been shot himself,Toronto Star,https://www.thestar.com/news/gta/cop-whose-gun-killed-eric-osawe-tells-inquest-he-wishes-he-d-been-shot-himself/article_9932e1dc-1dd5-5a99-a6aa-472ee5998b21.html
V1-0112,Self-investigations by RCMP to be reviewed; Complaints commissioner finds no fault in RCMP in-custody shooting of B.C. man,Edmonton Journal,https://www.proquest.com/canadiannews/docview/253525427/D331290309994DACPQ/14?accountid=14771&sourcetype=Newspapers
V1-0654,Advocates urge Halifax to build a 'sobering centre' instead of using drunk tanks,CTV,https://www.ctvnews.ca/atlantic/article/advocates-urge-halifax-to-build-a-sobering-centre-instead-of-using-drunk-tanks/
V1-0344,RCMP officer accused in B.C. shooting death elects jury trial,Coast Mountain News,https://www.coastmountainnews.com/news/rcmp-officer-accused-in-b-c-shooting-death-elects-jury-trial-5635746
V1-0642,Police watchdog clears Winnipeg officers after death of man during 2019 arrest,CBC,https://www.cbc.ca/news/canada/manitoba/police-watchdog-iiu-investigation-unit-death-1.5642108
V1-0325,Peel police officers given Medals of Bravery for stopping armed man at Brampton courthouse,CBC,https://www.cbc.ca/news/canada/toronto/medals-bravery-peel-police-1.3828593
V1-0034,Man admits Edmonton cops had to shoot him,Edmonton Sun,https://edmontonsun.com/2014/10/03/man-admits-cops-had-to-shoot-him
V1-0022,Armed suspect killed in Saskatchewan,CBC,https://www.cbc.ca/news/canada/armed-suspect-killed-in-saskatchewan-1.286785
V2-0719,Investigation into woman's death is almost finished,Whitehorse Star,https://www.proquest.com/canadiannews/docview/362248732/74283A72D18A478EPQ/64?accountid=14771&sourcetype=Newspapers
V1-0651,Coroner calls for inquest in death of suspected burglar,Stoney Creek News,https://www.thespec.com/news/hamilton-region/coroner-calls-for-inquest-in-death-of-suspected-burglar/article_3ea104bd-9685-5d5f-8e2d-f1b5deb24bf6.html
V1-0253,Manitoba RCMP officer won't face charges for fatal 2011 First Nation shooting,National Post,https://nationalpost.com/news/canada/gods-lake-first-nation
V1-0654,New trial ordered for special constables convicted in jail cell death of Corey Rogers,Global News,https://globalnews.ca/news/7605441/new-trial-ns-officers-jail-death/
V1-0563,'Greatly loved': Family members speak at first day of death inquest for Sask. man fatally shot by police in 2022,CTV,https://www.ctvnews.ca/regina/article/death-inquest-for-man-fatally-shot-by-police-near-moose-jaw-to-begin/
V1-0516,Rodney Levi's death a homicide  jury decides,CBC,https://www.cbc.ca/news/canada/new-brunswick/rodney-levi-inquest-jury-ruling-1.6204506
V2-0757,Jail death followed drinking binge: inquest,CBC,https://www.cbc.ca/news/canada/new-brunswick/jail-death-followed-drinking-binge-inquest-1.868287
V2-0942,City police officers cleared in 2016 remand centre death,Winnipeg Free Press,https://www.winnipegfreepress.com/breakingnews/2018/07/20/no-charges-for-police-in-2016-death-in-custody-iiu
V2-0691,In-custody death of woman in Tuktoyaktuk  N.W.T.  in 2021 deemed 'non-criminal' after investigation,CBC,https://www.cbc.ca/news/canada/north/tuktoyaktuk-nwt-woman-police-in-custody-death-1.6974563
V1-0365,B.C. coroner's jury says Vancouver police should expedite use of body cameras,Prince George Citizen,https://www.princegeorgecitizen.com/national-news/cp-newsalert-bc-coroners-jury-says-vancouver-police-should-wear-body-cameras-6934105
V2-0850,Coroner's inquest suggests creation of wellness centre in Port Alberni,Chemainus Valley Courier,https://www.chemainusvalleycourier.ca/news/coroners-inquest-suggests-creation-of-wellness-centre-in-port-alberni
V1-0229,Coroner's inquiry into Surrey man's death begins,Surrey Now-Leader,https://www.surreynowleader.com/news/coroners-inquiry-into-surrey-mans-death-begins-2900449
V1-0219,Edmonton officers forced to shoot woman  inquiry finds,CBC,https://www.cbc.ca/news/canada/edmonton/edmonton-officers-forced-to-shoot-woman-inquiry-finds-1.1347820
V2-0942,'We have every right to know': Family of man who died in custody protests outside Winnipeg Remand Centre,CBC,https://www.cbc.ca/news/canada/manitoba/family-5-people-died-in-custody-ask-for-answers-1.3833954
V2-0718,Charges rejected in custody death,Prince George Citizen,https://www.proquest.com/canadiannews/docview/361756552/74283A72D18A478EPQ/69?accountid=14771&sourcetype=Newspapers
V1-0615,Parole board says Nunavut man too dangerous to live on his own,CBC,https://www.cbc.ca/news/canada/north/jordan-charlie-parole-decision-1.6369315
V1-0488,Inquest into death of man Tasered by police recommends better training for dealing with people in crisis,CBC,https://www.cbc.ca/news/canada/manitoba/viengxay-chommany-inquest-report-1.7364240
V2-0689,Barrie police cleared in death of Olando Brown: SIU,Global News,https://globalnews.ca/news/4956496/siu-investigation-olando-brown-death/
V1-0206,Shooting by police 'was really surreal',Brockville Recorder and Times,https://www.proquest.com/canadiannews/docview/2211742539/D3FF60126CD84858PQ/8?accountid=14771&sourcetype=Newspapers
V1-0088,Probe called for into deaths caused by cops; Public forum set for today,The Province,https://www.proquest.com/canadiannews/docview/269481619/5EEAF77600804313PQ/37?accountid=14771
V1-0434,'I'm sad for him': Friends of man killed in Saturday's Edmonton police shooting say he was troubled,Global News,https://globalnews.ca/news/3731838/asirt-investigating-after-alleged-shots-fired-near-northwest-edmonton-shopping-centre/
V1-0579,Vaughan condo shooting: What we know about alleged gunman Francesco Villi,CBC,https://www.cbc.ca/news/canada/toronto/francesco-villi-vaughan-shooting-what-we-know-1.6691201
V1-0219,Fatal police shooting justified: ASIRT,CBC,https://www.cbc.ca/news/canada/edmonton/fatal-police-shooting-justified-asirt-1.885686
V1-0595,Report leaves family of student killed by Winnipeg police with 'more unanswered questions',CBC,https://www.cbc.ca/news/canada/manitoba/afolabi-opaso-family-report-reaction-1.7626450
V1-0264,RCMP investigate after in-custody death,CityNews,https://vancouver.citynews.ca/2011/07/04/rcmp-investigate-after-in-custody-death/
V2-0822,Solomon Uyarasuk inquest: RCMP begin review of recommendations,CBC,https://www.cbc.ca/news/canada/north/solomon-uyarasuk-inquest-rcmp-begin-review-of-recommendations-1.2858106
V1-0320,Quebec officer convicted of manslaughter in 2014 fatal shooting of teenager,CityNews,https://ottawa.citynews.ca/2017/09/22/quebec-officer-convicted-of-manslaughter-in-2014-fatal-shooting-of-teenager/
V1-0574,Two officers killed in Innisfil  Ont. home never drew their firearms  SIU says,CTV,https://www.ctvnews.ca/barrie/article/two-officers-killed-in-innisfil-ont-home-never-drew-their-firearms-siu-says/
V1-0437,Judge hands Westside gang member stiff sentence,Toronto Star,https://www.thestar.com/news/canada/judge-hands-westside-gang-member-stiff-sentence/article_579182c9-02e2-570c-9a92-3cd2ef88c4a1.html
V1-0321,Alain Magloire said 'Go ahead  shoot me ' officer involved in shooting testifies,Montreal Gazette,https://www.montrealgazette.com/news/article314872.html
V2-0952,Mother of 37-year-old man who died in custody at Sask. Pen 'devastated'  murder charge laid against inmate,Saskatoon StarPhoenix,https://thestarphoenix.com/news/crime/investigators-treating-death-of-37-year-old-man-at-saskatchewan-penitentiary-as-suspicious
V1-0559,Picture of family viciously attacked in south Ottawa begins to emerge,CBC,https://www.cbc.ca/news/canada/ottawa/jasmine-catherine-anne-marie-ready-family-1.6506675
V1-0187,Excited delirium inquiry finds standardized system needed,CBC,https://www.cbc.ca/news/canada/calgary/excited-delirium-inquiry-finds-standardized-system-needed-1.1202767
V1-0237,Inquest into three police shootings set for Oct. 15,Toronto Star,https://www.thestar.com/news/crime/2013/08/08/inquest_into_three_police_shootings_set_for_oct_15.html
V1-0164,Man killed by Winnipeg police a former Canadian Forces member,CBC,https://www.cbc.ca/news/canada/manitoba/man-killed-by-winnipeg-police-a-former-canadian-forces-member-1.632109
V1-0522,Haliburton Highlands police shooting victim identified as Leslie Hegedus,Peterborough Examiner,https://www.thepeterboroughexaminer.com/news/crime/haliburton-highlands-police-shooting-victim-identified-as-leslie-hegedus/article_e138ce22-4bfe-5df1-8c7a-511068a3723c.html
V2-0901,Inquest called into inmate's death at Dauphin Correctional Centre,CBC,https://www.cbc.ca/news/canada/manitoba/inquest-death-dauphin-correctional-centre-1.4454187
V1-0043,Erratic driving led police to charge drunken motorist,Guelph Mercury-Tribune,https://www.proquest.com/canadiannews/docview/355575805/6D0E399D54B3422EPQ/2?accountid=14771&sourcetype=Newspapers
V2-0749,Neskantaga man shot himself  OPP officer tells inquest,CBC,https://www.cbc.ca/news/canada/thunder-bay/neskantaga-man-shot-himself-opp-officer-tells-inquest-1.2287715
V2-0691,Inquest begins in Inuvik for Sylvia Panaktalok  who died in police custody,CBC,https://www.cbc.ca/news/canada/north/inquest-begins-in-inuvik-for-sylvia-panaktalok-who-died-in-police-custody-1.7339554
V1-0608,Smith  Gondek weigh in on Blood Tribe member's death in Calgary police custody,Calgary Herald,https://www.proquest.com/canadiannews/docview/3110944128/A1239D9A97E0482BPQ/1?accountid=14771&sourcetype=Blogs,%20Podcasts,%20&%20Websites
V1-0264,Homicide team investigates man's death in custody of Abbotsford Police,Toronto Star,https://www.thestar.com/news/canada/homicide-team-investigates-man-s-death-in-custody-of-abbotsford-police/article_622ee8d7-6d72-59d4-b2cd-1e2404607852.html
V1-0633,York cop charged in Toronto woman's death,Brock Citizen,https://www.durhamregion.com/news/york-cop-charged-in-toronto-womans-death/article_0785d990-b6f2-58d1-a698-b1d53cb71e2e.html?
V1-0073,Grieving mom demands Taser answers,The Province,https://www.proquest.com/canadiannews/docview/269442672/6CD99BC3B7E842B3PQ/4?accountid=14771&sourcetype=Newspapers
V2-0689,Day 2 of Olando Brown inquest focuses on paramedic radios,Barrie Today,https://www.barrietoday.com/police-beat/day-2-of-olando-brown-inquest-focuses-on-paramedic-radios-8401483
V1-0362,B.C. man killed by RCMP identified  as Anonymous members quarrel over retaliation,National Post,https://nationalpost.com/news/canada/b-c-man-killed-by-rcmp-identified-as-anonymous-members-quarrel-over-retaliation
V2-0734,Natives urge full inquiry; Coroner's inquest into 2 deaths should be broadened: Families,Toronto Sun,https://www.proquest.com/canadiannews/docview/2184896924/29DE5D32EBEF4598PQ/244?accountid=14771&sourcetype=Newspapers
V1-0073,Cocaine killed trainer  jury finds,The Globe and Mail,https://www.proquest.com/canadiannews/docview/383574401/6CD99BC3B7E842B3PQ/35?accountid=14771&sourcetype=Newspapers
V1-0426,Death of Pierre Coriolan shows police lack training  Quebec coroner finds,CBC,https://www.cbc.ca/news/canada/montreal/pierre-coriolan-report-1.6353562
V1-0325,Gunman was targeting someone in Brampton courthouse: Sources,Toronto Sun,https://torontosun.com/2014/03/31/neighbours-of-man-killed-in-brampton-courthouse-shootout-shocked
V2-0846,Inquest begins into death of Saskatoon man while in police custody,CTV,https://www.ctvnews.ca/saskatoon/article/inquest-begins-into-death-of-saskatoon-man-while-in-police-custody/
V1-0169,Tattoos speak of a young life indelibly marked by tragedy; Woman  21  copes with grief of losing 3 loved ones by inking memorials to slain sister and boyfriend,Toronto Star,https://www.proquest.com/canadiannews/docview/439597588/4CCE8166A0E24294PQ/7?accountid=14771
V2-0686,Civilian monitors will investigate Indigenous man's death in B.C. police cells,The Vancouver Sun,https://vancouversun.com/news/local-news/civilian-monitors-investigate-indigenous-man-death-bc-police-cell
V1-0060,Kuol's sisters stall shooting inquiry,Calgary Herald,https://www.proquest.com/canadiannews/docview/245303090/3DBD81D6F72D4773PQ/20?accountid=14771&sourcetype=Newspapers
V2-0837,'Code blue' training aims to save lives at Vancouver Jail,The Province,https://www.proquest.com/canadiannews/docview/1957650163/FDAF796A16DA46EDPQ/9?accountid=14771&sourcetype=Newspapers
V1-0401,Inquest jury rules Anthony Divers death a homicide,Stoney Creek News,https://www.thespec.com/news/hamilton-region/inquest-jury-rules-anthony-divers-death-a-homicide/article_1354a126-6d46-5fa6-8eb7-d1615dd945d1.html
V1-0188,Injured in knife attack  3-year-old boy dies,Toronto Star,https://www.thestar.com/news/crime/2008/12/03/injured_in_knife_attack_3yearold_boy_dies.html
V1-0557,Wanted man killed in shootout with Sask. RCMP feared police  sister says,Saskatoon StarPhoenix,https://thestarphoenix.com/news/local-news/lloydminster-man-shot-and-killed-during-shootout-with-rcmp-in-waseca-feared-police-sister-says
V2-0889,Patient dies at Regional Psychiatric Centre,CTV,https://www.ctvnews.ca/saskatoon/article/patient-dies-at-regional-psychiatric-centre/
V1-0103,Inquest into man's death takes place in December,Kamloops Daily News,https://www.proquest.com/canadiannews/docview/358593034/F801407D58FF4447PQ/5?accountid=14771&sourcetype=Newspapers
V2-0770,Alberta mom convicted of killing daughter sentenced to life in prison,CTV,https://www.ctvnews.ca/calgary/article/alberta-mom-convicted-of-killing-daughter-sentenced-to-life-in-prison/
V1-0001,In tailspin after police shootings  former SWAT team leader lifts veil on post-traumatic stress syndrome,Toronto Star,https://www.thestar.com/news/crime/in-tailspin-after-police-shootings-former-swat-team-leader-lifts-veil-on-post-traumatic-stress/article_e58762c8-288b-51eb-baee-a4d82859d4d7.html
V1-0490,Family of B.C. man killed during RCMP wellness check slams delays  one year later,Global News,https://globalnews.ca/news/7304311/kyaw-din-family-plea-iio/
V1-0005,RCMP investigating death of man in custody,Prince Rupert Daily News,https://www.proquest.com/canadiannews/docview/357950348/DC3723B33F2D410DPQ/4?accountid=14771&sourcetype=Newspapers
V1-0343,Two New Brunswick police officers charged in man's shooting death,CityNews,https://kitchener.citynews.ca/2015/11/19/two-new-brunswick-police-officers-charged-in-mans-shooting-death/
V1-0381,Man shot dead by Toronto police connected to 2 Ottawa robberies,CBC,https://www.cbc.ca/news/canada/toronto/bayview-steeles-shooting-siu-1.3478394
V2-0954,Cell death victim named: [Final C Edition],Vancouver Sun,https://www.proquest.com/canadiannews/docview/242504534/74283A72D18A478EPQ/28?accountid=14771&sourcetype=Newspapers
V1-0335,Attack on Ottawa: PM Harper cites terrorist motive,The Globe and Mail,https://www.theglobeandmail.com/news/national/parliament-shooting/article21217602/
V1-0224,Coroner's jury says Junior Manon's death was accidental,CBC,https://www.cbc.ca/news/canada/toronto/coroner-s-jury-says-junior-manon-s-death-was-accidental-1.1299795
V2-0827,Woman's death in custody exposes indigenous policing issues,The Globe and Mail,https://www.theglobeandmail.com/news/politics/womans-death-in-custody-exposes-indigenous-policing-issues/article32694835/
V1-0553,'If this was a bylaw infraction  how does it end up in a death?': Family friend speaks out on SIU report into death of Moses Erhirhie  who was shot by police officer in Markham,East Gwillimbury Express,https://www.yorkregion.com/news/if-this-was-a-bylaw-infraction-how-does-it-end-up-in-a-death-family/article_b8fa4c47-a9c6-59c2-bbb9-36bd4ae564d7.html
V1-0583,Man who allegedly killed Quebec police officer had long history of violence  mental health issues,CTV,https://www.ctvnews.ca/montreal/article/man-who-allegedly-killed-quebec-police-officer-had-long-history-of-violence-mental-health-issues/
V1-0160,Death linked to 'excited delirium': coroner,CBC,https://www.cbc.ca/news/canada/british-columbia/death-linked-to-excited-delirium-coroner-1.790433
V1-0132,Family of man who died after being tasered files wrongful-death suit,The Globe and Mail,https://www.theglobeandmail.com/news/national/family-of-man-who-died-after-being-tasered-files-wrongful-death-suit/article955322/
V1-0511,Family of First Nations man fatally shot by Winnipeg police sues for damages,CBC,https://www.cbc.ca/news/canada/manitoba/stewart-kevin-andrews-police-shooting-lawsuit-1.6412598
V1-0599,'Front-row seat:' Those in line of fire in Penbrooke standoff describe shootout  snipers' perches,Calgary Herald,https://calgaryherald.com/news/local-news/front-row-seat-those-in-line-of-fire-in-penbrooke-standoff-describe-shootout-snipers-perches
V1-0502,Accused murderer of innocent woman in brothel dies in hospital,Toronto Sun,https://torontosun.com/news/crime/accused-murderer-of-innocent-woman-in-brothel-dies-in-hospital
V1-0472,Friends  supporters rally for Jorden McKay - demanding to know why he was shot by police,CBC,https://www.cbc.ca/news/canada/newfoundland-labrador/rally-jordan-mckay-corner-brook-protest-1.4930555
V1-0457,UPDATE: No charges laid against Summerside police officers involved in fatal shooting,PNI Atlantic News,https://www.saltwire.com/prince-edward-island/update-no-charges-laid-against-summerside-police-officers-involved-in-fatal-shooting-289678
V2-0681,First responders did nothing wrong in dealing with man on meth who later died: judge,Winnipeg Free Press,https://www.winnipegfreepress.com/breakingnews/2025/07/18/first-responders-did-nothing-wrong-in-dealing-with-man-on-meth-who-later-died-judge
V1-0264,Mystery surrounds death of B.C. man in police custody,The Globe and Mail,https://www.theglobeandmail.com/news/british-columbia/mystery-surrounds-death-of-bc-man-in-police-custody/article585542/
V2-0684,Toronto groups demand justice after Black trans woman dies in police custody,Toronto.com,https://www.toronto.com/news/toronto-groups-demand-justice-after-black-trans-woman-dies-in-police-custody/article_7e4a07f3-cafe-5465-b1ca-5cc90d2a9b35.html
V1-0274,Moving past myths when police use lethal force,Calgary Herald,https://calgaryherald.com/news/crime/moving-past-myths-when-police-use-lethal-force
V1-0080,Saanich to appeal Camaso court costs ruling,Oak Bay News,https://www.oakbaynews.com/news/saanich-to-appeal-camaso-court-costs-ruling-442829
V1-0408,Vancouver officers who shot and killed armed suspect testify they had 'no other option',CBC,https://www.cbc.ca/news/canada/british-columbia/daniel-peter-rintoul-coroners-inquest-canadian-tire-2016-shooting-day-3-1.6638657
V1-0051,Transsexual's death during arrest ruled an accident,Hamilton Spectator,https://www.proquest.com/canadiannews/docview/270266174/1D5846CBB5744680PQ/4?accountid=14771&sourcetype=Newspapers
V2-0896,Police take new tack toward the 'undocumented'; Forces in several jurisdictions  including Metro  are now reluctant to refer illegal immigrants to border services,Vancouver Sun,https://www.proquest.com/canadiannews/docview/1659056165/C726A0BED4C248B2PQ/145?accountid=14771&sourcetype=Newspapers
V1-0069,Mistakes were made at fatal standoff  inquiry told,CBC,https://www.cbc.ca/news/canada/calgary/mistakes-were-made-at-fatal-standoff-inquiry-told-1.521970
V2-0819,Teen was trying to get his life on track before fatal Niagara fall: youth worker,National Post,https://nationalpost.com/news/canada/teen-was-trying-to-establish-independence-find-a-job-before-fatal-niagara-fall-youth-worker
V1-0264,Inquest to be held into Abbotsford man's police-involved death,The Abbotsford News,https://www.abbynews.com/news/inquest-to-be-held-into-abbotsford-mans-police-involved-death-1730791
V1-0456,Family longs for answers in man's death during RCMP confrontation,PNI Atlantic News,https://www.saltwire.com/nova-scotia/family-longs-for-answers-in-mans-death-during-rcmp-confrontation-275045
V1-0366,Coroner's inquest being held into police-involved shooting in Burnaby,CTV,https://www.ctvnews.ca/vancouver/article/coroners-inquest-being-held-into-police-involved-shooting-in-burnaby/
V1-0357,Man shot dead at Guelph General Hospital identified as Brandon Duncan,CTV,https://www.ctvnews.ca/kitchener/article/man-shot-dead-at-guelph-general-hospital-identified-as-brandon-duncan/
V1-0448,Report breaks down what happened between Timmins Police  Joey Knapaysweet,TimminsToday,https://www.timminstoday.com/local-news/report-breaks-down-what-happened-between-timmins-police-joey-knapaysweet-1312239
V1-0349,Mississauga woman convicted in confrontation where Peel police killed her son,Mississauga News,https://www.mississauga.com/news/crime/mississauga-woman-convicted-in-confrontation-where-peel-police-killed-her-son/article_6b92f531-ebae-56d5-818c-9f5f977f4430.html
V2-0792,Advocate calls for increased punitive damages in deaths of Indigenous women,CTV,https://www.ctvnews.ca/canada/article/advocate-calls-for-increased-punitive-damages-in-deaths-of-indigenous-women/
V2-0813,Inquest report slams policing failures on Manitoba First Nation,CBC,https://www.cbc.ca/news/canada/manitoba/inquest-death-report-garden-hill-brian-mcpherson-1.3445601
V1-0451,Slain suspect advanced on officer before fatal shooting: sources,The Ottawa Citizen,https://ottawacitizen.com/news/local-news/slain-suspect-advanced-on-officer-before-fatal-shooting
V1-0600,There are ways to reduce recidivism; more time behind bars isn't among them,Winnipeg Free Press,https://www.winnipegfreepress.com/local/2024/06/07/there-are-ways-to-reduce-recidivism-more-time-behind-bars-isnt-among-them
V1-0639,Court records shed light on fatal police shooting of Brantford man,Brantford Expositor,https://www.brantfordexpositor.ca/news/local-news/court-records-shed-light-on-fatal-police-shooting-of-brantford-man
V1-0180,Father of man shot by police 'touched' by apology,Winnipeg Free Press,https://www.winnipegfreepress.com/breakingnews/2016/12/16/father-of-man-shot-by-police-touched-by-apology
V1-0333,Inquest into death of Peter de Groot set for Sept. 27 in Nelson,Revelstoke Review,https://www.revelstokereview.com/news/inquest-into-death-of-peter-de-groot-set-for-sept-27-in-nelson-4299920
V1-0535,RCMP officer accused of first-degree murder called coworker  said he killed someone: police,Prince Albert Daily Herald,https://paherald.sk.ca/rcmp-officer-accused-of-first-degree-murder-called-coworker-said-he-killed-someone-police/
V1-0582,ASIRT says man killed by Calgary police was wielding a metal spike,Calgary Herald,https://calgaryherald.com/news/crime/asirt-police-shooting-victim-metal-spike
V1-0088,Shortage of senior officers means rookies sometimes have to work alone  police say,Vancouver Sun,https://www.proquest.com/canadiannews/docview/242209183/5EEAF77600804313PQ/7?accountid=14771&sourcetype=Newspapers
V1-0015,Saving a life 'reward enough' for hero: Governor General to award bravery medals to four Ottawa residents,Ottawa Citizen,https://www.proquest.com/canadiannews/docview/240496905/E257AF53F37D4EA9PQ/19?accountid=14771&sourcetype=Newspapers
V2-0867,Prince Albert police investigating after man dies in police custody,CBC,https://www.cbc.ca/news/canada/saskatchewan/prince-albert-police-service-man-dies-in-custody-1.4670311
V1-0178,Inquest into death of Winnipeg teen after police Tasered him makes no recommendations,CBC,https://www.cbc.ca/news/canada/manitoba/inquest-report-michael-brian-langan-1.3678720
V1-0199,Man shot by Vancouver police not the man officers were seeking,CBC,https://www.cbc.ca/news/canada/british-columbia/man-shot-by-vancouver-police-not-the-man-officers-were-seeking-1.777961
V1-0525,SIU investigating after OPP fatally shoot man  29  in Collingwood  Ont.,CBC,https://www.cbc.ca/news/canada/toronto/man-shot-and-killed-during-interaction-with-opp-in-collingwood-1.5718075
V1-0590,Friends say Memorial Drive police shooting victim was down on his luck,Calgary Herald,https://calgaryherald.com/news/crime/victim-of-police-shooting-on-memorial-drive-identified
V1-0648,Iqaluit woman deemed intoxicated  inquest told,CBC,https://www.cbc.ca/news/canada/north/iqaluit-woman-deemed-intoxicated-inquest-told-1.985674
V1-0011,One officer  poised to understand,The Globe and Mail,https://www.theglobeandmail.com/news/national/one-officer-poised-to-understand/article20416056/
V1-0038,How did Ben Matson die?,The Province,https://www.proquest.com/canadiannews/docview/269373670/643FBB86ABC04012PQ/1?accountid=14771&sourcetype=Newspapers
V1-0448,Vigil honours man shot  killed by Timmins police,Sudbury Star,https://www.thesudburystar.com/2018/02/07/vigil-honours-man-shot-killed-by-timmins-police
V1-0036,Man shot dead by officer had fired on police before ; Biker killed by OPP held Montreal officer hostage in early '90s: [Ontario Edition],Toronto Star,https://www.proquest.com/canadiannews/docview/438416404/CD3DF8020430499DPQ/22?accountid=14771&sourcetype=Newspapers
V1-0260,Calls for police shootings to be investigated by independent organizations,Global News,https://globalnews.ca/news/174719/calls-for-police-shootings-to-be-investigated-by-independent-organizations/
V1-0134,Newmarket shooting draws inquest,Newmarket Era-Banner,https://www.proquest.com/canadiannews/docview/362254336/78C07E2E3AD044A1PQ/4?accountid=14771&sourcetype=Newspapers
V1-0222,Man accused of murdering OPP officer dies in hospital,Toronto Star,https://www.thestar.com/news/ontario/man-accused-of-murdering-opp-officer-dies-in-hospital/article_0b3386b8-348f-59bc-adb8-244110e00bca.html
V1-0036,Troubled life of shooting victim Daniel Lamer,Ottawa Citizen,https://www.proquest.com/canadiannews/docview/240543293/CD3DF8020430499DPQ/1?accountid=14771&sourcetype=Newspapers
V2-0798,Inquest scheduled for man who died while in RCMP custody,Global News,https://globalnews.ca/news/126833/inquest-scheduled-for-man-who-died-while-in-rcmp-custody/
V2-0785,Subject of coroner's inquest in Courtenay had heart of gold,Courtenay Comox Valley Record,https://www.proquest.com/canadiannews/docview/879152224/921FC765C0CE41FDPQ/2?accountid=14771&sourcetype=Newspapers
V1-0515,Edmundston  police officer say in lawsuit reply Chantel Moore caused her own death,CBC,https://www.cbc.ca/news/canada/new-brunswick/chantel-moore-shooting-lawsuit-defence-1.6750728
V1-0303,Inquest called in Prince Albert  Sask. police shooting death,Global News,https://globalnews.ca/news/1534522/inquest-called-in-prince-albert-sask-police-shooting-death/
V1-0483,Man shot dead by Manitoba First Nations police had breaks with reality: inquest report,CBC,https://www.cbc.ca/news/canada/manitoba/benjiman-richard-manitoba-first-nations-police-inquest-1.6539799
V1-0500,Family of B.C. man killed by police hopes inquest can prevent future 'suicide by cop',Global News,https://globalnews.ca/news/9810469/barry-shantz-lytton-police-shooting-inquest/
V1-0500,IIO director testifies at inquest into death of suicidal B.C. man shot by police,CTV,https://www.ctvnews.ca/vancouver/article/iio-director-testifies-at-inquest-into-death-of-suicidal-bc-man-shot-by-police/
V2-0679,Winnipeg cops hint at public-information policy change after in-custody death,Brandon Sun,https://www.proquest.com/canadiannews/docview/2878958754/8B9441B7845D4E5BPQ/34?accountid=14771&sourcetype=Newspapers
V1-0303,Inquest to be ordered in P.A. police shooting,Saskatoon StarPhoenix,https://global-factiva-com.myaccess.library.utoronto.ca/redir/default.aspx?P=sa&NS=16&AID=9UNI011000&an=SSP0000020130829e98t0000c&drn=drn%3aarchive.newsarticle.SSP0000020130829e98t0000c&cat=a&ep=ASI
V1-0022,Inquest ordered into Melvin Bigsky shooting,Regina Leader-Post,https://www.proquest.com/canadiannews/docview/349694420/818CF5B15F44EC0PQ/1?accountid=14771&sourcetype=Newspapers
V2-0905,Stony Mountain inmate dies from 'apparent natural causes': Correctional Services Canada,CBC,https://www.cbc.ca/news/canada/manitoba/stony-mountain-institution-manitoba-inmate-dies-1.5897810
V2-0783,Family seeks hand-written inquest verdict,Maple Ridge News,https://www.proquest.com/canadiannews/docview/816842671/DBD2647494734217PQ/2?accountid=14771&sourcetype=Newspapers
V1-0249,Police officer cleared in fatal shooting of Edmonton teen,Global News,https://globalnews.ca/news/186091/police-officer-cleared-in-fatal-shooting-of-edmonton-teen/
V1-0535,Prince Albert RCMP officer charged with murder of 26-year-old man from Clearwater River Dene Nation,CBC,https://www.cbc.ca/news/canada/saskatchewan/prince-albert-rcmp-officer-1.6023929
V1-0473,Friends recount Steven Rigby's battles with mental health ahead of police shooting death,Global News,https://globalnews.ca/news/7969652/friends-steven-rigby-battles-mental-health/
V1-0362,B.C. Hydro Site C protest in Vancouver cancelled due to concerns about violence,CBC,https://www.cbc.ca/news/canada/british-columbia/b-c-hydro-site-c-protest-in-vancouver-cancelled-due-to-concerns-about-violence-1.3161532
V1-0122,Medics unaware of violent arrest,Windsor Star,https://www.proquest.com/canadiannews/docview/254815122/E19CEB124E2E4B08PQ/1?accountid=14771&sourcetype=Newspapers
V1-0409,ASIRT clears officers in 2016 shooting that killed 49-year-old man,The Calgary Sun,https://calgarysun.com/news/crime/asirt-clears-officers-in-2016-shooting-that-killed-49-year-old-man
V2-0772,Deaths are preventable,North Island Gazette,https://www.proquest.com/canadiannews/docview/372823812/3CEEF77CB2E84F00PQ/3?accountid=14771&sourcetype=Newspapers
V1-0637,Peace officers failed to check on man who died in police custody: ASIRT,Calgary Sun,https://calgarysun.com/news/local-news/peace-officers-failed-to-check-on-man-who-died-in-police-custody-asirt
V2-0827,Jury makes 28 recommendations in Lena Anderson inquest,CBC,https://www.cbc.ca/news/canada/thunder-bay/lena-anderson-inquest-recommendations-1.3846263
V1-0404,SQ officers cleared in death of Montebello man,CBC,https://www.cbc.ca/news/canada/ottawa/police-officers-cleared-death-man-montebello-quebec-1.4796814
V1-0218,Man shot by RCMP dies in hospital,CityNews,https://vancouver.citynews.ca/2010/01/11/man-shot-by-rcmp-dies-in-hospital/
V1-0115,Montreal police ordered to review 2005 fatal shooting,CBC,https://www.cbc.ca/news/canada/montreal/montreal-police-ordered-to-review-2005-fatal-shooting-1.719656
V1-0551,Man shot by Edmonton police believed to have killed gangster same day: ASIRT,Global News,https://globalnews.ca/news/11069902/edmonton-police-shooting-nye-2021-asirt-report/
V2-0742,Man jailed for panhandling dies in police custody,The Globe and Mail,https://www.theglobeandmail.com/news/national/man-jailed-for-panhandling-dies-in-police-custody/article712346/
V1-0052,Mounties change their version of Alert Bay shooting death,Times-Colonist,https://www.proquest.com/canadiannews/docview/347921137/4967ED9A8B7C4564PQ/5?accountid=14771&sourcetype=Newspapers
V1-0479,South Sudanese community demands answers after police-involved shooting,The Winnipeg Sun,https://winnipegsun.com/news/news-news/south-sudanese-community-demands-answers-after-police-involved-shooting
V1-0011,Death of Otto Vass at police hands comes to the stage,Toronto Star,https://www.thestar.com/news/crime/death-of-otto-vass-at-police-hands-comes-to-the-stage/article_0122a627-491a-51ab-a319-43920ebb3cb4.html
V1-0121,Autopsy fails to solve cause of man's death,Calgary Herald,https://www.proquest.com/canadiannews/docview/245374563/BFBA2B382F97470FPQ/2?accountid=14771&sourcetype=Newspapers
V1-0354,Deceased in late-night shooting identified,CTV,https://www.ctvnews.ca/edmonton/article/deceased-in-late-night-shooting-identified/
V1-0340,Transit police officer used 'reasonable force' in fatal confrontation: police watchdog,CBC,https://www.cbc.ca/news/canada/british-columbia/transit-police-officer-cleared-1.3585142
V1-0212,RCMP shooting inquest jury returns 13 recommendations,CBC,https://www.cbc.ca/news/canada/british-columbia/rcmp-shooting-inquest-jury-returns-13-recommendations-1.1077337
V2-0826,Inquest into Hall Beach man's in-custody death begins today,CBC,https://www.cbc.ca/news/canada/north/inquest-hall-beach-man-death-rcmp-custody-1.3561734
V1-0627,Man with weapon killed as Vancouver police open fire,Vancouver Sun,https://vancouversun.com/news/local-news/fatal-police-shooting-vancouver
V1-0560,Expert sees similarities between botched B.C. bank robbery and 1997 North Hollywood shootout,Global News,https://globalnews.ca/news/8966663/saanich-bc-bank-robbery-1997-north-hollywood-shootout/
V1-0186,No criminal charges against Edmonton officers in taser incident,The Globe and Mail,https://www.theglobeandmail.com/news/national/no-criminal-charges-against-edmonton-officers-in-taser-incident/article4290447/
V1-0063,Enraged gunman followed officers to alley; SIU probe begins after fatal battle Dead man's daughter an officer,Toronto Star,https://www.proquest.com/canadiannews/docview/438667111/35F0A61CD2C1488EPQ/9?accountid=14771&sourcetype=Newspapers
V2-0810,Accidental death in police cell prompts policy changes; Intoxicated man fell  hit his head,Calgary Herald,https://www.proquest.com/canadiannews/docview/1320062954/15F6DB08256C486CPQ/2?accountid=14771&sourcetype=Newspapers
V1-0056,Rights advocates call for arrest footage after suspect suffers brain damage,Global News,https://globalnews.ca/news/305739/rights-advocates-call-for-arrest-footage-after-suspect-suffers-brain-damage/
V1-0088,Shooting victim 'longed for family',Vancouver Sun,https://www.proquest.com/canadiannews/docview/242187432/5EEAF77600804313PQ/5?accountid=14771&sourcetype=Newspapers
V1-0565,RCMP release photos of gunman in Langley shooting and ask for witnesses,CBC,https://www.cbc.ca/news/canada/british-columbia/langley-shooting-suspect-photo-released-1.6533093
V1-0013,Grumpy cop,PNI Atlantic News,https://www.saltwire.com/newfoundland-labrador/grumpy-cop-136117
V1-0565,RCMP justified in killing 2022 Langley shooting suspect: IIO,CityNews,https://vancouver.citynews.ca/2023/05/18/langley-rcmp-2022-shootings-iio/
V1-0602,Fatal shooting of Indigenous man by OPP in Kenora has community demanding answers,The Globe and Mail,https://www.theglobeandmail.com/canada/article-an-indigenous-man-shot-dead-by-opp-in-kenora-has-community-demanding/
V1-0066,Delirium  not pepper spray  cited in man's death: Altercation with police: [Toronto Edition],National Post,https://www.proquest.com/canadiannews/docview/330072430/BFF1940821B64C41PQ/33?accountid=14771&sourcetype=Newspapers
V1-0344,B.C. Mountie charged with manslaughter in connection with traffic stop shooting,Calgary Herald,https://calgaryherald.com/news/crime/b-c-mountie-charged-with-manslaughter-in-connection-with-traffic-stop-shooting
V1-0024,Mentally ill man put up fierce battle before arrest  fatality inquiry is told: Taser gun seen as possible aid in case,Edmonton Journal,https://www.proquest.com/canadiannews/docview/252878133/6AFEFD5454904B23PQ/4?accountid=14771&sourcetype=Newspapers
V1-0276,RCMP officer charged with off-duty sexual assault in Edmonton,Edmonton Journal,https://edmontonjournal.com/news/crime/rcmp-officer-charged-with-off-duty-sexual-assault-in-edmonton
V1-0517,Police fatally shoot Mississauga man during mental-health call,The Globe and Mail,https://www.theglobeandmail.com/canada/article-mississauga-man-killed-by-police-during-mental-health-call/
V2-0783,Wife of man who died in police custody sues RCMP  paramedics,Vancouver Sun,https://www.proquest.com/canadiannews/docview/759847573/DBD2647494734217PQ/7?accountid=14771
V2-0679,Police Chief takes issue with media report on recent death in custody,Winnipeg Sun,https://www.proquest.com/canadiannews/docview/2880872427/45C667877004340PQ/1?accountid=14771&sourcetype=Blogs,%20Podcasts,%20&%20Websites
V1-0640,Why immigration detainee who died in custody had 'no end date' on stay in jail,Waterloo Region Record,https://www.therecord.com/ts/news/canada/2023/02/01/why-immigration-detainee-who-died-in-custody-had-no-end-date-on-stay-in-jail.html
V1-0477,Fatal shooting by Winnipeg police was in response to armed threat: inquest report - Brandon Sun,Brandon Sun,https://www.brandonsun.com/local/2022/10/20/fatal-shooting-by-winnipeg-police-was-in-response-to-armed-threat-inquest-report
V1-0608,'I don't want to die': Police deploy stun gun on Blood Tribe member  tackle and punch him before he died  ASIRT says,Calgary Herald,https://calgaryherald.com/news/crime/asirt-details-death-blood-tribe-member-calgary-police-custody
V1-0421,No 'universally accepted' way to prevent 'suicide by cop ' say experts,Nunatsiaq News,https://nunatsiaq.com/stories/article/no-universally-accepted-way-to-prevent-suicide-by-cop-say-experts/
V2-0788,Inquest report into Garden Hill in-custody death calls for safe facility,CBC,https://www.cbc.ca/news/canada/manitoba/inquest-report-into-garden-hill-in-custody-death-calls-for-safe-facility-1.3165701
V1-0572,GTA shooting rampage suspect believed to have been 'looking for a police officer',CTV,https://www.ctvnews.ca/toronto/article/gta-shooting-rampage-suspect-believed-to-have-been-looking-for-a-police-officer/
V1-0529,Victim of NDG police shooting identified as Sheffield Matthews  41; watchdog group investigating,CTV,https://www.ctvnews.ca/montreal/article/victim-of-ndg-police-shooting-identified-as-sheffield-matthews-41-watchdog-group-investigating/
V1-0571,Coroner calls inquest into stabbing deaths; Separate hearing will examine Myles Sanderson's death in custody,Leader Post,https://www.proquest.com/canadiannews/docview/2716768458/DFE21E03147740E4PQ/104?accountid=14771&sourcetype=Newspapers
V2-0827,Did Canada's failure to fix policing problems in the North lead to the death Lena Anderson?,APTN News,https://www.aptnnews.ca/national-news/did-canadas-failure-to-fix-policing-problems-in-the-north-lead-to-the-death-lena-anderson/
V1-0206,Investigators need to find the answers,Brockville Recorder and Times,https://www.proquest.com/canadiannews/docview/2202448967/D3FF60126CD84858PQ/7?accountid=14771&sourcetype=Newspapers
V1-0036,Gunman was shot 3 times  autopsy shows: Convicted armed robber shot dead by police on Highway 401 on Sunday: [Early Edition],Ottawa Citizen,https://www.proquest.com/canadiannews/docview/240548748/CD3DF8020430499DPQ/31?accountid=14771&sourcetype=Newspapers
V1-0206,OPP training questioned,Brockville Recorder and Times,https://www.proquest.com/canadiannews/docview/2203922126/D3FF60126CD84858PQ/11?accountid=14771&sourcetype=Newspapers
V1-0130,1 dead  officer wounded in Edmonton shootout,CBC,https://www.cbc.ca/news/canada/edmonton/1-dead-officer-wounded-in-edmonton-shootout-1.616380
V1-0019,Policy 'troubles' judge: Recommends two officers be sent to top priority calls,Edmonton Journal,https://www.proquest.com/canadiannews/docview/252920342/CD307489238948F6PQ/5?accountid=14771&sourcetype=Newspapers
V1-0657,Watchdog probing restaurant owner's death in custody,Winnipeg Free Press,https://www.proquest.com/canadiannews/docview/2594953761/DFE21E03147740E4PQ/100?accountid=14771&sourcetype=Newspapers
V1-0554,Use of force in 2022 fatal police-involved shooting was 'necessary': ASIRT,CTV,https://www.ctvnews.ca/calgary/article/use-of-force-in-2022-fatal-police-involved-shooting-was-necessary-asirt/
V1-0052,Alert Bay residents question police actions,Times-Colonist,https://www.proquest.com/canadiannews/docview/347932834/9A82DFFB00AD45A2PQ/3?accountid=14771&sourcetype=Newspapers
V1-0172,Wife of Sask. man shot by RCMP testifies at inquest,CBC,https://www.cbc.ca/news/canada/saskatchewan/wife-of-sask-man-shot-by-rcmp-testifies-at-inquest-1.815514
V1-0460,Police seek suspect in Edmonton kidnapping,Edmonton Journal,https://edmontonjournal.com/news/crime/police-seek-suspect-in-edmonton-kidnapping
V1-0318,Durham police to equip some officers with body-worn cameras  but some advocates are skeptical,CBC,https://www.cbc.ca/news/canada/toronto/durham-police-body-worn-cameras-pilot-project-1.4703979
V1-0919,Off-duty Toronto cop charged with manslaughter in 19-year-old's death,CBC,https://www.cbc.ca/news/canada/toronto/toronto-police-officer-charged-1.6743976
V2-0781,Brampton man dies after Taser jolt; police under investigation,CBC,https://www.cbc.ca/news/canada/toronto/brampton-man-dies-after-taser-jolt-police-under-investigation-1.695156
V1-0137,Police not at fault in man's death  SIU determines,Toronto.com,https://www.toronto.com/news/police-not-at-fault-in-mans-death-siu-determines/article_8200de3c-cb89-5452-974d-ecdb313fc309.html
V1-0216,SIU finds officers not criminally responsible in Toronto firearm death,CityNews,https://toronto.citynews.ca/2010/02/19/siu-finds-officers-not-criminally-responsible-in-toronto-firearm-death/
V1-0440,Family says Brydon Whitstone tried to leave gang life before his death,Saskatoon StarPhoenix,https://thestarphoenix.com/news/local-news/nb-day-3
V2-0822,Solomon Uyarasuk inquest: Investigators concluded suicide in 2012,CBC,https://www.cbc.ca/news/canada/north/solomon-uyarasuk-inquest-investigators-concluded-suicide-in-2012-1.2847468
V1-0031,Psychiatrist says he didn't believe Stochmal was dangerous,Regina Leader-Post,https://www.proquest.com/canadiannews/docview/349775506/F7745594E26240ABPQ/11?sourcetype=Newspapers
V2-0690,Police watchdog forwards findings from Prince George arrest to Crown counsel,Prince George Citizen,https://www.princegeorgecitizen.com/local-news/police-watchdog-forwards-findings-from-prince-george-arrest-to-crown-counsel-5206727
V1-0323,Rothesay police used reasonable force in fatal shooting  RCMP say,CBC,https://www.cbc.ca/news/canada/new-brunswick/rothesay-police-used-reasonable-force-in-fatal-shooting-rcmp-say-1.2743089
V1-0654,Hearing to review Halifax police actions before Corey Rogers's death delayed two days,The Globe and Mail,https://www.theglobeandmail.com/canada/article-hearing-to-review-halifax-police-actions-before-corey-rogerss-death/
V1-0495,A young Black man was fatally Tasered in his own backyard - now his family is demanding answers,CBC,https://www.cbc.ca/news/canada/toronto/clive-mensah-black-taser-police-1.5655022
V1-0459,Not guilty: Jury acquits Whitecourt Mounties accused of manslaughter in deadly 2018 shooting,Edmonton Journal,https://edmontonjournal.com/news/local-news/jury-finds-mounties-accused-of-manslaughter-in-2018-shooting-death-not-guilty
V1-0540,Mounties cleared in fatal shooting of man in arrest that killed police dog,CTV,https://www.ctvnews.ca/edmonton/article/mounties-cleared-in-fatal-shooting-of-man-in-arrest-that-killed-police-dog/
V1-0134,'I feared for my life' officer tells inquest,Newmarket Era-Banner,https://www.proquest.com/canadiannews/docview/362254117/78C07E2E3AD044A1PQ/7?accountid=14771&sourcetype=Newspapers
V1-0284,Jury releases 25 recommendations for RCMP  gov't after shooting death inquest,CBC,https://www.cbc.ca/news/canada/north/felix-taqqaugaq-inquest-recommendations-1.3847537
V1-0219,Woman shot by Edmonton police had fake gun,CBC,https://www.cbc.ca/news/canada/edmonton/woman-shot-by-edmonton-police-had-fake-gun-1.923649
V1-0505,Northern RCMP provide details around shooting death of Nunavut man,Winnipeg Free Press,https://www.winnipegfreepress.com/canada/2020/08/27/northern-rcmp-provide-details-around-shooting-death-of-nunavut-man
V1-0617,'That sadness has turned to anger': Vigil held for 15-year-old autistic boy shot  killed by Surrey RCMP,CTV,https://www.ctvnews.ca/vancouver/article/that-sadness-has-turned-to-anger-vigil-held-for-15-year-old-autistic-boy-shot-killed-by-surrey-police/
V1-0200,Man shot by cops dies ; 43-year-old 'interacted' with police after high-speed chase  shooting of denturist,Ottawa Sun,https://www.proquest.com/canadiannews/docview/2203027746/FE4943DEAEF749C9PQ/6?accountid=14771&sourcetype=Newspapers
V2-0877,B.C. police watchdog group investigating after June 1 death of Kitimat man,Northern Sentinel,https://www.northernsentinel.com/news/b-c-police-watchdog-group-investigating-after-june-1-death-of-kitimat-man-6169956
V2-0938,Man who took own life in jail arrested for making threats  officer testifies,CBC,https://www.cbc.ca/news/canada/ottawa/cas-geddes-jail-suicide-victim-off-medication-before-arrest-ocdc-1.4939834
V1-0016,Man  23  dies in police shooting,The Globe and Mail,https://www.theglobeandmail.com/news/national/man-23-dies-in-police-shooting/article25473136/
V1-0505,Top Nunavut cop gives more details into how Kinngait man was killed by officer,CBC,https://www.cbc.ca/news/canada/north/nunavut-rcmp-shooting-kinngait-ottawa-investigation-1.5701075
V2-0727,SIU clears officer in cellblock injury,Windsor Star,https://www.proquest.com/canadiannews/docview/254602683/E47040B7727544D6PQ/4?accountid=14771&sourcetype=Newspapers
V1-0091,Police defend officer who shot knife-wielding man,CBC,https://www.cbc.ca/news/canada/calgary/police-defend-officer-who-shot-knife-wielding-man-1.681178
V2-0895,A 26-year-old father of three died alone in a cell at the Barton Street jail. More than four years later  his family now knows why,Stoney Creek News,https://www.thespec.com/news/hamilton-region/a-26-year-old-father-of-three-died-alone-in-a-cell-at-the-barton/article_1db2642e-59d5-511e-a3fa-14bb36afab6f.html
V1-0335,Suspected killer in Ottawa shootings had religious awakening,The Globe and Mail,https://www.theglobeandmail.com/news/national/suspected-killer-in-ottawa-shootings-had-a-disturbing-side/article21252419/
V2-0679,'Where was his help?' Loved ones of man who died in police custody on Sherbrook Street call for answers,CBC,https://www.cbc.ca/news/canada/manitoba/loved-ones-ask-where-help-was-1.7016846
V1-0052,Woman shot in home,Prince George Citizen,https://www.proquest.com/canadiannews/docview/361624954/EA0DEB4AE1F34AC8PQ/12?accountid=14771
V1-0443,Man shot by police in bank hostage-taking was mentally ill  wanted to talk to Trump  inquest hears,CBC,https://www.cbc.ca/news/canada/toronto/ali-zaraeeneh-coroners-inquest-bank-hostage-2017-vaughan-1.6120157
V1-0332,Jermaine Carby inquest jury makes 14 recommendations following 2014 shooting death,CBC,https://www.cbc.ca/news/canada/toronto/jermaine-carby-inquest-1.3601734
V2-0847,Charges laid in connection to in-custody death in May  2016,CTV,https://www.ctvnews.ca/edmonton/article/charges-laid-in-connection-to-in-custody-death-in-may-2016/
V2-0906,'Everyone has a breaking point',Winnipeg Free Press,https://www.winnipegfreepress.com/breakingnews/2021/05/19/everyone-has-a-breaking-point
V1-0068,Silent Drummer,Times-Colonist,https://www.proquest.com/canadiannews/docview/347972133/F1ECD4EB23494EFBPQ/22?accountid=14771&sourcetype=Newspapers
V2-0688,Inquest hears differing accounts on who decided Kugluktuk man didn't need immediate medical attention,CBC,https://www.cbc.ca/news/canada/north/conflicting-testimony-inquest-kugluktuk-1.6443509
V2-0911,Nearly 60 policy breaches found in Soleiman Faqiri's death  jail guard tells inquest,CBC,https://www.cbc.ca/news/canada/toronto/soleiman-faqiri-inquest-day-11-1.7048457
V1-0227,Man killed during a shootout in Markdale is identified,CityNews,https://kitchener.citynews.ca/2010/05/13/man-killed-during-a-shootout-in-markdale-is-identified/
V1-0481,Hostage was lying on captor before police opened fire: officer,CBC,https://www.cbc.ca/news/canada/british-columbia/nona-mcewan-randy-crosson-coroners-inquest-surrey-bc-1.7178589
V2-0691,Inquest into Tuktoyaktuk in-custody death will hear from family  witnesses,CBC,https://www.cbc.ca/news/canada/north/tuktoyaktuk-in-custody-death-inquest-1.7334958
V1-0173,Man dies following altercation with transit security in Surrey,CBC,https://www.cbc.ca/news/canada/british-columbia/man-dies-following-altercation-with-transit-security-in-surrey-1.739468
V1-0535,Saskatchewan Mountie accused of murder sometimes shared bed with victim  trial hears,National Post,https://nationalpost.com/news/canada/first-degree-murder-trial-of-saskatchewan-mountie-enters-second-day
V1-0099,Lawyer laments inquest delays: Hold hearings while 'memories are fresh',The Province,https://www.proquest.com/canadiannews/docview/269438246/A86B1543E8494E0CPQ/12?accountid=14771&sourcetype=Newspapers
V2-0763,Police reject request to suspend Taser use,Times-Colonist,https://www.proquest.com/canadiannews/docview/348122333/DAB282DB47754EEEPQ/11?accountid=14771&sourcetype=Newspapers
V2-0857,Winnipeg police  paramedics did everything right  says inquest into man's death during arrest,CBC,https://www.cbc.ca/news/canada/manitoba/inquest-report-taumas-justin-leblanc-1.5571383
V1-0621,3 prank calls reporting 'active gunmen theats' since fatal shooting: Inukjuak mayor,APTN News,https://www.aptnnews.ca/national-news/3-prank-calls-reporting-active-gunmen-theats-since-fatal-shooting-inukjuak-mayor/
V2-0883,Man died of drug overdose while in police custody: Watchdog,The London Free Press,https://lfpress.com/news/local-news/man-died-of-drug-overdose-while-in-police-custody-watchdog
V1-0024,Mentally ill may react severely to spray,Edmonton Journal,https://www.proquest.com/canadiannews/docview/252813315/6AFEFD5454904B23PQ/15?accountid=14771&sourcetype=Newspapers
V1-0023,Ontario man shot by Edmonton cops; 31-year-old with big knife lunged at police,Hamilton Spectator,https://www.proquest.com/canadiannews/docview/270044164/6AFEFD5454904B23PQ/21?accountid=14771&sourcetype=Newspapers
V1-0449,Taser not connected to death of North Bay man in 2018,North Bay Nugget,https://www.nugget.ca/news/local-news/taser-not-connected-to-death-of-north-bay-man-in-2018
V1-0517,Judge rejects 'extraordinary' publication ban on names of Peel cops in shooting death of mentally ill man,Brampton Guardian,https://www.bramptonguardian.com/news/judge-rejects-extraordinary-publication-ban-on-names-of-peel-cops-in-shooting-death-of-mentally/article_b4bc85fd-477c-5f66-9c63-8037595ba232.html
V1-0271,Stepfather of Justin Zinser  Williams Lake RCMP shooting victim,CBC,https://www.cbc.ca/kamloops/mt/2013/08/28/stepfather-of-justin-zinser-williams-lake-rcmp-shooting-victim/
V1-0045,Friend of victim apologizes at Roha fatality inquiry,Calgary Herald,https://www.proquest.com/canadiannews/docview/245143596/6D52E64269994291PQ/6?accountid=14771
V1-0534,Julian Jones latest Indigenous person to be killed by the RCMP,Toronto Star,https://www.thestar.com/opinion/contributors/julian-jones-latest-indigenous-person-to-be-killed-by-the-rcmp/article_c0d89e91-3256-5078-a11c-efed6faec64f.html
V1-0557,Charges stayed against woman arrested in raid that killed Trent Angus,SaskToday,https://www.sasktoday.ca/north/local-news/charges-stayed-against-woman-arrested-in-raid-that-killed-trent-angus-6127458
V1-0154,Police used 'less-lethal' unit to deal with addict; Man died in hospital shortly after being arrested by police,Vancouver Sun,https://www.proquest.com/canadiannews/docview/243818570/9B6FAF4ED9324603PQ/2?accountid=14771&sourcetype=Newspapers
V1-0649,Nunavut RCMP should not assume unconscious Inuit are intoxicated: inquest,Nunatsiaq News,https://nunatsiaq.com/stories/article/65674nunavut_rcmp_should_not_assume_unconscious_inuit_are_intoxicated_inque/
V1-0204,Police under investigation lose right to consult lawyers on notes,The Globe and Mail,https://www.theglobeandmail.com/news/national/police-under-shooting-investigation-cant-consult-with-lawyer-on-notes-top-court-rules/article16052795/
V1-0399,'We are seeking justice for Debra Chrisjohn  not just a slap on the wrist',Global News,https://globalnews.ca/news/6084492/justice-for-debra-chrisjohn/
V1-0542,B.C. prosecutors refuse to charge RCMP officers in 2021 shooting death of Jared Lowndes,Vancouver Sun,https://vancouversun.com/news/bc-prosecutors-refuse-charge-rcmp-officers-shooting-death-jared-lowndes
V1-0038,'Why did Ben run? That's the big question',The Province,https://www.proquest.com/canadiannews/docview/269400863/643FBB86ABC04012PQ/7?accountid=14771&sourcetype=Newspapers
V2-0850,Inquest set into 2016 death of B.C. teen after a day spent in police custody,The Vernon Morning Star,https://www.vernonmorningstar.com/news/coroners-inquest-into-2016-death-of-port-alberni-teen-rescheduled-for-june-21-3330860
V2-0849,N.S. court orders new hearing in long-running police cell death case,CBC,https://www.cbc.ca/news/canada/nova-scotia/n-s-court-orders-new-hearing-in-long-running-police-cell-death-case-1.7625137
V1-0014,Handcuffed man dies in police custody,Calgary Herald,https://www.proquest.com/canadiannews/docview/244828329/C5FA0D48F7BF4F64PQ/2?accountid=14771&sourcetype=Newspapers
V1-0035,No sympathy for Menga: [Ontario Edition],Toronto Star,https://www.proquest.com/canadiannews/docview/438408690/D33A36884B3499EPQ/8?accountid=14771&sourcetype=Newspapers
V1-0164,shooting inquest report,Winnipeg Free Press,https://www.winnipegfreepress.com/breakingnews/2018/08/08/long-delayed-police-shooting-inquest-yields-no-recommendations
V2-0936,'Problems growing worse'; Two inmates died at Edmonton Institution in three days  causes of deaths unclear,Edmonton Sun,https://www.proquest.com/canadiannews/docview/3172629764/81D1F1F896F240AEPQ/7?accountid=14771&sourcetype=Newspapers
V1-0399,Former London  Ont. cop sentenced in death of woman in his custody,CTV,https://www.ctvnews.ca/london/article/former-london-ont-cop-sentenced-in-death-of-woman-in-his-custody/
V1-0484,Geoffrey Morris inquest jury calls for elders  body cams present in crisis situations,CBC,https://www.cbc.ca/news/canada/saskatchewan/jury-begins-deliberations-geoffrey-morris-inquest-1.6138143
V1-0421,Inquest jury rules Sanirajak man's death a homicide,Nunatsiaq News,https://nunatsiaq.com/stories/article/inquest-jury-rules-sanirajak-mans-death-a-homicide/
V2-0735,Tragic sequence of events described in woman's death; Inquest probes drug-user's final hours,The Province,https://www.proquest.com/canadiannews/docview/269527616/23A0D4B86B944E97PQ/2?accountid=14771&sourcetype=Newspapers
V1-0619,'It's got to stop': Family of men killed by Nunavik police calling on Quebec for reforms,CBC,https://www.cbc.ca/news/canada/north/family-reforms-nunavik-police-1.7591643
V1-0015,Officer cleared in fatal shooting,The Kitchener Record,https://www.proquest.com/canadiannews/docview/266884661/E257AF53F37D4EA9PQ/3?accountid=14771&sourcetype=Newspapers
V2-0891,Terrace mom sues Alberta after son's in-custody death,Terrace Standard,https://www.proquest.com/canadiannews/docview/3082822031/8B9441B7845D4E5BPQ/20?accountid=14771&sourcetype=Blogs,%20Podcasts,%20&%20Websites
V1-0332,Jermaine Carby inquest hears Peel police officer say he had no choice but to shoot,CBC,https://www.cbc.ca/news/canada/toronto/jermaine-carby-inquest-peel-regional-police-1.3581519
V1-0065,Inquest to investigate death of woman in fight with cops,The Province,https://www.proquest.com/canadiannews/docview/269426405/2D5E4B65BD004EA0PQ/2?accountid=14771&sourcetype=Newspapers
V1-0188,Oshawa killer had violent history,Stoney Creek News,https://www.thespec.com/news/oshawa-killer-had-violent-history/article_487778b3-6fd1-50c4-9b3c-82935b88fbc3.html
V2-0751,Red Deer Remand Centre death prompts methanol recommendation,Red Deer Advocate,https://www.reddeeradvocate.com/local-news/red-deer-remand-centre-death-prompts-methanol-recommendation/
V1-0399,Sentencing decision in Debra Chrisjohn death pushed back,Global News,https://globalnews.ca/news/6491218/sentencing-debra-chrisjohn-death-postponed/
V1-0348,Police officer's bid to seal interview on fatal hotel shooting fails,Calgary Herald,https://calgaryherald.com/news/local-news/police-officer-bid-seal-fatal-hotel-shooting-interview-fails
V1-0175,Man dies in police custody,The Times Colonist,https://www.timescolonist.com/archive/man-dies-in-police-custody-4591655
V1-0627,'Listen to the voices of the DTES': Calls for change follow video of VPD fatal shooting - BC,Global News,https://globalnews.ca/news/10753160/calls-change-video-dtes-vancouver-officer-shooting/
V1-0420,Nunavut family suing RCMP for killing their son,CBC,https://www.cbc.ca/news/canada/north/pond-inlet-family-suing-rcmp-1.5070726
V1-0584,Family of Brampton  Ont. man who died after being apprehended under Mental Health Act speaks out,Global News,https://globalnews.ca/news/9613862/family-brampton-man-died-apprehended-mental-health-act/
V2-0813,Manitoba inquest exposes repeated failures to fix substandard policing in Indigenous communities,APTN News,https://www.aptnnews.ca/national-news/manitoba-inquest-exposes-repeated-failures-to-fix-substandard-policing-in-indigenous-communities/
V1-0396,Who was Aaron Driver? The latest updates about the man killed after standoff in Strathroy,The Globe and Mail,https://www.theglobeandmail.com/news/national/who-is-aaron-driver-what-we-know-so-far-about-the-man-killed-by-rcmp-instrathroy/article31374573/
V1-0644,Three Kawartha Lakes OPP officers charged in shooting death of 18-month-old Jameson Shapiro,Peterborough Examiner,https://www.thepeterboroughexaminer.com/news/three-kawartha-lakes-opp-officers-charged-in-shooting-death-of-18-month-old-jameson-shapiro/article_359b1e2a-f4c0-57ea-b00b-2edd89b2db5e.html
V2-0737,Fatality inquiry hears woman had high levels of drugs and sedatives in her system,Daily Herald-Tribune,https://www.proquest.com/canadiannews/docview/2182402180/142730199F3D4CBAPQ/3?accountid=14771
V1-0052,Thoughts from Alert Bay,North Island Gazette,https://www.proquest.com/canadiannews/docview/372741893/EA0DEB4AE1F34AC8PQ/11?accountid=14771
V1-0178,'Gentleman' didn't deserve to die,Winnipeg Free Press,https://www.winnipegfreepress.com/historic/2008/08/16/gentleman-didnt-deserve-to-die
V1-0206,Inquest set for man killed by police; SIU says driver fled RIDE checkpoint  was shot after his truck struck officer,Ottawa Citizen,https://www.proquest.com/canadiannews/docview/874472423/D3FF60126CD84858PQ/2?accountid=14771&sourcetype=Newspapers
V1-0548,London police officer cleared by SIU in shooting death of Justin Bourassa,CBC,https://www.cbc.ca/news/canada/london/london-police-officer-cleared-by-siu-in-shooting-death-of-justin-bourassa-1.6503549
V1-0332,'There was no knife on the scene': Family suing after watchdog clears Ontario officer who killed man at traffic stop,National Post,https://nationalpost.com/news/toronto/there-was-no-knife-found-on-the-scene-family-suing-after-watchdog-clears-ontario-officer-who-killed-man-at-traffic-stop
V1-0472,Amid grief  Jorden McKay's family asks: Why did police shoot to kill?,CBC,https://www.cbc.ca/news/canada/newfoundland-labrador/jorden-mckay-family-reaction-police-shooting-1.4927521
V2-0731,NRP cleared in death of man in holding cell,Fort Erie Post,https://www.niagarathisweek.com/news/nrp-cleared-in-death-of-man-in-holding-cell/article_d0e577d4-c89a-5612-8ed3-0563fc2f4bed.html?
V1-0472,Newly hired RNC officer fatally shot Jorden McKay in Corner Brook  sources say,CBC,https://www.cbc.ca/news/canada/newfoundland-labrador/corner-brook-shooting-rnc-recruit-1.4940690
V1-0337,Rhett Mutch's police involved death deemed suicide  inquest rules,CHEK News,https://cheknews.ca/rhett-mutchs-police-involved-death-deemed-suicide-inquest-rules-319279/
V1-0542,Family of Jared Lowndes sue RCMP over 2021 shooting death in Campbell River,The Globe and Mail,https://www.theglobeandmail.com/canada/article-family-of-jared-lowndes-sue-rcmp-over-2021-shooting-death-in-campbell/
V1-0344,BC Coroners Service identifies shooting victim,Nelson Star,https://www.nelsonstar.com/news/bc-coroners-service-identifies-shooting-victim-4842926
V1-0199,Michael Vann Hubbard's family to sue police,The Georgia Straight,https://www.straight.com/article-209465/vann-hubbard-family-sue-police
V2-0924,'Stripped naked and brutally attacked': Family sues over mentally ill man's death inside Toronto jail,Toronto Star,https://www.thestar.com/news/gta/stripped-naked-and-brutally-attacked-family-sues-over-mentally-ill-man-s-death-inside-toronto/article_1812e898-b337-11ef-965f-a7d1ccb0ef4b.html
V1-0025,Attacker wouldn't back off -- chief: RIGHT CHOICE MADE IN A LIFE- AND-DEATH STRUGGLE: `Quite frankly  we did not expect the level of violence ...',Edmonton Journal,https://www.proquest.com/canadiannews/docview/252924763/51DA3E3B8FFA476EPQ/2?accountid=14771&sourcetype=Newspapers
V2-0892,Miserable life  tragic death ; Coroner's inquest examines how Martin Blackwind's life ended on a bloodsoaked prison mattress,Toronto Sun,https://www.proquest.com/canadiannews/docview/2219066002/D82103FC2A434836PQ/47?accountid=14771&sourcetype=Newspapers
V2-0732,Inspect cells: inquest report,Winnipeg Sun,https://www.proquest.com/canadiannews/docview/2204817150/29DE5D32EBEF4598PQ/298?accountid=14771
V1-0186,Don't judge police over Taser incident without all the facts,Calgary Herald,https://www.proquest.com/canadiannews/docview/243811357/FD295F60742644E7PQ/47?accountid=14771&sourcetype=Newspapers
V1-0036,A victory over biker criminals,Kingston Whig-Standard,https://www.proquest.com/canadiannews/docview/352882517/CD3DF8020430499DPQ/33?accountid=14771
V1-0273,Other options shot down ; Familes of those killed by police asking why cops' first reaction is to reach for their gun,Toronto Sun,https://www.proquest.com/canadiannews/docview/2232145896/29DE5D32EBEF4598PQ/319?accountid=14771&sourcetype=Newspapers
V1-0628,SIU probing death of woman  24  at Niagara Falls police station,Toronto Sun,https://torontosun.com/news/provincial/siu-probing-death-of-woman-24-at-niagara-falls-police-station
V2-0831,Alyssa George died of natural causes  inquest finds,CBC,https://www.cbc.ca/news/canada/british-columbia/alyssa-george-died-of-natural-causes-inquest-finds-1.3286504
V1-0166,Taser used to subdue Vernon man before shooting: police,CBC,https://www.cbc.ca/news/canada/british-columbia/taser-used-to-subdue-vernon-man-before-shooting-police-1.693455
V1-0612,'Should never have ended like that': Inuk man killed by police in Quebec's Far North,Richmond News,https://www.richmond-news.com/national-news/should-never-have-ended-like-that-inuk-man-killed-by-police-in-quebecs-far-north-9770120
V1-0440,Passenger recalls moments leading up to fatal police shooting of Brydon Whitstone,Global News,https://globalnews.ca/news/4729770/inquest-brydon-whitstone/
V1-0420,Lawsuit against Nunavut RCMP claims force losing touch with Inuit,The Globe and Mail,https://www.theglobeandmail.com/canada/article-lawsuit-against-nunavut-rcmp-claims-force-losing-touch-with-inuit-2/
V1-0369,Family calls for inquest into death of man Tasered eight times,Toronto Star,https://www.thestar.com/news/crime/family-calls-for-inquest-into-death-of-man-tasered-eight-times/article_aad26e33-5d6d-589c-9fe0-99f1883886ff.html
V1-0018,Fatalities are rare events,Windsor Star,https://www.proquest.com/canadiannews/docview/254372644/9228828E3B2A487BPQ/24?accountid=14771
V1-0243,Driftpile man shot dead after threatening 'to kill police',Edmonton Journal,https://edmontonjournal.com/news/local-news/driftpile-man-shot-dead-after-threatening-to-kill-police
V2-0687,Amherst police cleared of wrongdoing after man dies shortly after arrest,Global News,https://globalnews.ca/news/5969807/sirt-clears-amherst-police/
V1-0364,Coroner's inquest will examine 2015 fatal Toronto police shooting,Global News,https://globalnews.ca/news/3643456/coroners-inquest-into-toronto-police-shooting/
V1-0429,Girlfriend of Prince George man who died in police custody wants justice,Global News,https://globalnews.ca/news/3616428/girlfriend-of-prince-george-man-who-died-in-police-custody-wants-justice/
V1-0083,Are Tasers safe enough?: As many as 70 people have died after being zapped by stun guns,Kingston Whig-Standard,https://www.proquest.com/canadiannews/docview/352708082/8918D4395BD64E1APQ/2?accountid=14771&sourcetype=Newspapers
V2-0734,Native inquest halted over jury challenge,Toronto Sun,https://www.proquest.com/canadiannews/docview/2184897086/29DE5D32EBEF4598PQ/255?accountid=14771&sourcetype=Newspapers
V1-0540,ASIRT offers details on northern Alberta police operation that resulted in RCMP killing suspect,Global News,https://globalnews.ca/news/7969294/asirt-rcmp-shooting-high-prairie-alberta/
V1-0549,Kotanko family seeks answers in man's death,The Simcoe Reformer,https://www.simcoereformer.ca/news/local-news/kotanko-family-seeks-answers-in-mans-death
V2-0853,Coroner's jury calls for changes to ambulance design after B.C. man falls out of vehicle and dies,CBC,https://www.cbc.ca/news/canada/british-columbia/coroner-s-jury-calls-for-changes-to-ambulance-design-after-b-c-man-falls-out-of-vehicle-and-dies-1.4408602
V1-0112,Mom keeps pushing for reform of in-custody death inquests,Vancouver Sun,https://www.proquest.com/canadiannews/docview/243860100/A0B6A32331C94D2EPQ/15?accountid=14771&sourcetype=Newspapers
V1-0308,Côte Saint-Luc standoff suspect dies in hospital,CBC,https://www.cbc.ca/news/canada/montreal/côte-saint-luc-standoff-suspect-dies-in-hospital-1.1314232
V1-0535,Saskatchewan Mountie accused in shooting death was off-duty but in uniform: police,National Post,https://nationalpost.com/pmn/news-pmn/canada-news-pmn/saskatchewan-mountie-accused-in-shooting-death-was-off-duty-but-in-uniform-police
V1-0387,Coroner's inquest to examine death of Chilliwack's Lindsey Harvey Gauthier,The Chilliwack Progress,https://www.theprogress.com/news/corners-inquest-to-examine-death-of-chilliwacks-lindsey-harvey-gauthier-1911143
V1-0919,Teen who died was found 'roughed up' and 'exhausted' after encounter with off-duty Toronto police officers  court hears,Toronto Star,https://www.thestar.com/news/gta/teen-who-died-was-found-roughed-up-and-exhausted-after-encounter-with-off-duty-toronto/article_fa8c97e8-79dd-11ef-9c43-0b55bb6e4248.html
V1-0019,Policies cleared in fatality review,Calgary Herald,https://www.proquest.com/canadiannews/docview/245042492/CD307489238948F6PQ/2?accountid=14771&sourcetype=Newspapers
V1-0644,'There's a child in that vehicle': Audio adds new detail to Ontario police shooting,Soo Today,https://www.sootoday.com/ontario-news/theres-a-child-in-that-vehicle-audio-adds-new-detail-to-ontario-police-shooting-5774411
V1-0629,Prohibit firing plastic bullets at close range  says family of woman killed by Victoria police,The Times Colonist,https://www.timescolonist.com/local-news/prohibit-firing-plastic-bullets-at-close-range-says-family-of-woman-killed-by-victoria-police-9497695
V1-0477,Man shot  killed by police identified,Winnipeg Sun,https://winnipegsun.com/news/local-news/man-shot-killed-by-police-identified
V1-0479,Police officer who shot South Sudanese man should be named and punished  protesters demand,CBC,https://www.cbc.ca/news/canada/manitoba/black-community-protest-killing-1.5039689
V1-0157,Evidence could violate officer's rights,The Globe and Mail,https://www.proquest.com/canadiannews/docview/1366788043/C726A0BED4C248B2PQ/93?accountid=14771&sourcetype=Newspapers
V2-0900,Indigenous man dies in hospital after 'incident' at Headingley jail,Global News,https://globalnews.ca/news/7642024/indigenous-man-dies-headingley-jail-incident/
V1-0534,Chief of B.C. First Nation will look over police watchdog's report on fatal shooting of Julian Jones,APTN News,https://www.aptnnews.ca/national-news/chief-of-b-c-first-nation-will-look-over-police-watchdogs-report-on-fatal-shooting-of-julian-jones/
V2-0713,Hanging up on 911,Winnipeg Free Press,https://www.winnipegfreepress.com/featured/2015/10/02/hanging-up-on-911
V2-0822,Nunavut coroner to hold inquest into Igloolik man's jail cell death,Nunatsiaq News,https://nunatsiaq.com/stories/article/65674nunavut_coroner_to_hold_inquest_into_igloolik_mans_jail_cell_death/
V1-0219,No recommendations from inquiry into fatal police shooting of Edmonton woman,Global News,https://globalnews.ca/news/399802/no-recommendations-from-inquiry-into-fatal-police-shooting-of-edmonton-woman/
V1-0442,'It's hell ' says mom of man shot dead after RCMP manhunt in Manitoba,CBC,https://www.cbc.ca/news/canada/manitoba/rcmp-officer-stolen-van-man-shot-1.4402812
V1-0381,Ottawa man shot dead by Toronto police struggled with bipolar disorder,The Ottawa Citizen,https://ottawacitizen.com/news/local-news/ottawa-man-shot-dead-by-toronto-police-struggled-with-bipolar-disorder
V1-0161,Families hit wall in search for truth; Those with loved ones killed by police say they can't find out crucial information,Toronto Star,https://www.proquest.com/canadiannews/docview/439468639/5CEC8F4D711947FBPQ/14?accountid=14771
V2-0770,'Vile and evil': Alberta mother who drugged  burned 9-year-old daughter gets life sentence,CBC,https://www.cbc.ca/news/canada/calgary/laura-coward-sentence-amber-lucius-1.4019195
V1-0273,Police shooting inquiry lacks focus on mental health system,The Vancouver Sun,https://vancouversun.com/news/national/police-shooting-inquiry-lacks-focus-on-mental-health-system
V1-0550,Probe into police-involved shooting death begins March 3,SaskToday,https://www.sasktoday.ca/north/prince-albert/probe-into-police-involved-shooting-death-begins-march-3-10187222
V1-0015,Police officer cleared in fatal shooting: Stittsville man shot after stabbing wife,Ottawa Citizen,https://www.proquest.com/canadiannews/docview/240404237/E257AF53F37D4EA9PQ/10?accountid=14771&sourcetype=Newspapers
V2-0840,Jury wants better first aid training for Mounties after Sask. death in custody,CBC,https://www.cbc.ca/news/canada/saskatoon/jury-wants-better-first-aid-training-for-mounties-after-sask-death-in-custody-1.4065892
V1-0629,Hearing finds VicPD officer committed misconduct in woman's plastic bullet death,Global News,https://globalnews.ca/news/11194178/lisa-rauch-misconduct-plastic-bullet/
V1-0435,Winnipeg police officers cleared in fatal shooting,Winnipeg Sun,https://www.proquest.com/canadiannews/docview/2103708958/29DE5D32EBEF4598PQ/102?accountid=14771&sourcetype=Blogs,%20Podcasts,%20&%20Websites
V1-0533,SIU clears police officers in the fatal shooting of a Toronto man under investigation in the murder of his ex-girlfriend,Toronto Star,https://www.thestar.com/news/gta/siu-clears-police-officers-in-the-fatal-shooting-of-a-toronto-man-under-investigation-in/article_f07cec3d-fa9d-5718-9789-b303c663247d.html
V1-0540,Grey shot 6 times  killed  during incident where police dog killed  officers cleared of wrongdoing,The South Peace News,https://www.southpeacenews.com/grey-shot-6-times-killed-during-incident-where-police-dog-killed-officers-cleared-of-wrongdoing/
V1-0087,Officer shaken after Vanderhoof shooting,Prince George Citizen,https://www.proquest.com/canadiannews/docview/361786409/A0B6A32331C94D2EPQ/5?accountid=14771&sourcetype=Newspapers
V1-0434,Man fatally shot by Edmonton police was due in court on drug and weapons charges,CBC,https://www.cbc.ca/news/canada/edmonton/edmonton-police-drugs-weapons-methamphetamine-court-1.4284285
V2-0684,2 city councillors  The 519 call for answers after Black trans woman dies in police custody,CityNews,https://toronto.citynews.ca/2020/11/04/2-city-councilors-the-519-call-for-answers-after-black-trans-woman-dies-in-police-custody/
V2-0840,Inquest called into La Ronge inmate death,paNOW,https://panow.com/2017/03/20/inquest-called-into-la-ronge-inmate-death/
V1-0060,Family asks why relative had to die: Police service's shoot-to-kill policy criticized,Calgary Herald,https://www.proquest.com/canadiannews/docview/245108449/3DBD81D6F72D4773PQ/4?accountid=14771&sourcetype=Newspapers
V1-0133,Wounded man died while handcuffed to a tree  B.C. inquest told,CBC,https://www.cbc.ca/news/canada/british-columbia/wounded-man-died-while-handcuffed-to-a-tree-b-c-inquest-told-1.719856
V1-0409,ASIRT clears officers who fatally shot 'prolific car thief' who was high on meth,CBC,https://www.cbc.ca/news/canada/calgary/asirt-car-thief-terrence-weinmeyer-officers-cleared-1.4907922
V1-0500,B.C. homeless people's advocate Barry Shantz identified as man shot dead by RCMP officer in Lytton,The Georgia Straight,https://www.straight.com/news/1351921/bc-homeless-peoples-advocate-barry-shantz-identified-man-shot-dead-rcmp-officer-lytton
V1-0450,Coroner's inquest called for 2018 police-involved death in Chilliwack,Maple Ridge-Pitt Meadows News,https://www.mapleridgenews.com/news/coroners-inquest-called-for-2018-police-involved-death-in-chilliwack-7349457
V1-0164,How an off-the-cuff comment turned deadly,The Globe and Mail,https://www.theglobeandmail.com/news/national/how-an-off-the-cuff-comment-turned-deadly/article700092/
V1-0308,Isidore Havis died of natural causes despite being struck by rubber bullets: coroner,Montreal Gazette,https://www.montrealgazette.com/news/article524809.html
V1-0043,Judge hears testimony in death of Calgary man,Calgary Herald,https://www.proquest.com/canadiannews/docview/245105567/DA2C37775D514A9APQ/1?accountid=14771&sourcetype=Newspapers
V1-0440,Officers involved in Brydon Whitstone shooting should not have met in its aftermath: RCMP review,CBC,https://www.cbc.ca/news/canada/saskatoon/whitstone-rcmp-review-brydon-shooting-1.4951325
V1-0165,Inquest begins on knife-wielding man shot by police,CBC,https://www.cbc.ca/news/canada/saskatchewan/inquest-begins-on-knife-wielding-man-shot-by-police-1.851364
V1-0088,Police shooting 'ridiculous',Vancouver Sun,https://www.proquest.com/canadiannews/docview/242302226/5EEAF77600804313PQ/22?accountid=14771&sourcetype=Newspapers
V1-0574,What we know and don't know about Innisfil shooter Chris Doncaster,Innisfil Journal,https://www.simcoe.com/news/what-we-know-and-don-t-know-about-innisfil-shooter-chris-doncaster/article_5be3044f-dc61-5d14-802f-45cb6dc2b1ed.html
V2-0867,Man dies in police custody,Prince Albert Daily Herald,https://paherald.sk.ca/man-dies-in-police-custody/
V1-0180,Inquest into Winnipeg police shooting of indigenous man set for November,Edmonton Sun,https://www.proquest.com/canadiannews/docview/2196283032/29DE5D32EBEF4598PQ/52?accountid=14771&sourcetype=Blogs,%20Podcasts,%20&%20Websites
V1-0112,Police watchdog symbolizes sense of justice for aggrieved mother,The Globe and Mail,https://www.proquest.com/canadiannews/docview/1038895464/C726A0BED4C248B2PQ/71?accountid=14771&sourcetype=Newspapers
V1-0103,Inquest to judge driver's intention: Cocaine-addled man was killed after fleeing police in stolen truck,Kamloops Daily News,https://www.proquest.com/canadiannews/docview/358711305/F801407D58FF4447PQ/1?accountid=14771&sourcetype=Newspapers
V1-0202,We shouldn't rush to judgment on police actions,Edmonton Sun,https://edmontonsun.com/2014/02/03/we-shouldnt-rush-to-judgment-on-police-actions
V2-0783,Inquest called into death of man passed out in jail,Maple Ridge-Pitt Meadows Times,https://www.proquest.com/canadiannews/docview/347802069/DBD2647494734217PQ/8?accountid=14771
V1-0257,Brother of Edmonton man shot and killed by Edmonton police files $130 000 lawsuit against city,The Edmonton Sun,https://edmontonsun.com/2013/03/28/brother-of-edmonton-man-shot-and-killed-by-edmonton-police-files-130000-lawsuit-against-city
V1-0136,Man shot by police had replica gun,CBC,https://www.cbc.ca/news/canada/british-columbia/man-shot-by-police-had-replica-gun-1.591117
V1-0560,Brothers  motivated by 'anti-authority beliefs ' staged Saanich bank robbery in effort to kill police: RCMP,CBC,https://www.cbc.ca/news/canada/british-columbia/saanich-bank-robbery-investigation-1.6720039
V1-0633,Crown wants speeding police officer who killed pedestrian to spend a year behind bars,CBC,https://www.cbc.ca/news/canada/toronto/crown-wants-speeding-police-officer-who-killed-pedestrian-to-spend-a-year-behind-bars-1.4716679
V1-0005,Brutality probe launched,The Province,https://www.proquest.com/canadiannews/docview/269230801/DC3723B33F2D410DPQ/7?accountid=14771&sourcetype=Newspapers
V1-0072,Officer used lethal force to protect himself:police chief,CBC,https://www.cbc.ca/news/canada/saskatchewan/officer-used-lethal-force-to-protect-himself-police-chief-1.485557
V1-0160,Man's medical treatment probed at B.C. inquest,CBC,https://www.cbc.ca/news/canada/british-columbia/man-s-medical-treatment-probed-at-b-c-inquest-1.790435
V1-0207,Former OPP witnessed police struggle,Barrie Advance,https://www.simcoe.com/news/former-opp-witnessed-police-struggle/article_aeaf4877-a540-510c-9e34-9f5712d733c2.html
V1-0318,Family of Ajax man Michael MacIsaac says testimony from three police officers at shooting inquest is inconsistent,DurhamRegion.com,https://www.durhamregion.com/news/family-of-ajax-man-michael-macisaac-says-testimony-from-three-police-officers-at-shooting-inquest/article_876d0411-4c6f-547d-8d4c-7d15e73a31c1.html
V1-0168,Family retraces last steps,Toronto Star,https://www.thestar.com/news/gta/family-retraces-last-steps/article_ac51a670-f118-5f78-b1cd-2bb1b5071471.html
V1-0072,Shooting inquest to begin this month,Saskatoon StarPhoenix,https://www.proquest.com/canadiannews/docview/348791350/C7AD28E4D81A42BAPQ/1?accountid=14771&sourcetype=Newspapers
V1-0522,SIU identifies man fatally shot in Haliburton after alleged refusal to wear a mask,MuskokaRegion.com,https://www.muskokaregion.com/news/siu-identifies-man-fatally-shot-in-haliburton-after-alleged-refusal-to-wear-a-mask/article_b6096cdd-d5ff-5514-a59f-237fe2e42182.html?
V1-0369,SIU probes Toronto man's stun gun death,CBC,https://www.cbc.ca/news/canada/toronto/siu-probes-toronto-man-s-death-involving-police-taser-1.3324704
V1-0236,Inquest probes fatal Brantford police shooting,Hamilton Spectator,https://www.thespec.com/news/crime/inquest-probes-fatal-brantford-police-shooting/article_4723dca6-dc02-53a8-adcb-7df9b50c12fd.html
V1-0919,'I will never stop mourning Chadd': Mother  sisters of Brampton teen who died after being assaulted by a cop speak at hearing,Toronto Star,https://www.thestar.com/news/gta/i-will-never-stop-mourning-chadd-mother-sisters-of-brampton-teen-who-died-after-being/article_ae713459-689c-4214-8f4c-71493a871ca6.html
V1-0609,Surrey mom killed by police was 'doing everything refugees are asked to do',Peace Arch News,https://www.peacearchnews.com/local-news/surrey-mom-killed-by-police-was-doing-everything-refugees-are-asked-to-do-7559535
V1-0647,Calgary police shooting a 'tragic reminder' about addictions  says fatality inquiry judge,CBC,https://www.cbc.ca/news/canada/calgary/fatality-inquiry-undercover-officer-yacin-osman-1.7406538
V1-0559,Survivor of knife attack at her Alta Vista home out of hospital as fundraiser continues,The Ottawa Citizen,https://ottawacitizen.com/news/local-news/fundraiser-continues-for-19-year-old-survivor-of-knife-attack-at-her-alta-vista-home
V1-0345,Kevin Seiji Mukuyama ID'd as Chilliwack dog-stabbing suspect who died in police custody,CBC,https://www.cbc.ca/news/canada/british-columbia/kevin-seiji-mukuyama-id-d-as-chilliwack-dog-stabbing-suspect-who-died-in-police-custody-1.2957312
V1-0249,Slain teen's father still searching for answers,Cold Lake Sun,https://www.proquest.com/canadiannews/docview/2166091695/DFE21E03147740E4PQ/68?accountid=14771&sourcetype=Newspapers
V1-0026,Health-care cash has to be better spent,Prince Albert Daily Herald,https://www.proquest.com/canadiannews/docview/345023998/6394D4EAEDBD418APQ/17?accountid=14771&sourcetype=Newspapers
V1-0438,ASIRT finds suspect killed by Alberta police wanted a 'shootout',CTV,https://www.ctvnews.ca/calgary/article/asirt-finds-suspect-killed-by-alberta-police-wanted-a-shootout/
V1-0030,SIU probing fatal shooting by police,Guelph Mercury-Tribune,https://www.proquest.com/canadiannews/docview/355708569/EC5B8F6FE43F4F86PQ/1?accountid=14771&sourcetype=Newspapers
V2-0863,Province to begin inquest into shooting death of 18-year-old who escaped police custody,CTV,https://www.ctvnews.ca/winnipeg/article/province-to-begin-inquest-into-shooting-death-of-18-year-old-who-escaped-police-custody/
V2-0946,Custody death sparks inquest,Edmonton Sun,https://www.proquest.com/canadiannews/docview/2220710673/29DE5D32EBEF4598PQ/246?accountid=14771&sourcetype=Newspapers
V1-0252,Inquest ordered in police shooting death of Burlington driver,Burlington Post,https://www.insidehalton.com/news/inquest-ordered-in-police-shooting-death-of-burlington-driver/article_9a7d5e7a-c4e8-5183-ad73-cb16cf820298.html?
V2-0819,Teen dies  police officer injured after chase in Niagara Falls,Global News,https://globalnews.ca/news/269684/teen-dies-police-officer-injured-after-chase-in-niagara-falls/
V1-0629,'Waste of time': B.C. families push for changes as Police Act is examined,CTV,https://www.ctvnews.ca/vancouver/article/waste-of-time-bc-families-push-for-changes-as-police-act-is-examined/
V2-0849,'I'm hurt': Mother of Corey Rogers angry as special constables avoid prison time in son's death,CTV,https://www.ctvnews.ca/atlantic/article/im-hurt-mother-of-corey-rogers-angry-as-special-constables-avoid-prison-time-in-sons-death/
V1-0291,RCMP officer cleared of wrongdoing in July 2012 fatal shooting,CTV,https://www.ctvnews.ca/edmonton/article/rcmp-officer-cleared-of-wrongdoing-in-july-2012-fatal-shooting/
V1-0404,'Man in distress' dies after being shot by police in Montebello  Que.,CBC,https://www.cbc.ca/news/canada/ottawa/montebello-police-man-shot-1.3795033
V1-0599,Despite hours of negotiations  armed man killed by police in eastend Calgary standoff,CityNews,https://toronto.citynews.ca/2024/03/16/albertas-police-watchdog-called-in-after-deadly-ending-to-30-hour-armed-standoff/
V1-0490,Family of B.C. man shot dead by RCMP hopes for coroner's inquest,CBC,https://www.cbc.ca/news/canada/british-columbia/officer-involved-shooting-maple-ridge-coroners-inquest-1.5349462
V1-0137,SIU clears Toronto police in death of man,Toronto Star,https://www.thestar.com/news/siu-clears-toronto-police-in-death-of-man/article_05721d0e-f1c2-577f-bc2c-7c4b685cf8d5.html
V1-0163,Man shot by police identified,Vancouver Sun,http://myaccess.library.utoronto.ca/login?qurl=https%3A%2F%2Fwww.proquest.com%2Fnewspapers%2Fman-shot-police-identified%2Fdocview%2F242016320%2Fse-2%3Faccountid%3D14771
V1-0529,Rally Saturday in N.D.G. for Black man killed in intervention by Montreal police,Montreal Gazette,https://montrealgazette.com/news/local-news/rally-saturday-in-n-d-g-for-black-man-killed-in-intervention-by-montreal-police
V1-0919,Toronto cop found guilty of assault over fake watch sale where Brampton man later died,CBC,https://www.cbc.ca/news/canada/toronto/toronto-police-calvin-au-chadd-facey-decision-1.7396007
V1-0408,Sister of man shot by Vancouver police outside Canadian Tire testifies at inquest,Global News,https://globalnews.ca/news/9240027/daniel-rintoul-coroner-inquest-begins/
V2-0806,London police counter Mario Hamel  who hanged himself in custody in November 2010  was the `author of his own misfortune?,The London Free Press,https://lfpress.com/2013/09/19/london-police-counter-mario-hamel-who-hanged-himself-in-custody-in-november-2010-was-the-author-of-his-own-misfortune
V1-0238,First Nation chief wants police held to account in death of man pinned face down in handcuffs,CBC,https://www.cbc.ca/news/canada/thunder-bay/cat-lake-inquest-1.4198470
V1-0389,Probe into RCMP-involved shooting death of mom and son may take 18 months,CBC,https://www.cbc.ca/news/canada/british-columbia/no-answers-in-shirley-and-jovan-williams-shooting-deaths-1.3574081
V1-0185,Police ID B.C. man who died after taser hit,Toronto Star,https://www.thestar.com/news/canada/police-id-b-c-man-who-died-after-taser-hit/article_40ed20ed-4d83-5cce-a58c-560b37f1208f.html
V1-0168,Family 'in the dark' after son's death,Toronto Star,https://www.thestar.com/news/gta/family-in-the-dark-after-sons-death/article_9808c58f-9043-5417-99f8-6d49f47010ae.html
V1-0568,Vancouver police say man who died after beanbag shooting had been asking for help,The St. Catharines Standard,https://www.stcatharinesstandard.ca/ts/news/canada/2022/08/25/vancouver-police-say-man-who-died-after-beanbag-shooting-had-been-asking-for-help.html
V1-0340,Naverone Woods shot by transit police remembered at vigil,CBC,https://www.cbc.ca/news/canada/british-columbia/naverone-woods-shot-by-transit-police-remembered-at-vigil-1.2977196
V1-0269,Cops cleared in fatal shooting,East Gwillimbury Express,https://www.yorkregion.com/news/cops-cleared-in-fatal-shooting/article_7b886ffd-b2ea-5466-b279-0119e57f9ce1.html
V1-0497,They 'left him like a dog:' SIU called after Niagara cops fatally shoot man on New Year's Eve,CBC,https://www.cbc.ca/news/canada/hamilton/st-catharines-siu-fred-penner-1.5412651
V1-0353,Newfoundland man shot dead during investigation into threat against premier,Global News,https://globalnews.ca/news/1922746/man-killed-in-n-l-shooting-incident-linked-to-alleged-threat-against-premier/
V1-0373,Police shoot an armed man in west Edmonton Sunday morning,The Edmonton Sun,https://edmontonsun.com/2015/12/27/police-shoot-an-armed-man-in-west-edmonton-sunday-morning
V1-0318,Michael MacIsaac's family still searching for justice,PNI Atlantic News,https://www.saltwire.com/newfoundland-labrador/michael-macisaacs-family-still-searching-for-justice-177342
V2-0694,Inquest into man's strange death in Surrey delayed,Surrey Now-Leader,https://www.proquest.com/canadiannews/docview/1713530902/E0FF3288326D4CAAPQ/1?accountid=14771&sourcetype=Newspapers
V2-0767,Man's death in police custody accidental  inquest finds,Oshawa This Week,https://www.durhamregion.com/news/mans-death-in-police-custody-accidental-inquest-finds/article_41672634-0247-5e06-9379-6e984550559d.html
V1-0654,Two ex-Halifax special constables acquitted of criminal negligence in 2016 death,CBC,https://www.cbc.ca/news/canada/nova-scotia/special-constables-acquitted-corey-rogers-hrp-1.6475013
V1-0028,Jury to hear circumstances of fatal pepper-spray incident,Saskatoon StarPhoenix,https://www.proquest.com/canadiannews/docview/348691164/62FB8D79DFF6422CPQ/8?accountid=14771&sourcetype=Newspapers
V1-0018,Ambulances hamstrung; Paramedic testifies he broke rules to try to help Robert Carpenter,Windsor Star,https://www.proquest.com/canadiannews/docview/254404574/9228828E3B2A487BPQ/14?accountid=14771&sourcetype=Newspapers
V1-0477,Police shooting echoes 2016 incident,Winnipeg Free Press,https://www.winnipegfreepress.com/breakingnews/2019/01/15/police-shooting-echoes-2016-incident
V1-0550,Inquest jury rules Montreal Lake RCMP shooting was homicide and not suicide by cop,Prince Albert Daily Herald,https://paherald.sk.ca/inquest-jury-rules-montreal-lake-rcmp-shooting-was-homicide-and-not-suicide-by-cop/
V1-0550,Gang member spoke about dying by cop to brother before shooting death,SaskNow,https://sasknow.com/2025/03/04/gang-member-spoke-about-dying-by-cop-to-brother-before-shooting-death/
V1-0600,Man sentenced to 4 1/2 years for ramming police while fleeing officers in chase that led to passenger's death,CBC,https://www.cbc.ca/news/canada/manitoba/david-burling-sentencing-1.7593256
V2-0952,'Prisons are inherently dangerous places ' attorney general contends in defence against Van Camp family's lawsuit,Saskatoon StarPhoenix,https://thestarphoenix.com/news/local-news/prisons-are-inherently-dangerous-places-attorney-general-contends-in-defence-against-van-camp-familys-lawsuit
V1-0194,Man dead in police shooting,Barrie Advance,https://www.simcoe.com/news/man-dead-in-police-shooting/article_c100e168-5cb3-5db5-8652-d0d270339903.html
V2-0910,'I'm just trying to find answers': 4th in-custody death of an Indigenous man in Prince George  B.C.,APTN News,https://www.aptnnews.ca/national-news/im-just-trying-to-find-answers-4th-in-custody-death-of-an-indigenous-man-in-prince-george-b-c/
V1-0445,Probe continues into shooting death of Nunavik man,Nunatsiaq News,https://nunatsiaq.com/stories/article/65674probe_continues_into_shooting_death_of_nunavik_man/
V1-0555,Edmonton police acted reasonably in 2022 shooting that killed innocent man: police watchdog,CTV,https://www.ctvnews.ca/edmonton/article/edmonton-police-acted-reasonably-in-2022-shooting-that-killed-innocent-man-police-watchdog/
V1-0077,Fire forced use of Taser on man who died  say Vancouver police,Prince George Citizen,https://www.proquest.com/canadiannews/docview/361775371/33F85CB0C2724DBCPQ/8?accountid=14771&sourcetype=Newspapers
V1-0491,Inquest scheduled into Sask. RCMP shooting of Lucien Silverquill,CBC,https://www.cbc.ca/news/canada/saskatchewan/date-set-for-inquest-into-rcmp-shooting-lucien-silverquill-1.6419991
V1-0399,'At an end': Court puts stop to legal fight over police officer's conviction,The London Free Press,https://lfpress.com/news/local-news/at-an-end-court-puts-stop-to-legal-fight-over-officers-conviction
V1-0331,5 years after fatal police shooting during armed standoff at cabin  coroner's inquest begins,CBC,https://www.cbc.ca/news/canada/british-columbia/john-buehler-valemount-coroners-inquest-1.5211955
V1-0476,Man fatally shot by Edmonton police on Wednesday night identified,CTV,https://www.ctvnews.ca/edmonton/article/man-fatally-shot-by-edmonton-police-on-wednesday-night-identified/
V1-0157,Mounties involved in incident not told they were suspects,The Globe and Mail,https://www.proquest.com/canadiannews/docview/1366572889/C726A0BED4C248B2PQ/90?accountid=14771&sourcetype=Newspapers
V1-0254,Name of man killed in gunfight with Fort McMurray RCMP released,Global News,https://globalnews.ca/news/72261/name-of-man-killed-in-gunfight-with-fort-mcmurray-rcmp-released/
V1-0112,N/A,The Province,https://www.proquest.com/canadiannews/docview/269441602/D331290309994DACPQ/13?accountid=14771&sourcetype=Newspapers
V1-0633,Parents of girl killed by unmarked police vehicle waiting for answers,Toronto Star,https://www.thestar.com/news/crime/parents-of-girl-killed-by-unmarked-police-vehicle-waiting-for-answers/article_ea0aa4d2-0ac5-59f9-8360-1302b75af7c8.html
V1-0479,Nearly 5 years after fatal Winnipeg police shooting  Machuar Madut's family still waiting for inquest,CBC,https://www.cbc.ca/news/canada/manitoba/machuar-madut-family-speaks-inquest-delays-1.7092571
V1-0538,Man killed in 2021 Edmonton police shooting was holding cellphone  chief says in lawsuit defence,Edmonton Journal,https://edmontonjournal.com/news/crime/man-killed-in-2021-edmonton-police-shooting-was-holding-cell-phone-chief-says-in-lawsuit-defence
V1-0436,33-year-old man shot by police identified by friends  officer stabbed recovering,CTV,https://www.ctvnews.ca/winnipeg/article/33-year-old-man-shot-by-police-identified-by-friends-officer-stabbed-recovering/
V1-0338,Fatality inquiry will not provide closure  says mother of disabled man who suffocated in police van,CBC,https://www.cbc.ca/news/canada/edmonton/trevor-proudman-edmonton-fatality-inquiry-1.4690378
V1-0350,Inquest to be held into fatal police shooting of Burnaby man,Langley Advance Times,https://www.langleyadvancetimes.com/news/inquest-to-be-held-into-fatal-police-shooting-of-burnaby-man-2500033
V1-0287,Roke agitated before discharge,Ottawa Sun,https://ottawasun.com/2014/04/30/roke-agitated-before-discharge
V1-0122,Cops felt injury faked  jurors told,Windsor Star,https://www.proquest.com/canadiannews/docview/254830642/E19CEB124E2E4B08PQ/2?accountid=14771&sourcetype=Newspapers
V1-0511,IIU needs Indigenous oversight  says MKO Grand Chief,Winnipeg Sun,https://winnipegsun.com/news/news-news/iiu-needs-indigenous-oversight-says-mko-grand-chief
V1-0396,How terrorism suspect Aaron Driver hid behind digital encryption,Toronto Star,https://www.thestar.com/news/world/how-terrorism-suspect-aaron-driver-hid-behind-digital-encryption/article_c3f8c54c-524a-5af6-825c-08a13ab19848.html
V1-0461,Doctors testify at coroner's inquest into police shooting of Quebec teen,Prince George Citizen,https://www.princegeorgecitizen.com/national-news/doctors-testify-at-coroners-inquest-into-police-shooting-of-quebec-teen-5488192
V1-0561,Details of Saanich bank robbery revealed: police the target  not money,Times Colonist,https://www.timescolonist.com/local-news/bank-robber-brothers-were-looking-to-kill-cops-police-say-6408196
V2-0682,Next court date set for P.A. police officer charged with criminal negligence causing death,Saskatoon StarPhoenix,https://thestarphoenix.com/news/local-news/next-court-date-set-for-p-a-police-officer-charged-with-criminal-negligence-causing-death
V1-0189,Manitoba RCMP not blamed for man's death  but could have acted better: report,CTV,https://www.ctvnews.ca/winnipeg/article/manitoba-rcmp-not-blamed-for-mans-death-but-could-have-acted-better-report/
V1-0336,Police chief updates fatal downtown Calgary police shooting,CityNews,https://calgary.citynews.ca/2014/10/31/police-chief-updates-fatal-downtown-calgary-police-shooting/
V1-0292,RCMP cleared in shooting death of Prince George vet,CBC,https://www.cbc.ca/news/canada/british-columbia/rcmp-cleared-in-shooting-death-of-prince-george-vet-1.1317303
V1-0639,Chatham-Kent OPP officer accused in shooting death returns to court March 30,The Kingston Whig-Standard,https://www.thewhig.com/news/local-news/chatham-kent-opp-officer-accused-in-shooting-death-returns-to-court-march-30
V1-0069,Police officer  suspect dead after shootout in Alberta,The Globe and Mail,https://www.theglobeandmail.com/news/national/police-officer-suspect-dead-after-shootout-in-alberta/article1128024/
V1-0117,Quebec human rights activists call for moratorium on Taser use,Winnipeg Free Press,https://www.winnipegfreepress.com/historic/2008/02/07/quebec-human-rights-activists-call-for-moratorium-on-taser-use
V1-0440,Inquest hears no weapon was found on Brydon Whitstone after he was shot by RCMP,CBC,https://www.cbc.ca/news/canada/saskatoon/brydon-whitstone-rcmp-shooting-inquest-1.4929528
V1-0052,2003 shooting still troubles community  chief says,Times-Colonist,https://www.proquest.com/canadiannews/docview/347951199/17ACEE91F07A415DPQ/7?accountid=14771&sourcetype=Newspapers
V2-0865,Inquest into man's 2018 death in Meadow Lake RCMP detention cell begins,Saskatoon StarPhoenix,https://thestarphoenix.com/news/local-news/inquest-into-mans-2018-death-in-meadow-lake-rcmp-detention-cell-begins
V1-0055,Iran drags B.C. into dispute,Times-Colonist,https://www.proquest.com/canadiannews/docview/347911476/E91D52E487E04F21PQ/25?accountid=14771&sourcetype=Newspapers
V1-0477,'It was uncalled for': Family of man shot by Winnipeg police speak out,APTN News,https://www.aptnnews.ca/national-news/it-was-uncalled-for-family-of-man-shot-by-winnipeg-police-speak-out/
V2-0939,Coroner's inquest to look into death of man shot by RCMP in Whitehorse in 2022,CBC,https://www.cbc.ca/news/canada/north/coroner-s-inquest-to-look-into-death-of-man-shot-by-rcmp-in-whitehorse-in-2022-1.7488320
V2-0718,Family plans to sue RCMP over Clayton Willey's death,APTN News,https://www.aptnnews.ca/national-news/family-plans-to-sue-rcmp-over-clayton-willeys-death/
V1-0165,Woman yelled at police not to shoot Dustyhorn  coroner's inquest hears,CBC,https://www.cbc.ca/news/canada/saskatchewan/woman-yelled-at-police-not-to-shoot-dustyhorn-coroner-s-inquest-hears-1.786181
V1-0070,Alberta Taser death report calls for more research,CBC,https://www.cbc.ca/news/canada/edmonton/alberta-taser-death-report-calls-for-more-research-1.758012
V1-0103,No charges to be laid in shooting by police: Man shot and killed in back hills pursuit,Kamloops Daily News,https://www.proquest.com/canadiannews/docview/358555979/F801407D58FF4447PQ/4?accountid=14771&sourcetype=Newspapers
V1-0399,Guilty verdict for London police officer in death of Debra Chrisjohn,Global News,https://globalnews.ca/news/6112340/verdict-in-death-of-debra-chrisjohn/
V2-0805,Prisoner care problems highlighted before Sprague's death,Caledon Enterprise,https://www.caledonenterprise.com/news/prisoner-care-problems-highlighted-before-sprague-s-death/article_ab3b0775-b279-5f69-9b3d-1c07dca9200d.html
V1-0399,Two Ontario police officers charged in death of Oneida Nation of the Thames woman,APTN News,https://www.aptnnews.ca/national-news/two-ontario-police-officers-charged-in-death-of-oneida-nation-of-the-thames-woman/
V1-0484,Jury has recommendations for Regina police after Geoffrey Morris inquest,SaskToday,https://www.sasktoday.ca/southeast/local-news/jury-provides-regina-police-with-recommendations-after-geoffrey-morris-inquest-4214951
V1-0417,Watchdog report on Gatineau police actions in woman's death goes to prosecutors  coroner,The Ottawa Citizen,https://ottawacitizen.com/news/local-news/watchdog-report-on-gatineau-police-actions-in-womans-death-goes-to-prosecutors-coroner
V1-0560,Brothers in botched B.C. bank robbery had become angry and radical  obsessed with guns and 'government tyranny',The Globe and Mail,https://www.theglobeandmail.com/canada/article-brothers-in-botched-bc-bank-robbery-had-become-angry-and-radical/
V2-0883,Special Investigations Unit clears London police officer in man's death,CBC,https://www.cbc.ca/news/canada/london/special-investigations-unit-clears-london-police-officer-in-man-s-death-1.6253499
V1-0549,Ontario investigating paramedic response to killing of gunsmith Rodger Kotanko by Toronto police,CBC,https://www.cbc.ca/news/canada/hamilton/rodger-kotanko-paramedic-response-toronto-police-raid-1.6816798
V1-0332,Family of Ontario man killed by Peel police alleges racial prejudice in lawsuit,Global News,https://globalnews.ca/news/2970357/family-of-ontario-man-killed-by-peel-police-alleges-racial-prejudice-in-lawsuit/
V1-0060,Police wrap up probe into fatal shooting of Kuol,Calgary Herald,https://www.proquest.com/canadiannews/docview/245114680/3DBD81D6F72D4773PQ/19?accountid=14771&sourcetype=Newspapers
V1-0399,Crown  defence far apart on sentencing for London police officer convicted in-custody death,The London Free Press,https://lfpress.com/news/local-news/crown-seeks-jail-for-london-cop-convicted-in-custody-death
V1-0574,'Profound sadness': South Simcoe Police identify 2 officers killed in Innisfil shooting,Global News,https://globalnews.ca/news/9192859/officers-killed-innisfil-shooting-identified/
V2-0783,Coroners inquest into death of man in Ridge RCMP custody,Maple Ridge News,https://www.proquest.com/canadiannews/docview/347033233/DBD2647494734217PQ/1?accountid=14771&sourcetype=Newspapers
V1-0127,Arrest struggle leads to man's death,Kelowna Capital News,https://www.proquest.com/canadiannews/docview/375958522/53C55A582B26419BPQ/1?accountid=14771&sourcetype=Newspapers
V1-0408,B.C. jury makes recommendations after man who stabbed officer shot nine times by police,The Vancouver Sun,https://vancouversun.com/news/crime/b-c-jury-makes-recommendations-after-man-who-stabbed-officer-shot-9-times-by-police
V2-0850,Inquest into the death of Jocelyn George scheduled this month,Toronto Star,https://www.thestar.com/news/canada/inquest-into-the-death-of-jocelyn-george-scheduled-this-month/article_7c6db580-8781-5bfb-8283-90c6c9ca65a8.html
V1-0548,Memorial tennis tournament returns to Sarnia this weekend,Sarnia Observer,https://www.theobserver.ca/news/local-news/memorial-tennis-tournament-returns-to-sarnia-this-weekend
V1-0330,Inquest to be held into police tasering death in Burnaby,The Vancouver Sun,https://vancouversun.com/news/local-news/inquest-to-be-held-into-police-tasering-death-in-burnaby
V1-0161,SIU probe fatal shooting; Kitchener man  26  died with drugs in his hands; only 2nd time in 30 years that police shoot and kill a suspect,Kitchener Record,https://www.proquest.com/canadiannews/docview/267226751/5CEC8F4D711947FBPQ/12?accountid=14771
V1-0321,Why should we care about Alain Magloire?,Global News,https://globalnews.ca/news/1768916/why-should-we-care-about-alain-magloire/
V2-0803,City man died being held in police custody,Sarnia Observer,https://www.proquest.com/canadiannews/docview/2216402429/450482623CDB4598PQ/3?accountid=14771&sourcetype=Newspapers
V2-0684,Decrepit homes  detachments on-reserve threatening Ont. police officers,Global News,https://globalnews.ca/news/403298/decrepit-homes-detachments-on-reserve-threatening-ont-police-officers/
V1-0559,Friends of teen who survived Anoka Street stabbing 'stunned ' praying for recovery,CBC,https://www.cbc.ca/news/canada/ottawa/catherine-sauve-fatal-stabbing-friends-pray-for-recovery-1.6508580
V2-0949,Manitoba police watchdog investigates death of woman in RCMP custody,Global News,https://globalnews.ca/news/9577493/manitoba-iiu-death-in-rcmp-custody/
V1-0592,Indigenous father of 2 killed by RCMP in Revelstoke was likely trying to get home  says sister,CBC,https://www.cbc.ca/news/canada/british-columbia/garry-pashe-jr-revelstoke-rcmp-iio-investigation-1.6962515
V1-0052,Mountie kills knife-wielding mom,Times-Colonist,https://www.proquest.com/canadiannews/docview/347920569/17ACEE91F07A415DPQ/8?accountid=14771&sourcetype=Newspapers
V1-0257,Man dies after being shot by Edmonton police,CBC,https://www.cbc.ca/news/canada/edmonton/man-dies-after-being-shot-by-edmonton-police-1.1066341
V1-0369,SIU clears Toronto police in 2015 death of Rodrigo Almonacid Gonzalez,Toronto.com,https://www.toronto.com/news/crime/siu-clears-toronto-police-in-2015-death-of-rodrigo-almonacid-gonzalez/article_6261576e-227a-5333-bc7e-51097aa03d78.html
V1-0336,CPS officer will not face charges in connection with fatal 2014 Halloween shooting,CTV,https://www.ctvnews.ca/calgary/article/cps-officer-will-not-face-charges-in-connection-with-fatal-2014-halloween-shooting/
V1-0295,B.C. police watchdog clears officers in 3 incidents,CBC,https://www.cbc.ca/news/canada/british-columbia/b-c-police-watchdog-clears-officers-in-3-incidents-1.1318368
V2-0781,Man dies after being tasered,The Globe and Mail,https://www.theglobeandmail.com/news/national/man-dies-after-being-tasered/article18138265/
V1-0624,Woman dies after collision with police vehicle in Fort Rouge Park,The Winnipeg Sun,https://winnipegsun.com/news/woman-dies-after-collision-with-police-vehicle-in-fort-rouge-park
V1-0218,Inquest launched into RCMP Deep Cove shooting,CBC,https://www.cbc.ca/news/canada/british-columbia/inquest-launched-into-rcmp-deep-cove-shooting-1.1027111
V1-0598,Protesters call for justice after a Black Kitchener man was killed during a police-involved shooting,CBC,https://www.cbc.ca/news/canada/kitchener-waterloo/nembhard-police-death-justice-protest-kitchener-wrps-1.7124078
V1-0647,'A very sad situation': Psychiatrist who treated victim of police shooting testifies at fatality inquiry,CBC,https://www.cbc.ca/news/canada/calgary/fatality-inquiry-calgary-police-osman-bridgeland-undercover-psychiatrist-1.7211588
V1-0596,Family of man who died in police incident demand accountability  end to "systemic racism" in policing,Winnipeg Sun,https://winnipegsun.com/news/family-of-man-who-died-in-police-incident-demand-accountability-end-to-systemic-racism-in-policing
V1-0516,Rodney Levi's death was result of 'suicide by cop ' N.B. coroner's inquest told,Global News,https://globalnews.ca/news/8244548/rodney-levi-inquest-mode-health-services-needed/
V1-0186,Man dies after two Taser hits in west Edmonton,Global News,https://globalnews.ca/news/74081/man-dies-after-two-taser-hits-in-west-edmonton/
V1-0107,Wife turned to police to help husband,CBC,https://www.cbc.ca/news/canada/nova-scotia/wife-turned-to-police-to-help-husband-1.533048
V1-0461,Officer who killed Lac-Brome  Que.  teen tells inquiry he had no choice but to shoot,CBC,https://www.cbc.ca/news/canada/montreal/officer-shot-riley-fairholm-coroner-inquiry-1.6489658
V1-0037,Let out of jail  free to stalk: [Ontario Edition],Toronto Star,https://www.proquest.com/canadiannews/docview/438445440/21BDDD23069D43FAPQ/11?accountid=14771&sourcetype=Newspapers
V1-0365,New review launched of Vancouver police officers' conduct in controversial 2015 death of Myles Gray,Vancouver Sun,https://vancouversun.com/news/review-launched-vpd-conduct-myles-gray
V1-0532,SIU says man killed in police shooting was a 27-year-old from Niagara,CBC,https://www.cbc.ca/news/canada/hamilton/niagara-siu-shooting-death-women-arrested-1.5863897
V1-0484,'He didn't deserve to die like that': Man killed by Regina police was a 'family man',CBC,https://www.cbc.ca/news/canada/saskatchewan/hostage-taking-incident-regina-geoff-morris-1.5124018
V1-0211,VPD officer cleared of wrong-doing in fatal shooting,CityNews,https://vancouver.citynews.ca/2012/02/23/vpd-officer-cleared-of-wrong-doing-in-fatal-shooting/
V1-0074,Man dies in custody,Windsor Star,https://www.proquest.com/canadiannews/docview/254510868/1D75ECF888524B4EPQ/14?accountid=14771&sourcetype=Newspapers
V2-0784,Whitehorse man dies in RCMP custody,CBC,https://www.cbc.ca/news/canada/north/whitehorse-man-dies-in-rcmp-custody-1.704879
V2-0688,Man who died in RCMP custody 'an old soul ' says mother,Nunatsiaq News,https://nunatsiaq.com/stories/article/man-who-died-in-rcmp-custody-an-old-soul-says-mother/
V1-0332,Jermaine Carby ID'd as victim of Brampton police shooting,CBC,https://www.cbc.ca/news/canada/toronto/jermaine-carby-id-d-as-victim-of-brampton-police-shooting-1.2777349
V1-0077,Sister recalls dead man as 'a hoot',Vancouver Sun,https://www.proquest.com/canadiannews/docview/242336502/33F85CB0C2724DBCPQ/4?accountid=14771&sourcetype=Newspapers
V1-0560,IIO finds lethal force justified in shooting deaths of bank robbers; how the gunfight unfolded,The Times Colonist,https://www.timescolonist.com/local-news/iio-finds-use-of-lethal-force-justified-in-shooting-deaths-of-bank-robbers-6282449
V1-0563,Inquest into Ryan Booker's 2022 police shooting death set for June,SaskToday,https://www.sasktoday.ca/regina-today/regina-news/inquest-into-ryan-bookers-2022-police-shooting-death-set-for-june-10718756
V1-0055,Iran fires back  insists on probe into B.C. shooting: Demand mirrors Kazemi request: [National Edition],National Post,https://www.proquest.com/canadiannews/docview/330063141/E91D52E487E04F21PQ/6?accountid=14771&sourcetype=Newspapers
V1-0448,Allegations of systemic racism in Timmins are still before the Human Rights Tribunal,CBC,https://www.cbc.ca/news/canada/sudbury/agnes-sutherland-joey-knapaysweet-fort-albany-cree-police-1.7345340
V1-0251,Adam Purdie had cocaine in his blood  pointed gun at officer  inquest hears,The Globe and Mail,https://www.theglobeandmail.com/news/british-columbia/victim-of-officers-gunshots-had-cocaine-morphine-in-system/article12807900/
V1-0034,Two suspects in Mountie slaying were on parole,The Globe and Mail,https://www.theglobeandmail.com/news/national/two-suspects-in-mountie-slaying-were-on-parole/article4158530/
V2-0690,Prince George family looks for answers after man dies in police custody,CBC,https://www.cbc.ca/news/indigenous/prince-george-death-rcmp-custody-investigation-1.5540688
V2-0947,Woman told 911 of 'meds' ; Revealed at inquest,Winnipeg Sun,https://www.proquest.com/canadiannews/docview/2210513411/29DE5D32EBEF4598PQ/232?accountid=14771&sourcetype=Newspapers
V2-0836,Sandy Bay woman found deceased while in RCMP custody,Prince Albert Daily Herald,https://paherald.sk.ca/sandy-bay-woman-found-deceased-while-in-rcmp-custody/
V1-0161,Suspect killed in robbery might have been serving conditional sentence,Guelph Mercury-Tribune,https://www.proquest.com/canadiannews/docview/356036714/5CEC8F4D711947FBPQ/4?accountid=14771&sourcetype=Newspapers
V1-0035,Ontario: Investigators clear police in shooting death of driver: [National Edition],National Post,https://www.proquest.com/canadiannews/docview/330056920/D33A36884B3499EPQ/15?accountid=14771
V1-0597,GOLD: Public inquiry needed after IIU cover-up in Bradley Singer shooting,Winnipeg Sun,https://winnipegsun.com/opinion/columnists/gold-public-inquiry-needed-after-iiu-cover-up-in-bradley-singer-shooting
V1-0641,Zoltan Hyacinth  killed in altercation with police  subject of inquest,CBC,https://www.cbc.ca/news/canada/toronto/zoltan-hyacinth-killed-in-altercation-with-police-subject-of-inquest-1.3189360
V1-0346,No charges recommended against officers involved in Jacobus Jonker death,CBC,https://www.cbc.ca/news/canada/british-columbia/smithers-police-related-death-no-charges-jacobus-jonker-1.4448929
V2-0800,Inquest probes man's death in police custody,CTV,https://www.ctvnews.ca/saskatoon/article/inquest-probes-mans-death-in-police-custody/
V1-0180,Winnipeg police fatal shooting of Aboriginal man nearly 7 years ago has family still waiting for answers,APTN News,https://www.aptnnews.ca/national-news/winnipeg-police-fatal-shooting-aboriginal-man-nearly-7-years-ago-family-still-waiting-answers/
V1-0178,Inquest into death of teen struck with Taser gets underway in Winnipeg,CTV,https://www.ctvnews.ca/winnipeg/article/inquest-into-death-of-teen-struck-with-taser-gets-underway-in-winnipeg/
V1-0198,Police justified in fatal car-wash shooting,CBC,https://www.cbc.ca/news/canada/calgary/police-justified-in-fatal-car-wash-shooting-1.909073
V2-0854,Jury recommends sobering centre after man dies in Prince George 'drunk tank',CBC,https://www.cbc.ca/news/canada/british-columbia/inquest-into-death-of-jamie-shanoss-results-in-recommendation-for-sobering-centre-1.4833564
V1-0351,100 people attend vigil for Beau Baker  man fatally shot in police incident,CBC,https://www.cbc.ca/news/canada/kitchener-waterloo/100-people-attend-vigil-for-beau-baker-man-fatally-shot-in-police-incident-1.3022939
V1-0187,Castlegar man confirmed dead after Taser-related incident in Calgary,Castlegar News,https://www.proquest.com/canadiannews/docview/376011737/FD295F60742644E7PQ/12?accountid=14771&sourcetype=Newspapers
V1-0629,Coroner declines inquest into death of B.C. woman shot by police officer,Abbotsford News,https://www.proquest.com/canadiannews/docview/3222806994/AC454D46A5CF4667PQ/16?accountid=14771&sourcetype=Blogs,%20Podcasts,%20&%20Websites
V1-0479,Chief medical examiner calls inquest into death of South Sudanese man shot by police,CBC,https://www.cbc.ca/news/canada/manitoba/chief-medical-examiner-inquest-death-south-sudanese-man-shot-winnipeg-police-1.5363950
V2-0679,'Why didn't they keep him safe?' family says of man who died in Winnipeg police custody on Sherbrook Street,CBC,https://www.cbc.ca/news/canada/manitoba/man-who-died-in-custody-identified-1.7002058
V1-0068,Shooting victim bent on suicide  relatives say,Times Colonist,https://www.proquest.com/canadiannews/docview/347952866/F1ECD4EB23494EFBPQ/2?accountid=14771&sourcetype=Newspapers
V1-0413,Inquest looms eight years after fatal police shooting of London man,London Free Press,https://www.proquest.com/canadiannews/docview/3144376762/AC454D46A5CF4667PQ/10?accountid=14771&sourcetype=Blogs,%20Podcasts,%20&%20Websites
V1-0608,Blood Tribe man's family grieves 'tragic and untimely' death in Calgary police custody,Calgary Herald,https://www.proquest.com/canadiannews/docview/3110750903/A1239D9A97E0482BPQ/2?accountid=14771&sourcetype=Blogs,%20Podcasts,%20&%20Websites
V1-0211,Another Death Linked to Domestic Violence in Less Than A Week,The Vancouver Sun,https://vancouversun.com/news/staff-blogs/another-death-linked-to-domestic-violence-in-less-than-a-week
V1-0533,Man charged after human remains found during probe that led to fatal police shooting,CityNews,https://toronto.citynews.ca/2021/02/24/man-charged-after-human-remains-found-during-probe-that-led-to-fatal-police-shooting/
V2-0937,Family of N.W.T. man who died in custody after extended isolation files wrongful death suit,CBC,https://www.cbc.ca/news/canada/north/edward-snowshoe-wrongful-death-1.6005689
V1-0335,Michael Zehaf-Bibeau  slain Ottawa shooter  had criminal record in Quebec  B.C.,CBC,https://www.cbc.ca/news/canada/montreal/michael-zehaf-bibeau-slain-ottawa-shooter-had-criminal-record-in-quebec-b-c-1.2809562
V1-0113,Watchdog rules police justified in shooting death,The Globe and Mail,https://www.theglobeandmail.com/news/national/watchdog-rules-police-justified-in-shooting-death/article18255557/
V1-0515,N.B. police shooting of Indigenous woman sparks outrage across Canada,The Globe and Mail,https://www.theglobeandmail.com/canada/article-nb-police-shooting-of-indigenous-woman-sparks-outrage-across-canada/
V1-0134,Newmarket shooting suicide by cop  chief says,Newmarket Era-Banner,https://www.proquest.com/canadiannews/docview/362254169/78C07E2E3AD044A1PQ/17?accountid=14771&sourcetype=Newspapers
V1-0335,Gen. Lawson knew Zehaf-Bibeau was mentally ill on day of Ottawa shooting: documents,Global News,https://globalnews.ca/news/1866596/gen-lawson-knew-zehaf-bibeau-was-mentally-ill-on-day-of-ottawa-shooting-documents/
V1-0629,Officer's decision to use force can't be held to 'standard of perfection:' lawyer,Squamish Chief,https://www.squamishchief.com/bc-news/officers-decision-to-use-force-cant-be-held-to-standard-of-perfection-lawyer-9204378
V2-0918,Officers failed to follow procedures prior to Cape Breton jail cell death: review,Global News,https://globalnews.ca/news/2789615/officers-failed-to-follow-procedures-prior-to-cape-breton-jail-cell-death-review/
V1-0635,Sorrow to service: Mom  whose son died in police chase  helps homeless,SaskToday,https://www.sasktoday.ca/crime-cops-court/sorrow-to-service-mom-whose-son-died-in-police-chase-helps-homeless-7917317
V1-0307,Police officer who fatally shot Sammy Yatim on Toronto streetcar says inquest should consider 'suicide by cop',National Post,https://nationalpost.com/news/canada/police-officer-who-fatally-shot-teen-argues-inquest-should-consider-suicide-by-cop
V1-0196,Inquest follows police shooting at trailer park,Times-Colonist,https://www.proquest.com/canadiannews/docview/785803795/4F9316B3D92A4DC3PQ/20?accountid=14771&sourcetype=Newspapers
V1-0270,ASIRT: CPS officer justified in fatal shooting of Jonathan Rawlings,CTV,https://www.ctvnews.ca/calgary/article/asirt-cps-officer-justified-in-fatal-shooting-of-jonathan-rawlings/
V1-0597,Families of men killed by city police demand joint inquest,Winnipeg Free Press,https://www.winnipegfreepress.com/breakingnews/2024/04/05/families-of-men-killed-by-city-police-demand-joint-inquest
V1-0349,No charges for Peel cops after shooting of man and innocent bystander,Toronto Star,https://www.thestar.com/news/crime/no-charges-for-peel-cops-after-shooting-of-man-and-innocent-bystander/article_71f18d4f-77bb-50f3-97dc-b195f002fb03.html
V1-0639,Police officer not guilty of manslaughter in Hwy. 401 shooting,The London Free Press,https://lfpress.com/news/local-news/police-officer-not-guilty-of-manslaughter-in-hwy-401-shooting
V1-0655,Family 'heartbroken'over deportee's death in custody on plane,Calgary Herald,https://www.proquest.com/canadiannews/docview/2087830818/DFE21E03147740E4PQ/101?accountid=14771&sourcetype=Newspapers
V1-0508,No crime in Peel police shooting of D'Andre Campbell: SIU,Toronto Sun,https://torontosun.com/news/local-news/no-crime-in-peel-police-shooting-of-dandre-campbell-siu
V1-0085,Officer who fired fatal shot feared for his life,The Province,https://www.proquest.com/canadiannews/docview/269431492/6BCF2D6F54124618PQ/3?accountid=14771
V1-0367,Sefa family tries to make sense of tragedy,Winnipeg Sun,https://winnipegsun.com/2015/09/26/sefa-family-tries-to-make-sense-of-tragedy
V1-0433,Officer acted lawfully in 2017 fatal shooting of armed man: ASIRT,CTV,https://www.ctvnews.ca/edmonton/article/officer-acted-lawfully-in-2017-fatal-shooting-of-armed-man-asirt/
V2-0724,Inquest examines Minitonas man's death in police custody,CBC,https://www.cbc.ca/news/canada/manitoba/inquest-examines-minitonas-man-s-death-in-police-custody-1.572834
V1-0453,Accused killer fired at police before being fatally shot,The Calgary Sun,https://calgarysun.com/news/crime/calgary-murder-suspect-dead-mountie-wounded-in-shootout
V2-0825,Keep intoxication arrestees out of city jail  family says,Saskatoon StarPhoenix,https://www.pressreader.com/canada/saskatoon-starphoenix/20140910/281599533696475
V1-0069,Officer rammed car before he was shot: inquiry,CBC,https://www.cbc.ca/news/canada/calgary/officer-rammed-car-before-he-was-shot-inquiry-1.560197
V2-0912,Barton Street jail had staffing shortage when inmate died: coroner's inquest,Global News,https://globalnews.ca/news/4164851/barton-street-jail-inmate-death/
V1-0092,Dumas inquest ordered,Winnipeg Sun,https://www.proquest.com/canadiannews/docview/2167927628/29DE5D32EBEF4598PQ/241?accountid=14771
V1-0444,Inquest scheduled into death of Babak Saidi,The Recorder and Times,https://www.recorder.ca/news/inquest-scheduled-into-death-of-babak-saidi
V1-0224,18-year-old man dead after police foot chase,National Post,https://nationalpost.com/posted-toronto/18-year-old-man-dead-after-police-foot-chase
V2-0692,Timmins police  hospital named in Human Rights Tribunal application,CBC,https://www.cbc.ca/news/canada/sudbury/ohrc-hrto-timmins-deaths-1.5453207
V1-0424,After troubled teen kills family in Inuit village  lack of psychological support hints at deeper issues,CBC,https://www.cbc.ca/news/canada/montreal/akulivik-quebec-slayings-inuit-crisis-1.4164557
V1-0020,Build 'safe house ' inquest jury advises,Sudbury Star,https://www.proquest.com/canadiannews/docview/348858320/4C217B4D3DF4424APQ/6?accountid=14771&sourcetype=Newspapers
V1-0364,Police identify second suspect in condo double homicide,Toronto Star,https://www.thestar.com/news/crime/police-identify-second-suspect-in-condo-double-homicide/article_7757680a-b859-5cf1-b46a-c9a5835848c0.html
V1-0229,Nothing criminal found in Surrey death,CBC,https://www.cbc.ca/news/canada/british-columbia/nothing-criminal-found-in-surrey-death-1.999373
V2-0687,Nova Scotia man's death in custody being investigated by police watchdog,Toronto Star,https://www.thestar.com/news/canada/nova-scotia-man-s-death-in-custody-being-investigated-by-police-watchdog/article_c63f0d4e-a495-542d-87bb-9cc4a261e636.html
V1-0512,Nova Scotia gunman drew police attention 10 years before mass shooting,CTV,https://www.ctvnews.ca/atlantic/article/nova-scotia-gunman-drew-police-attention-10-years-before-mass-shooting/
V1-0201,Brooks man dies after police use Taser on him,Red Deer Advocate,https://www.reddeeradvocate.com/uncategorized/brooks-man-dies-after-police-use-taser-on-him-7009899
V1-0441,Police shooting death of man  70  at Cobourg hospital justified: SIU,Global News,https://globalnews.ca/news/4685299/october-2017-shooting-northumberland-hills-hospital/
V1-0624,'I love you  my baby': woman killed by police cruiser identified,Winnipeg Free Press,https://www.winnipegfreepress.com/featured/2024/09/04/i-love-you-my-baby
V1-0490,Inquest begins into fatal RCMP shooting of Maple Ridge  B.C.  man with schizophrenia,CTV,https://www.ctvnews.ca/vancouver/article/inquest-begins-into-fatal-rcmp-shooting-of-maple-ridge-bc-man-with-schizophrenia/
V1-0481,Coroner's inquest into fatal B.C. hostage-taking set to begin,CBC,https://www.cbc.ca/news/canada/british-columbia/bc-coroners-inquest-randy-crosson-nona-mcewan-surrey-1.7173904
V1-0434,ASIRT clears officers who shot and killed armed suspected drug dealer,Edmonton Journal,https://edmontonjournal.com/news/local-news/man-shot-dead-by-police-in-mercedes-after-ramming-was-subject-of-drug-sting-asirt-clears-officers
V1-0425,Police fatally shoot man after chase in Lachine,CBC,https://www.cbc.ca/news/canada/montreal/lachine-shooting-quebec-police-watchdog-1.4161561
V1-0338,Trevor Proudman's death leaves family frustrated by police silence,CBC,https://www.cbc.ca/news/canada/edmonton/trevor-proudman-s-death-leaves-family-frustrated-by-police-silence-1.3289858
V1-0479,Hearing to determine participants for inquest into death of South Sudanese man killed by Winnipeg police,CBC,https://www.cbc.ca/news/canada/manitoba/standing-hearing-inquest-machuar-madut-1.5615117
V1-0654,No verdict Saturday in trial of officers accused in death of Corey Rogers,PNI Atlantic News,https://www.saltwire.com/nova-scotia/news/no-verdict-saturday-in-trial-of-officers-accused-in-death-of-corey-rogers-374296/
V1-0317,Friends remember Alex Tughan,Burlington Post,https://www.insidehalton.com/news/friends-remember-alex-tughan/article_309ebcb9-78c8-54bf-9735-1d677939fdb1.html
V1-0060,Sudanese gain probe into death: Long-sought Kuol inquiry welcomed,Calgary Herald,https://www.proquest.com/canadiannews/docview/245258438/3DBD81D6F72D4773PQ/22?accountid=14771&sourcetype=Newspapers
V1-0399,Sentencing hearing for cop in woman's custody death starts with twist,The London Free Press,https://lfpress.com/news/local-news/sentencing-hearing-for-officer-in-womans-custody-death-starts-with-twist
V2-0857,Hearing date set to participate in inquest on death of man arrested by police,CTV,https://www.ctvnews.ca/winnipeg/article/hearing-date-set-to-participate-in-inquest-on-death-of-man-arrested-by-police/
V1-0165,Police shooting death to be examined at coroner's inquest,CBC,https://www.cbc.ca/news/canada/saskatchewan/police-shooting-death-to-be-examined-at-coroner-s-inquest-1.788144
V1-0284,'I was trying to stop him': RCMP officer apologizes for shooting Felix Taqqaugaq,CBC,https://www.cbc.ca/news/canada/north/felix-taqqaugaq-inqest-officer-narrative-1.3842623
V2-0810,Police cell death in southern Alberta being investigated,Global News,https://globalnews.ca/news/117940/police-cell-death-in-southern-alberta-being-investigated/
V1-0387,Coroners inquest into death of Chilliwack man hears of 'erratic' and 'paranoid' behaviour,The Hope Standard,https://www.hopestandard.com/news/coroners-inquest-into-death-of-chilliwack-man-hears-of-erratic-and-paranoid-behaviour-2064400
V1-0076,'He didn't deserve to die like this'; Son shot dead by police in park on the weekend He was 'going through a rough time ' mother says: [ONT Edition],Toronto Star,https://www.proquest.com/canadiannews/docview/438711460/BC4B73913A0D4551PQ/4?accountid=14771&sourcetype=Newspapers
V1-0077,Mother 'not told' about Tasers,Vancouver Sun,https://www.proquest.com/canadiannews/docview/242136044/33F85CB0C2724DBCPQ/5?accountid=14771&sourcetype=Newspapers
V1-0389,Mental health concerns of RCMP shooting victim not acted upon  inquest hears,CBC,https://www.cbc.ca/news/canada/british-columbia/mental-health-rcmp-shooting-williams-inquest-1.6233456
V2-0733,Glitch halts inquest; Probe into death of 2 men at police station delayed until broadcast feed restored,Toronto Sun,https://www.proquest.com/canadiannews/docview/2211641774/29DE5D32EBEF4598PQ/193?accountid=14771&sourcetype=Newspapers
V1-0123,SIU clears officer in Ajax man's fatal shooting,Oshawa This Week,https://www.durhamregion.com/news/siu-clears-officer-in-ajax-mans-fatal-shooting/article_911282c5-3e45-56d0-b561-ec62595de608.html
V1-0537,Man dead after officer-involved shooting outside home on an Alberta First Nation,Niagara Falls Review,https://www.niagarafallsreview.ca/news/canada/man-dead-after-officer-involved-shooting-outside-home-on-an-alberta-first-nation/article_a00c25e1-a034-52e3-8751-7dcd7c24ceea.html
V2-0680,Probe into Saskatoon jail death to take months: police,CBC,https://www.cbc.ca/news/canada/saskatchewan/probe-into-saskatoon-jail-death-to-take-months-police-1.948274
V1-0615,Tracking race when officers use force 'bare minimum' Winnipeg police should do  expert says,CBC,https://www.cbc.ca/news/canada/manitoba/tracking-race-police-use-of-force-1.7404671
V1-0423,Dead suspect wanted when shot by police,Ottawa Sun,https://ottawasun.com/2017/06/05/dead-suspect-wanted-in-vaughan-when-shot-by-police
V1-0024,Pepper sprayed man died of rare condition,Alberni Valley Times,https://www.proquest.com/canadiannews/docview/345540689/6AFEFD5454904B23PQ/18?accountid=14771&sourcetype=Newspapers
V1-0412,Inquest into death of Gjoa Haven man begins,Nunatsiaq News,https://nunatsiaq.com/stories/article/inquest-into-death-of-gjoa-haven-man-begins/
V1-0444,Shooting incident at Morrisburg OPP detachment,The Morrisburg Leader,https://www.morrisburgleader.ca/2017/12/23/shooting-incident-morrisburg-opp-detachment/
V2-0854,B.C. to invest in treatment and recovery spaces in Prince George 5 years after man's death in custody,CBC,https://www.cbc.ca/news/canada/british-columbia/prince-george-sobering-centre-province-funding-1.6211456
V1-0179,Inquest scheduled in Whitelaw death,Surrey Leader,https://www.proquest.com/canadiannews/docview/372946069/7B57D5E2BED24D51PQ/1?accountid=14771&sourcetype=Newspapers
V1-0600,Bizarre crime spree leads to 41⁄2 years in jail,Winnipeg Free Press,https://www.winnipegfreepress.com/breakingnews/2025/07/24/bizarre-crime-spree-leads-to-4-1-2-years-in-jail
V2-0800,Confusion about Robillard's condition at St. Paul's Hospital,Global News,https://globalnews.ca/news/1023790/confusion-about-robillards-condition-at-st-pauls-hospital/
V1-0560,Wounded Victoria police officer recalls wild robbery shootout,CBC,https://www.cbc.ca/news/canada/british-columbia/saanich-robbery-two-year-anniversary-1.7249346
V1-0495,'Stop killing Black men ' says family as inquest calls for Ontario to boost police anti-racism training,CBC,https://www.cbc.ca/news/canada/toronto/police-shooting-marc-ekamba-inquest-recommendations-1.6480063
V1-0251,Police report finds shooting of Adam Brian Purdie justified,Global News,https://globalnews.ca/news/170443/police-report-finds-shooting-of-adam-brian-purdie-justified/
V1-0086,Cop assault concocted  lawyer says: Officer already on trial facing more accusations of using excessive force,Toronto Star,https://www.proquest.com/canadiannews/docview/1282560235/412FCCA619194262PQ/11?accountid=14771
V2-0942,Manitoba inquest into in-custody death recommends officers get meth training,Global News,https://globalnews.ca/news/6882261/manitoba-inquest-custody-death-meth-training/
V1-0530,'Shots fired  I need assistance now!' SIU report details chaotic shooting that left OPP officer and 60-year-old man dead on Manitoulin Island,Toronto Star,https://www.thestar.com/news/canada/shots-fired-i-need-assistance-now-siu-report-details-chaotic-shooting-that-left-opp-officer/article_12bf00fb-a6c5-57a4-bf8f-ab234fadab5f.html
V1-0160,RCMP to probe 'in-custody' death; Taser  baton used on suspect in B.C. incident: [National Edition],National Post,https://www.proquest.com/canadiannews/docview/330749014/363168916189491FPQ/8?accountid=14771&sourcetype=Newspapers
V1-0356,Fatality inquiry into police shooting recommends more crisis intervention training for officers,Edmonton Journal,https://edmontonjournal.com/news/crime/fatality-inquiry-into-police-shooting-recommends-more-crisis-intervention-training-for-officers
V1-0234,VPD Clear Langley RCMP Officer in Fatal 2010 Shooting,Vancouver Sun,https://vancouversun.com/news/staff-blogs/vpd-clear-langley-rcmp-officer-in-fatal-2010-shooting
V1-0516,New Brunswick coroner's jury says 2020 police killing of Rodney Levi was a homicide,North Shore News,https://www.nsnews.com/national-news/new-brunswick-coroners-jury-says-2020-police-killing-of-rodney-levi-was-a-homicide-4497885
V1-0618,Montreal family wants answers after loved one dies following police intervention,Global News,https://globalnews.ca/news/11146235/montreal-family-answers-police-intervention-death/
V1-0198,Police claim no choice but to shoot in fatal 2009 shooting,CityNews,https://calgary.citynews.ca/2011/11/21/police-claim-no-choice-but-to-shoot-in-fatal-2009-shooting/
V2-0786,Halifax Police treating death of inmate as homicide,The Globe and Mail,https://www.theglobeandmail.com/news/national/halifax-police-treating-death-of-inmate-as-homicide/article1147496/
V1-0652,Ontario man  18  shot dead by police after teen stabbed in 'domestic violence' case: watchdog,Global News,https://globalnews.ca/news/10628708/london-ontario-intimate-partner-violence-police-shoot-man/
V1-0532,SIU working to identify man killed by police in Niagara-on-the-Lake,The Toronto Sun,https://torontosun.com/news/provincial/man-shot-dead-by-police-in-niagara-on-the-lake
V2-0718,RCMP to face suit in B.C. in-custody death,CBC,https://www.cbc.ca/news/canada/british-columbia/rcmp-to-face-suit-in-b-c-in-custody-death-1.1216130
V2-0763,Pulling the plug on Taser deaths; Including a camera on the electric- shock weapon would help clear up questions on its use,Montreal Gazette,https://www.proquest.com/canadiannews/docview/434558495/DAB282DB47754EEEPQ/19?accountid=14771&sourcetype=Newspapers
V2-0823,Man dies after being taken from P.A. hospital to jail cell,Prince Albert Daily Herald,https://www.proquest.com/canadiannews/docview/2003151457/EB066E4B994267PQ/25?accountid=14771&sourcetype=Newspapers
V2-0765,Old case to guide probe of RCMP,CBC,https://www.cbc.ca/news/canada/edmonton/old-case-to-guide-probe-of-rcmp-1.996920
V1-0176,Vigil demands justice ; Family wants inquest into shooting death,Ottawa Sun,https://www.proquest.com/canadiannews/docview/2211770911/29DE5D32EBEF4598PQ/224?accountid=14771&sourcetype=Newspapers
V2-0849,Mother calls for strict sentence in son's 2016 death in Halifax jail cell,Lethbridge News Now,https://lethbridgenewsnow.com/2020/08/12/mother-calls-for-strict-sentence-in-sons-2016-death-in-halifax-jail-cell/
V1-0340,Officer who shot man in Surrey grocery store says he lunged at her partner,The Vancouver Sun,https://vancouversun.com/news/local-news/officer-who-shot-man-in-surrey-grocery-store-says-he-lunged-at-her-partner
V2-0801,Inquest looks into death after arrest in Kelowna,Global News,https://globalnews.ca/news/252323/inquest-looks-into-death-after-arrest-in-kelowna/
V1-0287,Inquest called into fatal police shooting near Brockville,Ottawa Citizen,https://ottawacitizen.com/news/local-news/inquest-called-into-fatal-police-shooting-near-brockville
V2-0691,Tuktoyaktuk  N.W.T.  needs ambulance  sobering centre  inquest hears,CBC,https://www.cbc.ca/news/canada/north/tuktoyaktuk-needs-ambulance-sobering-centre-inquest-hears-1.7340897
V1-0080,New trial ordered in Saanich police shooting death of mentally ill man,The Times Colonist,https://www.timescolonist.com/local-news/new-trial-ordered-in-saanich-police-shooting-death-of-mentally-ill-man-4574240
V1-0363,Family still seeks answers in fatal Surrey RCMP shooting of 20-year-old last July,The Province,https://theprovince.com/news/local-news/family-still-seeks-answers-in-fatal-surrey-rcmp-shooting-of-20-year-old-last-july
V2-0792,Nova Scotia woman left lying in her own urine in jail before she died,Winnipeg Free Press,https://www.winnipegfreepress.com/canada/2012/05/24/nova-scotia-woman-left-lying-in-her-own-urine-in-jail-before-she-died-review
V1-0477,Vigil held for 26-year-old shot by Winnipeg Police last Friday,Global News,https://globalnews.ca/news/4855297/vigil-man-shot-by-winnipeg-police/
V1-0180,Witness in fatal police shooting changes statement  delays start of long,Winnipeg Free Press,https://www.winnipegfreepress.com/breakingnews/2016/08/08/inquest-into-man-fatally-shot-by-police-2008-begins-today
V1-0290,Lethbridge police cleared over shooting Bhutanese man,CBC,https://www.cbc.ca/news/canada/calgary/lethbridge-police-cleared-over-shooting-bhutanese-man-1.1381161
V1-0408,Disturbing note found in home of man shot dead outside Canadian Tire  inquest hears,Global News,https://globalnews.ca/news/9250500/disturbing-note-daniel-rintoul-inquest-canadian-tire-shooting/
V2-0781,Man dies after being Tasered by police,Mississauga News,https://www.mississauga.com/news/man-dies-after-being-tasered-by-police/article_07b43f1f-2014-5580-b05a-5894631d1ab3.html
V1-0332,No charges against Peel police in death of Jermaine Carby,Toronto Star,https://www.thestar.com/news/crime/no-charges-against-peel-police-in-death-of-jermaine-carby/article_53cdbfcd-483a-531d-8476-9ff0a4c74f6f.html
V2-0890,Woman found dead in jail cell,Vancouver Sun,https://www.proquest.com/canadiannews/docview/1776770882/C726A0BED4C248B2PQ/164?accountid=14771&sourcetype=Newspapers
V1-0333,Peter de Groot named by police as suspected Slocan gunman,CBC,https://www.cbc.ca/news/canada/british-columbia/peter-de-groot-named-by-police-as-suspected-slocan-gunman-1.2794737
V1-0088,Coroner wants Chenery death to be probed,Prince Rupert Daily News,https://www.proquest.com/canadiannews/docview/357865191/5EEAF77600804313PQ/12?accountid=14771&sourcetype=Newspapers
V1-0624,'It's tragic': Woman dead after being hit by Winnipeg police cruiser in Fort Rouge Park encampment,CityNews,https://winnipeg.citynews.ca/2024/09/03/woman-killed-winnipeg-police-vehicle-fort-rouge-park/
V1-0335,Ottawa shooting: B.C. MLAs were warned of possible security threat,CBC,https://www.cbc.ca/news/canada/british-columbia/ottawa-shooting-b-c-mlas-were-warned-of-possible-security-threat-1.2808990
V1-0573,Family demands answers about alleged Montreal police shooting death of Ronny Kay,Global News,https://globalnews.ca/news/9293604/family-demanding-answers-about-alleged-police-shooting-death-of-ronny-kay/
V1-0544,B.C. man who survived two shooting attempts dead after being found with self-inflicted wounds: RCMP,Global News,https://globalnews.ca/news/8089874/man-dead-self-inflicted-injury-rcmp/
V1-0254,Judge finds RCMP justified in fatal Fort McMurray gunfight,Edmonton Journal,https://edmontonjournal.com/news/local-news/judge-finds-rcmp-justified-in-fatal-fort-mcmurray-gunfight
V1-0186,No criminal charges for officers involved in taser incident,Global News,https://globalnews.ca/news/28940/no-criminal-charges-for-officers-involved-in-taser-incident-2/
V1-0099,Commission rules officer justified in shooting death of Kevin St. Arnaud,Caledonia Courier,https://www.proquest.com/canadiannews/docview/373179474/A86B1543E8494E0CPQ/11?accountid=14771&sourcetype=Newspapers
V1-0454,Ontario inquest says 2018 fatal shooting of 19-year-old Quinn MacDougall a homicide,Global News,https://globalnews.ca/news/8681714/ontario-inquest-2018-shooting-quinn-macdougall-homicide/
V1-0598,Kitchener  Ont. family demands justice after SIU clears police in fatal shooting,CTV,https://www.ctvnews.ca/kitchener/article/kitchener-ont-family-demands-justice-after-siu-clears-police-in-fatal-shooting/
V2-0777,Family demands answers after man dies in Kamsack RCMP custody,SaskToday,https://www.sasktoday.ca/central/kamsack-times/family-demands-answers-after-man-dies-in-kamsack-rcmp-custody-10950694
V1-0170,Woman wouldn't drop knife  inquest told,CBC,https://www.cbc.ca/news/canada/saskatchewan/woman-wouldn-t-drop-knife-inquest-told-1.894377
V1-0626,Mountie charged after 2016 fatal pedestrian crash near Anzac,Edmonton Journal,https://edmontonjournal.com/news/crime/rcmp-officer-charged-after-2016-fatal-pedestrian-crash-near-anzac
V1-0489,Police officer involved in Nova Scotia shooting out of induced coma: SIRT,Global News,https://globalnews.ca/news/5756951/officer-involved-in-shooting-out-of-coma/
V1-0586,Boden Umpherville's family advocating to fix 'skewed relationship' with Prince Albert police,Prince Albert Daily Herald,https://paherald.sk.ca/bodens-umphevilles-family-advocating-to-fix-skewed-relationship-with-prince-albert-police/
V1-0204,Elmvale man's family disturbed by officer's \"lawyer-enhanced\" notes,Orillia Packet and Times,https://www.simcoe.com/news/elmvale-mans-family-disturbed-by-officers-lawyer-enhanced-notes/article_ec5e7c0e-4f82-5867-b58f-15e11255f831.html
V1-0440,Brydon Whitstone's family  FSIN call for new investigations following RCMP-involved fatal shooting,Saskatoon StarPhoenix,https://thestarphoenix.com/news/local-news/brydon-whitstones-family-fsin-call-for-new-investigations-following-rcmp-involved-fatal-shooting
V1-0560,What we've learned about the deadly shootout between 2 brothers and police in Saanich  B.C.,CBC,https://www.cbc.ca/news/canada/british-columbia/saanich-shootout-what-we-learned-1.6721683
V1-0188,Father's death deepens tragedy,Toronto Star,https://www.thestar.com/news/gta/fathers-death-deepens-tragedy/article_02076586-b0a7-519e-b1ec-bf0b04d3c57e.html
V2-0776,Inquest set 16 months after woman's death; B.C. Civil Liberties boss blasts long wait,The Province,https://www.proquest.com/canadiannews/docview/269595461/701C2F189D964378PQ/3?accountid=14771&sourcetype=Newspapers
V1-0022,Most people who died in police encounters in Sask. were Indigenous,CBC,https://www.cbc.ca/news/canada/saskatoon/most-people-who-died-in-police-encounters-in-sask-were-indigenous-1.4599366
V2-0945,Family's forgiveness 'like 10 000 pounds off my shoulders ' OPP officer tells Missen inquest,The Ottawa Citizen,https://ottawacitizen.com/news/local-news/911-inquest-continues-with-testimony-opp-officer
V2-0850,Date set for pandemic-delayed inquest into 2016 in-custody death of B.C. teen,Toronto Star,https://www.thestar.com/news/canada/date-set-for-pandemic-delayed-inquest-into-2016-in-custody-death-of-b-c-teen/article_9149992c-6f4b-5f37-afea-7ece25a52d2c.html
V2-0856,Inquest scheduled into woman's death while in Chilliwack police custody,The Chilliwack Progress,https://www.theprogress.com/news/inquest-schedulede-into-womans-death-while-in-chilliwack-police-custod-1881862
V1-0092,Police called racist; Professor backs up Dumas family,Winnipeg Sun,https://www.proquest.com/canadiannews/docview/2195555690/29DE5D32EBEF4598PQ/282?accountid=14771&sourcetype=Newspapers
V1-0641,Man killed during Toronto arrest shot himself: SIU,CTV,https://www.ctvnews.ca/toronto/article/man-killed-during-toronto-arrest-shot-himself-siu/
V1-0036,Biker's death 'good news' to ex-hostage: Hwy. 401 shooting victim took former police officer captive in '91,Ottawa Citizen,https://www.proquest.com/canadiannews/docview/240543221/CD3DF8020430499DPQ/4?accountid=14771&sourcetype=Newspapers
V2-0907,Inmate died at HMP by suicide  sources say,CBC,https://www.cbc.ca/news/canada/newfoundland-labrador/saturday-inmate-death-hmp-was-suicide-1.4730296
V1-0133,Wife of slain man questions Taser finding in Williams Lake inquest,CBC,https://www.cbc.ca/news/canada/british-columbia/wife-of-slain-man-questions-taser-finding-in-williams-lake-inquest-1.748328
V1-0301,SIU called in after man shot by cops,Toronto Sun,https://www.proquest.com/canadiannews/docview/2231407522/E0D3AFD47B7C42F5PQ/15?accountid=14771&sourcetype=Newspapers
V1-0017,Complaint process was fair,Prince Rupert Daily News,https://www.proquest.com/canadiannews/docview/357922248/C61D48D8FDCB41EEPQ/2?accountid=14771&sourcetype=Newspapers
V1-0085,Officer faced life-or-death struggle with mentally ill man,Vancouver Sun,https://www.proquest.com/canadiannews/docview/242196279/6BCF2D6F54124618PQ/2?accountid=14771
V1-0338,Edmonton police officer apologizes to family of man who died in police custody,Global News,https://globalnews.ca/news/4252493/edmonton-police-officer-apologizes-to-family-of-man-who-died-in-police-custody/
V1-0303,UPDATE: Police shooting inquest jury gives no recommendations,paNOW,https://panow.com/2014/09/12/update-police-shooting-inquest-jury-gives-no-recommendations/
V1-0218,Man shot by RCMP in North Vancouver dies,The Globe and Mail,https://www.theglobeandmail.com/news/british-columbia/man-shot-by-rcmp-in-north-vancouver-dies/article1207107/
V1-0654,Nova Scotia judge reserves sentencing decision in Halifax jail cell death case,CBC,https://www.cbc.ca/news/canada/nova-scotia/sentencing-decision-halifax-jail-cell-death-corey-rogers-1.5683935
V1-0051,Death of suspect in Hamilton poilice custody ruled an accident,Hamilton Spectator,https://www.proquest.com/canadiannews/docview/359810686/1D5846CBB5744680PQ/12?accountid=14771&sourcetype=Wire%20Feeds
V1-0273,Woman dies in Toronto police shooting,CBC,https://www.cbc.ca/news/canada/toronto/woman-dies-in-toronto-police-shooting-1.1000833
V2-0951,Prisoner had the shakes: Inquest,The Province,https://www.proquest.com/canadiannews/docview/1491021391/9D077CC38A9849F6PQ/7?accountid=14771&sourcetype=Newspapers
V1-0598,SIU will not charge WRPS officer who shot and killed Kitchener man,CBC,https://www.cbc.ca/news/canada/kitchener-waterloo/fatal-shooting-kitchener-wrps-officer-man-killed-nembhard-1.7242485
V1-0608,Blood Tribe member identified as man who died in Calgary police custody,Calgary Herald,https://www.proquest.com/canadiannews/docview/3109372983/A1239D9A97E0482BPQ/8?accountid=14771&sourcetype=Blogs,%20Podcasts,%20&%20Websites
V1-0029,Police kill gun-wielding man,Calgary Herald,https://www.proquest.com/canadiannews/docview/244496004/195049D257CD443EPQ/3?accountid=14771&sourcetype=Newspapers
V1-0407,As Toronto police mull more Tasers  man dies after CEW used,Toronto Star,https://www.thestar.com/news/crime/as-toronto-police-mull-more-tasers-man-dies-after-cew-used/article_ad1b1ca6-2618-5156-9506-181b98dab7ae.html
V1-0449,Couvrette's death ruled an accident; jury makes three recommendations,North Bay Nugget,https://www.nugget.ca/news/couvrettes-death-ruled-an-accident-jury-makes-three-recommendations
V2-0880,Coroner's inquest into 2021 death on George Gordon FN announced,SaskToday,https://www.sasktoday.ca/crime-cops-court/coroners-inquest-into-2021-death-on-george-gordon-fn-announced-7425568
V1-0027,Man run over by police dies,Ottawa Citizen,https://www.proquest.com/canadiannews/docview/240471644/EF182F438D3F4D06PQ/15?accountid=14771&sourcetype=Newspapers
V2-0884,Sask. government to hold inquest into death of woman found unresponsive in RCMP cell,CTV,https://www.ctvnews.ca/saskatoon/article/sask-government-to-hold-inquest-into-death-of-woman-found-unresponsive-in-rcmp-cell/
V1-0263,Peterborough officer was shot by police gun,CBC,https://www.cbc.ca/news/canada/peterborough-officer-was-shot-by-police-gun-1.1096191
V1-0315,Man Tasered by Montreal police dies in hospital,CBC,https://www.cbc.ca/news/canada/montreal/man-tasered-by-montreal-police-dies-in-hospital-1.2423309
V2-0784,Silverfox jail death ruling appealed,CBC,https://www.cbc.ca/news/canada/north/silverfox-jail-death-ruling-appealed-1.872151
V1-0535,P.A. Mountie handed 11-year jail sentence for fatally shooting lover,paNOW,https://panow.com/2024/06/18/p-a-mountie-handed-11-year-jail-sentence-for-fatally-shooting-lover/
V1-0657,Police watchdog probes death of man in Winnipeg Police custody,The Winnipeg Sun,https://winnipegsun.com/news/news-news/police-watchdog-probes-death-of-man-in-winnipeg-police-custody
V1-0026,Deadly force: It's a case of `lose  lose' when police take extreme action to end a violent situation,Saskatoon Star-Phoenix,https://www.proquest.com/canadiannews/docview/348557705/6394D4EAEDBD418APQ/10?accountid=14771&sourcetype=Newspapers
V1-0547,UPDATE: Police union responds to Quesnel RCMP shooting petition,Quesnel Cariboo Observer,https://www.quesnelobserver.com/news/petition-calls-for-action-against-police-officers-who-fatally-shot-quesnel-man-5802525
V1-0160,'Love' on his lips as he died,The Province,https://www.pressreader.com/canada/the-province/20091118/281565171845513
V1-0084,Man shot multiple times  inquest hears,CBC,https://www.cbc.ca/news/canada/saskatchewan/man-shot-multiple-times-inquest-hears-1.570402
V1-0421,RCMP officer who shot Sanirajak man tells inquest he feared for his life,CBC,https://www.cbc.ca/news/canada/north/jeremy-nuvviaq-inquest-sanirajak-rcmp-shooting-1.6369780
V2-0837,Better first aid training called for,Vancouver Sun,https://www.proquest.com/canadiannews/docview/1757188297/D8556BED2A64E5DPQ/5?accountid=14771&sourcetype=Newspapers
V1-0332,Jermaine Carby's family suing Peel police for $12 million,Mississauga News,https://www.mississauga.com/news/crime/jermaine-carby-s-family-suing-peel-police-for-12-million/article_1c73e228-b355-51d5-8d8d-ffc590dbb6a2.html
V2-0766,Man dies in Surrey RCMP holding cell,CBC,https://www.cbc.ca/news/canada/british-columbia/man-dies-in-surrey-rcmp-holding-cell-1.688379
V1-0088,Cop fired to save partner  court told: Officer shot man wielding knives 10 times in back: [FINAL C Edition],The Province,https://www.proquest.com/canadiannews/docview/269434447/5EEAF77600804313PQ/2?accountid=14771&sourcetype=Newspapers
V1-0615,Man shot dead by Winnipeg police after officer stabbed in throat,Global News,https://globalnews.ca/news/10886569/winnipeg-police-shooting/
V1-0083,Police chiefs launch Taser probe: Deadly incidents prompt 'unique' review,Kingston Whig-Standard,https://www.proquest.com/canadiannews/docview/352743309/8918D4395BD64E1APQ/37?accountid=14771&sourcetype=Newspapers
V2-0696,Inquest into 2019 Randy Wolfe death taking place in July,Global News,https://globalnews.ca/news/8933743/inquest-2019-randy-wolfe-death-july/
V1-0506,Lawsuit alleges RCMP misconduct in death of Whistler business owner,The Vancouver Sun,https://vancouversun.com/news/local-news/lawsuit-alleges-rcmp-misconduct-in-death-of-whistler-business-owner
V2-0775,Delay before prisoner found dead  inquest hears,Kingston Whig-Standard,https://www.proquest.com/canadiannews/docview/2210648358/C7336418B72C4435PQ/2?accountid=14771&sourcetype=Newspapers
V1-0145,Ont. man held pellet gun  knives before police shot him: witness,CBC,https://www.cbc.ca/news/canada/ottawa/ont-man-held-pellet-gun-knives-before-police-shot-him-witness-1.678604
V1-0012,Burnaby man dies in police car after bizarre behaviour,Vancouver Sun,https://www.proquest.com/canadiannews/docview/242708866/A773E5184F984802PQ/9?accountid=14771&sourcetype=Newspapers
V1-0425,Families criticizing Quebec's police watchdog for lack of transparency,The Globe and Mail,https://www.theglobeandmail.com/news/national/families-criticizing-quebecs-police-watchdog-for-lack-of-transparency/article37930729/
V1-0411,Calgary officer cleared in fatal 2016 shooting of woman with knife,Calgary Sun,https://calgarysun.com/news/crime/police-watchdog-clears-calgary-police-officer-in-fatal-november-2016-shooting
V2-0740,Officer defends arrest of alcoholic woman; Fatality inquiry looking into jail cell suicide,Calgary Herald,https://www.proquest.com/canadiannews/docview/245566595/255481DE70364F3DPQ/3?accountid=14771&sourcetype=Newspapers
V2-0690,No charges against Prince George  B.C.  Mountie over 2020 death of Indigenous man,CBC,https://www.cbc.ca/news/canada/british-columbia/no-charges-against-prince-george-mountie-indigenous-man-s-death-1.6994743
V1-0616,Death of Cold Lake First Nations man by RCMP shakes First Nation says chief,APTN News,https://www.aptnnews.ca/national-news/death-of-cold-lake-first-nations-man-by-rcmp-shakes-first-nation-says-chief/
V1-0225,SIU investigates fatal shooting in Northern Ontario,The Globe and Mail,https://www.theglobeandmail.com/news/national/siu-investigates-fatal-shooting-in-northern-ontario/article4318515/
V1-0543,Family of Quebec Black man killed by police wants answers,Peterborough Examiner,https://www.proquest.com/canadiannews/docview/2557379063/DFE21E03147740E4PQ/57?accountid=14771&sourcetype=Newspapers
V1-0082,One shot  1 000 doubts,The Globe and Mail,https://www.theglobeandmail.com/news/national/one-shot-1000-doubts/article1003288/
V1-0410,Regional Coroner launches inquest into 2016 death of 45-year-old Nipigon Ont.  man,CBC,https://www.cbc.ca/news/canada/thunder-bay/regional-coroner-inquest-nipigon-man-1.5612965
V1-0421,Coroner's inquest rules Sanirajak police shooting a homicide,CBC,https://www.cbc.ca/news/canada/north/jeremy-nuvviaq-inquest-homicide-1.6372014
V1-0332,Jermaine Carby's family wants answers in traffic stop death,CBC,https://www.cbc.ca/news/canada/toronto/jermaine-carby-s-family-wants-answers-in-traffic-stop-death-1.2784585
V1-0143,Man with axe rushed cops  inquest hears,Stoney Creek News,https://www.thespec.com/news/hamilton-region/man-with-axe-rushed-cops-inquest-hears/article_47da4dc6-b103-5da2-9c40-b8bdb875c393.html
V1-0479,From terror to tragedy: Witness describes events leading up to police shooting,CBC,https://www.cbc.ca/news/canada/manitoba/police-shooting-witness-risbey-1.5035063
V1-0919,Toronto officer has manslaughter charge downgraded in Chadd Facey death after 'Kijiji deal gone bad',Toronto Star,https://www.thestar.com/news/gta/toronto-officer-has-manslaughter-charge-downgraded-in-chadd-facey-death-after-kijiji-deal-gone-bad/article_aa4020ae-7062-11ef-9715-9f3dcfc58de4.html
V1-0550,Friends of man killed by Sask. RCMP in Montreal Lake Cree Nation call for justice,CBC,https://www.cbc.ca/news/canada/saskatchewan/dillon-mcdonald-rcmp-shooting-friends-justice-1.6289116
V1-0269,Markham man killed by police identified,CBC,https://www.cbc.ca/news/canada/toronto/markham-man-killed-by-police-identified-1.1041929
V1-0279,UPDATE: Inquest will review police killing of Phonesay Chanthachack,Stoney Creek News,https://www.thespec.com/news/crime/update-inquest-will-review-police-killing-of-phonesay-chanthachack/article_2ef473d5-0542-5d5c-8d12-21becc641820.html
V1-0376,Mourning girlfriend questions SIU account of killing,Toronto Star,https://www.thestar.com/news/gta/mourning-girlfriend-questions-siu-account-of-killing/article_3175184a-1b5c-567f-be8f-43c5227caaf7.html
V1-0365,Vancouver police officer tells inquest he punched Myles Gray as hard as he could,Prince George Citizen,https://www.princegeorgecitizen.com/bc-news/vancouver-police-officer-tells-inquest-he-punched-myles-gray-as-hard-as-he-could-6874989
V1-0174,More forensic tests ordered on Ontario Taser victim,Ottawa Citizen,https://www.proquest.com/canadiannews/docview/241188751/6E7C8A9327A54475PQ/20?accountid=14771&sourcetype=Newspapers
V1-0331,Regional district taking no action on coroner's inquest recommendation,Prince George Citizen,https://www.princegeorgecitizen.com/local-news/regional-district-taking-no-action-on-coroners-inquest-recommendation-3740745
V1-0506,Coroner's inquest into Whistlerite's police-involved death set for December,Pique Newsmagazine,https://www.piquenewsmagazine.com/local-news/coroners-inquest-whistler-rcmp-jason-koehler-9722856
V2-0950,Man dies in RCMP custody: Police arrested 30-year-old for assault  being drunk,The Province,https://www.proquest.com/canadiannews/docview/269438821/D331290309994DACPQ/17?accountid=14771&sourcetype=Newspapers
V1-0303,Inquest begins into Prince Albert police shooting of man,Global News,https://globalnews.ca/news/1551811/inquest-begins-into-prince-albert-police-shooting-of-man/
V1-0656,Inquest called into death in custody,Winnipeg Free Press,https://www.proquest.com/canadiannews/docview/2547884098/DFE21E03147740E4PQ/49?accountid=14771&sourcetype=Newspapers
V1-0266,Suspect went into medical distress: SIU,Mississauga News,https://www.mississauga.com/news/suspect-went-into-medical-distress-siu/article_2731885b-0abd-51c6-a378-d821c706dac4.html
V1-0081,Front-line police should have Tasers  says jury,Nanaimo Daily News,https://www.proquest.com/canadiannews/docview/361567621/7C33584FEF744E88PQ/15?accountid=14771
V1-0028,Victim's death a 'surprise',Regina Leader-Post,https://www.proquest.com/canadiannews/docview/349720482/62FB8D79DFF6422CPQ/1?accountid=14771&sourcetype=Newspapers
V1-0499,Investigation into January's fatal police-involved shooting in Mississauga still ongoing,INsauga,https://www.insauga.com/investigation-into-januarys-fatal-police-involved-shooting-in-mississauga-still-ongoing/
V1-0449,Inquest jury rules Couvrette death an accident,BayToday,https://www.baytoday.ca/local-news/inquest-jury-rules-couvrette-death-an-accident-6152387
V1-0212,RCMP shooting inquest revelations shock victim's family,CBC,https://www.cbc.ca/news/canada/british-columbia/rcmp-shooting-inquest-revelations-shock-victim-s-family-1.1122665
V1-0162,Man shot by police in Oakville  Ont.  had recently moved from B.C.,Nelson Daily News,https://www.proquest.com/canadiannews/docview/357590010/D3F6C0D060374446PQ/15?accountid=14771&sourcetype=Newspapers
V1-0433,Alberta RCMP acted reasonably in 2017 shooting death: ASIRT,Global News,https://globalnews.ca/news/5678973/whitefish-lake-first-nation-fatal-death-rcmp-asirt/
V2-0818,Inmate death inquest hears about heart stopping in cell,paNOW,https://panow.com/2014/08/12/inmate-death-inquest-hears-about-heart-stopping-in-cell/
V1-0062,Cocaine psychosis blamed for death,Times-Colonist,https://www.proquest.com/canadiannews/docview/347949441/11408CE4FB2444D0PQ/1?accountid=14771
V2-0792,Inquiry into missing and murdered indigenous women heads to Nova Scotia,Lethbridge News Now,https://lethbridgenewsnow.com/2017/10/29/inquiry-into-missing-and-murdered-indigenous-women-heads-to-nova-scotia/
V1-0506,Jury offers recommendations following coroner's inquest into Whistlerite's police-involved death,Pique Newsmagazine,https://www.piquenewsmagazine.com/local-news/jason-koehler-coroners-inquest-verdict-9963694
V1-0263,OPP officer shot by cop firearm,Windsor Star,https://www.proquest.com/canadiannews/docview/873836641/6E8CD0BBCFCB44E6PQ/6?accountid=14771&sourcetype=Newspapers
V1-0583,Man who killed SQ officer in Louiseville began showing problems in 2012,Montreal Gazette,https://www.montrealgazette.com/news/provincial-news/article39707.html
V2-0845,Beverly Elanik  Inuvik woman who died in RCMP custody  died of natural causes  inquest finds,CBC,https://www.cbc.ca/news/canada/north/coroners-inquest-beverly-elanik-1.4346972
V1-0440,Shots fired at Brydon Whitstone by officer even as fellow Mountie was nearby: inquest witness,CBC,https://www.cbc.ca/news/canada/saskatoon/whitstone-rcmp-shooting-inquest-1.4933377
V1-0424,Nunavik stabbing survivors recover in Montreal,Nunatsiaq News,https://nunatsiaq.com/stories/article/65674akulivik_stabbing_survivors_recover_in_montreal/
V1-0513,'Death by RCMP' a common but complex thing in Nunavut  says NDP MP Qaqqaq,APTN News,https://www.aptnnews.ca/national-news/death-by-rcmp-a-common-but-complex-thing-in-nunavut-says-ndp-mp-qaqqaq/
V2-0779,Inquest starts today; Died in APD custody in 2008,Abbotsford Times,https://www.proquest.com/canadiannews/docview/761018697/830F9E0F5CDE4047PQ/7?accountid=14771
V1-0399,'She's gone too soon': Oneida honours Debra Chrisjohn in MMIWG vigil,CBC,https://www.cbc.ca/news/canada/london/oneida-nation-of-the-thames-debra-chrisjohn-1.4851537
V1-0284,Igloolik boy  8  still afraid of RCMP after witnessing police shooting in 2012,CBC,https://www.cbc.ca/news/canada/north/felix-taqqaugaq-day-4-coroner-s-inquest-1.3839015
V1-0291,Man shot dead by Alberta RCMP,CBC,https://www.cbc.ca/news/canada/edmonton/man-shot-dead-by-alberta-rcmp-1.1196927
V1-0583,Coroner issues report into 'avoidable' killings of Quebec police sergeant  assailant,The Globe and Mail,https://www.theglobeandmail.com/canada/article-coroner-issues-report-into-avoidable-killings-of-quebec-police/
V1-0307,MANDEL: Family still grieving as inquest into teen's 2013 police shooting on TTC streetcar begins,Toronto Sun,https://torontosun.com/news/local-news/mandel-family-still-grieving-as-inquest-into-teens-2013-police-shooting-on-ttc-streetcar-begins
V1-0180,Inquest called into death of Craig McDougall,Winnipeg Sun,https://winnipegsun.com/2013/08/08/inquest-called-into-death-of-craig-mcdougall
V1-0517,Identities of officers involved in death of Mississauga father Ejaz Choudry to be made public  court rules,CTV,https://www.ctvnews.ca/toronto/article/identities-of-officers-involved-in-death-of-mississauga-father-ejaz-choudry-to-be-made-public-court-rules/
V1-0142,Shooting shocks family; Special Investigations Unit probes police killing of Windsor man,Windsor Star,https://www.proquest.com/canadiannews/docview/254732739/C6D15E326E934070PQ/1?accountid=14771&sourcetype=Newspapers
V1-0206,Interviews still needed in SIU probe,Brockville Recorder and Times,https://www.proquest.com/canadiannews/docview/2202482518/D3FF60126CD84858PQ/22?accountid=14771&sourcetype=Newspapers
V1-0112,Man shot in back of head  RCMP shooting inquest told,CBC,https://www.cbc.ca/news/canada/british-columbia/man-shot-in-back-of-head-rcmp-shooting-inquest-told-1.651690
V1-0658,Toronto Pearson: Police reveal what led to fatal shooting of 30-year-old at the airport,National Post,https://nationalpost.com/news/canada/toronto-pearson-airport-shooting
V1-0479, Winnipeg police shooting victim identified,Winnipeg Free Press,https://www.winnipegfreepress.com/breakingnews/2019/02/25/police-shooting-victim-identified
V1-0489,Man killed by RCMP officer in Truro identified as Mitchell Speight,PNI Atlantic News,https://www.saltwire.com/atlantic-canada/man-killed-by-rcmp-officer-in-truro-identified-as-mitchell-speight-340962
V1-0033,Manitoba chiefs call for probe of shooting,Guelph Mercury-Tribune,https://www.proquest.com/canadiannews/docview/355756703/E6EF58EC833C43DAPQ/2?accountid=14771&sourcetype=Newspapers
V1-0207,PTSD a real problem for cops,Barrie Advance,https://www.simcoe.com/news/ptsd-a-real-problem-for-cops/article_b0659a65-f060-52b5-ad62-734b5456665d.html
V1-0278,Police shootings inquest: Delusional  depressed Michael Eligon was paranoid in final days  inquest hears,Toronto Star,https://www.thestar.com/news/crime/police-shootings-inquest-delusional-depressed-michael-eligon-was-paranoid-in-final-days-inquest-hears/article_53b76614-78ad-55b8-925c-e5ba07967e9a.html
V1-0072,Shooting victim had dark side  mourners told during funeral,Saskatoon StarPhoenix,https://www.proquest.com/canadiannews/docview/348726707/18888437A7C848C0PQ/3?accountid=14771&sourcetype=Newspapers
V1-0105,Ontario man  39  dies after taser used in arrest,The Globe and Mail,https://www.theglobeandmail.com/news/national/ontario-man-39-dies-after-taser-used-in-arrest/article18240067/
V1-0579,Estranged daughters of Vaughan condo gunman say he was 'abusive husband and father',CBC,https://www.cbc.ca/news/canada/toronto/vaughan-condo-gunman-daughters-1.6693541
V1-0608,Mother of slain Indigenous Campbell Riverite demands federal inquiry,Campbell River Mirror,https://www.proquest.com/canadiannews/docview/3119634071/A1239D9A97E0482BPQ/30?accountid=14771&sourcetype=Blogs,%20Podcasts,%20&%20Websites
V1-0567,Shooting of machete-wielding man by Windsor police not excessive  says SIU,The Windsor Star,https://windsorstar.com/news/local-news/shooting-of-machete-wielding-man-by-windsor-police-not-excessive-says-siu
V1-0197,Investigation clears Ottawa police in shooting of man with fake gun,CBC,https://www.cbc.ca/news/canada/ottawa/investigation-clears-ottawa-police-in-shooting-of-man-with-fake-gun-1.845061
V1-0592,Crown to consider charging RCMP officer who fatally shot suspected car thief in Revelstoke  B.C.,CTV,https://www.ctvnews.ca/vancouver/article/iio-refers-fatal-2023-revelstoke-rcmp-shooting-to-crown-for-consideration-of-charges/
V1-0561,Saanich bank heist brothers sampled Canadian military  never served: CAF,Victoria News,https://www.vicnews.com/news/saanich-bank-heist-brothers-sampled-canadian-military-never-served-caf/
V1-0671,ASIRT investigating death of a man in Grande Prairie RCMP custody,Daily Herald Tribune,https://www.dailyheraldtribune.com/news/asirt-investigating-death-of-a-man-in-grande-prairie-rcmp-custody
V1-0164,soldier shot by police had pellet gun: source,Winnipeg Free Press,https://www.winnipegfreepress.com/historic/2007/12/19/ex-soldier-shot-by-police-had-pellet-gun-source
V1-0423,Man wanted on gun  coke charges in Vaughan shot dead in Ottawa gun fight,Vaughan Citizen,https://www.yorkregion.com/news/crime/man-wanted-on-gun-coke-charges-in-vaughan-shot-dead-in-ottawa-gun-fight/article_bb01eff6-b6c7-59ec-89fc-e2ed5422e18e.html
V1-0542,Crown declines to prosecute RCMP officers who killed man in 2021,CBC,https://www.cbc.ca/news/canada/british-columbia/jared-lowndes-crown-charges-dropped-1.7182836
V2-0785,Man in police custody at Comox hospital died of natural causes -- inquest,Courtenay Comox Valley Record,https://www.proquest.com/canadiannews/docview/1012411590/921FC765C0CE41FDPQ/6?accountid=14771&sourcetype=Newspapers
V1-0557,Inquest scheduled for Sask. man killed in shootout with RCMP,CTV,https://www.ctvnews.ca/saskatoon/article/inquest-scheduled-for-sask-man-killed-in-shootout-with-rcmp/
V1-0367,Man shot dead by police 'waving his weapon around': source - Winnipeg Free Press,Winnipeg Free Press,https://www.winnipegfreepress.com/breakingnews/2015/09/21/police-probe-officer-involved-shooting-north-of-winnipeg
V1-0091,Officer cleared in fatal shooting: Victim's wife agrees with decision,Calgary Herald,https://www.proquest.com/canadiannews/docview/245297034/3DBD81D6F72D4773PQ/7?accountid=14771&sourcetype=Newspapers
V1-0076,11 SIU officers probe fatal shooting: [North York Mirror Edition],North York Mirror,https://www.proquest.com/canadiannews/docview/362162443/D6E1FE69878F4B9FPQ/3?accountid=14771&sourcetype=Newspapers
V1-0487,SIU investigating fatal police shooting in Peterborough,CBC,https://www.cbc.ca/news/canada/toronto/siu-peterborough-shooting-death-1.5223093
V1-0484,Fiance of man shot by police questions why officer used lethal force,Regina Leader-Post,https://leaderpost.com/news/local-news/fiancee-of-man-shot-by-regina-police-questions-why-officer-used-lethal-force
V1-0160,Autopsy fails to find cause of death in Taser incident,CBC,https://www.cbc.ca/news/canada/british-columbia/autopsy-fails-to-find-cause-of-death-in-taser-incident-1.677260
V1-0436,Judge recommends province cover cost of lawyers for families of deceased at inquests - Winnipeg Free Press,Winnipeg Free Press,https://www.winnipegfreepress.com/breakingnews/2024/08/01/judge-recommends-province-cover-cost-of-lawyers-for-families-of-deceased-at-inquests
V1-0076,SIU ends probe: [North York Mirror Edition],North York Mirror,https://www.proquest.com/canadiannews/docview/362163163/D6E1FE69878F4B9FPQ/4?accountid=14771&sourcetype=Newspapers
V1-0557,Trent Angus's death deemed a homicide in Coroner's Inquest,SaskToday,https://www.sasktoday.ca/north/battlefords-news-optimist/trent-anguss-death-deemed-a-homicide-in-coroners-inquest-10230463
V2-0823,Autopsy: Painkiller caused P.A. in-custody death,paNOW,https://panow.com/2014/12/03/autopsy-painkiller-caused-p-a-in-custody-death/
V1-0521,Family of Eastern Passage man shot dead by police says he was holding a pellet gun,Halifax Examiner,https://www.halifaxexaminer.ca/policing/family-of-eastern-passage-man-shot-dead-by-police-says-he-was-holding-a-pellet-gun/
V2-0781,Peel officers cleared in man's death,Toronto Star,https://www.thestar.com/news/crime/peel-officers-cleared-in-mans-death/article_0de14fae-c535-574f-b42f-92ae437edb6f.html
V1-0046,Police-related deaths in Nunavut nine times higher than in Ontario,Toronto Star,https://www.thestar.com/news/investigations/police-related-deaths-in-nunavut-nine-times-higher-than-in-ontario/article_8eba6f87-4331-52e7-89ed-92636c120017.html
V2-0806,Killed-by-cop probe done: Prosecutors now hold file on Montreal double-shooting,Global News,https://globalnews.ca/news/170143/killed-by-cop-probe-done-prosecutors-now-hold-file-on-montreal-double-shooting-2/
V1-0139,Final two shots were fatal in frenzied chase  inquest hears,The Globe and Mail,https://www.theglobeandmail.com/news/national/final-two-shots-were-fatal-in-frenzied-chase-inquest-hears/article1089549/
V2-0780,Inquest launched into Port Hope cell death of Darryl Thompson,Northumberland News,https://www.northumberlandnews.com/news/inquest-launched-into-port-hope-cell-death-of-darryl-thompson/article_2d277b0d-cbb1-5db9-80ed-e17867680370.html
V1-0589,Family holds vigil for man killed by police officers; 'Loved' grandfather was shot dead during chase on roadway last year,Calgary Herald,https://www.proquest.com/canadiannews/docview/3062314896/DFE21E03147740E4PQ/48?accountid=14771&sourcetype=Newspapers
V2-0899,Crown claims deadly prisoner beating was so loud it could be heard on jail's lower floor,CBC,https://www.cbc.ca/news/canada/london/london-jail-employees-adam-kargus-trial-1.4979574
V2-0850,IIO to probe teen's death,Times-Colonist,https://www.proquest.com/canadiannews/docview/1800420177/7D6CDABE33CB4A1APQ/5?accountid=14771&sourcetype=Newspapers
V1-0126,Partner who shot teen 'saved my life ' officer says,The Globe and Mail,https://www.theglobeandmail.com/news/national/partner-who-shot-teen-saved-my-life-officer-says/article18165933/
V1-0218,Coroner orders Wilcox shooting inquest,North Shore News,https://www.nsnews.com/local-news/coroner-orders-wilcox-shooting-inquest-2915833
V2-0737,Fatality inquiry underway; Police witnesses testify woman in cell seemed to be breathing OK before death,Daily Herald-Tribune,https://www.proquest.com/canadiannews/docview/2171982689/142730199F3D4CBAPQ/4?accountid=14771
V1-0440,Passenger in vehicle with Whitstone when he died testifies in inquest,CTV,https://www.ctvnews.ca/saskatoon/article/passenger-in-vehicle-with-whitstone-when-he-died-testifies-in-inquest/
V1-0550,McDonald death inquest rescheduled to March,paNOW,https://panow.com/2025/02/05/mcdonald-death-inquest-rescheduled-to-march/
V1-0633,York police officer whose vehicle struck  killed woman gets 8-month sentence,East Gwillimbury Express,https://www.yorkregion.com/news/crime/york-police-officer-whose-vehicle-struck-killed-woman-gets-8-month-sentence/article_35c1ff68-d485-5b23-830e-cc539af8f752.html
V1-0548,Parents of man fatally shot by London police want answers after charges cleared,Global News,https://globalnews.ca/news/8956300/justin-bourassa-parents-london-police-shooting-questions/
V1-0174,Taser victim had checkered past; Jeffrey Mark Marreel Was Previously Arrested For Assaulting a Peace Officer,Simcoe Reformer,https://www.proquest.com/canadiannews/docview/2171446937/6E7C8A9327A54475PQ/1?accountid=14771&sourcetype=Newspapers
V1-0399,Crown withdraws charges against OPP constable in 2016 death of Indigenous woman,The London Free Press,https://lfpress.com/2017/11/28/charges-against-opp-officer-dropped-in-death-of-local-woman-debra-chrisjohn
V1-0141,Killer to be stopped meds  but home didn't consult MD,Winnipeg Free Press,https://www.winnipegfreepress.com/local/2011/04/08/killer-to-be-stopped-meds-but-home-didnt-consult-md
V1-0608,Mother of man killed by police joins call for inquiry into systemic racism,Edmonton Journal,https://www.proquest.com/canadiannews/docview/3141285561/DFE21E03147740E4PQ/8?accountid=14771&sourcetype=Newspapers
V1-0401,CLAIRMONT: Officer of SIU probe has heavy burden,Burlington Post,https://www.insidehalton.com/news/crime/clairmont-officer-of-siu-probe-has-heavy-burden/article_cee80feb-cd26-5ce8-b226-9031ade1f32c.html?
V1-0471,Coroner's inquest rules police fatally shooting man in Mill Bay was a homicide,CHEK News,https://cheknews.ca/coroners-inquest-rules-police-fatally-shooting-man-in-mill-bay-was-a-homicide-1202053/
V1-0395,SIU investigating after Ottawa man taken to hospital critically injured following arrest,CBC,https://www.cbc.ca/news/canada/ottawa/siu-investigate-hilda-street-arrest-hospital-1.3693073
V1-0069,RCMP officer  suspect killed in stand-off,The Globe and Mail,https://www.theglobeandmail.com/news/national/rcmp-officer-suspect-killed-in-stand-off/article1128416/
V1-0116,Suicide not a factor in police shooting: victim's family,CBC,https://www.cbc.ca/news/canada/manitoba/suicide-not-a-factor-in-police-shooting-victim-s-family-1.559477
V1-0392,Inquest into 2016 death of B.C. man shot by police postponed indefinitely due to COVID-19 measures,CBC,https://www.cbc.ca/news/canada/british-columbia/inquest-examine-2016-death-craig-ford-1.5420835
V2-0945,OPP officer demoted for failing to respond to dying woman's 911 call,CBC,https://www.cbc.ca/news/canada/ottawa/opp-const-david-dionne-demoted-911-call-1.4127372
V1-0628,Date set for inquest into death of woman in holding cell at Niagara police headquarters,Niagara This Week,https://www.niagarathisweek.com/news/niagara-region/date-set-for-inquest-into-death-of-woman-in-holding-cell-at-niagara-police-headquarters/article_13624c2d-9edc-5185-b4fa-da5d432aa988.html
V1-0472,Ontario officers arrive in Corner Brook to probe police shooting of Jorden McKay,CBC,https://www.cbc.ca/news/canada/newfoundland-labrador/jorden-mckay-police-shooting-1.4925396
V1-0421,Inquest to begin into death of Nunavut killed by RCMP in 2017,The Globe and Mail,https://www.theglobeandmail.com/canada/article-inquest-to-begin-into-death-of-nunavut-man/
V1-0633,Crown appeals acquittal of York cop whose vehicle hit  killed pedestrian,East Gwillimbury Express,https://www.yorkregion.com/news/crime/crown-appeals-acquittal-of-york-cop-whose-vehicle-hit-killed-pedestrian/article_a7772050-8ca0-58f4-b95c-6963380eed3f.html
V1-0517,Family of 62-year-old schizophrenic man who died during police shooting call for inquiry,National Post,https://nationalpost.com/news/family-of-62-year-old-man-who-died-after-police-shooting-call-for-inquiry
V1-0318,Family still seeking answers,PNI Atlantic News,https://www.saltwire.com/atlantic-canada/family-still-seeking-answers-42754
V1-0112,RCMP works to rebuild image in B.C.,Toronto Star,https://www.thestar.com/news/canada/rcmp-works-to-rebuild-image-in-b-c/article_65f372f6-e11c-5fd6-90ea-2ea0a659b003.html
V1-0515,Police commission clears officer in B.C. woman's shooting death,Trail Times,https://www.trailtimes.ca/news/police-commission-clears-officer-in-b-c-womans-shooting-death-5062496
V1-0077,Best force is no force,Times-Colonist,https://www.proquest.com/canadiannews/docview/347991310/33F85CB0C2724DBCPQ/44?accountid=14771&sourcetype=Newspapers
V2-0950,New Year's death remains a mystery to family,The Globe and Mail,https://www.theglobeandmail.com/news/national/new-years-death-remains-a-mystery-to-family/article18174532/
V2-0783,Police  paramedics sued after man dies,Times-Colonist,https://www.proquest.com/canadiannews/docview/759726134/DBD2647494734217PQ/4?accountid=14771&sourcetype=Newspapers
V2-0829,Creighton death inquest looks into in-custody seizure,paNOW,https://panow.com/2014/10/20/creighton-death-inquest-looks-into-in-custody-seizure/
V1-0093,SIU investigating death of man  37  in custody,The Globe and Mail,https://www.proquest.com/canadiannews/docview/383722124/D1A9649243584495PQ/2?accountid=14771&sourcetype=Newspapers
V1-0339,Family of mentally ill man shot by Vancouver police sues city,CBC,https://www.cbc.ca/news/canada/british-columbia/tony-du-vancouver-police-civil-suit-1.3975168
V1-0624,'This shouldn't have happened': Vigil honours woman fatally struck by Winnipeg police cruiser,CBC,https://www.cbc.ca/news/canada/manitoba/vigil-tammy-bateman-struck-by-winnipeg-police-officer-1.7313928
V1-0675,SIU clears police officer in truck crash: Driver of stolen car died during chase,Ottawa Citizen,https://www.proquest.com/canadiannews/docview/240486974/EF182F438D3F4D06PQ/27?accountid=14771&sourcetype=Newspapers
V1-0598,'He deserved help': Kitchener man speaks out after his brother dies in police-involved shooting,CBC,https://www.cbc.ca/news/canada/kitchener-waterloo/kitchener-man-shot-killed-siu-investigation-mental-health-family-1.7120295
V1-0618,'I miss my dad': Family says goodbye to Abisay Cruz  died following Montreal police intervention,CityNews,https://montreal.citynews.ca/2025/05/02/public-coroner-inquiry-montrealer-police-intervention/
V1-0658,WARMINGTON: Man fatally shot by cops for pointing a gun had done this before,The Toronto Sun,https://torontosun.com/news/local-news/warmington-man-fatally-shot-by-cops-for-pointing-a-gun-had-done-this-before
V2-0848,Coroner's inquest into death of man in RCMP cell hears sister's testimony on day one,CBC,https://www.cbc.ca/news/canada/north/adla-pudlat-rcmp-coroners-inquest-1.5340217
V1-0415,Police shooting of homeless man in 2017 was justified: Crown,Montreal Gazette,https://www.montrealgazette.com/news/article205127.html
V1-0490,UPDATE: Family of B.C. man killed by cop appeals to Attorney General for help,Abbotsford News,https://www.abbynews.com/news/family-of-maple-ridge-man-killed-by-cop-appeals-to-attorney-general-for-help-1810988
V1-0284,Nunavut coroner's office to hold inquest into shooting death of Igloolik man,Nunatsiaq News,https://nunatsiaq.com/stories/article/65674coroners_office_to_hold_inquest_into_shooting_death_of_igloolik_man/
V1-0060,'It was ... him or me ' officer says,Edmonton Journal,https://www.proquest.com/canadiannews/docview/253222595/3DBD81D6F72D4773PQ/6?accountid=14771&sourcetype=Newspapers
V1-0618,Family of man who died after Montreal police intervention calls for public coroner's inquiry,CBC,https://www.cbc.ca/news/canada/montreal/family-coroners-inquiry-montreal-police-1.7516854
V1-0332,Christie Blatchford: Police shooting victim's family 'disgusted' by officer's lack of remorse at inquest,National Post,https://nationalpost.com/opinion/christie-blatchford-family-of-police-shooting-victims-family-disgusted-by-officers-lack-of-remorse-at-inquest
V1-0276,RCMP officers acted appropriately in shooting of Onoway man  judge rules,CBC,https://www.cbc.ca/news/canada/edmonton/rcmp-officers-acted-appropriately-in-shooting-of-onoway-man-judge-rules-1.2950967
V1-0540,Man shot and killed by police near Cold Lake; police dog injured,Calgary Herald,https://calgaryherald.com/news/local-news/man-shot-and-killed-by-police-near-cold-lake-police-dog-injured/wcm/f64e4d23-fdb4-45a7-a795-9b04c5aa0e68
V1-0184,Calgary police cleared in shooting death of armed man,CBC,https://www.cbc.ca/news/canada/calgary/calgary-police-cleared-in-shooting-death-of-armed-man-1.817528
V1-0399,Appeal Court overturns one of London officer's two convictions in woman's death,The London Free Press,https://lfpress.com/news/local-news/appeal-court-overturns-one-of-london-cops-two-convictions-in-womans-death
V1-0053,Coroner's jury probes man's death,The Province,https://www.proquest.com/canadiannews/docview/269442272/F6C295BF846B465DPQ/1?accountid=14771&sourcetype=Newspapers
V1-0333,Sister of BC man killed in police manhunt sues over lethal force,Vancouver Sun,https://vancouversun.com/news/local-news/sister-of-b-c-man-killed-in-police-manhunt-sues-over-use-of-lethal-force
V1-0535,Family seeks justice as Saskatchewan Mountie goes to trial for first-degree murder,The Globe and Mail,https://www.theglobeandmail.com/canada/article-family-seeks-justice-as-saskatchewan-mountie-goes-to-trial-for-first/
V1-0265,Inquest into death of machete wielding man concludes with no recommendations,The Globe and Mail,https://www.theglobeandmail.com/news/british-columbia/inquest-into-death-of-machete-wielding-man-concludes-with-no-recommendations/article4456809/
V1-0515,Chantel Moore shot by N.B. police officer in chest  abdomen and leg  inquest hears,CTV,https://www.ctvnews.ca/atlantic/article/chantel-moore-shot-by-nb-police-officer-in-chest-abdomen-and-leg-inquest-hears/
V1-0118,No choice but to shoot: judge,Winnipeg Free Press,https://www.proquest.com/canadiannews/docview/752238808/F2EBE71DB38F412FPQ/2?accountid=14771&sourcetype=Newspapers
V1-0418,Parents of man killed by Montreal police in 2017 want case reopened,CBC,https://www.cbc.ca/news/canada/montreal/koray-kevin-celik-parents-asking-reopening-case-1.7331278
V1-0270,Man fatally shot by police had criminal history,CBC,https://www.cbc.ca/news/canada/calgary/man-fatally-shot-by-police-had-criminal-history-1.994195
V1-0465,No charges laid against police officers in Nicholas Gibbs shooting,CBC,https://www.cbc.ca/news/canada/montreal/no-charges-laid-police-nicholas-gibbs-1.6285557
V2-0938,Suicide or desperate cry for help? Inquest jury begins deliberations,Ottawa Citizen,https://www.pressreader.com/canada/ottawa-citizen/20181215/283437782597744
V2-0779,Coroner's inquest into Abby in-custody death; Woman was 'sleeping off the effects of alcohol',Abbotsford Times,https://www.proquest.com/canadiannews/docview/751484921/830F9E0F5CDE4047PQ/1?accountid=14771&sourcetype=Newspapers
V1-0424,Quebec's tight-knit north pulls together to support Inuit village in wake of slayings,CBC,https://www.cbc.ca/news/canada/montreal/akulivik-community-support-1.4161463
V1-0440,Saskatchewan RCMP shoot and kill man in North Battleford,CTV,https://www.ctvnews.ca/canada/article/saskatchewan-rcmp-shoot-and-kill-man-in-north-battleford/
V2-0800,Stanley Robillard inquest hears how man failed by system,CBC,https://www.cbc.ca/news/canada/saskatoon/stanley-robillard-inquest-hears-how-man-failed-by-system-1.2461585
V2-0831,Members of Alyssa George's family question RCMP response at inquest into in-custody death,CBC,https://www.cbc.ca/news/canada/british-columbia/members-of-alyssa-george-s-family-question-rcmp-response-at-inquest-into-in-custody-death-1.3282911
V1-0298,SIU clears OPP in fatal shooting of man in Kawartha Lakes area,CTV,https://www.ctvnews.ca/toronto/article/siu-clears-opp-in-fatal-shooting-of-man-in-kawartha-lakes-area/
V1-0127,Death in custody,The Province,https://www.proquest.com/canadiannews/docview/269440659/53C55A582B26419BPQ/3?accountid=14771&sourcetype=Newspapers
V1-0015,Family mourns a gentle father: Depressed Stittsville man shot dead by police,Ottawa Citizen,https://www.proquest.com/canadiannews/docview/240407860/E257AF53F37D4EA9PQ/9?accountid=14771&sourcetype=Newspapers
V1-0599,Woman widowed in Penbrooke standoff said she thought surrender deal had been reached,Calgary Herald,https://calgaryherald.com/news/local-news/woman-widowed-in-penbrooke-standoff-said-she-thought-surrender-deal-had-been-reached
V1-0517,Report clears Peel police in shooting death of Ejaz Choudry,The Globe and Mail,https://www.theglobeandmail.com/canada/article-report-clears-peel-police-in-shooting-death-of-ejaz-choudry/
V1-0358,'It's hard to know who is covering whose butt' in mass shooting probe: psychologist,PNI Atlantic News,https://www.saltwire.com/nova-scotia/its-hard-to-know-who-is-covering-whose-butt-in-mass-shooting-probe-psychologist-479046
V1-0338,Most people killed in encounters with Edmonton police have mental health problems,CBC,https://www.cbc.ca/news/canada/edmonton/most-people-killed-in-encounters-with-edmonton-police-have-mental-health-problems-1.4603170
V1-0566,Killings blamed on lack of shrinks,Toronto Sun,https://www.proquest.com/canadiannews/docview/2873089436/29DE5D32EBEF4598PQ/67?accountid=14771&sourcetype=Newspapers
V1-0234,Victim in fatal RCMP shooting ID'd,CBC,https://www.cbc.ca/news/canada/british-columbia/victim-in-fatal-rcmp-shooting-id-d-1.973049
V1-0040,Man who died was off meds; Coroner cites excited delirium as cause of death Discounts role of pepper-spraying by police officers: [ONT Edition],Toronto Star,https://www.proquest.com/canadiannews/docview/438792695/1433533E416E437FPQ/1?accountid=14771&sourcetype=Newspapers
V1-0531,Six Seconds  Five Shots. Did Chester Libo-On Have to Die?,The Tyee,https://thetyee.ca/News/2021/09/08/Did-Chester-Libo-On-Have-To-Die/
V1-0445,Quebec coroner releases name of man shot by police in Nunavik,APTN News,https://www.aptnnews.ca/national-news/quebec-coroner-releases-name-man-shot-police-umiujaq/
V1-0658,Man shot dead by police after 'dispute' at Toronto Pearson airport,Global News,https://globalnews.ca/news/11146926/toronto-pearson-airport-incident/
V1-0092,'I did not want to pull the trigger': officer at Dumas inquest,CBC,https://www.cbc.ca/news/canada/manitoba/i-did-not-want-to-pull-the-trigger-officer-at-dumas-inquest-1.728782
V1-0480,'I did everything I believe that I could ' officer tells inquest into deadly B.C. hostage taking,Global News,https://globalnews.ca/news/10430460/hostage-inquest-day-2/
V1-0211,Vancouver police kill knife-wielding man,CBC,https://www.cbc.ca/news/canada/british-columbia/vancouver-police-kill-knife-wielding-man-1.842804
V2-0682,Prince Albert  Sask.  officer charged with criminal negligence in in-custody death,APTN News,https://www.aptnnews.ca/national-news/prince-albert-sask-officer-charged-with-criminal-negligence-in-in-custody-death/
V1-0365,7 Vancouver police officers could face suspension  dismissal in death of Myles Gray,Global News,https://globalnews.ca/news/9548231/myles-gray-vpd-discipline/
V2-0779,Healing ceremony unites Abbotsford Police with family of woman who died in custody,Abbotsford News,https://www.proquest.com/canadiannews/docview/810871203/830F9E0F5CDE4047PQ/6?accountid=14771
V1-0520,Inquest date set for Hamilton man shot dead by police,The Hamilton Spectator,https://www.thespec.com/news/hamilton-region/inquest-date-set-for-hamilton-man-shot-dead-by-police/article_739f157c-69f2-5b79-9923-c6fd48eed27f.html
V1-0429,B.C. Mounties charged with obstruction of justice await verdict,CBC,https://www.cbc.ca/news/canada/british-columbia/mounties-await-obstruction-of-justice-verdict-1.7246594
V1-0316,Mother remembers Ian Pryce  shot by police in 2013 with a pellet gun in his hand,Toronto Star,https://www.thestar.com/news/crime/mother-remembers-ian-pryce-shot-by-police-in-2013-with-a-pellet-gun-in-his/article_a4a2bcb5-ecd1-5ce5-8182-4a10aa0c5b69.html
V2-0679,Group of friends stunned  say they saw police officers punch man lying on ground,CBC,https://www.cbc.ca/news/canada/manitoba/police-investigation-broadway-sherbrook-winnipeg-1.6997221
V1-0187,'How do I tell my kids they have no dad?'; Family seeks answers in arrest involving Taser,Calgary Herald,https://www.proquest.com/canadiannews/docview/243819872/FD295F60742644E7PQ/7?accountid=14771&sourcetype=Newspapers
V2-0732,Inquest report calls for better cell inspections,Winnipeg Free Press,https://www.winnipegfreepress.com/local/2009/05/13/inquest-report-calls-for-better-cell-inspections
V1-0126,Teen was 'running' when officer shot him,The Globe and Mail,https://www.theglobeandmail.com/news/national/teen-was-running-when-officer-shot-him/article18163361/
V1-0599,Man killed in 30-hour Calgary standoff had long criminal history: documents,CTV,https://www.ctvnews.ca/calgary/article/man-killed-in-30-hour-calgary-standoff-had-long-criminal-history-documents/
V2-0860,Thunder Bay police chief tells custody deaths inquest that force lacked compassion,Global News,https://globalnews.ca/news/9245262/thunder-bay-police-chief-custody-deaths-inquest-compassion/
V1-0348,Calgary officers had time to collude after unarmed man was shot in hotel room: family,Calgary Herald,https://www.proquest.com/canadiannews/docview/3121784187/DFE21E03147740E4PQ/31?accountid=14771&sourcetype=Newspapers
V1-0559,Killer who stabbed family was charged with stalking  sexual assault days before attack,CBC,https://www.cbc.ca/news/canada/ottawa/joshua-graves-ottawa-stabbing-shooting-siu-anoka-1.6506396
V1-0267,SIU clears police officers in fatal Carnival shooting,National Post,https://nationalpost.com/posted-toronto/siu-clears-police-officers-in-fatal-carnival-shooting
V1-0341,TTC robbery suspect fatally shot by police was aspiring rapper,Toronto Star,https://www.thestar.com/news/crime/ttc-robbery-suspect-fatally-shot-by-police-was-aspiring-rapper/article_167750d2-a027-5dc0-8faa-d16405735e35.html
V1-0509,Family of teen killed by police taking City of Winnipeg  WPS and its chief to court,Winnipeg Sun,https://www.proquest.com/canadiannews/docview/2613326794/29DE5D32EBEF4598PQ/100?accountid=14771&sourcetype=Blogs,%20Podcasts,%20&%20Websites
V1-0287,Man dead in Ont. police shooting,Toronto Sun,https://torontosun.com/2012/05/02/man-dead-in-ont-police-shooting
V1-0416,Morley killers get 9 years in prison for 'extraordinary crime of violence',CBC,https://www.cbc.ca/news/canada/calgary/morley-bearspaw-stephens-powderface-murder-manslaughter-plea-1.5169947
V2-0827,Nishnawbe-Aski Police ask OPP to investigate death,CBC,https://www.cbc.ca/news/canada/thunder-bay/nishnawbe-aski-police-ask-opp-to-investigate-death-1.1334814
V1-0321,Alain Magloire told police 'go ahead and shoot me ' inquest hears,CBC,https://www.cbc.ca/news/canada/montreal/alain-magloire-told-police-go-ahead-and-shoot-me-inquest-hears-1.2899121
V1-0640,'I had no hand in causing his death': Inquest into immigration detainee's death hears SIU interview with officer,Tribune,https://www.wellandtribune.ca/ts/news/canada/2023/01/17/i-had-no-hand-in-causing-his-death-inquest-into-immigration-detainees-death-hears-siu-interview-with-officer.html
V1-0025,Police facing more unstable suspects  criminologist says,Edmonton Journal,https://www.proquest.com/canadiannews/docview/252801874/6AFEFD5454904B23PQ/23?accountid=14771&sourcetype=Newspapers
V2-0685,N/A,Moose Jaw Today,https://www.moosejawtoday.com/local-news/inquest-to-be-held-into-sudden-death-of-man-in-police-cells-7119626
V1-0425,Man fatally shot by police in Lachine after pursuit,CTV,https://www.ctvnews.ca/montreal/article/man-fatally-shot-by-police-in-lachine-after-pursuit/
V2-0867,"I would like to see a lot of changes made": mother learns details of son's death,paNOW,https://panow.com/2019/12/02/i-would-like-to-see-a-lot-of-changes-made-mother-learns-details-of-sons-death/
V1-0525,OPP officer cleared in 2020 deadly shooting of Collingwood man,CTV,https://www.ctvnews.ca/barrie/article/opp-officer-cleared-in-2020-deadly-shooting-of-collingwood-man/
V1-0087,Inquest rules shooting death a homicide,Prince George Citizen,https://www.proquest.com/canadiannews/docview/361810462/A0B6A32331C94D2EPQ/12?accountid=14771&sourcetype=Newspapers
V1-0101,Officers cleared in shooting deaths,Peterborough Examiner,https://www.proquest.com/canadiannews/docview/354825015/C926DE0A3F3F44ACPQ/1?accountid=14771&sourcetype=Newspapers
V1-0919,Off-duty Toronto cop who tackled Brampton student who later died in Kijiji deal gone bad found guilty of assault,Toronto Star,https://www.thestar.com/news/gta/off-duty-toronto-cop-who-tackled-brampton-student-who-later-died-in-kijiji-deal-gone/article_20f0b2ba-ac57-11ef-a68f-f33cecedb8d5.html
V1-0530,Procession from Toronto to Manitoulin Island held for slain OPP officer,Global News,https://globalnews.ca/news/7478634/opp-officer-marc-hovingh-procession-toronto-manitoulin-island-ontario/
V1-0072,Police defend use of deadly force,Regina Leader-Post,https://www.proquest.com/canadiannews/docview/349785868/18888437A7C848C0PQ/6?accountid=14771&sourcetype=Newspapers
V1-0471,'His eyes seemed wild': Officers in fatal shooting testify at coroners inquest,Prince George Citizen,https://www.princegeorgecitizen.com/bc-news/his-eyes-seemed-wild-officers-in-fatal-shooting-testify-at-coroners-inquest-9168650
V1-0511,Third police shooting in two weeks results in death of 22,Winnipeg Free Press,https://www.winnipegfreepress.com/breakingnews/2020/04/18/third-police-shooting-in-two-weeks-results-in-death-of-22-year-old-man
V1-0333,Family of B.C. man who triggered manhunt say RCMP dismissed pleas for assistance,The Globe and Mail,https://www.theglobeandmail.com/news/british-columbia/family-of-bc-man-who-triggered-manhunt-say-rcmp-dismissed-pleas-for-assistance/article21180635/
V1-0555,No charges in double fatal Edmonton police shooting that left innocent man dead,Global News,https://globalnews.ca/news/10913564/edmonton-police-shooting-february-2022-asirt-report/
V1-0072,Police mum on fatal shooting details,Saskatoon StarPhoenix,https://www.proquest.com/canadiannews/docview/348695710/18888437A7C848C0PQ/4?accountid=14771&sourcetype=Newspapers
V1-0478,Family of Ojibwe man killed by Ottawa police calls for new mental-health strategy,Soo Today,https://www.sootoday.com/ontario-news/family-of-ojibwe-man-killed-by-ottawa-police-calls-for-new-mental-health-strategy-6826584
V1-0343,Bathurst settles lawsuits over fatal police shooting of Michel Vienneau,CBC,https://www.cbc.ca/news/canada/new-brunswick/bathurst-police-michel-vienneau-shooting-settlement-1.7199290
V1-0509,Manitoba Children's Advocate denounces police killing of First Nations girl in report,The Globe and Mail,https://www.theglobeandmail.com/canada/article-manitoba-childrens-advocate-denounces-police-killing-of-first-nations/
V1-0601,Province's police watchdog offers more detail in fatal Saskatoon police shooting,Saskatoon StarPhoenix,https://thestarphoenix.com/news/local-news/provinces-police-watchdog-offers-more-detail-in-fatal-saskatoon-police-shooting
V1-0639,Chatham-Kent OPP officer 'fabricating' stumble story: Crown,Chatham Daily News,https://www.chathamdailynews.ca/news/chatham-kent-opp-officer-fabricating-stumble-story-crown
V1-0644,MANDEL: Manslaughter charges dropped for three cops in child's shooting death,Toronto Sun,https://www.proquest.com/canadiannews/docview/2986283526/29DE5D32EBEF4598PQ/39?accountid=14771&sourcetype=Blogs,%20Podcasts,%20&%20Websites
V1-0461,Officer who killed Quebec teen who was holding weapon said police were patient,CTV,https://www.ctvnews.ca/montreal/article/officer-who-killed-quebec-teen-who-was-holding-weapon-said-police-were-patient/
V1-0635,Inquest into death of Austin Eaglechief reaches day 3,Global News,https://globalnews.ca/news/5796778/inquest-eaglechief-day-3/
V1-0596,Family of James Wood speaks about his death following interaction with Winnipeg police,APTN News,https://www.aptnnews.ca/national-news/family-of-james-wood-speaks-about-his-death-following-interaction-with-winnipeg-police/
V1-0618,Six arrested at protest over Abisay Cruz's death ,Montreal Gazette,https://www.montrealgazette.com/news/article865190.html
V1-0497,SIU clears Niagara officers in shooting death of man on New Year's Eve,CBC,https://www.cbc.ca/news/canada/hamilton/st-catharines-siu-fred-penner-1.5693778
V2-0866,Overdose death accidental  jury finds,Prince George Citizen,https://www.proquest.com/canadiannews/docview/2848674006/20E706C8CC3A457EPQ/6?accountid=14771&sourcetype=Newspapers
V1-0180,Inquest called into Winnipeg police shooting,Global News,https://globalnews.ca/news/769138/inquest-called-into-winnipeg-police-shooting/
V2-0866,Inquest set to examine woman's death in cell; Surrey; B.C.briefs,The Province,https://www.proquest.com/canadiannews/docview/2829981543/20E706C8CC3A457EPQ/5?accountid=14771&sourcetype=Newspapers
V1-0082,49 minutes of terror and tragedy in Toronto,The Globe and Mail,https://www.theglobeandmail.com/news/national/49-minutes-of-terror-and-tragedy-intoronto/article1140356/
V1-0545,OPP officers not criminally liable in 2021 shooting death of woman in Burk's Falls: SIU report,North Bay Nipissing News,https://www.northbaynipissing.com/news/opp-officers-not-criminally-liable-in-2021-shooting-death-of-woman-in-burks-falls-siu/article_fe194d26-45b9-596a-884a-4aa68dd0d951.html
V1-0002,Prayers for peace in afterlife,Edmonton Journal,https://www.proquest.com/canadiannews/docview/252753999/720CC3A746AD45C3PQ/4?accountid=14771&sourcetype=Newspapers
V1-0636,Date set for inquest into death of man shot by police after brandishing toy gun,TimminsToday,https://www.timminstoday.com/police-beat/date-set-for-inquest-into-death-of-man-shot-by-police-after-brandishing-toy-gun-8688613
V2-0726,He couldn't defeat addiction demons,St. Catharines Standard,https://www.proquest.com/canadiannews/docview/349551883/AF6077D78F144B58PQ/1?accountid=14771&sourcetype=Newspapers
V1-0196,Answers soon in local police shootings,Cowichan News Leader Pictorial,https://www.proquest.com/canadiannews/docview/504721647/4F9316B3D92A4DC3PQ/11?accountid=14771&sourcetype=Newspapers
V1-0602,Family of Bruce Frogg 'heartbroken' police cleared of criminal wrongdoing,APTN News,https://www.aptnnews.ca/national-news/family-of-bruce-frogg-heartbroken-police-were-cleared-of-any-criminal-wrongdoing/
V1-0440,Inquest called into 2017 police shooting death in North Battleford  Sask.,Global News,https://globalnews.ca/news/4623755/inquest-2017-police-shooting-death-north-battleford-saskatchewan/
V1-0588,Hamilton landlord shot and killed 2 tenants over dispute  police say,Global News,https://globalnews.ca/news/9728444/double-homicide-east-hamilton-landlord-tenant/
V1-0222,Inquest looks at cop's death ; Partner of slain OPP officer seeks closure,Toronto Sun,https://www.proquest.com/canadiannews/docview/2229654382/29DE5D32EBEF4598PQ/286?accountid=14771&sourcetype=Newspapers
V1-0318,SIU clears Durham cop in fatal shooting of Ajax man,The Toronto Sun,https://torontosun.com/2014/06/03/siu-clears-durham-cop-in-fatal-shooting-of-ajax-man
V2-0800,Inquest makes recommendations in Saskatoon jail death,CTV,https://www.ctvnews.ca/saskatoon/article/inquest-makes-recommendations-in-saskatoon-jail-death/
V1-0470,Coroner's inquest called into death of woman shot by Hamilton police,Stoney Creek News,https://www.thespec.com/news/crime/coroners-inquest-called-into-death-of-woman-shot-by-hamilton-police/article_fbf8055b-0064-5bb9-8bbe-c8e7f6ec8c79.html
V1-0254,Fatal Fort McMurray shootout began with request to remove shoes,CBC,https://www.cbc.ca/news/canada/edmonton/fatal-fort-mcmurray-shootout-began-with-request-to-remove-shoes-1.2860602
V2-0806,Jury hands down eight recommendations at inquest into death of Londoner Mario Hamel,The London Free Press,https://lfpress.com/2013/01/23/jury-hands-down-eight-recommendations-at-inquest-into-death-of-londoner-mario-hamel
V1-0415,'He's not forgotten': How a fatal shooting changed the way Montreal police deal with the homeless,CBC,https://www.cbc.ca/news/canada/police-shooting-mental-illness-1.4699217
V1-0316,How many black men have been killed by Toronto police? We can't know,Toronto Star,https://www.thestar.com/news/crime/how-many-black-men-have-been-killed-by-toronto-police-we-can-t-know/article_abfffb20-9ed1-5fda-b8e9-3c7aa63952ca.html
V1-0177,New photos show final moments of Vegreville standoff,CBC,https://www.cbc.ca/news/canada/edmonton/new-photos-show-final-moments-of-vegreville-standoff-1.753657
V2-0674,Three years after taser death  Nova Scotia still developing guidelines,The Globe and Mail,https://www.theglobeandmail.com/news/national/three-years-after-taser-death-nova-scotia-still-developing-guidelines/article579592/
V1-0399,2 Ontario police officers charged in death of Indigenous woman,CBC,https://www.cbc.ca/news/canada/london/oneida-siu-charges-police-1.4203413
V2-0925,Group blames RCMP for death of Manitoba woman in police custody,Prince Albert Daily Herald,https://www.proquest.com/canadiannews/docview/2003151290/EB066E4B994267PQ/15?accountid=14771&sourcetype=Newspapers
V1-0024,Headline went too far,Edmonton Journal,https://www.proquest.com/canadiannews/docview/252871128/6AFEFD5454904B23PQ/11?accountid=14771&sourcetype=Newspapers
V1-0483,IIU investigating after Manitoba First Nation Police officer stabbed - Brandon Sun,The Brandon Sun,https://www.brandonsun.com/local/2019/05/30/manitoba-first-nation-police-officer-stabbed
V2-0863,Inquest to probe death of 18-year-old killed while escaping custody,CBC,https://www.cbc.ca/news/canada/manitoba/inquest-death-william-saunders-1.4692056
V1-0249,Edmonton police officer ruled justified in fatal shooting of teenager,Red Deer Advocate,https://www.reddeeradvocate.com/uncategorized/edmonton-police-officer-ruled-justified-in-fatal-shooting-of-teenager-7045843
V1-0338,Officers apologize to family as Trevor Proudman's fatality inquiry gets underway,CBC,https://www.cbc.ca/news/canada/edmonton/trevor-proudman-fatality-inquiry-police-1.4691477
V1-0294,Gunman shot by police outside B.C. casino dies,Toronto Sun,https://torontosun.com/2012/11/19/gunman-shot-by-police-outside-bc-casino-dies
V1-0268,Charles McGillivary's death at hands of Toronto police an accident  inquest rules,Toronto Star,https://www.thestar.com/news/crime/charles-mcgillivary-s-death-at-hands-of-toronto-police-an-accident-inquest-rules/article_dd45e5d2-54f5-54c8-8272-414a44116d55.html
V1-0586,Boden Umpherville has passed away,paNOW,https://panow.com/2023/04/26/boden-umpherville-has-passed-away/
V1-0180,Craig McDougall inquest finds no evidence of racism leading up to police-shooting death,CBC,https://www.cbc.ca/news/canada/manitoba/craig-mcdougall-inquest-report-1.4113028
V1-0034,Shooting 'ruined' birthday,Calgary Herald,https://www.proquest.com/canadiannews/docview/245048467/Record/C5F0187E6BDE45B3PQ/9?accountid=14771&sourcetype=Newspapers
V1-0221,Brother of man shot by police offers forgiveness,CBC,https://www.cbc.ca/news/canada/manitoba/brother-of-man-shot-by-police-offers-forgiveness-1.957760
V1-0475,Wanted man killed by police the second such shooting in nine days,Calgary Herald,https://www.proquest.com/canadiannews/docview/2163297711/DFE21E03147740E4PQ/139?accountid=14771&sourcetype=Newspapers
V1-0617,Fundraiser set to honour legacy of Clayton teen,North Delta Reporter,https://www.northdeltareporter.com/community/gofunme-set-up-for-family-of-surrey-teen-killed-in-police-incident-8075674
V1-0415,Video shows final moments of Old Brewery Mission client  shot to death by police,CBC,https://www.cbc.ca/news/canada/montreal/old-brewery-mission-shooting-victim-identified-1.3928900
V2-0738,Police cleared in prisoner's death,Kingston Whig-Standard,https://www.proquest.com/canadiannews/docview/2774229460/10D1936AD3EA4F1APQ/3?accountid=14771&sourcetype=Newspapers
V1-0088,Victoria to pay cost of returning body of man shot by police to Prince Rupert,Vancouver Sun,https://www.proquest.com/canadiannews/docview/242286184/5EEAF77600804313PQ/6?accountid=14771&sourcetype=Newspapers
V1-0177,Man killed in police standoff was going to RCMP detachment,CBC,https://www.cbc.ca/news/canada/edmonton/man-killed-in-police-standoff-was-going-to-rcmp-detachment-1.696311
V1-0530,Slain OPP officer committed no crime in Manitoulin shootout: SIU,Sudbury Star,https://www.thesudburystar.com/news/local-news/slain-opp-officer-committed-no-crime-in-manitoulin-shootout-siu
V1-0341,Funeral for man shot by police in Scarborough set for Friday,Toronto.com,https://www.toronto.com/news/funeral-for-man-shot-by-police-in-scarborough-set-for-friday/article_fbb54163-181d-525f-b9e8-ec82611d64aa.html
V1-0453,RCMP use of lethal force 'necessary and reasonable' against Nadia El-Dib's killer,Calgary Herald,https://calgaryherald.com/news/local-news/rcmp-use-of-lethal-force-necessary-and-reasonable-against-nadia-el-dibs-killer
V2-0813,Man dies in Garden Hill holding cell,Winnipeg Free Press,https://www.winnipegfreepress.com/breakingnews/2011/08/29/man-dies-in-garden-hill-holding-cell
V1-0011,Toronto police cleared in death of Otto Vass,The Globe and Mail,https://www.theglobeandmail.com/news/national/toronto-police-cleared-in-death-of-otto-vass/article22618259/
V1-0080,Police board adopts Camaso recommendations,Victoria News,https://www.vicnews.com/news/police-board-adopts-camaso-recommendations-16951
V1-0074,Taser victim a drug user,Cornwall Standard-Freeholder,https://www.proquest.com/canadiannews/docview/353891275/1D75ECF888524B4EPQ/18?accountid=14771&sourcetype=Newspapers
V1-0028,Use of pepper spray questioned after man's death,CBC,https://www.cbc.ca/news/canada/use-of-pepper-spray-questioned-after-man-s-death-1.287375
V1-0530,Manitoulin man killed along with OPP officer had distrust of police  relatives say,CBC,https://www.cbc.ca/news/canada/sudbury/manitoulin-police-officer-killed-gary-brohman-1.5815697
V2-0793,Recommendations released after inquest into police cell death,paNOW,https://panow.com/2013/07/02/recommendations-released-after-inquest-into-police-cell-death/
V1-0639,Officers 'trained to keep their fingers off the trigger ' gun expert says at manslaughter trial,CBC,https://www.cbc.ca/news/canada/windsor/chatham-kent-opp-manslaughter-day-3-1.7534959
V1-0281,SIU identifies man killed in west-end shooting,CBC,https://www.cbc.ca/news/canada/toronto/siu-identifies-man-killed-in-west-end-shooting-1.1268517
V1-0129,Negligence suit in shooting death of Toronto boy may proceed  court rules,The Globe and Mail,https://www.theglobeandmail.com/news/national/negligence-suit-in-shooting-death-of-toronto-boy-may-proceed-court-rules/article1372715/
V1-0440,No charges will be laid in police shooting death of Onion Lake man,CTV,https://www.ctvnews.ca/saskatoon/article/no-charges-will-be-laid-in-police-shooting-death-of-onion-lake-man/
V1-0441,'I did expect him to kill her sometime': Relative of woman shot in hospital says husband bragged about gun,National Post,https://nationalpost.com/news/canada/i-did-expect-him-to-kill-her-sometime-relative-of-woman-shot-in-hospital-says-husband-bragged-about-gun
V1-0055,Officer fired five shots at machete wielder,Vancouver Sun,https://www.proquest.com/canadiannews/docview/242405654/E91D52E487E04F21PQ/22?accountid=14771&sourcetype=Newspapers
V1-0214,A white supremacist with a green outlook  shot by RCMP,The Globe and Mail,https://www.theglobeandmail.com/news/british-columbia/a-white-supremacist-with-a-green-outlook-shot-by-rcmp/article792231/
V1-0056,RCMP mum on in-custody death,Prince George Citizen,https://www.proquest.com/canadiannews/docview/361663567/A7498A6D0CA34FBFPQ/10?accountid=14771&sourcetype=Newspapers
V1-0271,Further information released on police shooting in Nimpo Lake,The Williams Lake Tribune,https://www.wltribune.com/news/further-information-released-on-police-shooting-in-nimpo-lake/
V2-0680,Police often slow to act on repeated recommendations; Families frustrated by inquest process,Saskatoon StarPhoenix,https://www.proquest.com/canadiannews/docview/1490873975/D3FF60126CD84858PQ/10?accountid=14771&sourcetype=Newspapers
V1-0326,Artist John Caleb Ross  21  was man shot by police in Aurora last month,Toronto Star,https://www.thestar.com/news/crime/artist-john-caleb-ross-21-was-man-shot-by-police-in-aurora-last-month/article_46ab43f8-3d8a-557e-a917-735d6a9e712d.html
V1-0026,Officer said he thought he was being threatened: Inquest hears how Keldon McMillan died,Moose Jaw Times-Herald,https://www.proquest.com/canadiannews/docview/345286975/6394D4EAEDBD418APQ/1?accountid=14771&sourcetype=Newspapers
V1-0292,Veteran killed by RCMP threatened shooting in statement to police  B.C. inquest hears,The Globe and Mail,https://www.theglobeandmail.com/news/british-columbia/veteran-killed-by-rcmp-threatened-shooting-in-statement-to-police-bc-inquest-hears/article14754043/
V1-0462,Paramedics detail scene of 2018 death in police custody,Winnipeg Free Press,https://www.winnipegfreepress.com/breakingnews/2023/11/20/paramedics-detail-scene-of-2018-death-in-police-custody
V1-0481,Son of hostage taker tells B.C. coroner's inquest his dad was a 'loving' person,The Vancouver Sun,https://vancouversun.com/news/local-news/bc-coroners-jury-hears-from-victims-son-about-night-of-fatal-hostage-taking
V2-0950,Snopek head injury went unnoticed  witness says; Second day of inquest into man's death in cells takes place in Cranbrook,Daily Townsman,https://www.proquest.com/canadiannews/docview/356153287/D0CB0C7A32954C2EPQ/6?accountid=14771&sourcetype=Newspapers
V1-0237,Police knew of mental illness before fatal shooting  family says,Toronto Star,https://www.thestar.com/news/gta/police-knew-of-mental-illness-before-fatal-shooting-family-says/article_f29ed79a-1b87-51d0-b908-76508a5e7948.html
V1-0435,Suspect in assault  robbery and carjacking shot and killed by police Wednesday morning,Global News,https://globalnews.ca/news/3739893/police-tape-off-part-of-winnipegs-north-end-wednesday-morning/
V1-0560,Investigation into deadly Saanich  B.C.  bank shooting clears officers  reveals details of attack,CTV,https://www.ctvnews.ca/vancouver/vancouver-island/article/investigation-into-deadly-saanich-bc-bank-shooting-clears-officers-reveals-details-of-attack/
V1-0322,Man  woman shot on Deerfoot Trail well-known to Calgary police,Global News,https://globalnews.ca/news/1181762/man-woman-shot-by-officers-well-known-to-calgary-police/
V2-0752,Inadequate care at Edmonton jail has inmates 'falling through the cracks ' inquiry finds,CBC,https://www.cbc.ca/news/canada/edmonton/edmonton-remand-mcconnell-fatality-1.7522685
V1-0597,International student shot  killed by police was in crisis  needed help: family's lawyer - Winnipeg Free Press,Winnipeg Free Press,https://www.winnipegfreepress.com/breakingnews/2024/01/02/family-of-19-year-old-international-student-killed-by-police-seeking-answers
V1-0338,'This never should have happened': Mother of man who died after EPS arrest,Global News,https://globalnews.ca/news/1672439/man-suffers-medical-episode-in-police-custody-dies-in-hospital/
V1-0207,Toronto cop stabbing reminiscent of 2009 attack on Barrie officers,CityNews,https://toronto.citynews.ca/2012/04/16/toronto-cop-stabbing-reminiscent-of-2009-attack-on-barrie-officers/
V2-0776,Jury urges lockup changes; More guards  better surveillance  new detachment recommended,Prince George Citizen,https://www.proquest.com/canadiannews/docview/361873702/701C2F189D964378PQ/4?accountid=14771
V1-0335,'There is a shooter on the loose!' First-hand account of Ottawa shooting aftermath,Global News,https://globalnews.ca/news/1629846/there-is-a-shooter-on-the-loose-first-hand-account-of-ottawa-shooting-aftermath/
V1-0618,'They destroyed my life': Family of Montreal man who died in police intervention demands public coroner's inquiry,CTV,https://www.ctvnews.ca/montreal/article/they-destroyed-my-life-family-of-montreal-man-who-died-in-police-intervention-demands-public-coroners-inquiry/
V1-0283,N.W.T. woman killed by police had financial  family trouble,CBC,https://www.cbc.ca/news/canada/north/n-w-t-woman-killed-by-police-had-financial-family-trouble-1.1312334
V1-0174,Norfolk OPP cleared in Delhi man's death;,Brantford Expositor,https://www.proquest.com/canadiannews/docview/2166866225/6E7C8A9327A54475PQ/12?accountid=14771&sourcetype=Newspapers
V2-0812,RCMP's handling of Alberta woman who died in cell under review,Toronto Star,https://www.thestar.com/news/canada/rcmp-s-handling-of-alberta-woman-who-died-in-cell-under-review/article_293dff4a-f92c-5e08-8c45-494308409353.html
V1-0412,Mountie who shot  killed Nunavut man says he feared for his own safety,CBC,https://www.cbc.ca/news/canada/north/rcmp-officer-killed-nunavut-man-testitifies-1.6201512
V1-0639,Use-of-force expert testifies for defence at OPP officer's manslaughter trial,The Brantford Expositor,https://www.brantfordexpositor.ca/news/local-news/use-of-force-expert-testifies-for-defence-at-opp-officers-manslaughter-trial
V2-0871,This man died in RCMP custody while a report that might have saved his life sat on a desk,CBC,https://www.cbc.ca/news/canada/calgary/rcmp-stroke-death-custody-1.5778961
V1-0011,Toronto police officers charged with manslaughter,CBC,https://www.cbc.ca/news/canada/toronto-police-officers-charged-with-manslaughter-1.216343
V2-0779,Abbotsford Police in-custody death ruled accidental,Abbotsford News,https://www.proquest.com/canadiannews/docview/761182490/830F9E0F5CDE4047PQ/2?accountid=14771&sourcetype=Newspapers
V1-0919,'A slap in the face to us and he gets a slap on the wrist': Family angry after Toronto police officer given no jail time for assaulting a Brampton teen who later died,Toronto Star,https://www.thestar.com/news/crime/a-slap-in-the-face-to-us-and-he-gets-a-slap-on-the-wrist/article_365a2d9a-990a-41d4-a516-be7138429eb7.html
V2-0855,Inquest into Sault man's death gives family 'closure',The Sault Star,https://www.saultstar.com/news/local-news/inquest-into-sault-mans-death-gives-family-closure
V1-0066,4-day coke user was delirious: Coroner's report. Toronto man dies en route to hospital,Montreal Gazette,https://www.proquest.com/canadiannews/docview/434026829/BFF1940821B64C41PQ/18?accountid=14771&sourcetype=Newspapers
V1-0464,Funeral held for man shot dead by police in northeast Edmonton,Edmonton Journal,https://edmontonjournal.com/news/local-news/funeral-held-for-man-shot-dead-by-police-in-northeast-edmonton
V1-0179,Stop use of neck force  RCMP told,Surrey Leader,https://www.proquest.com/canadiannews/docview/230724067/7B57D5E2BED24D51PQ/3?accountid=14771&sourcetype=Newspapers
V1-0332,Peel cop sought to card Jermaine Carby before slaying  inquest hears,Toronto Star,https://www.thestar.com/news/crime/peel-cop-sought-to-card-jermaine-carby-before-slaying-inquest-hears/article_ded7134c-1033-56e8-a161-25c6d142391f.html
V1-0028,Anti-racism group blasts police action in death,Saskatoon StarPhoenix,https://www.proquest.com/canadiannews/docview/348601715/62FB8D79DFF6422CPQ/16?accountid=14771
V2-0782,Alberta judge urges RCMP use death video in training,CBC,https://www.cbc.ca/news/canada/edmonton/alberta-judge-urges-rcmp-use-death-video-in-training-1.996919
V1-0200,Deadly cop shooting puzzles kin ; Can't understand how charitable man ended up in ditch along Hwy. 417,Ottawa Sun,https://www.proquest.com/canadiannews/docview/2203030557/FE4943DEAEF749C9PQ/15?accountid=14771
V2-0934,Family 'grief stricken' after HWDC inmate dies of yet another suspected overdose,CBC,https://www.cbc.ca/news/canada/hamilton/john-sharp-overdose-hamilton-detention-centre-1.4820450
V1-0419,Edmonton man fatally shot by police identified as construction worker,CBC,https://www.cbc.ca/news/canada/edmonton/police-involved-shooting-victim-identity-1.4020052
V2-0867,Man dies in Prince Albert police custody,Global News,https://globalnews.ca/news/4220715/man-dies-prince-albert-police-custody/
V1-0435,Fatal shooting by Winnipeg police officers 'unavoidable': IIU,Global News,https://globalnews.ca/news/4355186/fatal-shooting-by-winnipeg-police-officers-unavoidable-iiu/
V1-0255,Inquest set in Crescent Beach police-shooting death,Peace Arch News,https://www.peacearchnews.com/news/inquest-set-in-crescent-beach-police-shooting-death-2785267
V1-0026,Police shooting shocks family and neighbours of dead man,CBC,https://www.cbc.ca/news/canada/police-shooting-shocks-family-and-neighbours-of-dead-man-1.288844
V1-0516,In 2020  New Brunswick police fatally shot two Indigenous people  prompting protests,CTV,https://www.ctvnews.ca/atlantic/article/in-2020-new-brunswick-police-fatally-shot-two-indigenous-people-prompting-protests/
V2-0734,Deaths of aboriginal men in jail fire almost inevitable: Lawyer,Toronto Star,https://www.thestar.com/news/ontario/deaths-of-aboriginal-men-in-jail-fire-almost-inevitable-lawyer/article_222da7a6-56ee-5327-82f5-f7f78f018c59.html
V1-0527,Vancouver man located by Dryden OPP  later dies in hospital,CBC,https://www.cbc.ca/news/canada/thunder-bay/dryden-opp-missing-vancouver-man-siu-1.5731657
V1-0055,Inquest begins under tight security:,Coquitlam Now,https://www.proquest.com/canadiannews/docview/358424222/E91D52E487E04F21PQ/2?accountid=14771&sourcetype=Newspapers
V1-0563,Father of Sask. man shot dead by police grapples with loss and lingering questions,CBC,https://www.cbc.ca/news/canada/saskatchewan/family-loss-ryan-booker-police-shooting-1.6524304
V1-0264,B.C. Coroners Service to hold inquest into police-involved death,CBC,https://www.cbc.ca/news/canada/british-columbia/b-c-coroners-service-to-hold-inquest-into-police-involved-death-1.1208739
V1-0022,Bigsky inquest wraps up,Prince Albert Daily Herald,https://www.proquest.com/canadiannews/docview/345023699/818CF5B15F44EC0PQ/11?accountid=14771
V1-0603,Edmonton police rolling out body-worn cameras across service  though funding questions remain,Winnipeg Sun,https://winnipegsun.com/news/national/edmonton-police-rolling-out-body-worn-cameras-across-service-though-funding-questions-remain
V2-0870,No video monitoring in cell where Winnipeg man died in custody: inquest report,CBC,https://www.cbc.ca/news/canada/manitoba/death-in-custody-winnipeg-suicide-2019-1.6633147
V1-0169,Man shot by officer identified; Family grieves for 42-year-old killed during robbery at Parkdale pharmacy,Toronto Star,https://www.proquest.com/canadiannews/docview/439405617/4CCE8166A0E24294PQ/4?accountid=14771
V1-0574,2 police officers killed  suspect dead after Innisfil  Ont. shooting,Global News,https://globalnews.ca/news/9192322/police-officer-killed-shooting-incident-near-barrie-sources/
V2-0885,'We cannot live in anger ' chief says as arrest made in 2021 double homicide in remote Manitoba First Nation,CBC,https://www.cbc.ca/news/canada/manitoba/double-homicide-update-rcmp-northern-manitoba-1.7184577
V1-0119,Father turns to private investigator after son's death,Toronto Star,https://www.thestar.com/news/father-turns-to-private-investigator-after-sons-death/article_741297f8-ae93-554d-9908-28a62eb3b914.html
V1-0055,Friend recalls fatal night: Officer apologized for shooting teen,The Province,https://www.proquest.com/canadiannews/docview/269422530/E91D52E487E04F21PQ/40?accountid=14771
V2-0942,Province calls inquest called into Russell Spence's death,Winnipeg Sun,https://www.proquest.com/canadiannews/docview/2231658890/29DE5D32EBEF4598PQ/278?accountid=14771&sourcetype=Newspapers
V1-0196,Shooting stuns friend,Cowichan Valley Citizen,https://www.proquest.com/canadiannews/docview/358053787/4F9316B3D92A4DC3PQ/36?accountid=14771
V1-0623,'His memories are alive in all of us': Man identified in fatal police shooting inside northern Ontario courtroom,Toronto Star,https://www.thestar.com/news/ontario/his-memories-are-alive-in-all-of-us-man-identified-in-fatal-police-shooting-inside/article_48a53a86-07df-4f4b-8ef7-f0e3d3d02d72.html
V2-0846,Family of man found dead in holding cell seeks policy changes,paNOW,https://panow.com/2016/02/28/family-of-man-found-dead-in-holding-cell-seeks-policy-changes/
V1-0614,RCMP's fatal shooting of 17-year-old boy 'ripping a hole' in Norway House Cree Nation,CBC,https://www.cbc.ca/news/canada/manitoba/rcmp-fatal-shooting-boy-norway-house-cree-nation-1.7391955
V1-0619,Kativik Regional Government demands police watchdog reform after Inuk man killed by police,CTV,https://www.ctvnews.ca/montreal/article/kativik-regional-government-demands-police-watchdog-reform-after-inuk-man-killed-by-police/
V1-0046,Inquest to open on Pond Inlet death,CBC,https://www.cbc.ca/news/canada/north/inquest-to-open-on-pond-inlet-death-1.499463
V1-0560,New gun law spares semi-automatic rifle used in Saanich bank shooting,Saanich News,https://www.saanichnews.com/news/new-gun-law-spares-semi-automatic-rifle-used-in-saanich-bank-shooting-7312057
V1-0034,Fugitive considered threat to officers,Calgary Herald,https://www.proquest.com/canadiannews/docview/245052749/Record/C5F0187E6BDE45B3PQ/14?accountid=14771&sourcetype=Newspapers
V1-0405,Joshua Megeney wanted to call his mother moments before aiming rifle at cops  inquest hears,CBC,https://www.cbc.ca/news/canada/saskatoon/inquest-megeny-wanted-to-call-mother-1.5188804
V1-0654,Mother of Corey Rogers reacts to doctor's letter about jail-cell death conviction,CTV,https://www.ctvnews.ca/atlantic/article/mother-of-corey-rogers-reacts-to-doctors-letter-about-jail-cell-death-conviction/
V1-0011,Officers acquitted in Vass death,CBC,https://www.cbc.ca/news/canada/toronto/officers-acquitted-in-vass-death-1.361981
V1-0209,Inquest into fatal Surrey shooting complete,Surrey Now-Leader,https://www.surreynowleader.com/news/inquest-into-fatal-surrey-shooting-complete-2885610
V1-0333,Peter de Groot's family speaks out due to 'ridiculous character defamation',Global News,https://globalnews.ca/news/1624452/peter-degroots-family-speaking-out-this-afternoon/
V1-0586,'Like a pack of wolves': Prince Albert man clinging to life following violent arrest,APTN News,https://www.aptnnews.ca/national-news/like-a-pack-of-wolves-prince-albert-man-clinging-to-life-following-violent-arrest/
V1-0196,Man killed in standoff,Vancouver Sun,https://www.proquest.com/canadiannews/docview/244010384/4F9316B3D92A4DC3PQ/21?accountid=14771&sourcetype=Newspapers
V1-0085,Police officer cleared in shooting death,Vancouver Sun,https://www.proquest.com/canadiannews/docview/242219396/FC75DE3E29694690PQ/2?accountid=14771&sourcetype=Newspapers
V2-0831,BC Coroners Service to hold inquest into Terrace woman's death,Terrace Standard,https://www.terracestandard.com/news/bc-coroners-service-to-hold-inquest-into-terrace-womans-death-6014992
V2-0787,Watch log different from time of death in prison suicide,Global News,https://globalnews.ca/news/272166/watch-log-different-from-time-of-death-in-prison-suicide/
V2-0911,OPP re-open case of jail cell death of man found with dozens of injuries,Global News,https://globalnews.ca/news/4874071/opp-re-investigating-jail-cell-death-soleiman-faqiri/
V1-0659,Montreal police officers  sanctioned for lying to watchdog  have suspension reduced,The Globe and Mail,https://www.theglobeandmail.com/canada/article-montreal-police-officers-sanctioned-for-lying-to-watchdog-have/
V2-0917,N.B. mother waits for answers 7 months after son dies in prison psychiatric centre,Global News,https://globalnews.ca/news/10850002/landon-leblanc-death-shepody-healing-centre/
V1-0560,B.C. RCMP identify twin brothers as Saanich bank shooting suspects,The Vancouver Sun,https://vancouversun.com/news/crime/bc-rcmp-identify-twin-brothers-as-saanich-bank-shooting-suspects
V1-0099,Sherematta charged with assault,Omineca Express,https://www.proquest.com/canadiannews/docview/610116223/A86B1543E8494E0CPQ/32?accountid=14771&sourcetype=Newspapers
V1-0542,No charges in RCMP killing of Jared Lowndes shocks First Nations leaders,Campbell River Mirror,https://www.campbellrivermirror.com/local-news/no-charges-in-rcmp-killing-of-jared-lowndes-shocks-first-nations-leaders-7349532
V1-0339,Public inquest into shooting of mentally ill Vancouver man begins,CBC,https://www.cbc.ca/news/canada/british-columbia/phuong-na-tony-du-inquest-1.4519980
V2-0945,Jury urged to demand complete overhaul of Ontario's hodgepodge 911 service,The Ottawa Citizen,https://ottawacitizen.com/news/local-news/jury-urged-to-demand-complete-overhaul-of-ontarios-hodgepodge-911-service
V2-0838,6 years and counting: Alberta family waits for answers as to why their father died in a jail cell,CBC,https://www.cbc.ca/news/indigenous/alberta-family-kevin-first-charger-1.6288175
V1-0183,Inquest into RCMP shooting death suspended,CBC,https://www.cbc.ca/news/canada/saskatchewan/inquest-into-rcmp-shooting-death-suspended-1.968344
V1-0002,Wounded gang member dies,Edmonton Sun,https://www.proquest.com/canadiannews/docview/244811005/720CC3A746AD45C3PQ/6?accountid=14771&sourcetype=Newspapers
V1-0336,Officer cleared in fatal shooting of Calgary man wielding 'Walther PPK' pellet pistol,CBC,https://www.cbc.ca/news/canada/calgary/asirt-october-2014-shooting-walther-ppk-pellet-pistol-1.3707466
V2-0688,Kugluktuk man died of 'head injury consistent with a fall ' inquest hears,CBC,https://www.cbc.ca/news/canada/north/austin-maniyogena-inquest-may-3-1.6440639
V1-0503,Police shoot former hockey player dead during intervention in Beauce region,CBC,https://www.cbc.ca/news/canada/montreal/bei-beauce-death-surete-du-quebec-1.5449653
V1-0490,Family of Maple Ridge police shooting victim still pushing for inquest,Maple Ridge-Pitt Meadows News,https://www.mapleridgenews.com/news/family-of-maple-ridge-police-shooting-victim-still-pushing-for-inquest-2648987
V1-0629,B.C. officer should get 7-day suspension for woman's plastic bullet death  hearing finds,Global News,https://globalnews.ca/news/11238386/lisa-rauch-discipline-hearing/
V1-0024,'Mom might have calmed him down': Intervention might have averted death of mentally ill man  nurse tells inquiry,Edmonton Journal,https://www.proquest.com/canadiannews/docview/252940019/6AFEFD5454904B23PQ/3?accountid=14771&sourcetype=Newspapers
V1-0453,Alberta RCMP justified in killing murder suspect during 'harrowing' highway shootout  ASIRT says,CBC,https://www.cbc.ca/news/canada/edmonton/alberta-rcmp-shootout-asirt-evansburg-1.5617585
V1-0438,Friends  family mourn man shot by police in Gleichen,Calgary Herald,https://calgaryherald.com/news/local-news/friends-family-mourn-man-shot-by-police-in-gleichen
V1-0476,Man fatally shot by Edmonton police was armed with two knives  police watchdog says,Toronto Star,https://www.thestar.com/edmonton/man-fatally-shot-by-edmonton-police-was-armed-with-two-knives-police-watchdog-says/article_8daa7f93-5292-5098-98b2-9c218ea0bc84.html
V1-0238,Deadly force  neglect kills dozens of Indigenous people in Ontario's justice system,CBC,https://www.cbc.ca/news/canada/thunder-bay/headlines/deadly-force-indigenous-1.5680668
V1-0638,Inquest into 36-year-old's death to be held in Kenosee,SaskToday,https://www.sasktoday.ca/southeast/local-news/inquest-into-36-year-olds-death-to-be-held-in-kenosee-9688165
V1-0150,Inquest into police custody death resumes,St. Catharines Standard,https://www.pressreader.com/canada/the-standard-st-catharines/20100917/281595236863642
V1-0063,Shooting victim was mentally ill Neighbour; Woman's 911 call summoned police on Saturday Man was killed after he wounded officer with shotgun blast,Toronto Star,https://www.proquest.com/canadiannews/docview/438665113/35F0A61CD2C1488EPQ/8?accountid=14771&sourcetype=Newspapers
V1-0189,Man pepper-sprayed by RCMP died of brain hemorrhage: autopsy,CBC,https://www.cbc.ca/news/canada/manitoba/man-pepper-sprayed-by-rcmp-died-of-brain-hemorrhage-autopsy-1.752547
V1-0454,Province calls inquest into police shooting of Quinn MacDougall,The Hamilton Spectator,https://www.thespec.com/news/hamilton-region/province-calls-inquest-into-police-shooting-of-quinn-macdougall/article_eeec0416-4bda-5f07-b1dc-f2e252710875.html
V1-0499,Police lay charges against man whose son was killed by police,The Globe and Mail,https://www.theglobeandmail.com/canada/toronto/article-police-lay-charges-against-man-whose-son-was-killed-by-police/
V1-0276,Alberta RCMP shoot  kill armed man in Onoway,CBC,https://www.cbc.ca/news/canada/edmonton/alberta-rcmp-shoot-kill-armed-man-in-onoway-1.1161297
V1-0563,UPDATED: Police shoot and kill 26-year-old male near Moose Jaw,Moosejaw Today,https://www.moosejawtoday.com/local-news/police-shoot-and-kill-27-year-old-male-near-moose-jaw-investigation-requested-5593515
V1-0057,Kenora police need cultural training: jury,Sault Star,https://www.proquest.com/canadiannews/docview/348642950/EFDC84E61CC54300PQ/6?accountid=14771&sourcetype=Newspapers
V1-0088,Police explain fatal shooting in city alley,The Province,https://www.proquest.com/canadiannews/docview/266855451/5EEAF77600804313PQ/20?accountid=14771&sourcetype=Newspapers
V1-0475,Girlfriend of man shot to death by Edmonton police claims officers used excessive force,CBC,https://www.cbc.ca/news/canada/edmonton/buck-evans-melissa-dumais-edmonton-police-shooting-asirt-1.4962686
V2-0848,Man dies in RCMP custody in Cape Dorset,CBC,https://www.cbc.ca/news/canada/north/cape-dorset-nunavut-death-rcmp-cell-1.3592070
V2-0888,Opinion |Canadian police killed six Indigenous people in 11 days. This has to stop,Toronto Star,https://www.thestar.com/opinion/contributors/canadian-police-killed-six-indigenous-people-in-11-days-this-has-to-stop/article_2f81d244-7121-11ef-9c9d-a794da6f20f5.html
V1-0242,Officers cleared in fatal shooting of machete-wielding man,Toronto.com,https://www.toronto.com/news/officers-cleared-in-fatal-shooting-of-machete-wielding-man/article_2363c75c-1d9d-542d-9c54-71ceec67ccec.html
V1-0629,Public hearing ordered into Christmas Day Victoria police fatal shooting,The Times Colonist,https://www.timescolonist.com/local-news/public-hearing-ordered-into-christmas-day-victoria-police-fatal-shooting-7649732
V2-0695,ASIRT clears police of death in jail cell; Woman's stroke was result of medical condition  official says,Edmonton Journal,https://www.proquest.com/canadiannews/docview/2186039843/DBE5F2ADE6514B54PQ/3?accountid=14771&sourcetype=Newspapers
V2-0897,Coroner's inquest called into 2017 death of Guelph man at Maplehurst Correctional Complex,CBC,https://www.cbc.ca/news/canada/kitchener-waterloo/coroner-inquest-2017-death-curtis-mcgowan-guelph-1.7503913
V1-0396,Aaron Driver: What we know about the Canadian terror suspect killed in Ontario,Global News,https://globalnews.ca/news/2876837/aaron-driver-what-we-know-about-the-canadian-terror-suspect-killed-in-ontario/
V2-0926,Sask. Ministry of Corrections fired  then rehired  jail guard whose 'negligence' was linked to inmate's death,CBC,https://www.cbc.ca/news/canada/saskatoon/saskatchewan-guard-inmate-death-saskatoon-1.5577293
V2-0937,Canada's prison service failed Edward Snowshoe as it did Ashley Smith: Editorial,Toronto Star,https://www.thestar.com/opinion/editorials/canada-s-prison-service-failed-edward-snowshoe-as-it-did-ashley-smith-editorial/article_80a9ec33-9138-5b6c-980c-116553dee7a9.html
V1-0320,Sûreté du Québec officer guilty of manslaughter in teen's shooting death,CBC,https://www.cbc.ca/news/canada/montreal/eric-deslauriers-guilty-manslaughter-surete-du-quebec-1.4302259
V1-0349,Dead man's mother charged with conspiring to kill cop  neighbour in police shooting on Queen Frederica Drive,Toronto.com,https://www.toronto.com/news/dead-mans-mother-charged-with-conspiring-to-kill-cop-neighbour-in-police-shooting-on-queen/article_70972b9f-8239-57a8-9e59-b35cd78acdad.html?
V1-0480,'They brought a tank  that's pretty scary ' coroner's inquest told,Grand Forks Gazette,https://www.grandforksgazette.ca/news/they-brought-a-tank-thats-pretty-scary-coroners-inquest-told-7345168
V1-0130,Fatality report says Edmonton police officers lack first-aid training,PNI Atlantic News,https://www.saltwire.com/atlantic-canada/fatality-report-says-edmonton-police-officers-lack-first-aid-training-83224
V1-0605,'Another failure' - Fatal police shooting hits hard at Windsor's Downtown Mission,Windsor Star,https://windsorstar.com/news/local-news/another-failure-fatal-police-shooting-hits-hard-at-windsors-downtown-mission
V1-0564,'It should never have happened': Parents of man killed by Nanaimo RCMP pleaded for help,CHEK News,https://cheknews.ca/it-should-never-have-happened-parents-of-man-killed-by-nanaimo-rcmp-pleaded-for-help-1071420/
V2-0845,Aklavik woman died from seizure while in police custody  family believes,APTN News,https://www.aptnnews.ca/national-news/aklavik-woman-died-from-seizure-while-in-police-custody-family-believes/
V2-0698,Inquest set into Watson Lake man's death,Whitehorse Star,https://www.proquest.com/canadiannews/docview/362123139/B1E6B46BA6974A7CPQ/3?accountid=14771&sourcetype=Newspapers
V1-0077,Detective didn't know about Taser,Prince George Citizen,https://www.proquest.com/canadiannews/docview/361797679/33F85CB0C2724DBCPQ/13?accountid=14771&sourcetype=Newspapers
V1-0555,Officers won't be charged after innocent man shot and killed: Alberta police watchdog,The Winnipeg Sun,https://winnipegsun.com/pmn/officers-wont-be-charged-after-innocent-man-shot-and-killed-alberta-police-watchdog
V1-0596,Family of man who died after arrest calls for police accountability  transparency,Winnipeg Free Press,https://www.winnipegfreepress.com/breakingnews/2024/02/09/family-of-man-who-died-after-arrest-calls-for-police-accountability-transparency
V1-0337,Coroner identifies 20-year-old man shot by Victoria police,Times Colonist,https://www.timescolonist.com/local-news/coroner-identifies-20-year-old-man-shot-by-victoria-police-4615530
V1-0549,COLUMN: Watchdog reveals potential hard truths about gunsmith's death,National Post,https://nationalpost.com/news/local-news/column-watchdog-reveals-potential-hard-truths-about-gunsmiths-death
V1-0673,Manitoba man likely wouldn't have died in holding cell if proper procedure was followed: inquest report,CBC,https://www.cbc.ca/news/canada/manitoba/inquest-report-ettawakapow-jail-death-the-pas-1.7376787
V1-0572,Suspect in shooting rampage arrived at coffee shop 2 hours before killing Toronto police officer,Global News,https://globalnews.ca/news/9131013/shooting-rampage-update-mississauga-milton-officer/
V1-0440,Man dies after being shot by RCMP in North Battleford  Sask.,Global News,https://globalnews.ca/news/3818320/north-battleford-rcmp-saskatchewan-police-shooting-chase/
V1-0640,Inquest jury into refugee's death calls for end to holding immigration detainees in jails,Toronto Star,https://www.thestar.com/news/canada/inquest-jury-into-refugee-s-death-calls-for-end-to-holding-immigration-detainees-in-jails/article_f5935a71-610d-5c7e-9f44-4942697d9417.html
V1-0092,Rally against police brutality  racial profiling,The Winnipeg Sun,https://winnipegsun.com/2012/03/15/rally-against-police-brutality-racial-profiling
V1-0639,Passenger testifies about aftermath of fatal police shooting on Highway 401,Chatham Daily News,https://www.chathamdailynews.ca/news/local-news/trial-starts-for-police-officer-charged-with-manslaughter-in-fatal-shooting
V1-0239,Christie Blatchford: The Crown's determined  but futile  effort to make an example of Const. David Cavanagh,National Post,https://nationalpost.com/opinion/christie-blatchford-the-crowns-determined-but-futile-effort-to-make-an-example-of-const-david-cavanagh
V1-0559,Fundraiser launched for Alta Vista teen who survived knife attack that left sister and mom dead,The Ottawa Citizen,https://ottawacitizen.com/news/local-news/fundraiser-launched-for-alta-vista-teen-who-survived-knife-attack-that-left-sister-and-mom-dead
V1-0489,Cop who shot driver of stolen vehicle not criminally responsible,The Chronicle Herald,https://www.pressreader.com/canada/the-chronicle-herald-provincial/20200910/281595242941977
V1-0406,76-year-old man armed with 'large-edged weapon' shot by police,CBC,https://www.cbc.ca/news/canada/calgary/calgary-shooting-sundance-1.3800154
V2-0813,Garden Hill FN man dies in holding cell,APTN News,https://www.aptnnews.ca/national-news/garden-hill-fn-man-dies-in-holding-cell/
V1-0491,Public inquest to be held into death of Fishing Lake First Nation man shot by police,Global News,https://globalnews.ca/news/8761761/public-inquest-fishing-lake-first-nation-police-shooting/
V1-0045,Cocaine blamed for death,Calgary Herald,https://www.proquest.com/canadiannews/docview/245114367/6D52E64269994291PQ/7?accountid=14771
V2-0860,Autopsy panel testifies at inquest into Indigenous men's police custody deaths,APTN News,https://www.aptnnews.ca/national-news/autopsy-panel-testifies-at-inquest-into-indigenous-mens-police-custody-deaths/
V1-0187,Family unhappy with review into death after tasering; Police face no charges  relatives say,Calgary Herald,https://www.proquest.com/canadiannews/docview/243881221/FD295F60742644E7PQ/9?accountid=14771&sourcetype=Newspapers
V1-0396,Taxi driver injured after ISIS supporter Aaron Driver detonated bomb files $1M lawsuit,Global News,https://globalnews.ca/news/4101670/aaron-driver-lawsuit-terry-duffield-injured/
V1-0230,Parents tell Taser inquest they hope son's death will bring change,CTV,https://www.ctvnews.ca/canada/article/parents-tell-taser-inquest-they-hope-sons-death-will-bring-change/
V2-0793,Police identify man who died in custody,CBC,https://www.cbc.ca/news/canada/saskatchewan/police-identify-man-who-died-in-custody-1.844275
V1-0437,,Times Colonist,https://www.timescolonist.com/local-news/jury-finds-fatal-police-shooting-of-nanaimo-man-a-homicide-7818691
V2-0785,Inquest underway in Campbell River into death of man at Comox hospital,Courtenay Comox Valley Record,https://www.proquest.com/canadiannews/docview/1011578774/921FC765C0CE41FDPQ/3?accountid=14771&sourcetype=Newspapers
V2-0683,Sask. family sees 'closure' as inquest wraps-up,CTV,https://www.ctvnews.ca/saskatoon/article/sask-family-sees-closure-as-inquest-wraps-up/
V1-0294,Daughter of B.C. man fatally shot by police tells inquest she could have helped,Vancouver Sun,https://vancouversun.com/news/local-news/daughter-of-b-c-man-fatally-shot-by-police-tells-inquest-she-could-have-helped
V1-0639,Chatham-Kent OPP officer charged in shooting death of man,Windsor Star,https://windsorstar.com/news/local-news/chatham-kent-opp-officer-charged-in-shooting-death-of-man
V2-0680,Cousin says man who died in Saskatoon police cell was happy  normal,CTV,https://www.ctvnews.ca/saskatoon/article/cousin-says-man-who-died-in-saskatoon-police-cell-was-happy-normal/
V1-0335,Cpl. Nathan Cirillo killed in Ottawa remembered as 'proud soldier',Global News,https://globalnews.ca/news/1630054/honour-guard-killed-in-ottawa-remembered-as-proud-soldier/
V1-0487,'It ends here tonight': Billy Shea threatened to kill Peterborough police officers,Peterborough Examiner,https://www.thepeterboroughexaminer.com/news/it-ends-here-tonight-billy-shea-threatened-to-kill-peterborough-police-officers/article_e5d725a7-8c07-5975-bcb0-b6251d64f8f4.html
V2-0779,Plenty to consider after inquest; Police cleared  but lessons to be learned following in-custody death,Abbotsford Times,https://www.proquest.com/canadiannews/docview/762662418/830F9E0F5CDE4047PQ/3?accountid=14771&sourcetype=Newspapers
V1-0080,Saanich waits for ruling on appeal of 2004 police shooting,Saanich News,https://www.saanichnews.com/news/saanich-waits-for-ruling-on-appeal-of-2004-police-shooting-225647
V2-0883,Man that died in London police custody told officers he was in withdrawal,CTV,https://www.ctvnews.ca/london/article/jury-hears-testimony-surrounding-death-of-man-in-london-police-custody/
V1-0560,Two brothers from Vancouver Island named as gunmen killed during botched bank robbery in Saanich  B.C.,The Globe and Mail,https://www.theglobeandmail.com/canada/british-columbia/article-police-identify-two-brothers-shot-dead-during-botched-bank-robbery-in/
V1-0012,Mysterious new drug drives its users crazy,Times-Colonist,https://www.proquest.com/canadiannews/docview/345800913/A773E5184F984802PQ/6?accountid=14771&sourcetype=Newspapers
V1-0619,One person dead in Kangiqsualujjuaq after reported police shooting,St. Catharines Standard,https://www.stcatharinesstandard.ca/news/canada/one-person-dead-in-kangiqsualujjuaq-after-reported-police-shooting/article_d47013a1-a10a-59ec-be7b-9d7b58c63a9f.html
V2-0851,Coroner's inquest slated in 2016 death of man who spent night in Saanich police cells,The Times Colonist,https://www.timescolonist.com/local-news/coroners-inquest-slated-in-2016-death-of-man-who-spent-night-in-saanich-police-cells-4660996
V1-0599,Dead Penbrooke Meadows standoff suspect had criminal history of firearms violations,CTV,https://www.ctvnews.ca/calgary/article/dead-penbrooke-meadows-standoff-suspect-had-criminal-history-of-firearms-violations/
V1-0364,Man killed in a police shootout was responsible for double murder  not the accused on trial: defence lawyer,Toronto Star,https://www.thestar.com/news/gta/man-killed-in-a-police-shootout-was-responsible-for-double-murder-not-the-accused-on/article_c2d88bb0-5581-5e46-94bd-00a3bd1f4950.html
V1-0609,Family of B.C. woman killed by police remembers her as a loving mother,Alberni Valley News,https://www.albernivalleynews.com/news/family-of-bc-woman-killed-by-police-remembers-her-as-a-loving-mother-7833926
V1-0537,ASIRT investigating after man killed during officer-involved shooting on O'Chiese First Nation,The Calgary Sun,https://calgarysun.com/news/local-news/asirt-investigating-after-man-killed-during-officer-involved-shooting-on-ochiese-first-nation/wcm/ce55b4a3-a763-4411-942b-47545c4339fb
V1-0299,Toronto police exploring 'clown guns' for officers,Toronto Star,https://www.thestar.com/news/crime/toronto-police-exploring-clown-guns-for-officers/article_de01e7ac-3088-5809-b515-7d41dba1da0f.html
V2-0861,Deanna Whitecap's cause of death 'undetermined': forensic pathologist,CBC,https://www.cbc.ca/news/canada/saskatchewan/deanna-whitecap-coroner-inquest-day-two-1.5340313
V1-0611,York police chief says 17-year-old shot dead in Aurora highlights dangers officers face,Toronto Star,https://www.thestar.com/news/gta/york-police-chief-says-17-year-old-shot-dead-in-aurora-highlights-dangers-officers-face/article_12eaeb66-9868-11ef-9ad8-ef39611c92b3.html
V2-0785,Inquest in police custody death,Times-Colonist,https://www.proquest.com/canadiannews/docview/878830248/921FC765C0CE41FDPQ/5?accountid=14771&sourcetype=Newspapers
V1-0026,Police service looking for private funds,Regina Leader-Post,https://www.proquest.com/canadiannews/docview/349833371/6394D4EAEDBD418APQ/18?accountid=14771&sourcetype=Newspapers
V1-0255,Surrey  B.C.  shooting victim ID'd by police,CBC,https://www.cbc.ca/news/canada/british-columbia/surrey-b-c-shooting-victim-id-d-by-police-1.1116900
V1-0337,Coroner's inquest rules Victoria man's police-involved death a suicide,CBC,https://www.cbc.ca/news/canada/british-columbia/rhett-mutch-inquest-1.4122906
V1-0522,Officers who fatally shot Haliburton man in mask dispute cleared by watchdog,CBC,https://www.cbc.ca/news/canada/toronto/siu-officers-shot-haliburton-man-leslie-hegedus-cleared-1.6118069
V1-0408,Vancouver police officers acted in 'accordance with the law' in 2016 fatal shooting: IIO,Vancouver Sun,https://vancouversun.com/news/local-news/vancouver-police-officers-acted-in-accordance-with-the-law-in-fatal-2016-shooting-iio?utm_source=read-more
V1-0629,Family of woman killed by police with plastic bullets tried for years to get help,The Times Colonist,https://www.timescolonist.com/local-news/family-of-woman-killed-by-police-with-plastic-bullets-tried-for-years-to-get-help-4684877
V1-0099,Officer lied at inquest; RCMP boss suspends constable  orders probe into death,The Province,https://www.proquest.com/canadiannews/docview/269536286/A86B1543E8494E0CPQ/4?accountid=14771&sourcetype=Newspapers
V1-0292,Greg Matters family gets Memorial Cross in slain vet's honour,CBC,https://www.cbc.ca/news/canada/british-columbia/greg-matters-family-gets-memorial-cross-in-slain-vet-s-honour-1.1867709
V1-0615,Inmates from North need more help  advocates say  after Nunavut man fatally shot by Winnipeg police,CBC,https://www.cbc.ca/news/canada/manitoba/resources-jordan-charlie-nunavut-man-fatal-police-shooting-winnipeg-1.7396506
V1-0533,Man killed in Toronto police shooting at downtown building identified,Toronto.com,https://www.toronto.com/news/man-killed-in-toronto-police-shooting-at-downtown-building-identified/article_04e1febc-0909-5511-a45c-838aeaf46dcb.html
V1-0103,Shooting probe completed,Prince George Citizen,https://www.proquest.com/canadiannews/docview/361885059/F801407D58FF4447PQ/17?accountid=14771&sourcetype=Newspapers
V2-0913,Jury makes 22 recommendations in coroner's inquest into death of Windsor man at local jail,CBC,https://www.cbc.ca/news/canada/windsor/coroners-inquest-joe-gratton-jury-verdict-recommendations-jail-1.7559942
V2-0822,Solomon Uyarasuk inquest: Cell block left unlocked for hours after death,CBC,https://www.cbc.ca/news/canada/north/solomon-uyarasuk-inquest-cell-block-left-unlocked-for-hours-after-death-1.2853117
V2-0783,Man dragged into jail cell,Maple Ridge News,https://www.proquest.com/canadiannews/docview/743897909/DBD2647494734217PQ/12?accountid=14771
V1-0141,It's a shame,Winnipeg Free Press,https://www.winnipegfreepress.com/opinion/editorials/2011/10/11/editorial-its-a-shame
V1-0448,Indigenous deaths in Timmins  Ont.  involving police spark sorrow  anger,Global News,https://globalnews.ca/news/4011478/indigenous-deaths-police-timmins/
V1-0212,Shooting inquest continues in Terrace,Global News,https://globalnews.ca/news/154926/shooting-inquest-continues-in-terrace/
V1-0334,Martin Rouleau  Quebec driver shot by police  'radicalized': RCMP,CBC,https://www.cbc.ca/news/canada/montreal/martin-rouleau-quebec-driver-shot-by-police-radicalized-rcmp-1.2806104
V1-0026,Coroner tells inquest jurors to rule homicide,Prince Albert Daily Herald,https://www.proquest.com/canadiannews/docview/345038136/6394D4EAEDBD418APQ/27?accountid=14771&sourcetype=Newspapers
V2-0867,Kereluk family satisfied with recommendations as inquest closes,Prince Albert Daily Herald,https://paherald.sk.ca/kereluk-family-satisfied-with-recommendations-as-inquest-closes/
V1-0077,Family shocked by inquest delay,CBC,https://www.cbc.ca/news/canada/prince-edward-island/family-shocked-by-inquest-delay-1.616079
V1-0130,Injured constable testifies at fatality inquiry,CBC,https://www.cbc.ca/news/canada/edmonton/injured-constable-testifies-at-fatality-inquiry-1.827676
V1-0383,Alex Wettlaufer was working toward joining the army before he was shot dead by Toronto police  brother says,National Post,https://nationalpost.com/news/toronto/alex-wettlaufer-was-working-towards-joining-the-army-before-he-was-shot-dead-by-toronto-police-brother-says?itm_source=alex-wettlaufer
V1-0502,Scarborough murder suspect dies in hospital after police shooting,Toronto.com,https://www.toronto.com/news/scarborough-murder-suspect-dies-in-hospital-after-police-shooting/article_75b441ee-ce9e-505f-9822-cf5c57b6171e.html
V1-0629,Family of woman killed by officer in 2019 'shocked' by misconduct finding,Times Colonist,https://www.timescolonist.com/local-news/family-of-woman-killed-by-officer-in-2019-shocked-by-misconduct-finding-10705983
V2-0824,No evidence Timmins officer assaulted man: SIU,CBC,https://www.cbc.ca/news/canada/sudbury/no-evidence-timmins-officer-assaulted-man-siu-1.1366131
V1-0371,RCMP officer disregarded training  was 'unwise  unjustified' in pursuit leading to fatal shooting: inquest,CBC,https://www.cbc.ca/news/canada/manitoba/inquest-death-steven-campbell-abram-letkema-1.7303805
V1-0165,Saskatoon police shootings of 2 native people raise race relations questions,Winnipeg Free Press,https://www.winnipegfreepress.com/historic/2007/12/28/saskatoon-police-shootings-of-2-native-people-raise-race-relations-questions
V1-0474,Woman killed by Calgary police identified as Stacey Perry  29,CBC,https://www.cbc.ca/news/canada/calgary/calgary-shooting-police-woman-stacey-perry-1.4961312
V1-0028,Vigil held for man who died after pepper spray incident,CBC,https://www.cbc.ca/news/canada/vigil-held-for-man-who-died-after-pepper-spray-incident-1.271437
V1-0151,He wasn't a danger to anyone ... charges should be laid: Deborah  Paul Boyd's sister,Vancouver Sun,https://web.archive.org/web/20150318192419/http://www.vancouversun.com/entertainment/wasn+danger+anyone+charges+should+laid+Deborah+Paul+Boyd+sister/6704557/story.html
V1-0334,Michael Zehaf-Bibeau and Martin Couture-Rouleau: How Canada tracks homegrown radicals,CBC,https://www.cbc.ca/news/michael-zehaf-bibeau-and-martin-couture-rouleau-how-canada-tracks-homegrown-radicals-1.2807390
V1-0546,Inquest to be held to review fatal 2021 OPP shooting in Fergus,CBC,https://www.cbc.ca/news/canada/kitchener-waterloo/inquest-opp-shooting-death-mathias-bunyan-siu-cleared-1.7293565
V2-0749,Bruce Moonias inquest to hear from OPP officer,CBC,https://www.cbc.ca/news/canada/thunder-bay/bruce-moonias-inquest-to-hear-from-opp-officer-1.2286539
V1-0560,Gunmen killed in Saanich bank shootout identified as twin brothers,CTV,https://www.ctvnews.ca/vancouver/article/gunmen-killed-in-saanich-bank-shootout-identified-as-twin-brothers/
V1-0161,Firefighter injured at shooting scene; She's off the job after her hand was hurt while helping man shot by police at store,Kitchener Record,https://www.proquest.com/canadiannews/docview/267223198/5CEC8F4D711947FBPQ/2?accountid=14771&sourcetype=Newspapers
V1-0056,B.C. urged to probe deaths of natives in police custody,The Globe and Mail,https://www.proquest.com/canadiannews/docview/387307994/A7498A6D0CA34FBFPQ/11?accountid=14771&sourcetype=Newspapers
V1-0022,Witness blames cop in shooting; RCMP officer beat  pepper-sprayed  shocked and shot Melvin Bigsky  claims man who says he saw it all,The Windsor Star,https://www.proquest.com/canadiannews/docview/254395046/818CF5B15F44EC0PQ/4?accountid=14771&sourcetype=Newspapers
V1-0329,High risk-take downs prompting Edmonton police to adjust training,The Edmonton Sun,https://edmontonsun.com/2014/05/13/high-risk-take-downs-prompting-edmonton-police-to-adjust-training
V1-0279,Chanthachack inquest witnesses can't confirm officer's shooting story,CBC,https://www.cbc.ca/news/canada/hamilton/chanthachack-inquest-witnesses-can-t-confirm-officer-s-shooting-story-1.1414805
V1-0919,Trial begins for Toronto police officer accused of assault in fake Apple Watch deal,Global News,https://globalnews.ca/news/10770579/calvin-au-trial-begins-assault-toronto-police/
V1-0635,'If I could  I'd pitch up my teepee right here': Agatha Eaglechief remembers her son Austin a year after his death,Saskatoon StarPhoenix,https://thestarphoenix.com/news/local-news/if-i-could-id-pitch-up-my-teepee-right-here-agatha-eaglechief-remembers-her-son-austin-a-year-after-his-death
V1-0413,Inquest set to start in fatal Christmastime London police shooting,London Free Press,https://lfpress.com/news/local-news/inquest-set-to-start-in-fatal-christmastime-london-police-shooting
V1-0654,We now know who died in Halifax's police cells last year but we still don't know why,Global News,https://globalnews.ca/news/3579008/death-in-halifaxs-police-cells/
V1-0077,Taser victim had taken a lot of cocaine,CBC,https://www.cbc.ca/news/canada/british-columbia/taser-victim-had-taken-a-lot-of-cocaine-1.601078
V2-0811,IHIT investigating in-custody death,Global News,https://globalnews.ca/news/124482/ihit-investigating-in-custody-death/
V1-0083,'Disgusting  reprehensible  irresponsible',Kingston Whig-Standard,https://www.proquest.com/canadiannews/docview/352734516/8918D4395BD64E1APQ/25?accountid=14771&sourcetype=Newspapers
V2-0718,B.C. boy youngest Taser recipient: professor,CBC,https://www.cbc.ca/news/canada/british-columbia/b-c-boy-youngest-taser-recipient-professor-1.1018348
V1-0614,Overhaul police training to reduce police shootings - and look to Norway for answers: expert,CBC,https://www.cbc.ca/news/canada/manitoba/winnipeg-police-shootings-traning-norway-finland-1.7397678
V2-0915,Second man from Sagkeeng First Nation dies while in custody,APTN News,https://www.aptnnews.ca/national-news/second-man-from-sagkeeng-first-nation-dies-while-in-custody/
V2-0888,'He was very kind': Partner of First Nations man who died after being in RCMP custody looking for answers,APTN News,https://www.aptnnews.ca/national-news/he-was-very-kind-partner-of-first-nations-man-who-died-in-rcmp-custody-looking-for-answers/
V1-0437,Recommendations made after police fatally shot man in Qualicum Beach in 2017,Nanaimo News Bulletin,https://www.nanaimobulletin.com/local-news/recommendations-made-after-police-fatally-shot-man-in-qualicum-beach-in-2017-7104465
V1-0388,Lac-Simon victim's brother was also fatally shot by police,CBC,https://www.cbc.ca/news/canada/montreal/lac-simon-police-death-shooting-brothers-1.3526783
V1-0343,Judge delays ruling for police officers in shooting of New Brunswick businessman,Lethbridge News Now,https://lethbridgenewsnow.com/2016/12/14/judge-delays-ruling-for-police-officers-in-shooting-of-new-brunswick-businessman/
V2-0853,Inquest announced into death of man who fell out of B.C. ambulance,National Post,https://nationalpost.com/pmn/news-pmn/canada-news-pmn/inquest-announced-into-death-of-man-who-fell-out-of-b-c-ambulance/wcm/182a6ce8-43be-4491-9507-d5034043c937/amp/{'href':+'/subscribe',+'text':+'Subscribe',+'footer_button_class':+'button--primary',+'header_button_class':+'button--secondary',+'header_button_class_mobile':+'button--primary'}
V2-0823,Prince Albert police issue statement following in-custody deaths,paNOW,https://panow.com/2021/11/10/prince-albert-police-issue-statement-following-in-custody-deaths/
V1-0062,Death undetermined,Prince George Citizen,https://www.proquest.com/canadiannews/docview/361734118/11408CE4FB2444D0PQ/4?accountid=14771
V1-0143,Dead man's family question police shooting,The Globe and Mail,https://www.theglobeandmail.com/news/national/dead-mans-family-question-police-shooting/article682984/
V1-0223,Families push for memorial to recognize police officers who died by suicide,The Globe and Mail,https://www.theglobeandmail.com/canada/article-families-push-for-memorial-to-recognize-police-officers-who-died-by-2/
V1-0072,City needs drug rehab centre  coroner's jury recommends,Saskatoon StarPhoenix,https://www.proquest.com/canadiannews/docview/348814461/18888437A7C848C0PQ/2?accountid=14771&sourcetype=Newspapers
V2-0847,Police cleared  former cellmate charged in man's death in holding cell,CBC,https://www.cbc.ca/news/canada/edmonton/edmonton-asirt-fentanyl-overdose-cellmate-1.3973957
V1-0142,Officer cleared in fatal shooting; Action likely saved wife of Windsor man  says SIU,Windsor Star,https://www.proquest.com/canadiannews/docview/254748214/C6D15E326E934070PQ/2?accountid=14771&sourcetype=Newspapers
V1-0018,Victim's family drops A'burg police lawsuit,Windsor Star,https://www.proquest.com/canadiannews/docview/254574377/9228828E3B2A487BPQ/4?accountid=14771&sourcetype=Newspapers
V2-0952,Mother of inmate killed at Sask. Pen 'not surprised' by prison watchdog report,Saskatoon StarPhoenix,https://thestarphoenix.com/news/local-news/mother-of-inmate-killed-at-sask-pen-not-surprised-by-prison-watchdog-report
V1-0383,Toronto police shoot  kill man after confrontation in North York park  SIU says,National Post,https://nationalpost.com/news/toronto/toronto-police-shoot-kill-man-after-confrontation-in-north-york-park-siu-investigating
V1-0596,Family of James Wood  who died after police encounter  calls out systemic racism and brutality,CBC,https://www.cbc.ca/news/canada/manitoba/james-wood-died-encounter-winnipeg-police-1.7110327
V1-0046,Coroner's jury recommends review of criminal files,Nunatsiaq News,https://nunatsiaq.com/stories/article/coroners_jury_recommends_review_of_criminal_files/
V1-0611,Aurora teen  shot and killed by 4 York Region officers  'lured' cops to his home as part of plan to kill them: SIU,East Gwillimbury Express,https://www.yorkregion.com/news/crime/aurora-teen-shot-and-killed-by-4-york-region-officers-lured-cops-to-his-home/article_1a5f87fa-84b2-50d8-a662-31ab50be3427.html
V1-0107,RCMP watchdog launches Taser investigation,PNI Atlantic News,https://www.saltwire.com/atlantic-canada/rcmp-watchdog-launches-taser-investigation-36744
V1-0576,Inquest into the death of man shot by SPS begins July 21,SaskToday,https://www.sasktoday.ca/saskatoon-today/saskatoon-news/inquest-into-the-death-of-man-shot-by-sps-begins-july-21-10855272
V2-0792,Officer testifies he wasn't required to enter cell to check on inmate who died,paNOW,https://panow.com/2019/11/07/officer-testifies-he-wasnt-required-to-enter-cell-to-check-on-inmate-who-died/
V2-0787,Inquest into the death of Corey John Cross,Global News,https://globalnews.ca/news/269527/inquest-into-the-death-of-corey-john-cross/
V1-0105,Suspect dies after police use stun gun,The Globe and Mail,https://www.theglobeandmail.com/news/national/suspect-dies-after-police-use-stun-gun/article20423747/
V1-0048,Officers who shot and killed man cleared of wrongdoing: [FINAL C Edition],The Province,https://www.proquest.com/canadiannews/docview/269418973/1ABB95FCBFE44D25PQ/4?accountid=14771&sourcetype=Newspapers
V1-0056,RCMP face legal action over Willey case,Prince George Citizen,https://www.proquest.com/canadiannews/docview/920899986/A7498A6D0CA34FBFPQ/14?accountid=14771&sourcetype=Newspapers
V2-0680,RCMP investigate death in Saskatoon lock-up,CBC,https://www.cbc.ca/news/canada/saskatchewan/rcmp-investigate-death-in-saskatoon-lock-up-1.881550
V1-0088,Two officers' 'lives at risk' when they killed man,Vancouver Sun,https://www.proquest.com/canadiannews/docview/242327649/5EEAF77600804313PQ/24?accountid=14771&sourcetype=Newspapers
V1-0129,Witness casts doubt on officers' story,Toronto Star,https://www.thestar.com/news/crime/witness-casts-doubt-on-officers-story/article_31fcdcb0-7499-5d27-a461-cc577a7fe652.html
V1-0309,Alberta man's death in Leduc prompts anti-Taser petition,The Edmonton Sun,https://edmontonsun.com/2013/08/10/alberta-mans-death-in-leduc-prompts-anti-taser-petition
V1-0360,The life and bloody death of Andrew Loku: Toronto police officer's face 'went white as a ghost' after shooting,National Post,https://nationalpost.com/news/toronto/the-life-and-bloody-death-of-andrew-loku
V1-0024,Better training called for to subdue frenzied patients:,Edmonton Journal,https://www.proquest.com/canadiannews/docview/253019732/6AFEFD5454904B23PQ/14?accountid=14771&sourcetype=Newspapers
V1-0410,Inquest jury delivers homicide verdict during inquest into 2016 death of man in Nipigon,CBC,https://www.cbc.ca/news/canada/thunder-bay/nipigon-coroners-inquest-1.6934173
V1-0196,Officer was forced to shoot  inquest told,Cowichan Valley Citizen,https://www.proquest.com/canadiannews/docview/849298420/99B192FBFDDB44A7PQ/3?accountid=14771&sourcetype=Newspapers
V1-0318,Mental health committee to be established by Durham police following inquest,Oshawa Express,https://oshawaexpress.ca/mental-health-committee-to-be-established-by-durham-police-following-inquest/
V2-0757,Inquest ordered into death of N.B. man in police custody,CBC,https://www.cbc.ca/news/canada/new-brunswick/inquest-ordered-into-death-of-n-b-man-in-police-custody-1.776694
V1-0390,Independent investigation issues update on fatal shooting in northern B.C.,The Vancouver Sun,https://vancouversun.com/news/local-news/independent-investigation-issues-update-on-fatal-shooting-in-northern-b-c
V1-0605,Friend identifies police-involved shooting victim as '60s Scoop survivor,CTV,https://windsor.ctvnews.ca/friend-identifies-police-involved-shooting-victim-as-60s-scoop-survivor-1.7031274
V2-0738,Cocaine killed woman,Kingston Whig-Standard,https://www.proquest.com/canadiannews/docview/2774212774/10D1936AD3EA4F1APQ/5?accountid=14771&sourcetype=Newspapers
V1-0551,Man shot and killed by police in central Edmonton  police watchdog investigating,Global News,https://globalnews.ca/news/8482875/central-edmonton-police-shooting-fatality/
V1-0542,'Reasonable grounds' to consider charges in fatal B.C. police shooting: watchdog,Penticton Western News,https://www.pentictonwesternnews.com/news/reasonable-grounds-for-charges-against-three-officers-involved-in-2021-killing-of-indigenous-man-in-campbell-river-iio/
V2-0916,Inmate  54  dies at Stony Mountain Institution,CBC,https://www.cbc.ca/news/canada/manitoba/stony-mountain-inmate-death-manitoba-1.7438576
V2-0793,Parents want answers to son's death in custody,CBC,https://www.cbc.ca/news/canada/saskatchewan/parents-want-answers-to-son-s-death-in-custody-1.809731
V1-0615,Support needed for community organizations after users die violently  advocate says,CBC,https://www.cbc.ca/news/canada/manitoba/jordan-charlie-community-organizations-1.7416192
V1-0212,RCMP shooting inquest underway in Terrace  B.C.,CBC,https://www.cbc.ca/news/canada/british-columbia/rcmp-shooting-inquest-underway-in-terrace-b-c-1.1029240
V1-0055,Cop should have 'waited for backup ' inquest told: [FINAL C Edition],The Province,https://www.proquest.com/canadiannews/docview/269435672/E91D52E487E04F21PQ/4?accountid=14771&sourcetype=Newspapers
V1-0440,Officer recounts final moments before he shot Brydon Whitstone,CTV,https://www.ctvnews.ca/saskatoon/article/officer-recounts-final-moments-before-he-shot-brydon-whitstone/
V1-0033,Man dead  officer injured after shooting in Winnipeg parking lot,Winnipeg Sun,https://www.proquest.com/canadiannews/docview/362153814/E6EF58EC833C43DAPQ/5?accountid=14771&sourcetype=Newspapers
V1-0040,Mother braces for inquest; Son died after pepper-spraying by Toronto police Family denied legal aid to have lawyer present: [ONT Edition],Toronto Star,https://www.proquest.com/canadiannews/docview/438801720/1433533E416E437FPQ/5?accountid=14771
V1-0174,Amid the growing taser controversy  one man's life is saved by the device,The Globe and Mail,https://www.proquest.com/canadiannews/docview/2386065323/6E7C8A9327A54475PQ/10?accountid=14771&sourcetype=Blogs,%20Podcasts,%20&%20Websites
V1-0162,Shooting victim had 'ugly' history; SIU probing if incident was 'suicide by cop': [ONT Edition],Toronto Star,https://www.proquest.com/canadiannews/docview/439359554/D3F6C0D060374446PQ/9?accountid=14771&sourcetype=Newspapers
V1-0182,Yukon inquest studies man's death in police arrest,CBC,https://www.cbc.ca/news/canada/north/yukon-inquest-studies-man-s-death-in-police-arrest-1.813790
V1-0292,Greg Matters' haunting final message to his mother before RCMP killed him: 'I'm a little worried about what's going on',National Post,https://nationalpost.com/news/canada/greg-matters-haunting-final-message-to-his-mother-before-rcmp-killed-him-im-a-little-worried-about-whats-going-on
V1-0386,Montreal police officer acquitted after killing a man in a 2016 drug raid,CTV,https://www.ctvnews.ca/montreal/article/montreal-police-officer-acquitted-after-killing-a-man-in-a-2016-drug-raid/
V1-0470,Knife-wielding woman shot to death by cops under provincial probe in Ontario,INsauga,https://www.insauga.com/knife-wielding-woman-shot-to-death-by-cops-under-provincial-probe-in-ontario/
V1-0112,Ian Bush's mother drops RCMP lawsuit,CBC,https://www.cbc.ca/news/canada/british-columbia/ian-bush-s-mother-drops-rcmp-lawsuit-1.900920
V1-0635,Austin Eaglechief death inquest: What you should know and what his family is seeking,CBC,https://www.cbc.ca/news/canada/saskatoon/austin-eaglechief-death-inquest-what-you-should-know-and-what-his-family-is-seeking-1.5251425
V1-0245,POLICE: Man wounded in shoulder during Kathleen Street traffic stop,Sudbury Star,https://global-factiva-com.myaccess.library.utoronto.ca/redir/default.aspx?P=sa&NS=16&AID=9UNI011000&an=SUDBRY0020121017e8ah0000t&drn=drn%3aarchive.newsarticle.SUDBRY0020121017e8ah0000t&cat=a&ep=ASI
V1-0505,Nunavut leaders call for answers after officer cleared in shooting of Inuk man,The Globe and Mail,https://www.theglobeandmail.com/canada/article-nunavut-leaders-call-for-answers-after-officer-cleared-in-shooting-of/
V1-0251,Man shot by Surrey police will be 'deeply missed',Surrey Now-Leader,https://www.surreynowleader.com/news/man-shot-by-surrey-police-will-be-deeply-missed-2901370
V1-0082,49 minutes of terror and tragedy in Toronto,The Globe and Mail,https://www.theglobeandmail.com/news/national/49-minutes-of-terror-and-tragedy-in-toronto/article1003027/
V1-0534,Police watchdog clears Tofino RCMP officer in shooting death of Julian Jones,Vancouver Island Free Daily,https://www.vancouverislandfreedaily.com/news/police-watchdog-clears-tofino-rcmp-officer-in-shooting-death-of-tla-o-qui-aht-man-7238287
V1-0477,Man fatally shot by Winnipeg police in 2019 was on meth  threatened officers with hatchet: inquest report,CBC,https://www.cbc.ca/news/canada/manitoba/chad-williams-inquest-winnipeg-police-shooting-1.6623910
V2-0795,Inquest probes grim tale of Iqaluit man's jailhouse death,Nunatsiaq News,https://nunatsiaq.com/stories/article/65674inquest_probes_grim_tale_of_iqaluit_mans_jailhouse_death/
V1-0047,Mall death ruled accidental,Prince George Citizen,https://www.proquest.com/canadiannews/docview/361732014/B593DA227D9A4987PQ/2?accountid=14771&sourcetype=Newspapers
V1-0499,Peel police officers cleared in fatal shooting of 28-year-old man: Ontario's police watchdog,Global News,https://globalnews.ca/news/7588457/ontarios-police-watchdog-peel-police-jamal-francique-shooting/
V1-0181,Court dismisses Villanueva family's suit against city after 'unjustifiable' delays,Montreal Gazette,https://www.montrealgazette.com/news/article265470.html
V1-0015,Man saw doctor before rampage: Stittsville father killed by police battled depression and brain tumour,Ottawa Citizen,https://www.proquest.com/canadiannews/docview/240417272/44A656F2799649E8PQ/2?accountid=14771&sourcetype=Newspapers
V1-0624,Woman dies after being hit by Winnipeg police vehicle near homeless encampment,CTV,https://www.ctvnews.ca/winnipeg/article/woman-dies-after-being-hit-by-winnipeg-police-vehicle-near-homeless-encampment/
V1-0601,Sask. watchdog investigating Saskatoon police's fatal shooting of man in Pleasant Hill,CBC,https://www.cbc.ca/news/canada/saskatoon/sirt-investigates-saskatoon-police-fatal-shooting-1.7245435
V1-0026,Death of man who shot police dog being examined,Prince Albert Daily Herald,https://www.proquest.com/canadiannews/docview/345008751/6394D4EAEDBD418APQ/20?accountid=14771&sourcetype=Newspapers
V1-0496,At coroner's inquest  family of man shot dead by police pushes for change,London Free Press,https://lfpress.com/news/local-news/at-coroners-inquest-family-of-man-shot-dead-by-police-push-for-change
V1-0490,Kyaw Din inquest recommends 'significant funding' for responding to mental health calls,CTV,https://www.ctvnews.ca/vancouver/article/kyaw-din-inquest-recommends-significant-funding-for-responding-to-mental-health-calls/
V1-0509,Recommendations for change highlighted in Manitoba Advocate report on Eishia Hudson,Global News,https://globalnews.ca/news/9784575/manitoba-advocate-report-eishia-hudson-shooting/
V1-0166,B.C. shooting victim was suicidal,National Post,https://nationalpost.com/news/bc-shooting-victim-was-suicidal
V1-0316,Ministry stands firm on denying funding for families of police shooting victims,Toronto Star,https://www.thestar.com/news/gta/ministry-stands-firm-on-denying-funding-for-families-of-police-shooting-victims/article_e987e61e-2971-5a1f-9fd0-f206ad668796.html
V1-0568,Family of Winnipeg man shot by Vancouver police bean bags sues for his death,The Vancouver Sun,https://vancouversun.com/news/family-of-winnipeg-man-shot-by-vancouver-police-bean-bags-sues-for-his-death
V1-0496,Inquest jury releases recommendations in death of man shot by police,The London Free Press,https://lfpress.com/news/local-news/inquest-jury-releases-recommendations-in-death-of-man-shot-by-police
V2-0844,Alberta agency investigates death of inmate in back of Edmonton police van,Waterloo Region Record,https://www.therecord.com/news/alberta-agency-investigates-death-of-inmate-in-back-of-edmonton-police-van/article_e5b655e8-d484-5dd2-b386-36e7ed958d1d.html
V1-0196,Welton probe complete  inquest looms,Cowichan News Leader Pictorial,https://www.proquest.com/canadiannews/docview/848010673/4F9316B3D92A4DC3PQ/7?accountid=14771&sourcetype=Newspapers
V1-0223,Man shot by police was 'harmless ' friends say,CBC,https://www.cbc.ca/news/canada/toronto/man-shot-by-police-was-harmless-friends-say-1.959965
V2-0938,Worst case scenario; Jail suicide shows what can go wrong when mental health cases mishandled  inquest told,Ottawa Sun,https://www.proquest.com/canadiannews/docview/2154496145/29DE5D32EBEF4598PQ/248?accountid=14771&sourcetype=Newspapers
V2-0682,Sask. Indigenous leaders call for release of full report on P.A. police review,Saskatoon StarPhoenix,https://thestarphoenix.com/news/saul-laliberte
V1-0465,NDG residents heard several gunshots before man  23  killed in police shooting,CBC,https://www.cbc.ca/news/canada/montreal/ndg-residents-heard-several-gunshots-before-man-23-killed-in-police-shooting-1.4794138
V1-0051,Woman's death no surprise to friends; Victim had tough life with gender identity,Hamilton Spectator,https://www.proquest.com/canadiannews/docview/270124929/1D5846CBB5744680PQ/3?accountid=14771&sourcetype=Newspapers
V1-0481,Surrey hostage's injury wasn't survivable: ER doctor,Nanaimo News Bulletin,https://www.nanaimobulletin.com/news/surrey-hostages-injury-wasnt-survivable-er-doctor-7348241
V1-0399,London police officer sentenced to 1 year in jail for role in death of Oneida mother,APTN News,https://www.aptnnews.ca/national-news/london-police-officer-sentenced-to-1-year-in-jail-for-role-in-death-of-oneida-mother/
V1-0546,Inquest rules Fergus man's death a homicide after he was shot by police,CTV,https://www.ctvnews.ca/kitchener/article/inquest-rules-fergus-mans-death-a-homicide-after-he-was-shot-by-police/
V1-0399,Judge who convicted cop in overdose death had 'hindsight bias ' appeal court told,The London Free Press,https://lfpress.com/news/local-news/judge-who-convicted-officer-in-overdose-death-had-hindsight-bias-appeal-court-told
V1-0136,Man shot by police had replica handgun: Daniel Anthony King shot at Mohawk gas station after leading cops on a wild chase in stolen car,Vancouver Sun,https://vancouversun.newspapers.com/image/497422288/?match=1&terms=Man%20shot%20by%20police%20had%20replica%20handgun%3A%20Daniel%20Anthony%20King%20shot%20at%20Mohawk%20gas%20station%20after%20leading%20cops%20on%20a%20wild%20chase%20in%20stolen%20car
V1-0517,Peel police officers involved in mental health call that left Malton man dead in 2020 faced previous misconduct allegations,Toronto Star,https://www.thestar.com/news/gta/peel-police-officers-involved-in-mental-health-call-that-left-malton-man-dead-in-2020/article_377e267e-df25-11ef-8d0b-6be405752f4a.html
V1-0583,Alleged Quebec cop killer was on probation  had history of mental health problems,Global News,https://globalnews.ca/news/9587733/quebec-cop-killer-probation-mental-health-problems/
V2-0784,NDP calls for independent investigations of police,Yukon News,https://www.yukon-news.com/news/ndp-calls-for-independent-investigations-of-police/
V1-0608,'I don't want to die': Prophetic last words of Blood Tribe man who died during arrest by Calgary police,APTN News,https://www.aptnnews.ca/national-news/i-dont-want-to-die-prophetic-last-words-of-blood-tribe-man-who-died-while-being-arrested-by-calgary-police/
V1-0576,Inquest finds Saskatoon man died of suicide by multiple gunshots,SaskToday,https://www.sasktoday.ca/saskatoon-today/saskatoon-news/inquest-finds-saskatoon-man-died-by-suicide-by-multiple-gunshots-11134410
V1-0478,Officer involved in Elmvale mall fatal shooting previously charged by SIU,Ottawa Citizen,https://ottawacitizen.com/news/local-news/officer-involved-in-elmvale-mall-fatal-shooting-previously-charged-by-siu
V1-0082,Toronto hostage-taker's gun was jammed,The Globe and Mail,https://www.theglobeandmail.com/news/national/toronto-hostage-takers-gun-was-jammed/article1140357/
V1-0573,Sister pleads for answers after brother dies in Montreal police shooting,CBC,https://www.cbc.ca/news/canada/montreal/sister-police-shooting-montreal-nuns-island-1.6614686
V2-0855,Inquest called into man's death,The North Bay Nugget,https://www.nugget.ca/news/local-news/inquest-called-into-mans-death
V1-0369,Toronto man's death after arrival of Taser-wielding police now being investigated,Toronto Star,https://www.thestar.com/news/crime/toronto-man-s-death-after-arrival-of-taser-wielding-police-now-being-investigated/article_f1b25ed4-881b-5160-93c7-17c2fafb3011.html
V1-0326,2014 police shooting death of Aurora's John Caleb Ross to be subject of inquest,Aurora Banner,https://www.yorkregion.com/news/crime/2014-police-shooting-death-of-auroras-john-caleb-ross-to-be-subject-of-inquest/article_968664ab-c5a6-54ca-b91b-cff54bc20418.html
V1-0643,Jury makes recommendations following inquest into 2018 shooting death in Nanaimo,CHEK News,https://cheknews.ca/jury-makes-recommendations-following-inquest-into-2018-shooting-death-in-nanaimo-1224868/
V2-0816,Man's family want answers in postpolice custody death,Cowichan Valley Citizen,https://www.proquest.com/canadiannews/docview/1010199446/C726A0BED4C248B2PQ/67?accountid=14771&sourcetype=Newspapers
V2-0904,Family of man 'brutalized' during fatal attack in Brandon jail gang unit suing province,CBC,https://www.cbc.ca/news/canada/manitoba/death-collin-james-kempthorne-lawsuit-1.7587890
V1-0571,Many questions after death in custody,Toronto Star,https://www.proquest.com/canadiannews/docview/2711735444/DFE21E03147740E4PQ/50?accountid=14771&sourcetype=Newspapers
V1-0485,Calls for justice from family of woman shot dead by Calgary police officer,Calgary Sun,https://calgarysun.com/news/crime/calls-for-justice-from-family-of-woman-shot-dead-by-calgary-police-officer
V1-0337,'Subject down.' A Victoria mother learned over a police car radio that her troubled son had been shot; B.C. police have been trained in 'de-escalation ' but has the new program worked?,Vancouver Sun,https://www.proquest.com/canadiannews/docview/1667306513/C726A0BED4C248B2PQ/148?accountid=14771&sourcetype=Newspapers
V1-0311,ASIRT investigating after man shot by RCMP officer dies,CTV,https://www.ctvnews.ca/edmonton/article/asirt-investigating-after-man-shot-by-rcmp-officer-dies/
V1-0285,Man's 2012 shooting by Toronto cop prompts justice inquest,Global News,https://globalnews.ca/news/1118905/mans-2012-shooting-by-toronto-cop-prompts-justice-inquest/
V1-0585,'I wish we had never called the police': Alberta man fatally shot during mental health crisis,Chemainus Valley Courier,https://www.chemainusvalleycourier.ca/news/i-wish-we-had-never-called-the-police-alberta-man-fatally-shot-during-mental-health-crisis/
V1-0534,Man shot and killed by RCMP near Tofino  police watchdog investigating,Parksville Qualicum Beach News,https://www.pqbnews.com/news/man-shot-and-killed-by-tofino-rcmp-in-opitsaht-1188349
V1-0048,Don't let police investigate themselves  says coroner's jury,The Province,https://www.proquest.com/canadiannews/docview/269378501/1ABB95FCBFE44D25PQ/5?accountid=14771
V2-0730,Inquest in OPP arrest; Man died at cop station,Toronto Sun,https://www.proquest.com/canadiannews/docview/2178938164/29DE5D32EBEF4598PQ/316?accountid=14771&sourcetype=Newspapers
V2-0839,Inquest finds Surrey man died of meth toxicity,Peace Arch News,https://www.peacearchnews.com/news/inquest-finds-surrey-man-died-of-meth-toxicity-2804722
V1-0629,Police misconduct ruling in death of B.C. woman Lisa Rauch  killed by anti-riot round,The Times Colonist,https://www.timescolonist.com/bc-news/police-misconduct-ruling-in-death-of-bc-woman-lisa-rauch-killed-by-anti-riot-round-10705970
V1-0209,Man dies after Surrey RCMP shooting,CBC,https://www.cbc.ca/news/canada/british-columbia/man-dies-after-surrey-rcmp-shooting-1.820941
V1-0399,Family of Indigenous woman who died in police custody seeks answers and justice,CBC,https://www.cbc.ca/news/canada/london/family-of-indigenous-woman-who-died-in-police-custody-wants-justice-1.4204624
V1-0454,Officer tells inquest that Hamilton teen looked 'desperate to stab me' before shooting,CBC,https://www.cbc.ca/news/canada/hamilton/quinn-macdougall-police-shooting-inquest-filice-1.6370101
V2-0805,'They're not alone': Sister of Adam Sprague outraged by recent Orangeville jail cell overdose,The Midweek Banner,https://www.orangeville.com/news/they-re-not-alone-sister-of-adam-sprague-outraged-by-recent-orangeville-jail-cell-overdose/article_ef31cb63-9107-5e61-ad6d-5f63fd470da4.html
V2-0883,London man who died after arrest remembered as sports-loving free spirit,CBC,https://www.cbc.ca/news/canada/london/london-man-who-died-after-arrest-remembered-as-sports-loving-free-spirit-1.5900725
V2-0818,Inquest begins into death of man in police custody,CTV,https://www.ctvnews.ca/saskatoon/article/inquest-begins-into-death-of-man-in-police-custody/
V1-0399,London  Ont. police officer sentenced to 12 months in jail for death of Debra Chrisjohn,CBC,https://www.cbc.ca/news/canada/london/nicholas-doering-sentencing-1.5732615
V1-0602,Man subdued at Anicinabe Park identified  prompting First Nation leaders to call for 'accountability',Daily Miner and News,https://www.kenoraminerandnews.com/news/local-news/man-subdued-at-anicinabe-park-identified-prompting-first-nation-leaders-to-call-for-accountability
V1-0345,UPDATE: One man dead following police incident in Chilliwack,The Chilliwack Progress,https://www.theprogress.com/news/update-one-man-dead-following-police-incident-in-chilliwack-1840908
V1-0357,Family of Guelph man killed by police says he was 'deeply loved',Guelph Mercury Tribune,https://www.guelphmercury.com/news/family-of-guelph-man-killed-by-police-says-he-was-deeply-loved/article_899b9e2e-8b7f-5204-905e-643bf938d092.html
V2-0788,First flu  now teen's death in holding cell,Winnipeg Free Press,https://www.winnipegfreepress.com/local/2009/06/18/first-flu-now-teens-death-in-holding-cell
V2-0860,Police panel testifies at custody deaths inquest about intoxication resources,Orillia Today,https://www.orilliamatters.com/ontario-news/police-panel-testifies-at-custody-deaths-inquest-about-intoxication-resources-6022273
V2-0862,'Why did my brother have to die?' Hamilton woman asks at Barton jail inquest,CBC,https://www.cbc.ca/news/canada/hamilton/hamilton-jail-overdose-death-inquest-ryan-mckechnie-1.4616529
V2-0763,Italians seek answers in death of expatriate; Man died after being in Quebec police custody,Montreal Gazette,https://www.proquest.com/canadiannews/docview/434536500/DAB282DB47754EEEPQ/14?accountid=14771&sourcetype=Newspapers
V1-0186,Man in Edmonton dies after taser hit,The Globe and Mail,https://www.theglobeandmail.com/news/national/man-in-edmonton-dies-after-taser-hit/article20389279/
V1-0619,'Policing in Nunavik is broken': Inuit group wants change after latest fatal shooting,Winnipeg Sun,https://winnipegsun.com/pmn/policing-in-nunavik-is-broken-inuit-group-wants-change-after-latest-fatal-shooting
V1-0040,Jury rules on man's death; Excited delirium cited as cause Training on risks urged for police: [ONT Edition],Toronto Star,https://www.proquest.com/canadiannews/docview/438791740/1433533E416E437FPQ/4?accountid=14771&sourcetype=Newspapers
V1-0337,Mom pushes ahead with lawsuit against VicPD officers involved in son's death,North Shore News,https://www.nsnews.com/bc-news/mom-pushes-ahead-with-lawsuit-against-vicpd-officers-involved-in-sons-death-11011958
V1-0373,Man who died after being hit with an Edmonton police taser was to appear in court,The Edmonton Sun,https://edmontonsun.com/2015/12/10/man-who-died-after-being-hit-with-an-edmonton-police-taser-was-to-appear-in-court
V1-0116,Father of six killed by police,Winnipeg Free Press,https://www.proquest.com/canadiannews/docview/2545438126/DFE21E03147740E4PQ/5?accountid=14771&sourcetype=Newspapers
V2-0803,Date set for Horan inquest ; INQUEST: Man died in OPP custody,Sarnia Observer,https://www.proquest.com/canadiannews/docview/2216345134/450482623CDB4598PQ/9?accountid=14771&sourcetype=Newspapers
V2-0930,Suicide note found after jump from plane,The Globe and Mail,https://www.theglobeandmail.com/news/national/suicide-note-found-after-jump-from-plane/article25575400/
V1-0595,Protesters march for accountability in fatal shooting of 19-year-old by Winnipeg police,Global News,https://globalnews.ca/news/10256260/protesters-march-for-accountability-in-fatal-shooting-of-19-year-old-by-winnipeg-police/
V1-0407,Family of man who died in Toronto police Taser incident speaks out,Toronto Star,https://www.thestar.com/news/gta/family-of-man-who-died-in-toronto-police-taser-incident-speaks-out/article_be70934e-d776-54fd-af16-64c37aa38853.html
V1-0545,Cops cleared in fatal shooting of Burk's Falls woman,BayToday,https://www.baytoday.ca/city-police-beat/cops-cleared-in-fatal-shooting-of-burks-falls-woman-5731630
V2-0857,Heart failure  not excessive police force  blamed for 20-year-old's in-custody death,CBC,https://www.cbc.ca/news/canada/manitoba/heart-failure-iiu-death-1.4595803
V2-0877,'We just want answers': 100 Mile House man remembered for love of grandchildren  making others smile,100 Mile House Free Press,https://www.100milefreepress.net/news/we-just-want-answers-100-mile-house-man-remembered-for-love-of-grandchildren-making-others-smile-5431673
V1-0307,Coroner's inquest into fatal shooting of teen by Toronto police postponed,Toronto Sun,https://torontosun.com/news/local-news/coroners-inquest-into-fatal-shooting-of-teen-by-toronto-police-begins
V1-0143,Officers need to identify themselves  Hamilton inquest jury says,CBC,https://www.cbc.ca/news/canada/hamilton/officers-need-to-identify-themselves-hamilton-inquest-jury-says-1.1320336
V2-0816,Inquest set for March 3 in 2012 death at Duncan RCMP cells,The Times Colonist,https://www.timescolonist.com/local-news/inquest-set-for-march-3-in-2012-death-at-duncan-rcmp-cells-4604820
V1-0257,Family raising questions after fatal shooting in west Edmonton,Global News,https://www.globaltvedmonton.com/Family-raising-questions-after-fatal-shooting-west-Edmonton/4534886/story.html
V2-0929,Loved ones mourn man's death at London jail - the 22nd since 2009,The London Free Press,https://lfpress.com/news/local-news/loved-ones-mourn-mans-death-at-london-jail-the-22nd-since-2009
V1-0438,Friends and family mourn man fatally shot by RCMP in Gleichen,CTV,https://www.ctvnews.ca/calgary/article/friends-and-family-mourn-man-fatally-shot-by-rcmp-in-gleichen/
V1-0593,Grande Prairie man dead following police involved shooting - Alberta police watchdog investigating,Daily Herald-Tribune,https://www.dailyheraldtribune.com/news/grande-prairie-man-dead-rcmp-shooting
V1-0386,Montreal police officer to be charged with manslaughter in Montreal North shooting,Montreal Gazette,http://montrealgazette.com/news/local-news/montreal-police-officer-to-be-charged-with-manslaughter-in-montreal-north-shooting
V2-0683,'Heartbreaking:' Mother responds to inquest that detailed moments leading up to son's death,Stoney Creek News,https://www.thespec.com/news/canada/heartbreaking-mother-responds-to-inquest-that-detailed-moments-leading-up-to-son-s-death/article_d3a028a7-123b-523c-99c9-5b0ccde6da7a.html
V2-0945,Inquest into death of Casselman woman reveals complexities of Ontario's 911 system,The Ottawa Citizen,https://ottawacitizen.com/news/local-news/inquest-into-death-of-casselman-woman-reveals-complexities-of-ontarios-911-system
V1-0493,SIU IDs man shot during knife attack in Kingston  Ont.,CBC,https://www.cbc.ca/news/canada/ottawa/siu-id-assailant-shot-1.5283865
V2-0947,Woman dies at Winnipeg detox centre,CBC,https://www.cbc.ca/news/canada/manitoba/woman-dies-at-winnipeg-detox-centre-1.682018
V1-0448,'World stood still' for family of 21-year-old Cree man killed by Timmins police,CBC,https://www.cbc.ca/news/indigenous/joey-knapaysweet-family-timmins-police-death-1.4553181
V1-0560,Gunmen in Saanich bank shootout had goal 'to shoot and kill police officers': RCMP,CTV,https://www.ctvnews.ca/vancouver/article/gunmen-in-saanich-bank-shootout-had-goal-to-shoot-and-kill-police-officers-rcmp/
V1-0481,'Dozens' of gunshots fired in B.C. hostage stand-off  inquest hears,Nanaimo News Bulletin,https://www.nanaimobulletin.com/news/dozens-of-gunshots-fired-in-bc-hostage-stand-off-inquest-hears-7347485
V1-0440,Jury at Brydon Whitstone inquest offer 1 recommendation,Global News,https://globalnews.ca/news/4742344/jury-brydon-whitstone-inquest-recommendation/
V1-0515,Family of Chantel Moore outraged with decision to not charge officer who shot her,APTN News,https://www.aptnnews.ca/national-news/family-of-chantel-moore-outraged-with-decision-to-not-charge-officer-who-shot-her/
V2-0832,No indication man in custody was suicidal,The Province,https://www.proquest.com/canadiannews/docview/1654865003/1C8B0A2DAE3B44E7PQ/4?accountid=14771&sourcetype=Newspapers
V1-0655,Calgary police clear border service officers in Nigerian deportee's death,Toronto Star,https://www.thestar.com/calgary/calgary-police-clear-border-service-officers-in-nigerian-deportee-s-death/article_5fdfb61e-7ee0-574b-8db9-70ad574c7c52.html
V1-0171,Inquest looks into death,Kawartha Lakes This Week,https://www.thepeterboroughexaminer.com/news/inquest-looks-into-death/article_f7f74b66-a516-56a3-b0c7-1f94068b40f2.html
V1-0281,Cop cleared in fatal shooting of west-end man,CityNews,https://toronto.citynews.ca/2012/05/04/cop-cleared-in-fatal-shooting-of-west-end-man/
V2-0926,Inmates 'deserve to be safe': Death of Cornell Henry exposes security failings at Saskatoon jail,CBC,https://www.cbc.ca/news/canada/saskatoon/saskatoon-jail-beating-cornell-henry-nathan-ermine-court-1.5350960
V1-0056,Same method still in use; Despite Willey death  police continue to hog-tie suspects,Prince George Citizen,https://www.proquest.com/canadiannews/docview/818573847/A7498A6D0CA34FBFPQ/16?accountid=14771&sourcetype=Newspapers
V1-0405,Megeney asked to call his mother moments before fatal gunshots were fired  officer says,Saskatoon StarPhoenix,https://thestarphoenix.com/news/local-news/megeney-asked-to-call-his-mother-moments-before-fatal-gunshots-were-fired-officer-says
V2-0719,Two die separately in RCMP custody,Whitehorse Star,https://www.proquest.com/canadiannews/docview/362226959/62771837E0B746DCPQ/3?accountid=14771
V1-0470,SIU: No grounds to charge Hamilton police officer in shooting death of woman,Hamilton Spectator,https://www.thespec.com/news/crime/siu-no-grounds-to-charge-hamilton-police-officer-in-shooting-death-of-woman/article_119eed2d-b63a-5ddd-b357-161542e1fec0.html
V1-0033,RCMP get Taser stun gun,Winnipeg Free Press,https://www.proquest.com/canadiannews/docview/2545240482/3ADA4041CC4E42D9PQ/1?accountid=14771&sourcetype=Newspapers
V1-0111,Man fatally shot by police was 'solid kid',Toronto Star,https://www.pressreader.com/canada/toronto-star/20051021/282587373372415
V1-0320,Quebec officer convicted of manslaughter,Brock Citizen,https://www.durhamregion.com/news/quebec-officer-convicted-of-manslaughter/article_4fb2aa8f-42db-5a45-8117-9c7e1f984854.html
V2-0851,Death ruled natural after stay in police cells,The Times Colonist,https://www.timescolonist.com/local-news/death-ruled-natural-after-stay-in-police-cells-4662191
V1-0160,Subdued with Taser  pepper spray and baton  B.C. man dies in hospital,CBC,https://www.cbc.ca/news/canada/subdued-with-taser-pepper-spray-and-baton-b-c-man-dies-in-hospital-1.677261
V1-0180,ANALYSIS: Policing is Racist and Colonial Violence,Media Co-op,https://mediacoop.ca/story/policing-violence-racism-and-colonialism-criminali/37140
V2-0738,Inquest cites gender issues  video glitch,Kingston Whig-Standard,https://www.proquest.com/canadiannews/docview/2774211422/10D1936AD3EA4F1APQ/4?accountid=14771&sourcetype=Newspapers
V2-0784,RCMP clears itself in Silverfox death,Yukon News,https://www.yukon-news.com/news/rcmp-clears-itself-in-silverfox-death-6982427
V1-0640,'Why was he in a maximum-security prison?' Advocates want answers on immigration detainee's death in custody,Toronto Star,https://www.thestar.com/news/canada/why-was-he-in-a-maximum-security-prison-advocates-want-answers-on-immigration-detainee-s/article_b71afea2-c8c3-5a51-91d8-4e821b808b22.html
V1-0001,Gun-wielding man wanted police to fire  inquest told,The Globe and Mail,https://www.theglobeandmail.com/news/national/gun-wielding-man-wanted-police-to-fire-inquest-told/article18292034/
V1-0540,Man shot dead by RCMP near High Prairie led police on 24-hour manhunt  police watchdog says,CBC,https://www.cbc.ca/news/canada/edmonton/man-shot-by-rcmp-high-prairie-police-on-24-hour-manhunt-1.6074770
V2-0758,Man dies in police custody; Victim arrested for public intoxication,Calgary Herald,https://www.proquest.com/canadiannews/docview/245523586/774348D5F5B5416BPQ/3?accountid=14771&sourcetype=Newspapers
V2-0861,Inquest finds woman died of natural causes in custody at Indian Head RCMP detachment,CTV,https://www.ctvnews.ca/regina/article/inquest-finds-woman-died-of-natural-causes-in-custody-at-indian-head-rcmp-detachment/
V2-0833,Maskwacis woman's death while in police custody probed,CBC,https://www.cbc.ca/news/canada/edmonton/maskwacis-woman-s-death-while-in-police-custody-probed-1.2611627
V1-0321,Alain Magloire was in 'attack position ' says officer who shot him,CBC,https://www.cbc.ca/news/canada/montreal/alain-magloire-was-in-attack-position-says-officer-who-shot-him-1.2902110
V1-0381,Shooting of mentally ill man by police was justified  says SIU,CBC,https://www.cbc.ca/news/canada/toronto/devon-lafleur-police-shooting-1.4147585
V1-0073,Taser use queried in man's death,Times-Colonist,https://www.proquest.com/canadiannews/docview/347962263/6CD99BC3B7E842B3PQ/15?accountid=14771
V2-0942,Russell Spence's mother calls for answers 1 year after son's death in Winnipeg remand centre,CBC,https://www.cbc.ca/news/canada/manitoba/russell-spence-vigil-remand-death-1.4359346
V2-0851,Coroner's inquest due for 2016 death of man in Saanich,Victoria News,https://www.vicnews.com/news/coroners-inquest-due-for-2016-death-of-man-in-saanich-2-37194
V1-0369,No charges in death of barricaded Toronto man,Cambridge Times,https://www.cambridgetimes.ca/news/no-charges-in-death-of-barricaded-toronto-man/article_901e7ae8-b951-5bf4-b161-316fb78cf2ad.html
V1-0365,Myles Gray's mother says conclusion of B.C. coroner's inquest marks end of chapter,The Vancouver Sun,https://vancouversun.com/news/local-news/myles-grays-mother-says-conclusion-of-b-c-coroners-inquest-marks-end-of-chapter
V2-0867,Officers who supervised inmate before his death testify in inquest,paNOW,https://panow.com/2019/12/04/officers-who-supervised-inmate-before-his-death-testify-in-inquest/
V1-0561,Saanich  B.C.  bank shooting motive may never be known  says criminologist,CTV,https://www.ctvnews.ca/vancouver/vancouver-island/article/saanich-bc-bank-shooting-motive-may-never-be-known-says-criminologist/
V1-0187,Calgary police who fired taser not at fault in man's death: agency,The Globe and Mail,https://www.theglobeandmail.com/news/national/calgary-police-who-fired-taser-not-at-fault-in-mans-death-agency/article4085274/
V1-0201,Southern Alberta man dies after RCMP use Taser,CBC,https://www.cbc.ca/news/canada/calgary/southern-alberta-man-dies-after-rcmp-use-taser-1.841706
V1-0490,No charges recommended against police who fatally shot B.C. man with schizophrenia,CBC,https://www.cbc.ca/news/canada/british-columbia/iio-bc-report-kyaw-naing-din-1.5737398
V1-0273,Police shootings inquest: Mentally ill woman convinced she was doomed  psychiatrist testifies,Toronto Star,https://www.thestar.com/news/crime/police-shootings-inquest-mentally-ill-woman-convinced-she-was-doomed-psychiatrist-testifies/article_2e951cb2-ffde-5732-a8c8-2f73b32346f7.html
V1-0279,Victim missed court appearance hours before being shot by police,Hamilton Spectator,http://www.thespec.com/news-story/2233242-victim-missed-court-appearance-hours-before-being-shot-by-police/
V2-0781,Peel officers cleared in Ontario Taser death,CBC,https://www.cbc.ca/news/canada/toronto/peel-officers-cleared-in-ontario-taser-death-1.800175
V1-0584,'We are devastated': Brampton man in mental health crisis dies after Peel police respond to 911 call for help,Brampton Guardian,https://www.bramptonguardian.com/news/we-are-devastated-brampton-man-in-mental-health-crisis-dies-after-peel-police-respond-to/article_36c72b87-9422-5ed0-ae6e-fc25e1885fee.html
V1-0495,Black man with mental illness obeyed police order to lie on the ground before he was Tasered  report reveals,CBC,https://www.cbc.ca/news/canada/toronto/black-mentally-ill-tasered-clive-mensah-1.5872153
V1-0512,The cop and the killer: How a Mountie tried for years to use Nova Scotia's eventual mass killer as a source,Toronto Star,https://www.thestar.com/news/canada/the-cop-and-the-killer-how-a-mountie-tried-for-years-to-use-nova-scotia/article_a57ca5ff-793a-55cc-b94a-f609123c6081.html
V1-0610,Family of man who died in RCMP chase say he's not 'just another dead Indian at the hands of the police',CBC,https://www.cbc.ca/news/canada/saskatoon/sirt-investigating-rcmp-fishing-lake-joseph-desjarlais-1.7336422
V2-0753,No blame in case of fatal cocaine overdose during RCMP traffic stop,Moose Jaw Times Herald,https://www.proquest.com/canadiannews/docview/2003239802/4737430CE2FA4519PQ/3?accountid=14771
V1-0495,No criminal charges for officers in death of Black man with mental illness Tasered in own backyard,CBC,https://www.cbc.ca/news/canada/toronto/clive-mensah-black-man-taser-peel-police-1.5967692
V2-0719,Mountie pleads not guilty after fatal 2003 crash,Whitehorse Star,https://www.proquest.com/canadiannews/docview/362251565/62771837E0B746DCPQ/5?accountid=14771
V1-0345,Man suspected of stabbing dog dies after being Tasered by Chilliwack RCMP,Global News,https://globalnews.ca/news/1826143/man-suspected-of-stabbing-dog-dies-in-police-custody-iio/
V1-0575,Did police fail Bobby Ramroop? Why a Toronto man's family has been left with anguish - and hauntingly familiar questions,Toronto Star,https://www.thestar.com/news/gta/did-police-fail-bobby-ramroop-why-a-toronto-mans-family-has-been-left-with-anguish/article_5a816046-4b87-11ef-a298-dfa9ea5637b4.html
V1-0574,What we know about suspected Innisfil police killer Chris Doncaster,CTV,https://www.ctvnews.ca/toronto/article/what-we-know-about-suspected-innisfil-police-killer-chris-doncaster/
V1-0230,Taser killed Ontario man: SIU,CBC,https://www.cbc.ca/news/canada/toronto/taser-killed-ontario-man-siu-1.902422
V1-0319,Surrey man identified as victim of police-involved shooting last Friday,Global News,https://globalnews.ca/news/1094898/surrey-man-identified-as-victim-of-police-involved-shooting-last-friday/
V1-0442,Review finds charges not warranted in fatal police shooting of Manitoba man,Winnipeg Sun,https://www.proquest.com/canadiannews/docview/2168982645/29DE5D32EBEF4598PQ/112?accountid=14771&sourcetype=Blogs,%20Podcasts,%20&%20Websites
V1-0540,Armed and dangerous suspect dead following Alberta Mounties' search,CTV,https://www.ctvnews.ca/edmonton/article/armed-and-dangerous-suspect-dead-following-alberta-mounties-search/
V1-0285,Inquest to probe April 2012 death of Peter Lumanglas,CBC,https://www.cbc.ca/news/canada/toronto/inquest-to-probe-april-2012-death-of-peter-lumanglas-1.2517686
V1-0399,"Why didn't police take her to the hospital" despite charges  Debra Chrisjohn's family still has questions about her death,APTN News,https://www.aptnnews.ca/national-news/why-didnt-police-take-her-to-the-hospital-despite-charges-debra-chrisjohns-family-still-has-questions-about-her-death/
V1-0165,Five police shots hit Dustyhorn  pathologist tells coroner's inquest,CBC,https://www.cbc.ca/news/canada/saskatchewan/five-police-shots-hit-dustyhorn-pathologist-tells-coroner-s-inquest-1.862345
V2-0909,New evidence alters plan for inquest into three custody deaths,The London Free Press,https://lfpress.com/news/local-news/new-evidence-alters-plan-for-inquest-into-three-custody-deaths
V1-0237,Inquest hears 911 call that preceded fatal police shooting,CBC,https://www.cbc.ca/news/canada/toronto/inquest-hears-911-call-that-preceded-fatal-police-shooting-1.2129651
V1-0268,Officers cleared in death of a 'gentle giant',Toronto.com,https://www.toronto.com/news/officers-cleared-in-death-of-a-gentle-giant/article_0e79fe35-45fa-5cd3-9a93-7fe0bcc1b5e1.html
V1-0018,Officers' versions of events differ,Windsor Star,https://www.proquest.com/canadiannews/docview/254408916/9228828E3B2A487BPQ/9?accountid=14771&sourcetype=Newspapers
V1-0392,Police watchdog called to officer-involved shooting death in Nanaimo,CBC,https://www.cbc.ca/news/canada/british-columbia/police-involved-shooting-1.3634957
V2-0938,Jury calls for end to segregation of mentally ill inmates,CBC,https://www.cbc.ca/news/canada/ottawa/provincial-jail-suicide-solitary-confinement-1.4948907
V1-0188,Two dead after children's party,Hamilton Spectator,https://www.thespec.com/news/two-dead-after-childrens-party/article_35fa7acb-c4b8-5f8b-86f4-88ada770bb82.html
V2-0812,RCMP watchdog probes Alberta in-custody death,CBC,https://www.cbc.ca/news/canada/edmonton/rcmp-watchdog-probes-alberta-in-custody-death-1.1050378
V1-0334,'Everybody can be radicalized': How an everyday Canadian stunned the country as a terrorist,Calgary Herald,https://calgaryherald.com/news/national/9999-lang-how-radicalize
V1-0426,Family of Montreal man fatally shot by police sues over 'brutal' intervention,CBC,https://www.cbc.ca/news/canada/montreal/montreal-video-police-shooting-rcmp-coriolan-1.4523348
V2-0955,More tests needed into jail death,Kamloops Daily News,https://www.proquest.com/canadiannews/docview/358259951/74283A72D18A478EPQ/31?accountid=14771&sourcetype=Newspapers
V1-0449,Inquest scheduled for man who died after an interaction with North Bay police,BayToday,https://www.baytoday.ca/local-news/inquest-scheduled-for-man-who-died-after-an-interaction-with-north-bay-police-5989679
V1-0399,London  Ont.  police officer guilty in death of First Nations woman,CBC,https://www.cbc.ca/news/canada/london/london-ontario-debra-chrisjohn-police-nicholas-doering-verdict-1.5344317
V1-0409,Calgary police officers 'acted responsibly' in 2016 fatal shooting of suspect: ASIRT,Global News,https://globalnews.ca/news/4667521/calgary-police-2016-fatal-shooting-asirt/
V1-0592,Sister confirms identity of man killed by Revelstoke RCMP,Grand Forks Gazette,https://www.grandforksgazette.ca/news/identity-of-man-killed-by-police-in-revelstoke-confirmed-by-sister-4996669
V1-0490,Sister of Lower Mainland police shooting victim disappointed recommendations not more specific,Aldergrove Star,https://www.aldergrovestar.com/news/sister-of-lower-mainland-police-shooting-victim-disappointed-recommendations-not-more-specific-2254204
V1-0379,New charge against Toronto cop accused in teen's suicide,Toronto Star,https://www.thestar.com/news/gta/new-charge-against-toronto-cop-accused-in-teen-s-suicide/article_0ff04ce0-8aec-56ee-b6a0-bc68067e8b18.html
V1-0440,Coroner's inquest called into death of Brydon Whitstone  Sask. man shot by RCMP,CBC,https://www.cbc.ca/news/canada/saskatoon/brydon-whitstone-rcmp-shooting-inquest-1.4790487
V1-0178,Confrontation with city police ends in Tasered man's death,Winnipeg Free Press,https://www.proquest.com/canadiannews/docview/752205266/ED150697399F4944PQ/3?accountid=14771&sourcetype=Newspapers
V1-0569,SIRT clears Halifax police officer who shot and killed Dartmouth man,Halifax Examiner,https://www.halifaxexaminer.ca/policing/sirt-clears-halifax-police-officer-who-shot-and-killed-dartmouth-man/
V1-0222,Subdued service for Preston,Red Deer Advocate,https://www.reddeeradvocate.com/national-news/subdued-service-for-preston-7024764
V1-0542,IIO has 'reasonable grounds' to believe 3 RCMP officers involved in Jared Lowndes death may have committed offences,CHEK News,https://cheknews.ca/iio-has-reasonable-grounds-to-believe-3-rcmp-officers-involved-in-jared-lowndes-death-may-have-committed-offences-1174881/
V1-0618,Questions emerge about level of force used in Montreal police intervention that preceded man's death,CityNews,https://montreal.citynews.ca/2025/04/07/march-montreal-honours-abisay-cruz/
V1-0541,Public inquest begins into death of man shot by police in altercation on George Gordon First Nation,Global News,https://globalnews.ca/news/9968513/public-inquest-death-ray-bitternose-shot-by-police-george-gordon-first-nation/
V1-0183,Mounties invited to carry coffin of man they shot,Toronto Star,https://www.thestar.com/news/canada/mounties-invited-to-carry-coffin-of-man-they-shot/article_f9a91247-78ca-57e2-88a7-13847ae5603b.html
V2-0853,Ambulance design changes urged after B.C. man falls out  dies,The Vernon Morning Star,https://www.vernonmorningstar.com/news/ambulance-design-changes-urged-after-b-c-man-falls-out-dies-3271129
V1-0634,Salluit assault victim  48  killed by police vehicle; BEI investigates,Nunatsiaq News,https://nunatsiaq.com/stories/article/salluit-assault-victim-killed-by-police-vehicle-eight-investigators-fly-to-community/
V2-0846,Testimony wraps in inquest into death of Saskatoon man in police custody,CTV,https://www.ctvnews.ca/saskatoon/article/testimony-wraps-in-inquest-into-death-of-saskatoon-man-in-police-custody/
V1-0196,RCMP shoot man dead as Taser fails: [1],The Province,https://www.proquest.com/canadiannews/docview/269585586/4F9316B3D92A4DC3PQ/18?accountid=14771&sourcetype=Newspapers
V1-0479,'It's devastating': South Sudanese condemn fatal police shooting of man with mental health issues,CBC,https://www.cbc.ca/news/canada/manitoba/man-shot-police-south-sudanese-community-1.5032314
V1-0076,3 officers cleared in killing of man at park: [ONT Edition],Toronto Star,https://www.proquest.com/canadiannews/docview/438756078/BC4B73913A0D4551PQ/19?accountid=14771&sourcetype=Newspapers
V2-0674,Former Shelburne man dies in police custody,PNI Atlantic News,https://www.saltwire.com/atlantic-canada/updateformer-shelburne-man-dies-in-police-custody-93644
V1-0216,Montreal man shot by police near movie theatre identified,Toronto Star,https://www.thestar.com/news/gta/montreal-man-shot-by-police-near-movie-theatre-identified/article_ee25a5f2-1385-5f0e-8c73-f4b170171e59.html
V1-0302,Inquest called into death of man in police custody,Owen Sound Sun Times,https://global-factiva-com.myaccess.library.utoronto.ca/redir/default.aspx?P=sa&an=OWNSST0020141030eaau00007&drn=drn%3aarchive.newsarticle.OWNSST0020141030eaau00007&cat=a&ep=ASE
V1-0357,Brandon Scott Duncan  killed by police  was 'opposite of aggressive',CBC,https://www.cbc.ca/news/canada/kitchener-waterloo/brandon-scott-duncan-killed-by-police-was-opposite-of-aggressive-1.3089015
V2-0688,Jury in Kugluktuk coroner's inquest rules death accidental  makes recommendations around prisoner protection,CBC,https://www.cbc.ca/news/canada/north/kugluktuk-inquest-recommendations-1.6445162
V1-0399,London cop's jail sentence in custody death lauded by victim's kin  decried by fellow officers,The London Free Press,https://lfpress.com/news/local-news/london-police-officer-sentenced-to-jail-over-womans-in-custody-death
V1-0268,Vigil held for disabled man who died in arrest,CBC,https://www.cbc.ca/news/canada/toronto/vigil-held-for-disabled-man-who-died-in-arrest-1.988780
V1-0443,Ontario announces inquest into death of 25-year-old man killed following 2017 hostage situation in Vaughan,CTV,https://www.ctvnews.ca/toronto/article/ontario-announces-inquest-into-death-of-25-year-old-man-killed-following-2017-hostage-situation-in-vaughan/
V1-0567,Brother of man shot by Windsor police 4 years ago says solutions needed,CBC,https://www.cbc.ca/news/canada/windsor/windsor-police-shooting-allan-andkilde-matthew-maloney-1.6553524
V1-0325,Brampton courthouse shooter's actions baffle his friends,Burlington Post,https://www.insidehalton.com/news/brampton-courthouse-shooter-s-actions-baffle-his-friends/article_beccf6e7-6777-5959-bdb8-7f17f9596007.html
V1-0186,Man dies after Calgary police use Taser,Toronto Star,https://www.thestar.com/news/canada/2008/11/03/man_dies_after_calgary_police_use_taser.html
V1-0027,Robbery suspect dies in hospital,Cambridge Reporter,https://www.proquest.com/canadiannews/docview/355678201/EF182F438D3F4D06PQ/2?accountid=14771&sourcetype=Newspapers
V1-0554,Sudanese community remembers man shot and killed by Calgary police as kind  humble person,Global News,https://globalnews.ca/news/8634723/calgary-police-shoot-kill-latjor-tuel/
V1-0083,Reader 'horrified' by Truscott photo,Kingston Whig-Standard,https://www.proquest.com/canadiannews/docview/352746870/8918D4395BD64E1APQ/14?accountid=14771&sourcetype=Newspapers
V1-0399,SIU probe into death of 39-year-old woman results in charges against London police officer  OPP officer,Global News,https://globalnews.ca/news/3596857/siu-probe-into-death-of-debra-chrisjohn-results-in-charges-against-london-police-officer-opp-officer/
V2-0817,Inquest: Strict protocols needed for care of intoxicated patients after Ontario woman's death,National Post,https://nationalpost.com/news/protocols-needed-for-care-of-intoxicated-patients-after-ontario-womans-death-inquest
V1-0538,Crown recommends no charges against Edmonton police officer who fatally shot unarmed man,Edmonton Journal,https://edmontonjournal.com/news/local-news/crown-recommends-no-charges-against-edmonton-police-officer
V2-0864,Quebec police watchdog investigating man's death in Waskaganish,CBC,https://www.cbc.ca/news/canada/north/bei-investigating-waskaganish-1.4474920
V1-0268,SIU clears police in death of mentally challenged man,CityNews,https://toronto.citynews.ca/2012/01/18/siu-clears-police-in-death-of-mentally-challenged-man/
V1-0185,Man dies after RCMP attempt to subdue him with taser,The Globe and Mail,https://www.theglobeandmail.com/news/national/man-dies-after-rcmp-attempt-to-subdue-him-with-taser/article660387/
V2-0788,Coroner's inquests called into three deaths,Winnipeg Free Press,https://www.winnipegfreepress.com/local/2010/01/30/coroners-inquests-called-into-three-deaths
V1-0344,Coroner's inquest called in fatal Castlegar police shooting,Arrow Lakes News,https://www.arrowlakesnews.com/news/coroners-inquest-called-in-fatal-castlegar-police-shooting/
V1-0278,Toronto officer who shot Michael Eligon feared for his life,CBC,https://www.cbc.ca/news/canada/toronto/toronto-officer-who-shot-michael-eligon-feared-for-his-life-1.2448192
V1-0112,Mother of Ian Bush drops lawsuit against RCMP,The Globe and Mail,https://www.theglobeandmail.com/news/british-columbia/mother-of-ian-bush-drops-lawsuit-against-rcmp/article1210822/
V2-0792,Questions linger over Paul custody death,APTN News,https://www.aptnnews.ca/national-news/questions-linger-over-paul-custody-death/
V1-0026,Man spoke of suicide before fatal confrontation: McMillan put blame on estranged wife: inquest,Saskatoon Star-Phoenix,https://www.proquest.com/canadiannews/docview/348675117/6394D4EAEDBD418APQ/2?accountid=14771&sourcetype=Newspapers
V2-0819,No officer charges in gorge death,Fort Erie Post,https://www.niagarathisweek.com/news/no-officer-charges-in-gorge-death/article_de3e8998-d557-5a79-be09-8b7df36af367.html
V1-0239,Police shoot man who had tried to leave 'the ghetto life',The Globe and Mail,https://www.theglobeandmail.com/news/toronto/police-shoot-man-who-had-tried-to-leave-the-ghetto-life/article1380396/
V1-0604,MPs to discuss deaths of First Nations people by police in emergency debate,The Brandon Sun,https://www.brandonsun.com/national/2024/09/16/mps-to-discuss-deaths-of-first-nations-people-by-police-in-emergency-debate
V2-0768,Ottawa man  Donald Musselman  24  guilty in two killings  dies in prison,The Ottawa Citizen,https://ottawacitizen.com/news/local-news/ottawa-man-donald-musselman-24-guilty-in-two-killings-dies-in-prison
V2-0679,Family of Elias Whitehead calling for witnesses after man dies in Winnipeg police custody,APTN News,https://www.aptnnews.ca/national-news/family-of-elias-whitehead-calling-for-witnesses-after-man-dies-in-winnipeg-police-custody/
V1-0407,SIU won't lay charges in case of Toronto man who died after he was Tasered 3 times,Toronto Star,https://www.thestar.com/news/gta/siu-wont-lay-charges-in-case-of-toronto-man-who-died-after-he-was-tasered/article_63bdff88-ef70-5332-b9b8-54d0c4d62ca9.html
V2-0937,Robert Fulford: We've made peace with torture in our prisons  if we think of it at all,National Post,https://nationalpost.com/opinion/robert-fulford-weve-made-peace-with-torture-in-our-prisons-if-we-think-of-it-at-all
V1-0412,Man dies after being shot by police in Gjoa Haven,CBC,https://www.cbc.ca/news/canada/north/gjoa-haven-rcmp-shooting-death-1.3905541
V1-0052,B.C. aboriginals mourn woman killed by RCMP,The Globe and Mail,https://www.proquest.com/canadiannews/docview/384049822/fulltext/17ACEE91F07A415DPQ/11?accountid=14771&sourcetype=Newspapers
V2-0834,RCMP couldn't prevent holding cell OD: inquiry,Brock Citizen,https://www.durhamregion.com/news/rcmp-couldnt-prevent-holding-cell-od-inquiry/article_64920285-57a4-5ae5-a2b4-061aa0e8fdef.html?
V1-0554,Calgary-based Black advocacy group calls for inquiry into Latjor Tuel's death,CTV,https://www.ctvnews.ca/calgary/article/calgary-based-black-advocacy-group-calls-for-inquiry-into-latjor-tuels-death/
V1-0343,Judge upholds dismissal of charges in Bathurst police shooting of businessman,CTV,https://www.ctvnews.ca/atlantic/article/judge-upholds-dismissal-of-charges-in-bathurst-police-shooting-of-businessman/
V1-0451,Ottawa police officer who shot stabbing suspect was justified: SIU,Ottawa Citizen,https://ottawacitizen.com/news/local-news/ottawa-police-officer-who-shot-stabbing-suspect-was-justified-siu
V2-0860,Inquest for 2 First Nations men who died in police custody in Thunder Bay  Ont.  begins today,CBC,https://www.cbc.ca/news/canada/thunder-bay/mamakwa-mckay-inquest-begins-2022-1.6610584
V1-0174,Taser victim was homeless,Times-Colonist,https://www.proquest.com/canadiannews/docview/348178895/6E7C8A9327A54475PQ/5?accountid=14771&sourcetype=Newspapers
V2-0691,Still no cause of death for Tuktoyaktuk woman  54  who died in RCMP custody,NNSL,https://www.nnsl.com/news/still-no-cause-of-death-for-tuktoyaktuk-woman-54-who-died-in-rcmp-custody-7268947
V1-0329,Man killed during arrest had restraining orders against him,CBC,https://www.cbc.ca/news/canada/edmonton/man-killed-during-arrest-had-restraining-orders-against-him-1.2641022
V1-0554,'We lost a great man': Calgary South Sudanese community mourning after fatal police shooting,Calgary Herald,https://calgaryherald.com/news/crime/south-sudanese-community-in-mourning-after-fatal-police-shooting
V1-0014,Alberta: RCMP will not reveal deadly method of restraint: [National Edition],National Post,https://www.proquest.com/canadiannews/docview/329944154/36DA764C864543B9PQ/4?accountid=14771&sourcetype=Newspapers
V1-0012,Helping both drug addicts and drug squad makes good sense,Times-Colonist,https://www.proquest.com/canadiannews/docview/345809675/A773E5184F984802PQ/11?accountid=14771&sourcetype=Newspapers
V2-0900,Family of Will Ahmo looking for answers into his death at Headingley Correctional Centre,APTN News,https://www.aptnnews.ca/national-news/headlingley-correctional-centre-death-manitoba/
V1-0273,Coroner's inquest into police shootings of three people set for October,Toronto.com,https://www.toronto.com/news/coroner-s-inquest-into-police-shootings-of-three-people-set-for-october/article_1863b044-740e-50df-90ae-4bfe4b1b2c2b.html
V1-0444,Iroquois man dead in shooting at OPP detachment,Morrisburg Leader,https://www.morrisburgleader.ca/2017/12/28/iroquois-man-dead-shooting-opp-detachment/
V2-0734,Kashechewan jailhouse deaths inquiry set to open,CBC,https://www.cbc.ca/news/canada/kashechewan-jailhouse-deaths-inquiry-set-to-open-1.837070
V1-0456,Nova Scotia serious incident investigator identifies man killed by police in Westphal,Global News,https://globalnews.ca/news/4234830/nova-scotia-serious-incident-investigator-identifies-man-killed-by-police-in-westphal/
V1-0316,Police shooting death prompts soul-searching at city hall,Toronto Star,https://www.thestar.com/news/crime/police-shooting-death-prompts-soul-searching-at-city-hall/article_6e572398-5d43-5720-a037-67b7e98d2320.html
V2-0896,The Canada Border Services Agency crosses the line; Extraordinary powers,Vancouver Sun,https://www.proquest.com/canadiannews/docview/1504881867/C726A0BED4C248B2PQ/121?accountid=14771&sourcetype=Newspapers
V1-0600,Freedom fleeting for 'brothers' with long criminal histories,Winnipeg Free Press,https://www.winnipegfreepress.com/breakingnews/2024/06/06/r
V1-0028,Vigil attendees say racism played part in death,Regina Leader-Post,https://www.proquest.com/canadiannews/docview/349637608/62FB8D79DFF6422CPQ/11?accountid=14771&sourcetype=Newspapers
V1-0477,Chad Williams was hit with a Taser before being shot by Winnipeg police  witness says,CBC,https://www.cbc.ca/news/canada/manitoba/chad-williams-shooting-witness-1.4983171
V1-0124,SIU probes fatal shooting of Brampton man,The Globe and Mail,https://www.theglobeandmail.com/news/national/siu-probes-fatal-shooting-of-brampton-man/article18160527/
V1-0676,Injured children's condition critical,Edmonton Journal,https://www.proquest.com/canadiannews/docview/252828055/51DA3E3B8FFA476EPQ/10?accountid=14771&sourcetype=Newspapers
V1-0203,Inquiry complete into fatal police shooting,CTV,https://www.ctvnews.ca/calgary/article/inquiry-complete-into-fatal-police-shooting/
V1-0332,Man shot  killed by Peel Police described as 'violent drug dealer',Brampton Guardian,https://www.bramptonguardian.com/news/man-shot-killed-by-peel-police-described-as-violent-drug-dealer/article_b15f9290-3b10-594b-a3cf-c7f60e1e68bc.html
V2-0685,Failing to follow policy led to prisoner's suicide in police cells  inquest hears,Moose Jaw Today,https://www.moosejawtoday.com/local-news/failing-to-follow-policy-led-to-prisoners-suicide-in-police-cells-inquest-hears-8604900
V2-0826,How a troubled Nunavut teen escaped police custody and took his own life,CBC,https://www.cbc.ca/news/canada/north/tommy-anguilianuk-inquest-suicide-after-escape-from-police-1.3582302
V2-0737,Fatality inquiry begins in Grande Prairie today,Daily Herald-Tribune,https://www.proquest.com/canadiannews/docview/2182403458/142730199F3D4CBAPQ/8?accountid=14771
V2-0884,custody death scheduled for next month,Prince Albert Daily Herald,https://paherald.sk.ca/inquest-into-sandy-bay-womans-in-custody-death-scheduled-for-next-month/
V1-0101,Police shoot murder suspect,North York Mirror,https://www.proquest.com/canadiannews/docview/362171192/C926DE0A3F3F44ACPQ/6?accountid=14771&sourcetype=Newspapers
V1-0082,Officer who shot Toronto hostage-taker cleared,CBC,https://www.cbc.ca/news/canada/officer-who-shot-toronto-hostage-taker-cleared-1.497501
V1-0608,'We need a national inquiry into police conduct:' Edmonton MP on deaths of First Nations people,APTN News,https://www.aptnnews.ca/featured/national-inquiry-needed-into-deaths-at-hands-of-police/
V2-0768,Killer Donald Musselman dies in custody,CBC,https://www.cbc.ca/news/canada/ottawa/donald-musselman-died-custody-1.7354076
V1-0196,Parents of man killed by police feel sorry for officer who pulled the trigger,Cowichan News Leader Pictorial,https://www.proquest.com/canadiannews/docview/242050035/4F9316B3D92A4DC3PQ/5?accountid=14771&sourcetype=Newspapers
V2-0844,Man dies while in Edmonton police custody,CTV,https://www.ctvnews.ca/edmonton/article/man-dies-while-in-edmonton-police-custody/
V1-0395,Pathologist suggests contentious addition to Abdi's cause of death,CBC,https://www.cbc.ca/news/canada/ottawa/abdirahman-abdi-inquest-death-cause-health-1.7401853
V1-0030,Police lawyer questions inquest finding ; All signs point to suicide  he argues: [Ontario Edition],Toronto Star,https://www.proquest.com/canadiannews/docview/438469579/6F093E45D9374B27PQ/18?accountid=14771
V1-0473,Saskatoon police officer pleaded with Steven Rigby not to harm himself,Saskatoon StarPhoenix,https://thestarphoenix.com/news/local-news/coroners-inquest-begins-into-fatal-2018-officer-involved-shooting-of-steven-rigby
V1-0508,Brampton's NDP MPPs slam findings of SIU in Peel Police shooting death of D'Andre Campbell,INsauga,https://www.insauga.com/bramptons-ndp-mpps-slam-findings-of-siu-in-peel-police-shooting-death-of-dandre-campbell/
V1-0490,Family of brother killed by police wants officers to be charged,CBC,https://www.cbc.ca/news/canada/british-columbia/iio-maple-ridge-kyaw-din-1.5470804
V1-0180,Inquest called into Winnipeg police-shooting death of man,CBC,https://www.cbc.ca/news/canada/manitoba/inquest-called-into-winnipeg-police-shooting-death-of-man-1.1391457
V1-0672,Prince Albert police officers found neglectful of duty following independent investigation into death of Baby Tanner Brass,Prince Albert Daily Herald,https://paherald.sk.ca/prince-albert-police-officers-found-neglectful-of-duty-following-independent-investigation-into-death-of-baby-tanner-brass/
V1-0233,Family of man shot dead by B.C. Mounties want charges as inquest ends,Global News,https://globalnews.ca/news/245782/family-of-man-shot-dead-by-b-c-mounties-want-charges-as-inquest-ends/
V1-0026,Don't delay inquests into police shootings,Saskatoon Star-Phoenix,https://www.proquest.com/canadiannews/docview/348619830/6394D4EAEDBD418APQ/32?accountid=14771
V2-0867,Inquest wraps up  family now waits for action,paNOW,https://panow.com/2019/12/06/inquest-wraps-up-family-now-waits-for-action/
V1-0153,Jury rules McPherson's death accidental,Alaska Highway News,https://www.proquest.com/canadiannews/docview/356514608/B2542A6CD204482APQ/2?accountid=14771&sourcetype=Newspapers
V1-0579,What we know about the victims of the Vaughan  Ont.  condo shooting,CBC,https://www.cbc.ca/news/canada/toronto/vaughan-condo-residents-shooting-aftermath-1.6692253
V1-0081,SIU probes death of former boxer; Taser shocks have killed 50; Peel police used stun gun on victim Clerk called 911 over disturbance: [ONT Edition],Toronto Star,https://www.proquest.com/canadiannews/docview/438721084/7C33584FEF744E88PQ/6?accountid=14771&sourcetype=Newspapers
V1-0420,Inuit family suing RCMP after son shot by officer  claims force is detached from community,Global News,https://globalnews.ca/news/5166283/inuit-suing-rcmp-son-shot/
V1-0002,Wounded drug-gang thug dies,Edmonton Journal,https://www.proquest.com/canadiannews/docview/252690152/720CC3A746AD45C3PQ/3?accountid=14771&sourcetype=Newspapers
V1-0420,Nunavut family testify about son's death at inquest over police shooting,Nunatsiaq News,https://nunatsiaq.com/stories/article/65674family_testify_on_sons_death_at_inquest_over_police_shooting/
V2-0827,First Nations woman died by suicide in back of police car  inquest hears,CBC,https://www.cbc.ca/news/canada/thunder-bay/lena-anderson-suicide-inquest-1.3831245
V1-0640,Authorities remain mum on death of detained Somali refugee,The Globe and Mail,https://www.theglobeandmail.com/news/national/authorities-remain-mum-on-death-of-detained-somali-refugee/article25045098/
V2-0818,Inmate death inquest hears details behind arrest,paNOW,https://panow.com/2014/08/12/inmate-death-inquest-hears-details-behind-arrest-2/
V1-0313,Gun only option: Mountie; Officer testifies at inquest into shooting death of Holdfast man,Regina Leader-Post,https://global-factiva-com.myaccess.library.utoronto.ca/redir/default.aspx?P=sa&NS=16&AID=9UNI011000&an=RLP0000020160308ec380000c&drn=drn%3aarchive.newsarticle.RLP0000020160308ec380000c&cat=a&ep=ASI
V1-0088,Slain convict was labelled high risk: Attacked police with two knives: [FINAL C Edition],The Province,https://www.proquest.com/canadiannews/docview/269423118/5EEAF77600804313PQ/15?accountid=14771&sourcetype=Newspapers
V1-0063,Antonio Bellon was my friend,Toronto Star,https://www.proquest.com/canadiannews/docview/438666401/35F0A61CD2C1488EPQ/1?accountid=14771&sourcetype=Newspapers
V1-0202,ASIRT finds officers' actions justified in fatal shooting,CBC,https://www.cbc.ca/news/canada/edmonton/asirt-finds-officers-actions-justified-in-fatal-shooting-1.877586
V1-0086,Fatal police shooting under investigation; Driver of car  32  shot as undercover officers attempt to make arrest at local gas station,Scarborough Mirror,https://www.proquest.com/canadiannews/docview/362554423/412FCCA619194262PQ/1?accountid=14771&sourcetype=Newspapers
V1-0055,Family 'surprised' by Iran's stance:,Vancouver Sun,https://www.proquest.com/canadiannews/docview/242397882/E91D52E487E04F21PQ/27?accountid=14771&sourcetype=Newspapers
V1-0399,Family of Indigenous Ontario woman who died in custody speaks out,The Globe and Mail,https://www.theglobeandmail.com/news/national/family-of-indigenous-ontario-woman-who-died-in-custody-speaks-out/article35695355/
V1-0595,"ENOUGH IS ENOUGH": Winnipeggers demand justice for tragic shooting of Nigerian student,Winnipeg Sun,https://winnipegsun.com/news/local-news/enough-is-enough-winnipeggers-demand-justice-for-tragic-shooting-of-nigerian-student
V1-0654,Jury finds Halifax special constables guilty of criminal negligence in death of Corey Rogers,Global News,https://globalnews.ca/news/6151761/halifax-jury-deliberations-in-the-death-of-corey-rogers/
V1-0399,London police officer still has job months after conviction in Oneida woman's death,CBC,https://www.cbc.ca/news/indigenous/london-police-debralee-chrisjohn-death-1.5617532
V1-0274,Police officers testify about shooting axe-wielding man,Calgary Herald,https://web.archive.org/web/20151214170151/https://calgaryherald.com/news/crime-and-justice/police%2Bofficers%2Btestify%2Babout%2Bshooting%2Bwielding/10392960/story.html
V1-0271,B.C. RCMP shooting victim's family calls for charges,CBC,https://www.cbc.ca/news/canada/british-columbia/b-c-rcmp-shooting-victim-s-family-calls-for-charges-1.1329852
V1-0654,Court views video of man being dragged,PNI Atlantic News,https://www.proquest.com/canadiannews/docview/2311043213/DFE21E03147740E4PQ/49?accountid=14771&sourcetype=Newspapers
V2-0813,Heart attack victim shouldn't have been arrested: Inquest,Winnipeg Sun,https://www.proquest.com/canadiannews/docview/2229953327/29DE5D32EBEF4598PQ/252?accountid=14771&sourcetype=Newspapers
V2-0784,'We failed ' Yukon RCMP says of in-custody death,CBC,https://www.cbc.ca/news/canada/north/we-failed-yukon-rcmp-says-of-in-custody-death-1.894466
V1-0643,Coroner's inquest begins into death of man shot by police at Nanaimo ferry terminal,Global News,https://globalnews.ca/news/10865857/nanaimo-ferry-shooting-inquest/
V1-0323,RCMP continue to investigate fatal police shooting in Rothesay,Global News,https://globalnews.ca/news/1184542/rcmp-continue-to-investigate-fatal-police-shooting/
V2-0691,Calgary police investigating in-custody death of woman in Tuktoyaktuk  N.W.T.,CBC,https://www.cbc.ca/news/canada/north/calgary-investigating-tuktoyaktuk-death-1.6126438
V1-0640,Jail where immigration detainee was held had one psychiatrist for 20 hours/week for 1 200 inmates  inquest hears,The St. Catharines Standard,https://www.stcatharinesstandard.ca/ts/news/canada/2023/01/26/jail-where-immigration-detainee-was-held-had-one-psychiatrist-for-20-hoursweek-for-1200-inmates-inquest-hears.html
V1-0413,London cops 'acted appropriately' in fatal shooting: Internal review,London Free Press,https://www.proquest.com/canadiannews/docview/2191884387/CFC423CA74004D37PQ/1?accountid=14771&sourcetype=Blogs,%20Podcasts,%20&%20Websites
V1-0476,Assault suspect killed in confrontation with Edmonton police identified,CBC,https://www.cbc.ca/news/canada/edmonton/police-shooting-edmonton-gold-bar-assault-1.4964372
V1-0481,Coroner's inquest into fatal Surrey hostage-taking ends with 7 recommendations,Comox Valley Record,https://www.comoxvalleyrecord.com/news/coroners-inquest-into-fatal-surrey-hostage-taking-ends-with-7-recommendations-7350271
V1-0266,Police cleared in death of man in custody near Toronto airport,The Globe and Mail,https://www.theglobeandmail.com/news/toronto/police-cleared-in-death-of-man-in-custody-near-toronto-airport/article4181118/
V2-0813,Garden Hill man who died in jail was unlawfully detained: inquest report,Winnipeg Free Press,https://www.winnipegfreepress.com/breakingnews/2016/02/12/garden-hill
V1-0021,Chinnery family suing police over shooting,Hamilton Spectator,https://www.thespec.com/news/hamilton-region/chinnery-family-suing-police-over-shooting/article_876ed01a-1222-54c3-8b0e-8decd639d5d2.html
V1-0549,Renowned gunsmith killed in Toronto police raid. Family  experts want to know why,CBC,https://www.cbc.ca/news/canada/hamilton/rodger-kotanko-police-shooting-1.6252238
V1-0488,Family of man who died after being Tasered by police in 2019 sue police  alleging excessive force,CBC,https://www.cbc.ca/news/canada/manitoba/lawsuit-taser-death-winnipeg-police-1.6079044
V2-0680,Inquest begins into death of man in custody,Global News,https://globalnews.ca/news/930944/inquest-begins-into-death-of-man-in-custody/
V1-0673,Judge calls for sobering shelter after man dies in The Pas holding cell,Winnipeg Free Press,https://www.winnipegfreepress.com/breakingnews/2024/11/07/judge-calls-for-sobering-shelter-after-man-dies-in-the-pas-holding-cell
V1-0177,Fatality report praises RCMP who fatally shot Vegreville man,Red Deer Advocate,https://www.reddeeradvocate.com/uncategorized/fatality-report-praises-rcmp-who-fatally-shot-vegreville-man-7046243
V1-0180,Winnipeg father recalls son's last night alive,Global News,https://globalnews.ca/news/3052503/winnipeg-father-recalls-sons-last-night-alive/
V1-0138,'Suicide by cop' death inquiry needed: family,CBC,https://www.cbc.ca/news/canada/saskatchewan/suicide-by-cop-death-inquiry-needed-family-1.906674
V1-0534,Tribal council 'devastated' after RCMP cleared in fatal shooting,The Times Colonist,https://www.timescolonist.com/local-news/tribal-council-devastated-after-rcmp-cleared-in-fatal-shooting-6121325
V1-0170,Montgrand family responds to PA shooting,paNOW,https://panow.com/2013/08/12/montgrand-family-responds-to-pa-shooting/
V1-0371,Hearing set for inquest nearly 8 years after man was killed by police in Thompson  Man.,CBC,https://www.cbc.ca/news/canada/manitoba/inquest-death-police-haki-sefa-steven-douglas-campbell-manitoba-1.6976080
V1-0016,OPP probe police shooting,CBC,https://www.cbc.ca/news/canada/opp-probe-police-shooting-1.251352
V1-0590,Lawyers question fairness of same-day bail for Calgary cop charged with murder,CBC,https://www.cbc.ca/news/canada/calgary/asirt-calgary-police-officer-charged-murder-officer-involved-shooting-bail-1.7587962
V2-0857,Inquest called into the death of a 20-year-old man after struggle with Winnipeg police,Global News,https://globalnews.ca/news/4101042/inquest-called-into-the-death-of-a-20-year-old-man-after-struggle-with-winnipeg-police/
V2-0930,Prisoner jumps to his death,CBC,https://www.cbc.ca/news/canada/prisoner-jumps-to-his-death-1.234564
V1-0481,Inquest into B.C. police shooting deaths recommends emergency events be recorded,The Times Colonist,https://www.timescolonist.com/national-news/inquest-into-bc-police-shooting-deaths-recommends-emergency-events-be-recorded-8656147
V1-0381,Toronto shooting reopens debate over police handling of mentally ill suspects,The Ottawa Sun,https://ottawasun.com/2016/03/07/toronto-shooting-reopens-debate-over-police-handling-of-mentally-ill-suspects
V1-0357,Guelph woman haunted by memories of shooting victim,Guelph Mercury Tribune,https://www.guelphmercury.com/news/guelph-woman-haunted-by-memories-of-shooting-victim/article_b5b056d7-c402-5281-a5b7-daf8d8c2d24c.html
V2-0685,N/A,Moose Jaw Today,https://www.moosejawtoday.com/local-news/coroners-service-to-hold-inquest-into-assiniboia-mans-death-in-mj-police-custody-8370651
V1-0282,The officer who fired is cleared,Journal de Montreal,https://www.journaldequebec.com/2013/08/02/le-policier-qui-a-tire-est-blanchi
V1-0421,Inquest jury rules 2017 police shooting of Nunavut man a homicide,The Globe and Mail,https://www.theglobeandmail.com/canada/article-inquest-jury-rules-2017-police-shooting-of-nunavut-man-a-homicide/
V1-0303,Inquest hears about P.A. man who died in police shooting,CBC,https://www.cbc.ca/news/canada/saskatchewan/inquest-hears-about-p-a-man-who-died-in-police-shooting-1.2760536
V1-0316,Inquest called into 2013 fatal police shooting of mentally ill Toronto man,CBC,https://www.cbc.ca/news/canada/toronto/inquest-shooting-fatal-police-toronto-man-1.3335824
V1-0257,'We're looking for answers  still': Family of man shot by Edmonton police call for new fatality inquiry,CBC,https://www.cbc.ca/news/canada/edmonton/we-re-looking-for-answers-still-family-of-man-shot-by-edmonton-police-call-for-new-fatality-inquiry-1.3918907
V1-0055,Saying thank you to the thankless occupation,Coquitlam Now,https://www.proquest.com/canadiannews/docview/358397593/E91D52E487E04F21PQ/14?accountid=14771&sourcetype=Newspapers
V1-0180,Inquest to probe death of man  26  shot by police in West End in 2008,Winnipeg Free Press,https://www.winnipegfreepress.com/local/2013/08/09/inquest-to-probe-death-of-man-26-shot-by-police-in-west-end-in-2008
V1-0055,Family of man shot by police seeks probe: Lawyer says they just want answers,The Province,https://www.proquest.com/canadiannews/docview/269369320/E91D52E487E04F21PQ/10?accountid=14771&sourcetype=Newspapers
V1-0022,'I feared for my life,Saskatoon StarPhoenix,https://www.proquest.com/canadiannews/docview/348695683/818CF5B15F44EC0PQ/9?accountid=14771&sourcetype=Newspapers
V2-0893,He died last month in Edmonton Remand Centre custody. Finding out why could take years,CBC,https://www.cbc.ca/news/canada/edmonton/he-died-last-month-in-edmonton-remand-centre-custody-finding-out-why-could-take-years-1.7371214
V1-0467,Quebec police watchdog issues report on 2018 death in Inukjuak,Nunatsiaq News,https://nunatsiaq.com/stories/article/quebec-police-watchdog-issues-report-on-2018-death-in-inukjuak/
V1-0581,More details released on police shooting  weapon recovered,paNOW,https://panow.com/2023/01/20/more-details-released-on-police-shooting-weapon-recovered/
V1-0173,Surrey man dies in hospital after collapsing in RCMP custody,CBC,https://www.cbc.ca/news/canada/british-columbia/surrey-man-dies-in-hospital-after-collapsing-in-rcmp-custody-1.718201
V1-0389,'I love you honey' last words Shirley Williams said to daughter before being killed in police standoff,APTN News,https://www.aptnnews.ca/national-news/i-love-you-honey-last-words-shirley-williams-said-to-daughter-before-being-killed-by-police/
V1-0099,Hospital slow to react to Geldart's disappearance  says psychiatrist,CBC,https://www.cbc.ca/news/canada/new-brunswick/hospital-slow-to-react-to-geldart-s-disappearance-says-psychiatrist-1.632442
V1-0433,St. Paul RCMP officer cleared in fatal shooting of man armed with knife,CBC,https://www.cbc.ca/news/canada/edmonton/st-paul-rcmp-officer-cleared-in-fatal-shooting-of-man-armed-with-knife-1.5223762
V1-0520,Ontario's coroner opens inquest into 2020 shooting death of Hamilton man,Global News,https://globalnews.ca/news/10576159/ontarios-coroner-opens-inquest-into-2020-shooting-death-of-hamilton-man/
V1-0171,SIU investigating death of man while in police custody,Kawartha Lakes This Week,https://www.thepeterboroughexaminer.com/news/siu-investigating-death-of-man-while-in-police-custody/article_651a82d4-b85f-58ff-8964-ea4d0ab88464.html
V1-0031,Terror turns to death on Regina street,CBC,https://www.cbc.ca/news/canada/terror-turns-to-death-on-regina-street-1.276424
V1-0354,Vancouver police cleared in fatal shooting of Edmonton man,Global News,https://globalnews.ca/news/2914110/vancouver-police-cleared-in-fatal-shooting-of-edmonton-man/
V1-0247,Alberta Mounties won't be charged in fatal shooting,CBC,https://www.cbc.ca/news/canada/edmonton/alberta-mounties-won-t-be-charged-in-fatal-shooting-1.1035370
V1-0076,Crisis team saved one man  another not so lucky,Hamilton Spectator,https://www.proquest.com/canadiannews/docview/270165583/BC4B73913A0D4551PQ/21?accountid=14771
V1-0204,Families appeal for SIU changes in Ontario court,CBC,https://www.cbc.ca/news/canada/toronto/families-appeal-for-siu-changes-in-ontario-court-1.1017911
V1-0206,Driver enjoyed fast lane ; Man shot and killed by OPP no stranger to traffic cops,Ottawa Sun,https://www.proquest.com/canadiannews/docview/2204551477/D3FF60126CD84858PQ/6?accountid=14771&sourcetype=Newspapers
V1-0380,IIO probes in-custody death involving Surrey RCMP,Surrey Now-Leader,https://www.surreynowleader.com/news/iio-probes-in-custody-death-involving-surrey-rcmp-2910177
V1-0276,Man killed by Mounties sought revenge: Witness,The Edmonton Sun,https://edmontonsun.com/2012/01/12/mountie-related-death-west-of-edmonton
V1-0448,TPS cleared of wrongdoing in deaths,Daily Press,https://www.timminspress.com/news/local-news/tps-cleared-of-wrongdoing-in-deaths-by-siu
V2-0736,Inquest into man's death results in six recommendations,Stoney Creek News,https://www.thespec.com/news/inquest-into-mans-death-results-in-six-recommendations/article_cf63e037-4a53-51bd-91d3-96f3be8560d5.html
V1-0502,Toronto man charged with 1st-degree murder has connections to Calgary: police,CTV,https://www.ctvnews.ca/calgary/article/toronto-man-charged-with-1st-degree-murder-has-connections-to-calgary-police/
V1-0276,Investigation clears RCMP officers in Onoway shooting death,Global News,https://globalnews.ca/news/274761/investigation-clears-rcmp-officers-in-onoway-shooting-death/
V1-0200,Ottawa cops cleared in Montrealer's death,Montreal Gazette,https://www.proquest.com/canadiannews/docview/434843999/FE4943DEAEF749C9PQ/9?accountid=14771&sourcetype=Newspapers
V1-0333,Family of B.C. man killed by RCMP hopes coroner's inquest will provide answers,Global News,https://globalnews.ca/news/6031867/b-c-man-killed-rcmp-coroners-inquest/
V2-0692,Sister Agnes Sutherland remembered,NNSL,https://www.nnsl.com/nwtnewsnorth/sister-agnes-sutherland-remembered-7258211
V1-0190,RCMP watchdog investigates N.S. native man's death,The Globe and Mail,https://www.theglobeandmail.com/news/national/rcmp-watchdog-investigates-ns-native-mans-death/article573038/
V1-0549,Man shot in police incident was gunsmith  neighbour says,The Brantford Expositor,https://www.brantfordexpositor.ca/news/local-news/man-shot-in-police-incident-was-gunsmith-neighbour-says-2
V1-0313,Inquest set for man shot during altercation with Sask. RCMP,CBC,https://www.cbc.ca/news/canada/saskatchewan/inquest-gerald-lord-march-regina-holdfast-1.3469291
V1-0424,Four dead in Akulivik  Nunavik: Quebec investigation bureau,Nunatsiaq News,https://nunatsiaq.com/stories/article/65674four_dead_in_akulivik_nunavik_quebec_investigation_office/
V1-0340,Naverone Woods ID'd as man shot by transit police in Surrey,CBC,https://www.cbc.ca/news/canada/british-columbia/naverone-woods-id-d-as-man-shot-by-transit-police-in-surrey-1.2887565
V1-0147,Family still seeks answer in police custody death,Sudbury Northern Life,https://www.sudbury.com/local-news/family-still-seeks-answer-in-police-custody-death-232360
V1-0310,Fatal shooting justified after police officer acted in self-defence: ASIRT,Edmonton Journal,https://edmontonjournal.com/news/local-news/fatal-shooting-justified-after-police-officer-acted-in-self-defence-asirt
V2-0843,Coroner's jury says Fort Smith elder died of natural causes,CBC,https://www.cbc.ca/news/canada/north/wilfred-emile-coroners-jury-natural-causes-1.3784913
V1-0187,Family seeking answers,Castlegar News,https://www.proquest.com/canadiannews/docview/376021323/FD295F60742644E7PQ/1?accountid=14771&sourcetype=Newspapers
V1-0603,Edmonton police seek publication ban to protect identity of officer in fatal shooting,CBC,https://www.cbc.ca/news/canada/edmonton/edmonton-police-seek-publication-ban-to-protect-identity-of-officer-in-fatal-shooting-1.7353285
V2-0846,Step-brother of Saskatoon man who died in police custody speaks out,CBC,https://www.cbc.ca/news/canada/saskatchewan/in-custody-death-step-brother-1.3467759
V1-0207,Cop recalls stabbing rescue,Barrie Advance,https://www.simcoe.com/news/cop-recalls-stabbing-rescue/article_0c026844-d713-5fe5-8669-f96508e7af6c.html
V2-0938,'No one has to die like this again'; Clive Geddes inquest delivers sweeping recommendations to prevent jail suicides,Ottawa Sun,https://www.proquest.com/canadiannews/docview/2158092755/29DE5D32EBEF4598PQ/267?accountid=14771&sourcetype=Newspapers
V2-0719,Officer charged after woman's death,Whitehorse Star,https://www.proquest.com/canadiannews/docview/362282268/62771837E0B746DCPQ/1?accountid=14771
V1-0060,Officer said he was stabbed: Inquiry witness describes scene of fatal police shooting: [Early Edition],Calgary Herald,https://www.proquest.com/canadiannews/docview/245318841/3DBD81D6F72D4773PQ/14?accountid=14771&sourcetype=Newspapers
V1-0297,Burnaby shooting victim was First Nations man,CBC,https://www.cbc.ca/news/canada/british-columbia/burnaby-shooting-victim-was-first-nations-man-1.1309285
V1-0075,Officer found bruised  bloody  inquest hears,Kamloops Daily News,https://www.proquest.com/canadiannews/docview/358488538/9B24370CE95F41BDPQ/5?accountid=14771&sourcetype=Newspapers
V1-0070,Deadly delirium; Fatal heart attack caused by mysterious condition  not Taser  doc testifies,Edmonton Sun,https://www.proquest.com/canadiannews/docview/2211747719/9A57F6054B654F54PQ/2?accountid=14771&sourcetype=Newspapers
V1-0276,No charges against RCMP officers who shot man with knife in Alberta,Global News,https://globalnews.ca/news/274758/no-charges-against-rcmp-officers-who-shot-man-with-knife-in-alberta/
V1-0379,Cop won't go to trial for not intervening before teen killed himself in park,The Toronto Sun,https://torontosun.com/news/local-news/no-trial-for-cop-who-refused-to-intervene-before-teen-killed-himself-in-park
V1-0183,RCMP shooting inquest delayed again,CBC,https://www.cbc.ca/news/canada/saskatchewan/rcmp-shooting-inquest-delayed-again-1.1177653
V1-0490,'I trusted them': Family of man killed in RCMP shooting rallies against police brutality,Global News,https://globalnews.ca/news/5995995/maple-ridge-police-shooting-rally/
V1-0516,No charges in N.B. police shooting of Indigenous man Rodney Levi: Crown,TimminsToday,https://www.timminstoday.com/national-news/no-charges-in-nb-police-shooting-of-indigenous-man-rodney-levi-crown-3295573
V1-0120,SIU probes death of man sought in stabbing,The Globe and Mail,https://www.theglobeandmail.com/news/national/siu-probes-death-of-man-sought-in-stabbing/article18159149/
V1-0291,Man killed by RCMP had history of police run-ins,CBC,https://www.cbc.ca/news/canada/edmonton/man-killed-by-rcmp-had-history-of-police-run-ins-1.1208732
V2-0753,Inquest called into RCMP custody death,Selkirk Journal,https://www.proquest.com/canadiannews/docview/2167504528/F7CE1DAB7F4D4A9FPQ/1?accountid=14771&sourcetype=Newspapers
V1-0652,London police justified in shooting man who fatally stabbed Breanna Broadfoot: SIU,CBC,https://www.cbc.ca/news/canada/london/london-police-justified-in-shooting-man-who-fatally-stabbed-breanna-broadfoot-siu-1.7384854
V1-0405,Rifle pointed at officers prompted police to fire  inquest into Joshua Megeney's death begins,CTV,https://www.ctvnews.ca/saskatoon/article/rifle-pointed-at-officers-prompted-police-to-fire-inquest-into-joshua-megeneys-death-begins
V1-0325,Brampton courthouse shooting suspect a 'gentle' man  ex-wife says,CBC,https://www.cbc.ca/news/canada/toronto/brampton-courthouse-shooting-suspect-a-gentle-man-ex-wife-says-1.2596308
V1-0395,Changes have been made since Abdirahman Abdi died. Could they have helped him?,CBC,https://www.cbc.ca/news/canada/ottawa/changes-have-been-made-since-abdirahman-abdi-died-could-they-have-helped-him-1.7396714
V1-0249,Shooting of 17-year-old Cyrus Green justified  fatality inquiry finds,Edmonton Journal,https://edmontonjournal.com/news/local-news/shooting-of-17-year-old-cyrus-green-justified-fatality-inquiry-finds
V1-0204,Witness recounts details of Douglas Minty's death,CTV,https://www.ctvnews.ca/barrie/article/witness-recounts-details-of-douglas-mintys-death/
V2-0840,Inquest ordered into death of Desmond Roberts while in police custody,Global News,https://globalnews.ca/news/3321730/inquest-ordered-into-death-of-desmond-roberts-while-in-police-custody/
V2-0939,Yukon RCMP shoot and kill man in Whitehorse near airport,The Toronto Sun,https://torontosun.com/news/national/yukon-rcmp-shoot-and-kill-man-in-whitehorse-near-airport
V1-0395,Ottawa man critically injured during arrest has died,CBC,https://www.cbc.ca/news/canada/ottawa/siu-investigate-hilda-street-arrest-hospital-1.3694114
V2-0858,Quebec coroner investigating Echaquan death admits that file of Inuk man Sivuak Eliyassialuk slipped through the cracks,APTN News,https://www.aptnnews.ca/national-news/quebec-coroner-investigating-echaquan-death-admits-that-file-of-inuk-man-sivuak-eliyassialuk slipped-through-the-cracks/
V1-0453,Young man wanted on 1st-degree murder charge after woman found dead in backyard,CBC,https://www.cbc.ca/news/canada/calgary/calgary-homicide-battahar-ford-explorer-1.4592944
V2-0908,Basil Borutski  who murdered 3 women in 2015 rampage  dies in prison,CBC,https://www.cbc.ca/news/canada/ottawa/basil-borutski-murder-death-prison-1.7160844
V1-0654,3 Halifax police officers under internal investigation in death of man in drunk tank,CBC,https://www.cbc.ca/news/canada/nova-scotia/corey-rogers-police-officers-internal-investigation-police-act-1.4433928
V1-0575,SIU clears officers in Taresh Bobby Ramroop's death from North York highrise,The St. Catharines Standard,https://www.stcatharinesstandard.ca/news/gta/siu-clears-officers-in-taresh-bobby-ramroop-s-death-from-north-york-highrise/article_626f7ce4-e556-5ff1-b62e-2c5565efa967.html
V1-0477,Inquest called into death of man killed in police shooting,CTV,https://www.ctvnews.ca/winnipeg/article/inquest-called-into-death-of-man-killed-in-police-shooting/
V2-0682,In-custody death case committed for trial,paNOW,https://panow.com/2024/07/25/in-custody-death-case-committed-for-trial/
V2-0733,Men burned alive in cells  witness tells inquiry,Toronto Star,https://www.thestar.com/news/ontario/men-burned-alive-in-cells-witness-tells-inquiry/article_8204336e-99ca-5d88-af7a-730f8ccee6bd.html
V1-0473,Last psychiatrist to see Steven Rigby says she 'strongly encouraged him to stay in hospital',CBC,https://www.cbc.ca/news/canada/saskatoon/steven-rigby-coroner-s-inquest-day-4-police-shooting-1.6078493
V1-0163,Man killed in Vancouver gas station shootout known to police,CBC,https://www.cbc.ca/news/canada/british-columbia/man-killed-in-vancouver-gas-station-shootout-known-to-police-1.645543
V1-0365,Public hearing called Vancouver police conduct in Myles Gray death,Creston Valley Advance,https://www.crestonvalleyadvance.ca/news/public-hearing-called-vancouver-police-conduct-in-myles-gray-death-7701522
V1-0024,Pepper-spraying didn't kill man  report says,Calgary Herald,https://www.proquest.com/canadiannews/docview/244879089/6AFEFD5454904B23PQ/13?accountid=14771&sourcetype=Newspapers
V1-0608,First Nations leaders demand national inquiry into 'epidemic' of deaths by police,CBC,https://www.cbc.ca/news/indigenous/assembly-of-first-nations-police-inquiry-1.7401324
V2-0772,Coroner's jury supports treatment centre,North Island Gazette,https://www.proquest.com/canadiannews/docview/372821522/22524DD3ECAC46A5PQ/4?accountid=14771
V2-0875,Woman's 2020 death in RCMP cell shows need for Thompson detox centre: inquest,CBC,https://www.cbc.ca/news/canada/manitoba/celine-samuel-inquest-report-1.7621571
V1-0200,SIU clears cops in Hwy. 417 shooting,Ottawa Sun,https://www.proquest.com/canadiannews/docview/2204543594/FE4943DEAEF749C9PQ/16?accountid=14771
V2-0685,Coroner's inquest hears Sask. man died in custody from self-inflicted gunshot wound,CBC,https://www.cbc.ca/news/canada/saskatchewan/moose-jaw-police-1.7174180
V1-0289,B.C. man shot by cops had hit list: Police,Toronto Sun,https://torontosun.com/2012/06/06/bc-man-shot-by-cops-had-hit-list-police
V1-0055,Teenager shot dead by off-duty officer was Iranian émigré,The Globe and Mail,https://www.proquest.com/canadiannews/docview/384017615/E91D52E487E04F21PQ/29?accountid=14771&sourcetype=Newspapers
V1-0194,'I drew my firearm to protect myself from being stabbed',Midland Mirror,https://www.simcoe.com/news/i-drew-my-firearm-to-protect-myself-from-being-stabbed/article_6836344b-0f1a-5b8a-b0e5-f71750b8b3e0.html
V1-0337,Coroners service names man killed in Victoria police shooting,The Province,https://web.archive.org/web/20141117151830/http://www.theprovince.com/news/Coroners+services+names+killed+Victoria+police+shooting/10356597/story.html
V1-0579,No grounds to charge York cop who killed Vaughan condo gunman: SIU,The Toronto Sun,https://torontosun.com/news/local-news/no-grounds-to-charge-york-cop-who-killed-vaughan-condo-gunman-siu
V1-0429,B.C. family wants justice for Indigenous man who died in police custody,The Province,https://theprovince.com/news/local-news/b-c-family-wants-justice-for-indigenous-man-who-died-in-police-custody
V1-0456,SIRT names Truro man killed by police in Dartmouth,CBC,https://www.cbc.ca/news/canada/nova-scotia/sirt-names-truro-man-killed-by-police-in-dartmouth-1.4679896
V1-0046,Jury to make recommendations in shooting death,Nunatsiaq News,https://nunatsiaq.com/stories/article/jury_to_make_recommendations_in_shooting_death/
V1-0364,Man wanted for double murder killed in nightclub district shooting,CTV,https://www.ctvnews.ca/toronto/article/man-wanted-for-double-murder-killed-in-nightclub-district-shooting/
V2-0850,Coroner’s inquest hears accounts of what happened to woman who died in police custody,The Times Colonist,https://www.timescolonist.com/local-news/coroners-inquest-hears-accounts-of-what-happened-to-woman-who-died-in-police-custody-4690217
V1-0569,‘It didn’t make any sense’: Daughter wants answers from Halifax police who fatally shot 64-year-old dad,PNI Atlantic News,https://www.saltwire.com/atlantic-canada/news/it-didnt-make-any-sense-daughter-wants-answers-from-halifax-police-who-fatally-shot-64-year-old-dad-100773986/
V1-0224,SIU clears Toronto police officers in death of teen,National Post,https://nationalpost.com/posted-toronto/siu-clears-toronto-police-officers-in-death-of-teen
V1-0508,Peel police had come to D'Andre Campbell's Brampton home many times to help  so why did this call kill him?,Brampton Guardian,https://www.bramptonguardian.com/news/peel-police-had-come-to-dandre-campbells-brampton-home-many-times-to-help-so-why/article_0a52722a-71d6-5a87-9ad5-91da54fc1780.html
V1-0316,Ottawa looks at regulating imitation guns after police shootings,CBC,https://www.cbc.ca/news/politics/imitation-guns-regulate-police-1.4682192
V1-0602,Police watchdog investigates after shooting death of a man in Kenora,CTV,https://www.ctvnews.ca/northern-ontario/article/police-watchdog-investigates-after-shooting-death-of-a-man-in-kenora/
V2-0945,Casselman woman's death sparks bill to improve Ontario's 911 system,The Ottawa Citizen,https://ottawacitizen.com/news/local-news/casselman-womans-death-sparks-bill-to-improve-ontarios-911-system
V1-0017,Complainant walks out of inquiry  says it's flawed,Vancouver Sun,https://www.proquest.com/canadiannews/docview/242301969/C61D48D8FDCB41EEPQ/7?accountid=14771&sourcetype=Newspapers
V2-0880,Public inquest to be held into the 2020 in,Prince Albert Daily Herald,https://paherald.sk.ca/public-inquest-to-be-held-into-the-2020-in-custody-death-of-cain-wapass/
V1-0587,Family of man in crisis shot dead by Toronto police says he 'didn't have to die',CBC,https://www.cbc.ca/news/canada/toronto/andrew-geisler-toronto-man-crisis-police-1.6856023
V1-0527,Investigation launched after missing Vancouver man dies of gunshot wound in Ontario,Vancouver Sun,https://vancouversun.com/news/investigation-launched-after-missing-vancouver-man-dies-of-gunshot-wound-in-ontario
V1-0038,Arrested man choked on vomit,Vancouver Sun,https://www.proquest.com/canadiannews/docview/242539008/3838F0E28BC84077PQ/2?accountid=14771
V2-0937,Edward Snowshoe spent 162 days in segregation before suicide,CBC,https://www.cbc.ca/news/canada/north/edward-snowshoe-spent-162-days-in-segregation-before-suicide-1.2703542
V1-0239,Toronto police officer cleared in fatal 2010 shooting,CBC,https://www.cbc.ca/news/canada/toronto/toronto-police-officer-cleared-in-fatal-2010-shooting-1.1700618
V2-0951,Inquest urges Surrey RCMP to screen for alcohol withdrawal,The Province,https://www.proquest.com/canadiannews/docview/1492814778/9D077CC38A9849F6PQ/1?accountid=14771&sourcetype=Newspapers
V1-0448,Discrimination alleged in 2018 deaths of Knapaysweet  Sutherland,Daily Press,https://www.timminspress.com/news/local-news/discrimination-alleged-in-2018-deaths-of-knapaysweet-sutherland
V2-0692,Timmins police cleared by SIU after 2 separate deaths,CBC,https://www.cbc.ca/news/canada/sudbury/timmins-siu-investigation-1.5048452
V1-0007,Ontario: Man's death 'suicide by cop',National Post,https://www.proquest.com/canadiannews/docview/329810540/DBDF3FD00B6844F6PQ/19?accountid=14771&sourcetype=Newspapers
V1-0361,Four years later  family seeking police transparency learned name of officer who killed man,The Times Colonist,https://www.timescolonist.com/local-news/four-years-later-family-seeking-police-transparency-learned-name-of-officer-who-killed-man-4682210
V1-0265,Am Johal: Police-related deaths unnecessary,The Georgia Straight,https://www.straight.com/article-448566/vancouver/am-johal-policerelated-deaths-unnecessary
V1-0251,Surrey Mountie cleared in fatal shooting,CBC,https://www.cbc.ca/news/canada/british-columbia/surrey-mountie-cleared-in-fatal-shooting-1.1126677
V2-0758,Autopsy results on 2 men awaited; Causes of death not yet released,Calgary Herald,https://www.proquest.com/canadiannews/docview/245522865/DD3F50F7D290462FPQ/2?accountid=14771&sourcetype=Newspapers
V1-0343,Decision reserved in hearing for N.B. officers involved in fatal shooting,Winnipeg Free Press,https://www.winnipegfreepress.com/canada/2019/12/09/closing-arguments-begin-in-hearing-for-nb-officers-involved-in-fatal-shooting
V2-0686,Police watchdog investigating in-custody death of young Williams Lake Indigenous man,Fernie Free Press,https://www.thefreepress.ca/news/police-watchdog-investigating-in-custody-death-of-young-williams-lake-indigenous-man-5147340
V1-0263,SIU probes police shooting in Lindsay that killed Scarborough man,Scarborough Mirror,https://www.proquest.com/canadiannews/docview/874056280/6E8CD0BBCFCB44E6PQ/15?accountid=14771&sourcetype=Newspapers
V2-0674,Howard Hyde's death led to reform  but some fear progress stalled,CBC,https://www.cbc.ca/news/canada/nova-scotia/howard-hyde-s-death-led-to-reform-but-some-fear-progress-stalled-1.2853321
V1-0598,Waterloo region families call on Ontario coroner to speed up inquests,CBC,https://www.cbc.ca/news/canada/kitchener-waterloo/nicholas-nembhard-nathaniel-schofield-coronors-inquests-1.7374533
V1-0539,No criminal charges for RCMP officer who shot and killed Grand Falls-Windsor man in 2021: SIRT,CBC,https://www.cbc.ca/news/canada/newfoundland-labrador/sirt-no-charges-rcmp-officer-shooting-2021-1.6591385
V1-0018,Inquest hears shirt's blood a match on knife,Chatham Daily News,https://www.proquest.com/canadiannews/docview/352764851/9228828E3B2A487BPQ/21?accountid=14771&sourcetype=Newspapers
V1-0515,B.C. woman fatally shot by police in New Brunswick,The Vancouver Sun,https://vancouversun.com/news/b-c-woman-fatally-shot-by-police-in-new-brunswick
V1-0218,No charges recommended against Mountie involved in 2010 shooting,Global News,https://globalnews.ca/news/124536/no-charges-recommended-against-mountie-involved-in-2010-shooting/
V1-0103,Shooting review goes to Crown,Kamloops Daily News,https://www.proquest.com/canadiannews/docview/358628487/F801407D58FF4447PQ/8?accountid=14771&sourcetype=Newspapers
V1-0586,Family says First Nations man brain-dead after altercation with Saskatchewan police,Prince George Citizen,https://www.princegeorgecitizen.com/national-news/family-says-first-nations-man-brain-dead-after-altercation-with-saskatchewan-police-6890663
V1-0092,Minuk could be pulled from inquest,Winnipeg Sun,https://www.proquest.com/canadiannews/docview/2180023307/29DE5D32EBEF4598PQ/304?accountid=14771&sourcetype=Newspapers
V2-0888,B.C.'s police watchdog investigating death of Tl'az'ten First Nation man in RCMP custody,APTN News,https://www.aptnnews.ca/national-news/independent-oversight-body-investigating-eugene-joseph-death-while-in-custody-of-prince-george-rcmp/
V1-0105,SIU findings outrage James Foldi's family,Niagara This Week,https://www.niagarathisweek.com/news/siu-findings-outrage-james-foldis-family/article_e3f377c2-d2c8-56d7-ab35-0c4aef5f5bbd.html
V1-0508,'D'Andre deserved better': Families of mentally ill men killed by Peel police call for change following SIU report,Toronto Star,https://www.thestar.com/news/gta/d-andre-deserved-better-families-of-mentally-ill-men-killed-by-peel-police-call-for/article_56ec8178-b816-5cbb-8690-dd6fe45fff44.html
V1-0162,Man shot by Ont. police may have link to Pickton,Edmonton Journal,https://www.proquest.com/canadiannews/docview/253470914/D3F6C0D060374446PQ/10?accountid=14771&sourcetype=Newspapers
V1-0018,Shooting probe focuses on single Amherstburg officer; Summoned by 911 call  police blocked from entering home where victim  kids were alone,The Windsor Star,https://www.proquest.com/canadiannews/docview/254372997/CFC423CA74004D37PQ/2?accountid=14771&sourcetype=Newspapers
V1-0362,RCMP identify man killed in police shooting,Saskatoon StarPhoenix,https://thestarphoenix.com/news/local-news/rcmp-identify-man-killed-in-police-shooting
V1-0041,Playwright tackled intruder by instinct: Then reaction set in: 'You don't feel safe anymore',Edmonton Journal,https://www.proquest.com/canadiannews/docview/252896191/E96D0414E3DB43B6PQ/4?accountid=14771
V1-0473,Crisis negotiator  psychiatrist speak during inquest into police shooting death of Steven Rigby,Global News,https://globalnews.ca/news/7977193/steven-rigby-police-shooting-inquest-day-3/
V1-0332,Peel police asked Jermaine Carby for ID before fatal shooting  inquest hears,CBC,https://www.cbc.ca/news/canada/toronto/peel-police-jermaine-carby-inquest-1.3579616
V1-0230,Taser 'key factor' in man's death  pathologist tells inquest,CBC,https://www.cbc.ca/news/canada/toronto/taser-key-factor-in-man-s-death-pathologist-tells-inquest-1.1320243
V1-0353,'Dead men tell no tales': Former justice left with questions in Don Dunphy shooting,CBC,https://www.cbc.ca/news/canada/newfoundland-labrador/judge-david-riche-don-dunphy-report-1.3770611
V1-0316,Man shot dead after police standoff in downtown Toronto neighbourhood,The Globe and Mail,https://www.theglobeandmail.com/news/toronto/toronto-police-warn-of-suspect-possibly-armed-with-gun-in-downtown-neighbourhood/article15414176/
V2-0808,Barrie prisoner dies in hospital after arrest,Toronto Star,https://www.thestar.com/news/crime/barrie-prisoner-dies-in-hospital-after-arrest/article_fff3412f-49ef-5fd9-9bf1-5dd2f0262587.html
V1-0347,On the night he nearly died  this man resorted to leaving the ER to call 911 for help,CBC,https://www.cbc.ca/news/canada/nova-scotia/on-the-night-he-nearly-died-this-man-resorted-to-leaving-the-er-to-call-911-for-help-1.4586010
V1-0364,Firearm case reveals new details in fatal Toronto police shooting,Toronto Star,https://www.thestar.com/news/gta/firearm-case-reveals-new-details-in-fatal-toronto-police-shooting/article_a10d5cf4-7b8e-584f-8c2b-a2c9ad22ead8.html
V1-0253,No charges for Mountie in God's Lake shooting,CBC,https://www.cbc.ca/news/canada/manitoba/no-charges-for-mountie-in-god-s-lake-shooting-1.1243619
V2-0867,Man who died in Prince Albert police jail cell was frequently sick and drank 'abnormal' amounts of water before passing  inquiry hears,Prince Albert Daily Herald,https://paherald.sk.ca/man-who-died-in-prince-albert-police-jail-cell-was-frequently-sick-and-drank-abnormal-amounts-of-water-before-passing-inquiry-hears/
V2-0953,Man dies in RCMP jail cells,Alberni Valley Times,https://www.proquest.com/canadiannews/docview/345526489/74283A72D18A478EPQ/21?accountid=14771&sourcetype=Newspapers
V1-0515,N.B. police shooting of B.C. Indigenous woman leads to questions on 'wellness checks',The Province,https://theprovince.com/news/national/n-b-police-shooting-of-b-c-indigenous-woman-leads-to-questions-on-wellness-checks
V1-0321,Alain Magloire's last minutes before being shot dead by Montreal police,CBC,https://www.cbc.ca/news/canada/montreal/alain-magloire-s-last-minutes-before-being-shot-dead-by-montreal-police-1.2801073
V1-0480,Inquest scheduled for deaths of 2 during 2019 Surrey hostage-taking,Global News,https://globalnews.ca/news/10370571/surrey-sstandoff-inquest/
V1-0608,Man dies after 'struggle' with Calgary police in hotel lobby  ASIRT investigating,Calgary Herald,https://calgaryherald.com/news/local-news/one-dead-after-struggle-with-police-asirt-investigating
V1-0565,Langley spree shooter was 28-year-old Surrey man  police say,Fernie Free Press,https://www.thefreepress.ca/news/langley-spree-shooter-was-28-year-old-surrey-man-police-say-5145274
V1-0046,RCMP investigate killing of Pond man,Nunatsiaq News,https://nunatsiaq.com/stories/article/rcmp_investigate_killing_of_pond_man/
V2-0925,Family  leaders decry death after RCMP care,Winnipeg Free Press,https://www.winnipegfreepress.com/local/2012/12/14/family-leaders-decry-death-after-rcmp-care
V2-0832,Vancouver climate activist shares details of arrest  'inhumane' ride in police wagon,Vancouver Courier,https://www.proquest.com/canadiannews/docview/2637831601/1429D17C60DD4C7BPQ/2?accountid=14771&sourcetype=Newspapers
V1-0444,Pair of officers should've been enough in Babak Saidi arrest  inquest hears,CBC,https://www.cbc.ca/news/canada/ottawa/babak-saidi-coroner-inquest-day-3-1.6427030
V1-0183,Slain man's brother wants Mounties to carry coffin,The Globe and Mail,https://www.theglobeandmail.com/news/national/slain-mans-brother-wants-mounties-to-carry-coffin/article17971380/
V2-0793,New recommendations after death in custody,CBC,https://www.cbc.ca/news/canada/saskatoon/new-recommendations-after-death-in-custody-1.1406307
V1-0602,Kenora OPP officer cleared by SIU in fatal shooting of man in Anicinabe Park,CBC,https://www.cbc.ca/news/canada/thunder-bay/kenora-opp-anicinabe-park-bruce-frogg-1.7575192
V2-0683,'He was messed up:' Police cell guard describes Jordan Norfield's abnormal behaviour at Prince Albert inquest,Stoney Creek News,https://www.thespec.com/news/canada/he-was-messed-up-police-cell-guard-describes-jordan-norfield-s-abnormal-behaviour-at-prince/article_5435f4c5-74d1-5715-8427-c8a0eb6511e4.html
V1-0185,Inquest opens into naked Taser death,Surrey Now-Leader,https://www.surreynowleader.com/news/inquest-opens-into-naked-taser-death-2906651
V2-0869,Coroner announces inquest to look at B.C. man's in-custody death,CBC,https://www.cbc.ca/news/canada/british-columbia/randy-lampreau-in-custody-death-1.7245457
V1-0246,Alberta cops cleared in shootings,The Edmonton Sun,https://www.proquest.com/canadiannews/docview/2227011911/DFE21E03147740E4PQ/64?accountid=14771&sourcetype=Newspapers
V2-0870,No recommendations in inquest report after suicide in soon,Winnipeg Free Press,https://www.winnipegfreepress.com/local/2022/10/28/no-recommendations-in-inquest-report-after-suicide-in-soon-to-be-replaced-police-station
V1-0205,Mother bankrupt  heartbroken after fight for police accountability in son's death,Toronto Star,https://www.thestar.com/news/gta/mother-bankrupt-heartbroken-after-fight-for-police-accountability-in-son-s-death/article_5108648d-72ae-5646-aa92-9ccf33b1c852.html
V2-0817,Deaths  bad outcomes elude scrutiny at Canada's indigenous clinics,National Post,https://nationalpost.com/pmn/health-pmn/deaths-bad-outcomes-elude-scrutiny-at-canadas-indigenous-clinics
V1-0055,Canada blasts Iran for closing Kazemi trial,The Globe and Mail,https://www.proquest.com/canadiannews/docview/383835671/fulltext/E91D52E487E04F21PQ/28?accountid=14771&sourcetype=Newspapers
V1-0374,ASIRT clears RCMP who fatally shot driver of front-end loader in Red Deer,Global News,https://globalnews.ca/news/3685336/asirt-clears-rcmp-who-fatally-shot-driver-of-front-end-loader-in-red-deer/
V1-0579,'Our home has been taken from us': Victims of Vaughan highrise shooting identified as condo board members  their family,Toronto Star,https://www.thestar.com/news/gta/our-home-has-been-taken-from-us-victims-of-vaughan-highrise-shooting-identified-as-condo/article_ce9a0505-4c17-5329-98e2-2f4889433586.html
V1-0376,Port Perry shooting victim  Gerald Rattu  59  not a threat to anyone but himself  says girlfriend,Port Perry Star,https://www.durhamregion.com/news/port-perry-shooting-victim-gerald-rattu-59-not-a-threat-to-anyone-but-himself-says/article_911d829e-4b0a-52af-809d-612851b165e9.html
V2-0685,Officers offer more details about efforts to revive Assiniboia man in detention cell,SaskToday,https://www.sasktoday.ca/highlights/officers-offer-more-details-about-efforts-to-revive-assiniboia-man-in-detention-cell-8605144
V1-0590,'A lot of anger': Mother of shooting victim reacts to news Calgary police officer charged with murder,CBC,https://www.cbc.ca/news/canada/calgary/asirt-calgary-police-officer-charged-murder-officer-involved-shooting-1.7585785
V1-0055,Inquest ordered in police shooting of 18-year-old student: [FINAL C Edition],Vancouver Sun,https://www.proquest.com/canadiannews/docview/242330618/E91D52E487E04F21PQ/39?accountid=14771
V1-0586,Family wants answers after man left brain-dead following incident with Prince Albert police,CBC,https://www.cbc.ca/news/canada/saskatchewan/prince-albert-police-sirt-saskatchewan-umpherville-1.6819054
V2-0690,Family of man who died in RCMP custody files lawsuit,Prince George Citizen,https://www.princegeorgecitizen.com/local-news/family-of-man-who-died-in-rcmp-custody-files-lawsuit-5299042
V1-0018,Man shot  handcuffed; Amherstburg police sent to wrong address  inquest told,Windsor Star,https://www.proquest.com/canadiannews/docview/254403457/9228828E3B2A487BPQ/13?accountid=14771&sourcetype=Newspapers
V1-0598,Family of Kitchener man fatally shot by police calls for coroner's inquest,CTV,https://www.ctvnews.ca/kitchener/article/family-of-kitchener-man-fatally-shot-by-police-calls-for-coroners-inquest/
V1-0302,Coroner calls for inquest in Saugeen Shores death,CTV,https://www.ctvnews.ca/london/article/coroner-calls-for-inquest-in-saugeen-shores-death/
V1-0386,Bony Jean-Pierre  man shot during Montreal North drug bust  has died,CBC,https://www.cbc.ca/news/canada/montreal/montreal-north-drug-raid-1.3520308
V1-0333,Inquest in death of Peter de Groot begins in Nelson,Nelson Star,https://www.nelsonstar.com/news/inquest-in-death-of-peter-de-groot-begins-in-nelson-4896484
V1-0091,Man shot dead by Calgary police: Global TV captures dramatic standoff: [Early Edition],Calgary Herald,https://www.proquest.com/canadiannews/docview/245258759/CD307489238948F6PQ/24?accountid=14771&sourcetype=Newspapers
V2-0740,Calgary Sun,Calgary Sun,https://www.proquest.com/canadiannews/docview/359942381/255481DE70364F3DPQ/4?accountid=14771&sourcetype=Wire%20Feeds
V1-0919,Why did Chadd die? 15 months after a 'struggle' with off-duty Toronto cops  his mom needs answers,Toronto Star,https://www.thestar.com/news/gta/why-did-chadd-die-15-months-after-a-struggle-with-off-duty-toronto-cops-his/article_0500dd66-1636-5889-ade2-8b881c5c8cad.html
V1-0034,Cop believes accused killer 'honest',Edmonton Journal,https://www.proquest.com/canadiannews/docview/253076103/Record/C5F0187E6BDE45B3PQ/10?accountid=14771&sourcetype=Newspapers
V1-0644,WARMINGTON: Tragedy for Baby Jameson's family and for three officers charged in his death,The Toronto Sun,https://torontosun.com/news/local-news/warmington-tragedy-for-baby-jamesons-family-and-for-three-officers-charged-in-his-death
V1-0161,Officer cleared in shooting death,Edmonton Journal,https://www.proquest.com/canadiannews/docview/253497732/5CEC8F4D711947FBPQ/8?accountid=14771&sourcetype=Newspapers
V1-0191,Man described run-in with police before it happened,The Globe and Mail,https://www.theglobeandmail.com/news/national/man-described-run-in-with-police-before-it-happened/article665474/
V1-0349,Mom lost both her son and her mental health,Toronto Sun,https://torontosun.com/2017/05/10/woman-who-shared-rare-psychotic-disorder-with-son-not-criminally-responsible-in-conspiring-to-murder-neighbour
V1-0325,Alleged Brampton courthouse shooter described as 'too religious',The Globe and Mail,https://www.theglobeandmail.com/news/toronto/man-killed-in-brampton-courthouse-described-as-too-religious/article17750940/
V1-0639,OPP officer describes shooting gas theft suspect: 'Completely shocked',The London Free Press,https://lfpress.com/news/local-news/opp-officer-describes-shooting-gas-theft-suspect-completely-shocked
V1-0654,Two special constables found guilty of criminal negligence in Halifax jail death,CBC,https://www.cbc.ca/news/canada/nova-scotia/peace-officers-found-guilty-in-prisoner-death-case-1.5354977
V1-0112,Linda Bush backs new police watchdog,The Interior News,https://www.interior-news.com/news/linda-bush-backs-new-police-watchdog-6450243
V1-0318,Family devastated after SIU clears officer in man's death,CityNews,https://toronto.citynews.ca/2014/06/04/family-devastated-after-siu-clears-officer-in-mans-death/
V2-0689,Family of Olando Brown questions upcoming inquest into his death,CTV,https://www.ctvnews.ca/barrie/article/family-of-olando-brown-questions-upcoming-inquest-into-his-death/
V2-0818,Police custody death inquest recommends retraining in CPR  first aid,Global News,https://globalnews.ca/news/1510309/police-custody-death-inquest-recommends-retraining-in-cpr-first-aid/
V1-0162,'He didn't know Willie Pickton at all',Hamilton Spectator,https://www.proquest.com/canadiannews/docview/270313288/D3F6C0D060374446PQ/6?accountid=14771&sourcetype=Newspapers
V1-0609,B.C. mom shot dead by police was Colombian newcomer: advocacy group,Fernie Free Press,https://www.thefreepress.ca/news/bc-mom-shot-dead-by-police-was-colombian-newcomer-advocacy-group-7548713
V1-0099,Mother speaks for self  son at coroner's inquest,Prince George Citizen,https://www.proquest.com/canadiannews/docview/361810772/A86B1543E8494E0CPQ/24?accountid=14771&sourcetype=Newspapers
V1-0012,`My mind was going to explode': Berserk man believed latest mystery drug victim,Times-Colonist,https://www.proquest.com/canadiannews/docview/345790560/A773E5184F984802PQ/10?accountid=14771&sourcetype=Newspapers
V1-0529,Black man fatally shot by Montreal police identified as Sheffield Matthews,Global News,https://globalnews.ca/news/7432984/montreal-ndg-shooting-victim-identified-investigation/
V1-0081,Taser used to subdue man who died in police custody,North Bay Nugget,https://www.proquest.com/canadiannews/docview/352257042/7C33584FEF744E88PQ/12?accountid=14771&sourcetype=Newspapers
V1-0454,SIU clears Hamilton police officers in 2018 fatal shooting of 19-year-old,Global News,https://globalnews.ca/news/5155739/siu-hamilton-police-quinn-macdougall/
V1-0037,SIU probing shooting in factory parking lot,The Globe and Mail,https://www.proquest.com/canadiannews/docview/387290018/21BDDD23069D43FAPQ/4?accountid=14771&sourcetype=Newspapers
V2-0821,Steven Joseph Scott inquest jury makes 14 recommendations,Global News,https://globalnews.ca/news/1656081/watch-steven-joseph-scott-inquest-jury-makes-14-recommendations/
V1-0919,'There is no closure ': Court hears victim impact statements at sentencing for Toronto officer convicted of assaulting teen who died,CTV,https://www.ctvnews.ca/toronto/local/article/there-is-no-closure-court-hears-victim-impact-statements-at-sentencing-for-toronto-officer-convicted-of-assaulting-teen-who-died/
V2-0793,City cell deaths concern,Global News,https://globalnews.ca/news/96729/city-cell-deaths-concern/
V1-0586,Friends and family of man tased by police  stage public protest,paNOW,https://panow.com/2023/04/28/friends-and-family-of-man-tased-by-police-stage-public-protest/
V1-0583,Murder of Quebec sergeant: No charges for officers who killed suspect after attack,CityNews,https://toronto.citynews.ca/2024/01/25/murder-of-quebec-sergeant-no-charges-for-officers-who-killed-suspect-after-attack/
V1-0092,No option other than lethal force,The Winnipeg Sun,https://winnipegsun.com/2016/11/08/knife-seen-near-body-of-winnipeg-shooting-victim-inquest
V1-0554,One year after Latjor Tuel's death  questions remain for his family,CBC,https://www.cbc.ca/news/canada/calgary/latjor-tuel-death-1.6753955
V1-0510,No charges for Winnipeg officers who killed man in one of 3 shootings last April: police watchdog,CBC,https://www.cbc.ca/news/canada/manitoba/iiu-winnipeg-police-jason-collins-police-shooting-1.6015046
V1-0045,Victim 'freaked out ' says witness,Calgary Herald,https://www.proquest.com/canadiannews/docview/245147758/2EDF08B521374CC1PQ/1?accountid=14771&sourcetype=Newspapers
V1-0386,Preliminary hearing begins for officer charged with manslaughter death of Bony Jean-Pierre,CTV,https://www.ctvnews.ca/montreal/article/preliminary-hearing-begins-for-officer-charged-with-manslaughter-death-of-bony-jean-pierre/
V2-0923,First Nations man had 'quite good' chance of survival if taken to hospital instead of cell  inquest told,CBC,https://www.cbc.ca/news/canada/thunder-bay/mamakwa-inquest-survival-chances-higher-at-hospital-1.6620849
V1-0531,Man killed in police shooting on Downtown Eastside,CityNews,https://vancouver.citynews.ca/2021/01/05/police-shooting-death-dtes/
V1-0401,Family of Tony Divers  who was shot and killed by police  is suing for $7.5M,CBC,https://www.cbc.ca/news/canada/hamilton/divers-lawsuit-1.4973286
V1-0619,One person dead in Inukjuak after reported police shooting,Nunatsiaq News,https://nunatsiaq.com/stories/article/one-person-dead-in-inukjuak-after-reported-police-shooting/
V1-0200,SIU clears police in fatal April shooting; Man died of self-inflicted gunshot wound to head after chase,Ottawa Citizen,https://www.proquest.com/canadiannews/docview/241283477/FE4943DEAEF749C9PQ/11?accountid=14771&sourcetype=Newspapers
V1-0092,Marijuana in Dumas' system: toxicology report,CTV,https://www.ctvnews.ca/winnipeg/article/marijuana-in-dumas-system-toxicology-report
V2-0939,Alberta watchdog finds Whitehorse RCMP justified in fatal shooting of former Air North employee,CBC,https://www.cbc.ca/news/canada/north/alberta-watchdog-clears-whitehorse-rcmp-1.7328360
V1-0184,Judge rules police had no choice but to shoot man who stabbed his wife,Calgary Herald,https://calgaryherald.com/news/local-news/judge-rules-police-had-no-choice-but-to-shoot-man-who-stabbed-his-wife
V1-0122,SIU 'toothless ' says watchdog,Windsor Star,https://www.proquest.com/canadiannews/docview/254807879/E19CEB124E2E4B08PQ/5?accountid=14771&sourcetype=Newspapers
V2-0695,Edmonton police not responsible for woman's in-custody death  ASIRT says,CBC,https://www.cbc.ca/news/canada/edmonton/edmonton-police-asirt-investigation-deanna-noname-1.5032717
V1-0239,Toronto police officer charged with murder in 2010 shooting,Toronto Star,https://www.thestar.com/news/crime/2012/02/23/toronto_police_officer_charged_with_murder_in_2010_shooting.html
V2-0691,Sylvia Panaktalok's death found to be accidental by coroner's inquest,NNSL,https://www.nnsl.com/local-news/sylvia-panaktaloks-death-ruled-accidental-in-coroners-inquest-7568888
V2-0850,Family seeks answers after teen's death; Port Alberni woman dies after night in jail; questions raised about her care in custody,Times-Colonist,https://www.proquest.com/canadiannews/docview/1801331699/7D6CDABE33CB4A1APQ/4?accountid=14771&sourcetype=Newspapers
V1-0127,RCMP investigating man's death in police custody,CBC,https://www.cbc.ca/news/canada/british-columbia/rcmp-investigating-man-s-death-in-police-custody-1.618285
V1-0655,Nigerian man who died while being deported was detained for 2 weeks prior: documents,Global News,https://globalnews.ca/news/4386325/nigerian-man-deportation-death-documents/
V1-0537,O'Chiese First Nation members call for more support following shootings,APTN News,https://www.aptnnews.ca/national-news/ochiese-first-nation-members-call-for-more-support-following-shootings/
V1-0032,Pepper-sprayed man had broken bones  inquest hears,CBC,https://www.cbc.ca/news/canada/saskatchewan/pepper-sprayed-man-had-broken-bones-inquest-hears-1.1042686
V1-0185,RCMP probe case of Taser death,The Times Colonist,https://www.timescolonist.com/archive/rcmp-probe-case-of-taser-death-4588806
V2-0846,Michael Ryan's family asking why the Saskatoon man died in police custody,Global News,https://globalnews.ca/news/4193092/michael-ryan-death-inquest-saskatoon-police-in-custody/
V1-0034,A 10-year sentence for Bell,Saskatoon StarPhoenix,https://www.proquest.com/canadiannews/docview/348743385/Record/C5F0187E6BDE45B3PQ/15?accountid=14771&sourcetype=Newspapers
V1-0204,Police shoot mentally disabled man,Toronto Star,https://www.thestar.com/news/ontario/police-shoot-mentally-disabled-man/article_87d4f6c3-5ba0-5980-bc99-fc938530fd66.html
V1-0294,Rare murder charge laid against officer after ERT shooting,Vancouver Sun,https://vancouversun.com/news/staff-blogs/rare-murder-charged-laid-against-officer-after-ert-shooting
V2-0823,Family seeks answers over man's in-custody death,CBC,https://www.cbc.ca/news/canada/saskatchewan/family-seeks-answers-over-man-s-in-custody-death-1.1293648
V1-0530,Civilian identified in fatal Manitoulin Island shooting that also killed OPP officer,The Globe and Mail,https://www.theglobeandmail.com/canada/article-civilian-identified-in-fatal-manitoulin-island-shooting-that-also-2/
V1-0066,Pepper spraying revisited,Toronto Star,https://www.proquest.com/canadiannews/docview/438678408/BFF1940821B64C41PQ/5?accountid=14771&sourcetype=Newspapers
V1-0425,Montreal police shoot  kill man after car chase,Global News,https://globalnews.ca/news/3529715/montreal-police-shoot-kill-man-after-car-chase/
V1-0026,Deadly shootout: `I'm sure he just snapped ' friend says of man killed by police,Saskatoon Star-Phoenix,https://www.proquest.com/canadiannews/docview/348589965/6394D4EAEDBD418APQ/26?accountid=14771&sourcetype=Newspapers
V1-0476,Man dies during police shooting in Edmonton's Gold Bar neighbourhood,Global News,https://globalnews.ca/news/4810381/edmonton-police-gold-bar-january/
V1-0179,RCMP releases name of choking victim,Vancouver Sun,https://www.proquest.com/canadiannews/docview/243842473/7B57D5E2BED24D51PQ/4?accountid=14771&sourcetype=Newspapers
V1-0440,5 questions hanging over this week's inquest into the fatal RCMP shooting of Brydon Whitstone,CBC,https://www.cbc.ca/news/canada/saskatoon/brydon-whitstone-rcmp-shooting-coroner-s-inquest-1.4923163
V1-0364,SIU investigating after fatal police shooting in downtown Toronto,The Globe and Mail,https://www.theglobeandmail.com/news/toronto/siu-investigating-after-fatal-police-shooting-in-downtown-toronto/article25689277/
V1-0077,Sister of Taser victim targets police accountability; Robert Wayne Bagnell died in Granville Street hotel in 2004,Vancouver Courier,https://www.proquest.com/canadiannews/docview/1018127870/33F85CB0C2724DBCPQ/3?accountid=14771&sourcetype=Newspapers
V2-0936,Death of an inmate from Edmonton Institution,The Globe and Mail,https://www.theglobeandmail.com/investing/markets/markets-news/Newswire.ca/31064409/death-of-an-inmate-from-edmonton-institution/
V1-0131,Suspected carjacker dies 'in custody',CBC,https://www.cbc.ca/news/canada/edmonton/suspected-carjacker-dies-in-custody-1.573676
V1-0162,SIU names man  38  killed in Oakville standoff,Hamilton Spectator,https://www.proquest.com/canadiannews/docview/270314214/D3F6C0D060374446PQ/24?accountid=14771
V1-0566,Family pleaded for more mental-health care for man who killed 3 people,Montreal Gazette,https://www.montrealgazette.com/news/article54076.html
V1-0418,Montreal police were ill-prepared prior to fatal altercation with Île Bizard man  coroner says,CBC,https://www.cbc.ca/news/canada/montreal/koray-celik-coroner-report-1.6818409
V2-0867,Tears flow in final day of testimony at Kereluk Inquest,Prince Albert Daily Herald,https://paherald.sk.ca/tears-flow-in-final-day-of-testimony-at-kereluk-inquest/
V2-0952,Calgary mother suing for son's 'negligent' death in Saskatchewan prison,Calgary Sun,https://www.proquest.com/canadiannews/docview/2176073255/887AF50DF1B247D6PQ/4?accountid=14771&sourcetype=Blogs,%20Podcasts,%20&%20Websites
V1-0074,Coroner's jury wants Tasers for police,Edmonton Journal,https://www.proquest.com/canadiannews/docview/253228405/1D75ECF888524B4EPQ/13?accountid=14771&sourcetype=Newspapers
V1-0530,Father dies week after police shooting during alleged abduction incident that left baby dead,National Post,https://nationalpost.com/news/canada/father-dies-week-after-police-involved-shooting-that-left-his-one-year-old-son-dead
V2-0849,Halifax police constable defends actions in cell death of man wearing spit hood,Global News,https://globalnews.ca/news/7975233/halifax-constable-defends-actions-corey-rogers/
V1-0671,Grande Prairie man's death in RCMP custody under investigaton,CBC,https://www.cbc.ca/news/canada/edmonton/grande-prairie-man-s-death-in-rcmp-custody-under-investigaton-1.5907481
V1-0444,'One person was shot five times and two officers were traumatized'; Inquest into police shooting death continues,CTV,https://www.ctvnews.ca/ottawa/article/one-person-was-shot-five-times-and-two-officers-were-traumatized-inquest-into-police-shooting-death-continues/
V1-0659,Family of young Montreal man who died in custody haunted by questions about his death,CBC,https://www.cbc.ca/news/canada/montreal/montreal-tshiteya-1.4467518
V1-0485,Family of Calgary mother shot and killed by police question use of force,Global News,https://globalnews.ca/news/5446438/woman-killed-calgary-police-family/
V1-0608,'We lost a mentor': Jon Wells' family awaits justice 5 months after police custody death,Global News,https://globalnews.ca/news/11013980/jon-wells-family-justice-police-custody-death/
V1-0157,Dziekanski sought new life,Vancouver Sun,https://web.archive.org/web/20071210040324/http://www.canada.com/vancouversun/news/story.html?id=2ec23fc6-e683-4304-8dcf-696cdf63d75e&p=1
V2-0826,Tommy Anguilianuk inquest called 3 years after death in RCMP custody,CBC,https://www.cbc.ca/news/canada/north/tommy-anguilianuk-inquest-rcmp-custody-1.3422400
V2-0792,Jailed stroke victim's sister awaits answers,CBC,https://www.cbc.ca/news/canada/nova-scotia/jailed-stroke-victim-s-sister-awaits-answers-1.942048
V1-0612,Tasers used prior to fatal police shooting in Nunavik  police watchdog says,CBC,https://www.cbc.ca/news/canada/north/tasers-police-shooting-nunavik-1.7374297
V1-0322,Man killed by Calgary police 'very well known' to officers,CBC,https://www.cbc.ca/news/canada/calgary/man-killed-by-calgary-police-very-well-known-to-officers-1.2556353
V1-0077,Police deny coverup,Regina Leader-Post,https://www.proquest.com/canadiannews/docview/349813404/33F85CB0C2724DBCPQ/33?accountid=14771&sourcetype=Newspapers
V2-0952,On second anniversary of Chris Van Camp's death  family seeks to expedite civil case,Saskatoon StarPhoenix,https://www.proquest.com/canadiannews/docview/2239599145/887AF50DF1B247D6PQ/13?accountid=14771&sourcetype=Blogs,%20Podcasts,%20&%20Websites
V1-0018,Police planted knife; ID of cop who shot husband disputed,Windsor Star,https://www.proquest.com/canadiannews/docview/254407739/9228828E3B2A487BPQ/26?accountid=14771
V1-0435,Winnipeg police officers cleared in fatal shooting of carjacking  robbery suspect,CBC,https://www.cbc.ca/news/canada/manitoba/adrian-lacquette-iiu-1.4762990
V2-0910,'Even if it hurts I want the truth': Families struggling to get answers on in-custody deaths,APTN News,https://www.aptnnews.ca/investigates/death-in-custody-part-2-british-columbia-aptn-investigates/
V2-0780,Booze and the news; Bright young journalists drank to death,Toronto Sun,https://www.proquest.com/canadiannews/docview/2211508092/D82103FC2A434836PQ/48?accountid=14771&sourcetype=Newspapers
V1-0389,Coroner's inquest recommends more support for rural  remote communities to deal with crises,CBC,https://www.cbc.ca/news/canada/british-columbia/williams-inquest-smithers-rcmp-death-1.6240639
V1-0073,'Excited delirium' blamed,The Province,https://www.proquest.com/canadiannews/docview/269512363/6CD99BC3B7E842B3PQ/19?accountid=14771&sourcetype=Newspapers
V1-0409,Passenger of suspected car thief shot by police facing her own charges,Calgary Herald,https://calgaryherald.com/news/crime/passenger-of-suspected-car-thief-shot-by-police-facing-her-own-charges
V1-0185,Frechette death ruled a suicide,Langley Advance Times,https://www.langleyadvancetimes.com/news/frechette-death-ruled-a-suicide-2457272
V1-0452,Windsor officer who shot Matthew Mahoney tells inquest he had to take a life to save a life,CBC,https://www.cbc.ca/news/canada/windsor/matthew-mahoney-inquest-1.6580547
V1-0641,SIU says man who died during drive-thru arrest shot himself,CBC,https://www.cbc.ca/news/canada/toronto/siu-says-man-who-died-during-drive-thru-arrest-shot-himself-1.1377760
V1-0598,Vigil held for Kitchener man fatally shot by police,CTV,https://www.ctvnews.ca/kitchener/article/vigil-held-for-kitchener-man-fatally-shot-by-police/
V1-0092,Officer takes the stand,Global News,https://globalnews.ca/news/69146/officer-takes-the-stand/
V1-0632,66-year-old pedestrian killed by police vehicle in North Sydney,CBC,https://www.cbc.ca/news/canada/nova-scotia/66-year-old-pedestrian-killed-by-police-vehicle-in-north-sydney-1.3021502
V1-0353,4 new things we learned about the Don Dunphy case,CBC,https://www.cbc.ca/news/canada/newfoundland-labrador/4-things-learned-don-dunphy-case-1.3774174
V1-0464,Watchdog clears Edmonton police in August 2018 fatal shooting of man with rifle,Global News,https://globalnews.ca/news/7031596/asirt-edmonton-police-august-2018-fatal-shooting-man/
V1-0560,No motive except violence: The twin brothers who planned the Victoria bank shootout,National Post,https://nationalpost.com/news/canada/what-we-know-about-the-22-year-old-twin-brothers-behind-the-fatal-b-c-armed-robbery
V1-0607,New Brunswick RCMP dispute death of Indigenous man was wellness check gone wrong,Global News,https://globalnews.ca/news/10754170/nb-rcmp-dispute-death-was-wellness-check-gone-wrong/
V2-0817,Inquest into North Caribou Lake woman's death brings answers  hope for change  councillor says,CBC,https://www.cbc.ca/news/canada/thunder-bay/ina-matawapit-inquest-grace-1.4543535
V1-0340,Man killed by Transit Police in Surrey identified as 23-year-old Hazelton resident,The Vancouver Sun,https://vancouversun.com/news/metro/man-killed-by-transit-police-in-surrey-identified-as-23-year-old-hazelton-resident
V1-0602,SIU clears police of any wrongdoing related to death of Bruce Frogg,Daily Miner and News,https://www.kenoraminerandnews.com/news/local-news/siu-clears-police-of-any-wrongdoing-related-to-death-of-bruce-frogg
V1-0077,Investigation into use of Tasers is right for both police and public,Vancouver Sun,https://www.proquest.com/canadiannews/docview/242338959/33F85CB0C2724DBCPQ/27?accountid=14771&sourcetype=Newspapers
V1-0608,Family mourns Blood Tribe man who died in Calgary police custody,Lethbridge Herald,https://www.proquest.com/canadiannews/docview/3110648338/A1239D9A97E0482BPQ/7?accountid=14771&sourcetype=Newspapers
V2-0806,London police officer testifies she forgot Mario Hamel was there,The London Free Press,https://lfpress.com/2013/01/22/lfpress.com/2013/01/22/london-police-officer-testifies-she-forgot-mario-hamel-was-there
V1-0337,24-hour mental health crisis team called for in wake of Mutch police shooting,Goldstream News Gazette,https://www.goldstreamgazette.com/news/24-hour-mental-health-crisis-team-called-for-in-wake-of-mutch-police-shooting-565391
V1-0365,Vancouver police officers present when Myles Gray died to face public hearing,The Globe and Mail,https://www.theglobeandmail.com/canada/article-seven-police-officers-present-when-a-vancouver-man-died-after-a-severe/
V1-0161,Man asked to be shot in July standoff with police,Kitchener Record,https://www.proquest.com/canadiannews/docview/267250693/5CEC8F4D711947FBPQ/6?accountid=14771&sourcetype=Newspapers
V2-0777,FSIN calls for transparency after Indigenous man dies in Sask. RCMP custody,CTV,https://www.ctvnews.ca/regina/article/fsin-calls-for-transparency-after-indigenous-man-dies-in-sask-rcmp-custody/
V1-0203,Fatality report finds police shooting of Calgary man justified,Global News,https://globalnews.ca/news/728861/fatality-report-finds-police-shooting-of-calgary-man-was-justified/
V1-0242,Toronto officer cleared of wrongdoing in shooting death,Toronto Star,https://www.thestar.com/news/gta/toronto-officer-cleared-of-wrongdoing-in-shooting-death/article_0ddbcb63-1e10-5a96-aa06-e179316a4ca7.html
V1-0603,Edmonton police chief denies allegations in lawsuit filed by Arkangelo family,CBC,https://www.cbc.ca/news/canada/edmonton/edmonton-police-chief-denies-allegations-in-lawsuit-filed-by-arkangelo-family-1.7329949
V1-0518,Man dies after Montreal police pepper-spray him,Montreal Gazette,https://www.montrealgazette.com/news/article620396.html
V1-0032,Pepper-sprayed man died accidentally: inquest,CBC,https://www.cbc.ca/news/canada/saskatchewan/pepper-sprayed-man-died-accidentally-inquest-1.1043132
V1-0502,Suspect wanted for murder  shot by Toronto officers during 'interaction' dies of injuries: SIU,Global News,https://globalnews.ca/news/6499809/suspect-dead-toronto-police-involved-shooting-siu/
V2-0825,Inquest into police custody death begins,Saskatoon StarPhoenix,https://www.proquest.com/canadiannews/docview/1560545166/868A517DF3894E37PQ/4?accountid=14771&sourcetype=Newspapers
V1-0238,Inquest into death of First Nations man kicked  beaten and stepped on by police wraps up this week,CBC,https://www.cbc.ca/news/canada/thunder-bay/police-explain-romeo-wesley-death-1.4205741
V1-0506,RCMP officers who used energy weapon 6 times on Whistler man cleared of wrongdoing in his death: IIO,CBC,https://www.cbc.ca/news/canada/british-columbia/iio-jason-koehler-death-rcmp-1.6218284
V1-0381,'It's shameful': Family of mentally ill man killed by police baffled by lack of charges,CBC,https://www.cbc.ca/news/canada/ottawa/family-disappointed-no-charges-devon-lafleur-1.4148792
V1-0437,Westside Outlaws gang member loses appeal for shorter sentence,SaskToday,https://www.sasktoday.ca/north/local-news/westside-outlaws-gang-member-loses-appeal-for-shorter-sentence-5078426
V1-0092,Didn't want to shoot teen but had no choice  officer tells Winnipeg inquest,The Globe and Mail,https://www.theglobeandmail.com/news/national/didnt-want-to-shoot-teen-but-had-no-choice-officer-tells-winnipeg-inquest/article674734/
V1-0650,Coroner's inquest called into 2017 death of Cambridge man,Waterloo Region Record,https://www.therecord.com/news/waterloo-region/coroners-inquest-called-into-2017-death-of-cambridge-man/article_209e8648-423f-5752-87f4-063139f8eed8.html
V1-0036,Police identify shootout victim: Man who died in Highway 401 gunfight lay on the side of the road  handcuffed  for 12 hours,Ottawa Citizen,https://www.proquest.com/canadiannews/docview/240542835/CD3DF8020430499DPQ/30?accountid=14771&sourcetype=Newspapers
V1-0035,Police justified in shooting man  investigators say,Kitchener-Waterloo Record,https://www.proquest.com/canadiannews/docview/266990205/D33A36884B3499EPQ/4?accountid=14771&sourcetype=Newspapers
V1-0351,Inquest into police shooting that killed a Londoner coming in February,The Province,https://theprovince.com/news/local-news/inquest-into-police-shooting-that-killed-a-londoner-coming-in-february
V1-0174,Taser didn't kill suspect: SIU; Cocaine blamed for death of man in struggle with Norfolk OPP,Hamilton Spectator,https://www.proquest.com/canadiannews/docview/270357367/6E7C8A9327A54475PQ/2?accountid=14771&sourcetype=Newspapers
V1-0480,'He terrorized me  quite frankly ' inquest witness says of deceased,Fernie Free Press,https://www.thefreepress.ca/news/he-terrorized-me-quite-frankly-inquest-witness-says-of-deceased-7345392
V1-0607,N.B. Liberal leader says death of Indigenous man during wellness check 'inexplicable',Prince George Citizen,https://www.princegeorgecitizen.com/national-news/nb-liberal-leader-says-death-of-indigenous-man-during-wellness-check-inexplicable-9502228
V1-0331,B.C. coroner's jury wants emergency response police better equipped after shooting death inquest,Toronto Star,https://www.thestar.com/vancouver/b-c-coroner-s-jury-wants-emergency-response-police-better-equipped-after-shooting-death-inquest/article_49a00b2a-61f7-51ca-90f2-4936c5dee774.html
V2-0897,Brother died 'in the worst way' of fentanyl OD in jail  says Waterloo region woman,CBC,https://www.cbc.ca/news/canada/kitchener-waterloo/curtis-mcgowan-fentanyl-overdose-maplehurst-jail-1.4512686
V1-0285,SIU clears Toronto police officer in shooting death of man who stabbed him,Toronto Star,https://www.thestar.com/news/crime/siu-clears-toronto-police-officer-in-shooting-death-of-man-who-stabbed-him/article_0bca61bf-f7b1-52e2-a745-8a8600754577.html
V2-0805,Prisioner safety increased since Orangeville police station death  inquest hears,Cambridge Times,https://www.cambridgetimes.ca/news/prisioner-safety-increased-since-orangeville-police-station-death-inquest-hears/article_b1c2815e-e5a8-5c57-984b-5bc8913af8b1.html
V1-0309,Man shot by RCMP in Edson was seeing probation officer  threatened suicide: ASIRT,Edmonton Journal,https://edmontonjournal.com/news/local-news/man-shot-by-rcmp-in-edson-was-seeing-probation-officer-threatened-suicide-asirt
V1-0379,Prosecutors appealing judge's decision in Toronto police breach of trust case,Toronto Star,https://www.thestar.com/news/gta/prosecutors-appealing-judges-decision-in-toronto-police-breach-of-trust-case/article_671b07e0-dcbb-5b80-9d9f-239f8ef315bb.html
V1-0516,Indigenous leaders demand answers as New Brunswick community mourns Rodney Levi  shot and killed by RCMP,Toronto Star,https://www.thestar.com/news/canada/indigenous-leaders-demand-answers-as-new-brunswick-community-mourns-rodney-levi-shot-and-killed-by/article_bda10c26-eace-5acd-85d1-332e687a4d58.html
V1-0304,Codiac RCMP officers found not responsible for man's death,CBC,https://www.cbc.ca/news/canada/new-brunswick/codiac-rcmp-officers-found-not-responsible-for-man-s-death-1.2651801
V2-0873,Inquest into Indigenous woman's death in Prince George RCMP holding cell recommends 24/7 monitoring,CBC,https://www.cbc.ca/news/canada/british-columbia/lindsey-izony-coroners-inquest-1.7374907
V1-0318,Durham police to form mental health committee following fatal shooting of Michael MacIsaac,Toronto Star,https://www.thestar.com/news/gta/durham-police-to-form-mental-health-committee-following-fatal-shooting-of-michael-macisaac/article_463f00f7-35eb-5f69-b1fa-030b302e1be9.html
V1-0611,Teen killed in Aurora police shooting 'just a normal kid ' acquaintance says,CBC,https://www.cbc.ca/news/canada/toronto/teen-killed-police-shooting-aurora-1.7371469
V1-0026,Police adding stun guns  semi-automatic weapons to arsenal,Regina Leader-Post,https://www.proquest.com/canadiannews/docview/349757436/6394D4EAEDBD418APQ/3?accountid=14771&sourcetype=Newspapers
V2-0945,911 operator breaks down at inquest into caller's death,CBC,https://www.cbc.ca/news/canada/ottawa/911-emergency-casselman-death-asthma-1.4873053
V1-0326,'Go back in the house ' neighbour warned after fatal police shooting in Aurora,Brock Citizen,https://www.durhamregion.com/news/go-back-in-the-house-neighbour-warned-after-fatal-police-shooting-in-aurora/article_89544b9c-8020-5d1c-b786-3e348d6afa87.html
V1-0206,Man killed in confrontation died of shotgun wound  post-mortem finds;,Kingston Whig-Standard,https://www.proquest.com/canadiannews/docview/2199522445/D3FF60126CD84858PQ/30?accountid=14771
V1-0347,SIU called in after man shot dead by police,Toronto Sun,https://torontosun.com/2015/02/19/siu-called-in-after-man-shot-dead-by-police
V2-0674,Officers didn't know about Hyde's schizophrenia,CBC,https://www.cbc.ca/news/canada/nova-scotia/officers-didn-t-know-about-hyde-s-schizophrenia-1.792105
V1-0024,Family accuses police of using excess force,Edmonton Journal,https://www.proquest.com/canadiannews/docview/252898926/6AFEFD5454904B23PQ/9?accountid=14771&sourcetype=Newspapers
V1-0429,Two B.C. Mounties charged with manslaughter  three others face obstruction charge,The Times Colonist,https://www.timescolonist.com/local-news/two-bc-mounties-charged-with-manslaughter-three-others-face-obstruction-charge-6473584
V1-0919,MANDEL: Toronto cop spared jail in assault of teen who later died -- but can't be trusted with 'deadly weapon',The Toronto Sun,https://torontosun.com/news/local-news/mandel-toronto-cop-spared-jail-in-assault-of-teen-who-later-died-but-cant-be-trusted-with-deadly-weapon
V1-0373,Edmonton police members acted lawfully after man dies in police custody: ASIRT,Global News,https://globalnews.ca/news/3701640/edmonton-police-members-acted-lawfully-after-man-dies-in-police-custody-asirt/
V1-0642,Family calls for answers at protest for man who died in arrest by Winnipeg police,CBC,https://www.cbc.ca/news/canada/manitoba/sean-thompson-winnipeg-police-death-1.5202283
V2-0938,Mentally ill Geddes 'thrown in with the wolves' at Ottawa jail  inmate tells inquest,The Ottawa Citizen,https://ottawacitizen.com/news/local-news/geddes-thrown-into-the-wolves-at-ottawa-jail-inmate-tells-inquest
V1-0206,OPP: We had no other choice,Brockville Recorder and Times,https://www.proquest.com/canadiannews/docview/2211742344/D3FF60126CD84858PQ/21?accountid=14771&sourcetype=Newspapers
V2-0792,Nova Scotia woman left lying in her own urine after having stroke in jail cell: investigation,National Post,https://nationalpost.com/news/canada/nova-scotia-woman-left-lying-in-her-own-urine-after-having-stroke-in-jail-cell-investigation
V2-0688,Kugluktuk man jumped out of bylaw vehicle  coroner's inquest hears,CBC,https://www.cbc.ca/news/canada/north/austin-maniyogena-inquest-may-2-1.6438858
V2-0875,Family searching for answers after woman dies in RCMP custody hours after arrest,CBC,https://www.cbc.ca/news/canada/manitoba/rcmp-death-thompson-detachment-1.5795579
V1-0526,Convicted violent offender released; Edmonton police issue warning,Global News,https://globalnews.ca/news/5693036/convicted-violent-offender-edmonton-matthew-powder/
V1-0534,First Nation chief will review police watchdog's report on fatal shooting near Tofino  B.C.,CBC,https://www.cbc.ca/news/canada/british-columbia/tla-o-qui-aht-chief-iio-monitor-1.6430799
V1-0530,Explosive devices found at site of Gore Bay shooting that claimed officer's life,TimminsToday,https://www.timminstoday.com/local-news/explosive-devices-found-at-site-of-gore-bay-shooting-that-claimed-officers-life-3144029
V1-0473,Dates announced for inquest into Saskatoon police shooting death of Steven Rigby,Global News,https://globalnews.ca/news/7949203/inquest-saskatoon-police-shooting-death-steven-rigby/
V1-0396,Islamic State supporter Aaron Driver killed in police raid,Winnipeg Free Press,https://www.winnipegfreepress.com/breakingnews/2016/08/10/ex-winnipegger-aaron-driver-dead-in-police-takedown
V1-0562,Calls for inquiry after First Nations man in B.C. dies during RCMP distress call,The Globe and Mail,https://www.theglobeandmail.com/politics/article-calls-for-inquiry-after-first-nations-in-bc-man-dies-during-rcmp/
V1-0444,Officer who shot Babak Saidi tells inquest he was afraid for his life,CBC,https://www.cbc.ca/news/canada/ottawa/babak-saidi-coroner-inquest-officers-testify-1.6432406
V1-0213,Language barrier played role in fatal police shooting during standoff: jury,Global News,https://globalnews.ca/news/150580/language-barrier-played-role-in-fatal-police-shooting-during-standoff-jury/
V1-0512,RCMP officers describe how they killed Portapique gunman,CBC,https://www.cbc.ca/news/canada/nova-scotia/rcmp-officers-describe-how-they-killed-portapique-gunman-1.6410834
V1-0353,RCMP investigation of Don Dunphy shooting death to face intense scrutiny at inquiry,CBC,https://www.cbc.ca/news/canada/newfoundland-labrador/rcmp-investigation-of-don-dunphy-shooting-death-to-face-intense-scrutiny-at-inquiry-1.3955179
V2-0763,Guards ignored man in distress  eyewitness says,The Globe and Mail,https://www.proquest.com/canadiannews/docview/383392952/DAB282DB47754EEEPQ/10?accountid=14771&sourcetype=Newspapers
V1-0224,Inquest jury blames police for teen's death  but rules it an accident,Toronto Star,https://www.thestar.com/news/gta/inquest-jury-blames-police-for-teen-s-death-but-rules-it-an-accident/article_4505832a-1e16-526a-86d0-23606e1887c9.html
V2-0890,White Rock woman who died in police custody 'a kind soul',Peace Arch News,https://www.peacearchnews.com/news/white-rock-woman-who-died-in-police-custody-a-kind-soul-2789090
V1-0343,Michel Vienneau 'purposely' hit officer before shooting  RCMP report concluded,CBC,https://www.cbc.ca/news/canada/new-brunswick/bathurst-day-5-police-shooting-hearing-1.5330174
V1-0412,Inquest jury rules Charles Qirngnirq's death a homicide,Nunatsiaq News,https://nunatsiaq.com/stories/article/inquest-jury-rules-charles-qirngnirqs-death-a-homicide/
V1-0522,Coroner's inquest to probe 2020 police shooting of Haliburton  Ont. man,Global News,https://globalnews.ca/news/10390663/coroners-inquest-to-probe-2020-police-shooting-of-haliburton-ont-man/
V1-0020,Officer cleared in shooting,Sudbury Star,https://www.proquest.com/canadiannews/docview/348712899/4C217B4D3DF4424APQ/1?accountid=14771&sourcetype=Newspapers
V1-0329,Edmonton police justified in shooting David Sandaker  24,CBC,https://www.cbc.ca/news/canada/edmonton/edmonton-police-justified-in-shooting-david-sandaker-24-1.3165128
V1-0544,Watchdog investigating after target of Kelowna shooting dies during police incident,CTV,https://www.ctvnews.ca/vancouver/article/watchdog-investigating-after-target-of-kelowna-shooting-dies-during-police-incident/
V1-0532,SIU working to identify man killed by police in Niagara-on-the-Lake,National Post,https://nationalpost.com/pmn/news-pmn/canada-news-pmn/siu-working-to-identify-man-killed-by-police-in-niagara-on-the-lake
V2-0690,Update: No charges approved in death of man in RCMP custody,Prince George Citizen,https://www.princegeorgecitizen.com/local-news/no-charges-approved-in-death-of-man-in-rcmp-custody-7676655
V1-0196,Police probes on Island drag on,Times-Colonist,https://www.proquest.com/canadiannews/docview/763101622/4F9316B3D92A4DC3PQ/26?accountid=14771
V1-0036,Biker killed in shootout was on deadly mission: Daniel Lamer  the man who died in a gun battle with police last week  was on his way to assassinate a prominent member of a rival biker gang,Ottawa Citizen,https://www.proquest.com/canadiannews/docview/240541038/CD3DF8020430499DPQ/2?accountid=14771&sourcetype=Newspapers
V1-0226,Police shooting in 2010 justified  inquest report concludes,Global News,https://globalnews.ca/news/4164019/police-shooting-in-2010-justified-inquest-report-concludes/
V2-0694,Transit Police have been in deadly Surrey situations before,Peace Arch News,https://www.peacearchnews.com/news/transit-cops-in-deadly-surrey-situations-before-2822150
V1-0012,Jury recommendations,Prince Rupert Daily News,https://www.proquest.com/canadiannews/docview/357904501/A773E5184F984802PQ/1?accountid=14771&sourcetype=Newspapers
V1-0440,'I'm still shocked:' Family reacts to RCMP shooting of man in North Battleford  Sask.,CBC,https://www.cbc.ca/news/canada/saskatchewan/saskatchewan-rcmp-1.4366410
V2-0681,Death of man during well-being call on Winnipeg riverbank 'tragic ' but police acted reasonably: inquest,CBC,https://www.cbc.ca/news/canada/manitoba/aaron-ross-inquest-report-1.7588477
V1-0084,Man killed in La Ronge standoff,Edmonton Journal,https://www.proquest.com/docview/253172813?parentSessionId=Q2dRqx%2F%2BhSia7hpPGoKjM%2BJ0weoc1cKb2F5687ERxCo%3D&accountid=14771&sourcetype=Newspapers
V1-0591,Man killed by police at Regatta Plaza had weapons  court filing says,CBC,https://www.cbc.ca/news/canada/newfoundland-labrador/omar-mohammed-police-shooting-1.6980727
V1-0261,UPDATE: Calgary police officer cleared in June police shooting,Global News,https://globalnews.ca/news/239789/update-calgary-police-officer-cleared-in-june-police-shooting/
V2-0718,Man dies in police custody: Coroner investigating third death in less than two years under RCMP care,Prince George Citizen,https://www.proquest.com/canadiannews/docview/361658056/74283A72D18A478EPQ/43?accountid=14771&sourcetype=Newspapers
V1-0026,Cop recalls canine partner's last minutes: Coroner's jury reviews video evidence,Prince Albert Daily Herald,https://www.proquest.com/canadiannews/docview/345024452/6394D4EAEDBD418APQ/31?accountid=14771&sourcetype=Newspapers
V1-0180,Waiting too long for answers,Winnipeg Free Press,https://www.winnipegfreepress.com/local/2015/12/03/waiting-too-long-for-answers
V1-0582,Man killed by Calgary officer ran at police with spike  says ASIRT,CBC,https://www.cbc.ca/news/canada/calgary/police-shooting-calgary-asirt-1.6764704
V2-0690,'He'll never get to see me graduate': Daughter regrets stolen time as RCMP officers charged in father's death,CBC,https://www.cbc.ca/news/canada/british-columbia/dale-culver-family-prince-george-death-custody-manslaughter-1.6734788
V1-0055,Killing not a racist act  father says,The Globe and Mail,https://www.proquest.com/canadiannews/docview/384029165/fulltext/E91D52E487E04F21PQ/38?accountid=14771&sourcetype=Newspapers
V2-0688,Inquest called into 2018 death of Kugluktuk man in police custody,Nunatsiaq News,https://nunatsiaq.com/stories/article/inquest-called-into-2018-death-of-kugluktuk-man-in-police-custody/
V1-0232,Tighter gun rules urged by judge in Okotoks fatality inquiry,CBC,https://www.cbc.ca/news/canada/calgary/fatality-inquiry-tighter-gun-rules-1.3389141
V1-0343,N.B. officers didn't break rules in fatal shooting  arbitrator rules,CityNews,https://calgary.citynews.ca/2019/12/24/n-b-officers-didnt-break-rules-in-fatal-shooting-arbitrator-rules/
V1-0409,Victim of this year's 9th police shooting had lengthy criminal history,CBC,https://www.cbc.ca/news/canada/calgary/calgary-police-officer-involved-shooting-terrence-weinmeyer-1.3864127
V1-0060,Victim's friends seeking reform,Edmonton Journal,https://www.proquest.com/canadiannews/docview/253047052/3DBD81D6F72D4773PQ/18?accountid=14771&sourcetype=Newspapers
V1-0581,Sask. police watchdog says officer who killed man during chase acted appropriately,CBC,https://www.cbc.ca/news/canada/saskatoon/no-criminal-charges-prince-albert-officer-fatal-shooting-1.7134152
V1-0344,Jury calls for police body cameras  dashcams after coroner's inquest into fatal 2015 shooting,CBC,https://www.cbc.ca/news/canada/british-columbia/waylon-edey-coroners-inquest-1.6956643
V1-0448,Mom of Indigenous man killed by Timmins  Ont.  police searches for answers,The Globe and Mail,https://www.theglobeandmail.com/news/national/mom-of-indigenous-man-killed-by-timmins-ont-police-searches-for-answers/article37991855/
V1-0402,The Chad Murphy case: 'I called police to help him  not to kill him',Montreal Gazette,https://montrealgazette.com/news/the-chad-murphy-case-i-called-the-police-to-help-him-not-to-kill-him
V1-0386,Montreal police officer will stand trial in connection with 2016 drug bust death,CBC,https://www.cbc.ca/news/canada/montreal/jean-pierre-bony-spvm-police-montreal-manslaughter-plea-1.4750039
V1-0449,Gordon Couvrette identified as man who died after altercation with police,CBC,https://www.cbc.ca/news/canada/sudbury/siu-north-bay-investigation-id-1.4549196
V1-0604,Samson Cree Nation identifies 15-year-old boy killed by RCMP,Edmonton Journal,https://edmontonjournal.com/news/crime/samson-cree-nation-identifies-15-year-old-boy-killed-by-rcmp
V1-0158,Inquest begins into police shooting of 18-year-old,Toronto Star,https://www.thestar.com/news/crime/inquest-begins-into-police-shooting-of-18-year-old/article_4835f6f1-144f-549b-8cc4-382b718fc384.html
V2-0696,Man died in Onion Lake holding cell  RCMP say,Global News,https://globalnews.ca/news/6027569/rcmp-death-detainee/
V1-0412,'I wish I could take it back:' Mountie who shot  killed Nunavut man says he's sorry,CBC,https://www.cbc.ca/news/canada/north/rcmp-coroner-inquest-nunavut-charles-qirngnirq-1.6203013
V1-0046,Deadly Force: Family left wondering how young son died after fatal 2017 encounter with Nunavut RCMP,CBC,https://www.cbc.ca/news/canada/north/deadly-force-nunavut-1.4619599
V1-0611,SIU says police officers who shot Aurora teen won't face charges,Toronto Star,https://www.thestar.com/news/gta/siu-says-police-officers-who-shot-aurora-teen-wont-face-charges/article_82979162-f55b-11ef-b34e-bf75658c24cb.html
V1-0636,Inquest to probe OPP shooting of man brandishing toy gun,Sudbury.com,https://www.orilliamatters.com/police-beat/inquest-to-probe-opp-shooting-of-northern-ont-man-brandishing-toy-gun-8066642
V1-0034,Negotiator was never called,Edmonton Journal,https://www.proquest.com/canadiannews/docview/253006814/Record/C5F0187E6BDE45B3PQ/2?accountid=14771&sourcetype=Newspapers
V1-0634,Quebec's police watchdog completes report on Nunavik man's death,Nunatsiaq News,https://nunatsiaq.com/stories/article/quebecs-police-watchdog-completes-report-on-nunavik-mans-death/
V1-0073,Man too much to handle  taser inquest told,The Globe and Mail,https://www.proquest.com/canadiannews/docview/2386531893/6CD99BC3B7E842B3PQ/10?accountid=14771&sourcetype=Blogs,%20Podcasts,%20&%20Websites
V1-0405,'Engaged' jury at Joshua Megeney inquest asks at length about Saskatoon SWAT team practices,CBC,https://www.cbc.ca/news/canada/saskatoon/engaged-jury-at-joshua-megeney-inquest-asks-at-length-about-saskatoon-swat-team-practices-1.5191595
V1-0260,Quebec coroner's report into Montreal police shootings blasts mental health services,Global News,https://globalnews.ca/news/316008/quebec-coroners-report-into-montreal-police-shootings-blasts-mental-health-services/
V2-0689,One year later: Here is how Barrie police and county paramedics have responded to the coroner's inquest recommendations into Olando Brown's death,Simcoe.com,https://www.simcoe.com/news/one-year-later-here-is-how-barrie-police-and-county-paramedics-have-responded-to-the/article_0e280bd4-57b2-5af5-918f-f094d5a55f74.html
V1-0574,Innisfil  Ont. shooting suspect served in military  struggled with mental health  friend says,Global News,https://globalnews.ca/news/9197778/innisfil-south-simcoe-police-shooting-suspect-background/
V1-0530,Man who killed Ontario officer had arsenal of guns and bombs  SIU probe finds,CBC,https://www.cbc.ca/news/canada/sudbury/man-killed-ontario-officer-had-arsenal-of-guns-bombs-siu-1.5966915
V1-0647,Bridgeland police-involved shooting leaves man dead,Calgary Sun,https://calgarysun.com/news/crime/man-dead-after-police-involved-shooting-in-bridgeland
V1-0574,Innisfil shooting suspect identified,Orillia Today,https://www.orilliamatters.com/police-beat/innisfil-shooting-suspect-identified-5947631
V1-0161,Mom says man shot by cops couldn't have committed other Kitchener robberies,Guelph Mercury-Tribune,https://www.proquest.com/canadiannews/docview/356050725/5CEC8F4D711947FBPQ/9?accountid=14771&sourcetype=Newspapers
V1-0423,Officer in 'imminent danger' when he killed homicide suspect  SIU rules,Ottawa Citizen,https://ottawacitizen.com/news/local-news/officer-in-imminent-danger-when-he-killed-homicide-suspect-siu-rules
V2-0880,Sask. man died from alcohol withdrawal in RCMP holding cell  inquest hears,CTV,https://www.ctvnews.ca/saskatoon/article/sask-man-died-from-alcohol-withdrawal-in-rcmp-holding-cell-inquest-hears/
V2-0859,Fort McMurray RCMP cleared in overdose death of man while in custody,CBC,https://www.cbc.ca/news/canada/edmonton/fort-mcmurray-rcmp-overdose-1.5091387
V1-0345,Bizarre dog stabbing leaves Chilliwack man dead and RCMP under investigation for Taser use,National Post,https://nationalpost.com/news/canada/bizarre-dog-stabbing-leaves-chilliwack-man-dead-and-rcmp-under-investigation-for-taser-use
V1-0919,Trial begins for Toronto cop charged with assault after Brampton man's death,CBC,https://www.cbc.ca/news/canada/toronto/chad-facey-death-trial-calvin-au-1.7331468
V1-0011,Why I can't stop thinking about Otto Vass,The Globe and Mail,https://www.theglobeandmail.com/news/national/why-i-cant-stop-thinking-about-otto-vass/article773788/
V1-0485,Woman dies after being shot by Calgary police officer,Calgary Sun,https://calgarysun.com/news/crime/woman-rushed-to-hospital-police-officer-suffers-minor-injuries-in-southeast-incident
V1-0218,UPDATED: Cop in fatal shooting feared for his life,North Shore News,https://www.nsnews.com/local-news/updated-cop-in-fatal-shooting-feared-for-his-life-2912156
V1-0440,Mountie tells inquest he shot Brydon Whitstone because he thought he had a gun,Saskatoon StarPhoenix,https://thestarphoenix.com/news/local-news/mountie-tells-inquest-he-shot-brydon-witstone-because-he-thought-he-had-a-gun
V1-0416,RCMP officer who killed armed murder suspect during arrest on Stoney Nakoda cleared of wrongdoing,CBC,https://www.cbc.ca/news/canada/calgary/asirt-morley-rcmp-shootout-stephens-powderface-bearspaw-1.5165216
V1-0626,RCMP officer involved in 2016 collision found not guilty of dangerous driving,Fort McMurray Today,https://www.fortmcmurraytoday.com/news/local-news/rcmp-officer-involved-in-2016-collision-found-not-guilty-of-dangerous-driving
V1-0048,Man fatally shot by police had lengthy criminal record:,Vancouver Sun,https://www.proquest.com/canadiannews/docview/242445325/1ABB95FCBFE44D25PQ/1?accountid=14771&sourcetype=Newspapers
V1-0529,Killing of Black man by Montreal police raises questions: anti-racism activist,National Post,https://nationalpost.com/pmn/news-pmn/canada-news-pmn/black-man-killed-by-montreal-police-thursday-identified-as-sheffield-matthews-41
V1-0365,4 police officers involved in death of Myles Gray faced other brutality allegations  family learns,CBC,https://www.cbc.ca/news/canada/british-columbia/myles-gray-police-investigations-bc-1.6619772
V1-0500,Homeless advocate Barry Shantz ID'd as man killed in police shooting in Lytton,CBC,https://www.cbc.ca/news/canada/british-columbia/homeless-advocate-barry-shantz-id-d-as-man-killed-in-police-shooting-in-lytton-1.5442277
V1-0170,Officers lacked background info,Saskatoon StarPhoenix,https://global-factiva-com.myaccess.library.utoronto.ca/redir/default.aspx?P=sa&NS=16&AID=9UNI011000&an=SSP0000020100416e64g0000m&drn=drn%3aarchive.newsarticle.SSP0000020100416e64g0000m&cat=a&ep=ASI
V1-0130,Man  26  dies in gunfight with police in Edmonton,The Globe and Mail,https://www.theglobeandmail.com/news/national/man-26-dies-in-gunfight-with-police-in-edmonton/article18166836/
V2-0945,OPP: Officer displayed "jaw-dropping" behaviour and a "lack of courage",Edmonton Sun,https://www.proquest.com/canadiannews/docview/2202738392/29DE5D32EBEF4598PQ/122?accountid=14771&sourcetype=Blogs,%20Podcasts,%20&%20Websites
V1-0444,Family demands answers after fatal shooting at Morrisburg  Ont.  OPP detachment,CBC,https://www.cbc.ca/news/canada/ottawa/family-demands-answers-after-fatal-shooting-at-morrisburg-ont-opp-detachment-1.4463915
V1-0096,Inquiry into police shooting death makes no recommendations,CBC,https://www.cbc.ca/news/canada/edmonton/inquiry-into-police-shooting-death-makes-no-recommendations-1.715108
V1-0060,Deng Kuol case should be closed,Calgary Herald,https://www.proquest.com/canadiannews/docview/245227756/3DBD81D6F72D4773PQ/1?accountid=14771&sourcetype=Newspapers
V1-0015,An advocate becomes a victim: Woman attacked by husband is a crusader against violence,Ottawa Citizen,https://www.proquest.com/canadiannews/docview/240414308/E257AF53F37D4EA9PQ/2?accountid=14771&sourcetype=Newspapers
V1-0221,Man killed by police didn't lunge: girlfriend,CBC,https://www.cbc.ca/news/canada/manitoba/man-killed-by-police-didn-t-lunge-girlfriend-1.958398
V1-0333,Family of Peter de Groot still waiting for inquest,The Boundary Creek Times,https://www.boundarycreektimes.com/news/family-of-peter-de-groot-still-waiting-for-inquest-4668226
V1-0626,Funeral for man fatally hit in northern Alberta  possibly by RCMP vehicle,Edmonton Journal,https://edmontonjournal.com/news/local-news/funeral-for-man-fatally-hit-in-northern-alberta-possibly-by-rcmp-vehicle
V1-0212,Lorne Gunter: Rodney Shane Jackson's death is another black mark for the RCMP,National Post,https://nationalpost.com/opinion/lorne-gunter-rodney-shane-jacksons-death-is-another-black-mark-for-the-rcmp
V1-0394,No charges laid in 2016 officer-involved shooting  despite ASIRT recommendation to Crown,The Calgary Sun,https://calgarysun.com/news/crime/no-charges-laid-in-2016-officer-involved-shooting-despite-reasonable-grounds-offence-was-committed
V1-0545,'I will be my daughter's voice': Mother of woman fatally shot by Almaguin OPP reacts to SIU ruling,Almaguin News,https://www.northbaynipissing.com/news/i-will-be-my-daughter-s-voice-mother-of-woman-fatally-shot-by-almaguin-opp/article_4787e93d-e5c6-5da0-8ed0-4042b34cf45b.html
V1-0579,73-year-old man in bitter dispute over Ontario condo kills board members in fight against 'demons',National Post,https://nationalpost.com/news/five-victims-mass-killing-luxury-condo-toronto
V1-0453,CPS confirms Nadia El-Dib was stabbed roughly 40 times by former boyfriend before being shot,CTV,https://www.ctvnews.ca/calgary/article/cps-confirms-nadia-el-dib-was-stabbed-roughly-40-times-by-former-boyfriend-before-being-shot/
V1-0025,Chief quick to pass judgment after death: Tough questions need to be asked,Edmonton Journal,https://www.proquest.com/canadiannews/docview/252805826/51DA3E3B8FFA476EPQ/4?accountid=14771&sourcetype=Newspapers
V1-0483,Inquest called into death of man shot by Long Plain First Nation police force,CBC,https://www.cbc.ca/news/canada/manitoba/inquest-benjiman-richard-shot-police-1.5374461
V1-0353,'Not an angry man ' say people who knew Don Dunphy before shooting death,CBC,https://www.cbc.ca/news/canada/newfoundland-labrador/don-dunphy-inquiry-1.3839726
V1-0484,Inquest into death of man shot by Regina police during hostage situation set for August,Global News,https://globalnews.ca/news/8074004/inquest-geoff-morris-death-police-hostage-situation/
V1-0026,Blue being trained as police dog in Alberta,Moose Jaw Times Herald,https://www.proquest.com/canadiannews/docview/345235779/6394D4EAEDBD418APQ/28?accountid=14771&sourcetype=Newspapers
V1-0464,Fatal shooting inquiry recommends police in Alberta review previous reports on use of force,CBC,https://www.cbc.ca/news/canada/edmonton/public-fatality-inquiry-sterling-ross-cardinal-1.6539993
V1-0381,Man shot dead by Toronto police ID'd as missing Ottawa resident,CBC,https://www.cbc.ca/news/canada/toronto/bayview-steeles-shooting-siu-1.3477526
V1-0670,Edmonton has 2nd-most police-involved deaths among municipal forces in Canada  database shows,CBC,https://www.cbc.ca/news/canada/edmonton/edmonton-has-2nd-most-police-involved-deaths-1.6828204
V1-0313,Family of man shot by police calls for better oversight in Saskatchewan,CBC,https://www.cbc.ca/news/canada/saskatoon/experts-call-for-better-police-oversight-in-saskatchewan-1.4596778
V2-0674,Hyde's death accidental  N.S. inquiry finds,CBC,https://www.cbc.ca/news/canada/nova-scotia/hyde-s-death-accidental-n-s-inquiry-finds-1.944634
V1-0178,Inquest called into Taser death,The Winnipeg Sun,https://winnipegsun.com/2014/04/07/inquest-called-into-taser-death
V2-0681,Hearing to take place in inquest into death,Winnipeg Sun,https://www.proquest.com/canadiannews/docview/2584353052/29DE5D32EBEF4598PQ/74?accountid=14771&sourcetype=Blogs,%20Podcasts,%20&%20Websites
V1-0401,Grieving brother of man shot dead by Hamilton officer arrested outside City Hall,Stoney Creek News,https://www.thespec.com/news/hamilton-region/grieving-brother-of-man-shot-dead-by-hamilton-officer-arrested-outside-city-hall/article_6e1083fc-fb75-5647-a27d-7e44e450108b.html
V2-0683,Hearing about her son's 14 hours in P.A. police cells 'heartbreaking',SaskToday,https://www.sasktoday.ca/crime-cops-court/hearing-about-her-sons-14-hours-in-pa-police-cells-heartbreaking-7789283
V1-0001,Masuka family's questions unanswered,The Globe and Mail,https://www.theglobeandmail.com/news/national/inquest-to-probe-1996-police-slaying-of-mentally-ill-man/article4163519/
V1-0548,Tennis pro mourned after fatal London police shooting,Strathroy Age Dispatch,https://www.strathroyagedispatch.com/news/local-news/sarnia-tennis-pro-identified-as-man-fatally-shot-by-london-police/wcm/c64e057a-cbd4-445a-991f-0161e50f85f8
V1-0222,SIU report reveals new shootout details,Bracebridge Examiner,https://www.muskokaregion.com/news/siu-report-reveals-new-shootout-details/article_f2e16f12-8de3-5e66-858f-c80c64a02127.html
V1-0624,'You could hear the boom and then the ruckus' - Winnipeg Free Press,Winnipeg Free Press,https://www.winnipegfreepress.com/breakingnews/2024/09/03/woman-dies-after-being-by-police-vehicle-near-homeless-encampment
V2-0681,Provincial watchdog clears Winnipeg police in death of man who died at hospital after arrest,CBC,https://www.cbc.ca/news/canada/manitoba/winnipeg-police-iiu-2019-death-assiniboine-river-1.6068671
V1-0005,City police to help probe man's death,Kamloops Daily News,https://www.proquest.com/canadiannews/docview/358275967/DC3723B33F2D410DPQ/5?accountid=14771&sourcetype=Newspapers
V1-0187,Police probe unit biased  says relative of dead man,Calgary Herald,https://www.proquest.com/canadiannews/docview/872107103/FD295F60742644E7PQ/8?accountid=14771&sourcetype=Newspapers
V1-0615,Man shot by Winnipeg police believed to be from Nunavut,Nunatsiaq News,https://nunatsiaq.com/stories/article/man-shot-by-winnipeg-police-believed-to-be-from-nunavut/
V1-0599,Barricaded suspect killed  ending 30-hour armed standoff in east Calgary,Calgary Herald,https://calgaryherald.com/news/local-news/barricaded-man-shot-dead-by-police-penbrooke-meadows-east-calgary
V1-0015,`I loved Frank ... that was not Frank': Husband's murderous rage shocks his widow,Ottawa Citizen,https://www.proquest.com/canadiannews/docview/240423226/E257AF53F37D4EA9PQ/1?accountid=14771&sourcetype=Newspapers
V1-0513,Investigation into RCMP shooting of Inuk man 'grossly secretive ' lawyer says,The Globe and Mail,https://www.theglobeandmail.com/canada/article-investigation-into-rcmp-shooting-of-inuk-man-grossly-secretive-lawyer/
V1-0002,'Crazy Jimmy' went defiantly into shootout with police: Gangster ignored friend  probe told,Edmonton Journal,https://www.proquest.com/canadiannews/docview/253001446/720CC3A746AD45C3PQ/1?accountid=14771&sourcetype=Newspapers
V2-0875,Inquest judge calls for detox centre in Thompson,Winnipeg Free Press,https://www.winnipegfreepress.com/breakingnews/2025/08/29/inquest-judge-calls-for-detox-centre-in-thompson
V1-0293,Family of man killed by Vancouver police stunned by news,Vancouver Sun,https://vancouversun.com/news/staff-blogs/family-of-man-killed-by-vpd-officer-looking-for-answers
V1-0635,Austin Eaglechief's body 'crumpled' in wreckage after high speed collision  inquest hears,CBC,https://www.cbc.ca/news/canada/saskatoon/saskatoon-death-inquest-austin-eaglechief-1.5252300
V1-0251,Surrey Mountie cleared in shooting,Surrey Now-Leader,https://www.surreynowleader.com/news/surrey-mountie-cleared-in-shooting-2907626
V1-0335,Drugs and religion key themes in Ottawa shooter's troubled life,The Globe and Mail,https://www.theglobeandmail.com/news/national/drugs-and-religion-key-themes-in-ottawa-shooters-troubled-life/article21282240/
V1-0390,Coroner's inquest scheduled into RCMP shooting of B.C. mother and son,The Vancouver Sun,https://vancouversun.com/news/local-news/coroners-inquest-scheduled-into-deaths-of-b-c-mother-and-son
V1-0239,Death of Eric Osawe was accidental: coroner's inquest,Toronto Star,https://www.thestar.com/news/gta/death-of-eric-osawe-was-accidental-coroners-inquest/article_c892d6d8-f198-5559-888a-31ef73237bb3.html
V2-0931,2nd inmate dies in Manitoba prison this week,CBC,https://www.cbc.ca/news/canada/manitoba/stony-mountain-inmate-death-manitoba-1.7441664
V1-0487,SIU investigating fatal police shooting in Peterborough involving fugitive,Global News,https://globalnews.ca/news/5676255/siu-fatal-police-involved-shooting-peterborough/
V1-0406,Sundance shooting: Calgary police chief stands by officer who killed armed man,Edmonton Sun,https://edmontonsun.com/2016/10/11/calgary-police-on-scene-of-sundance-shooting-incident
V1-0645,Investigation into death of Nunavik man finishes in Inukjuak  but still continues,Nunatsiaq News,https://nunatsiaq.com/stories/article/65674investigation_into_death_of_nunavik_man_wraps_up_in_inukjuak_but_still/
V1-0283,N.W.T. woman killed in standoff made threats on phone,CBC,https://www.cbc.ca/news/canada/north/n-w-t-woman-killed-in-standoff-made-threats-on-phone-1.1319747
V1-0127,Man dies after arrest in assault of parents,The Globe and Mail,https://www.proquest.com/canadiannews/docview/383543963/53C55A582B26419BPQ/2?accountid=14771&sourcetype=Newspapers
V1-0554,De-escalation  K-9 at issue for Calgary Police Commission following officer shooting,Global News,https://globalnews.ca/news/8641877/calgary-police-commission-latjor-tuel-death/
V1-0339,Coroners inquest into police-involved shooting of Tony Du scheduled for next year,Global News,https://globalnews.ca/news/3867938/coroners-inquest-into-police-involved-shooting-of-tony-du-scheduled-for-next-year/
V1-0121,'Excited delirium' training needed: judge,Calgary Herald,https://www.proquest.com/canadiannews/docview/245591903/BFBA2B382F97470FPQ/1?accountid=14771&sourcetype=Newspapers
V1-0444,Wait for answers 'devastating' for family of police shooting victim,CBC,https://www.cbc.ca/news/canada/ottawa/wait-devastating-morrisburg-shooting-opp-babak-saidi-1.4741169
V1-0304,Police release identify of Moncton man following shooting incident,PNI Atlantic News,https://www.saltwire.com/cape-breton/police-release-identify-of-moncton-man-following-shooting-incident-5038
V1-0597,Family identifies Winnipeg man  59  killed in police shooting Tuesday,CBC,https://www.cbc.ca/news/canada/manitoba/magnus-police-shooting-id-1.7116758
V1-0289,Alleged B.C. gunman shot by police,Toronto Sun,https://torontosun.com/2012/05/30/rcmp-hunt-for-armed-man-in-double-murder-case
V1-0494,Man who died from Okanagan RCMP Taser had mental health challenges  family says,Abbotsford News,https://www.abbynews.com/news/man-who-died-from-okanagan-rcmp-taser-had-mental-health-challenges-family-says-1795002
V1-0641,Man fatally shot in struggle believed cops would kill him,Calgary Sun,https://calgarysun.com/2013/03/24/man-believed-cops-would-kill-him
V1-0473,Inquest set into 2018 shooting death of Steven Rigby during police confrontation,SaskToday,https://www.sasktoday.ca/north/local-news/inquest-set-into-2018-shooting-death-of-steven-rigby-during-police-confrontation-4172241
V1-0471,Who was Chris Bloomfield  the Mill Bay man shot by police?,Cowichan Valley Citizen,https://www.cowichanvalleycitizen.com/news/who-was-chris-bloomfield-the-mill-bay-man-shot-by-police-789455
V1-0341,Daniel Clause had cocaine  methadone in his system when police shot him  inquest hears,CBC,https://www.cbc.ca/news/canada/toronto/toronto-daniel-clause-police-shooting-inquest-toxicology-1.3824852
V1-0585,'It was wrong:' Red Deer dad says Mounties needlessly shot dead mentally ill son,Calgary Herald,https://calgaryherald.com/news/local-news/it-was-wrong-red-deer-dad-says-mounties-needlessly-shot-dead-mentally-ill-son
V1-0041,Fatality inquiry will investigate death of break-in suspect,Edmonton Journal,https://www.proquest.com/canadiannews/docview/252988528/E96D0414E3DB43B6PQ/3?accountid=14771
V1-0337,Two years after son fatally shot by police  Victoria mother sues for wrongful death,The Vancouver Sun,https://vancouversun.com/news/local-news/two-years-after-son-fatally-shot-by-police-victoria-mother-sues-for-wrongful-death
V1-0052,Village in mourning for mom shot by cop,The Province,https://www.proquest.com/canadiannews/docview/269335907/17ACEE91F07A415DPQ/6?accountid=14771&sourcetype=Newspapers
V1-0236,SIU clears Brantford officer of wrongdoing after reopening two cases,Toronto Star,https://www.thestar.com/news/canada/siu-clears-brantford-officer-of-wrongdoing-after-reopening-two-cases/article_9e84aca3-4fff-5a9d-a830-8296b41afc74.html
V1-0184,Victims of stabbing  police shooting identified,CBC,https://www.cbc.ca/news/canada/calgary/victims-of-stabbing-police-shooting-identified-1.735301
V2-0727,Cops ignored guidelines in jail death: Morency inquest expected to wrap up today,Windsor Star,https://www.proquest.com/canadiannews/docview/254588280/E47040B7727544D6PQ/1?accountid=14771&sourcetype=Newspapers
V1-0127,Coroner's inquest to examine the violent death of Westside man,Kelowna Capital News,https://www.proquest.com/canadiannews/docview/375980475/53C55A582B26419BPQ/4?accountid=14771&sourcetype=Newspapers
V1-0237,Toronto cop forced to shoot mentally disturbed man  partner tells inquest,The Globe and Mail,https://www.theglobeandmail.com/news/toronto/toronto-cop-forced-to-shoot-mentally-disturbed-man-partner-tells-inquest/article15045531/
V1-0076,T.O. police cleared in man's shooting,Brantford Expositor,https://www.proquest.com/canadiannews/docview/345991980/D6E1FE69878F4B9FPQ/6?accountid=14771&sourcetype=Newspapers
V1-0564,Lethal force in Nanaimo shooting ruled as reasonable: Report concludes,CHEK News,https://cheknews.ca/no-charges-for-nanaimo-mountie-after-b-c-police-watchdog-probes-july-shooting-1139997/
V1-0129,SIU death investigation 'enraged' victim's family,Toronto Star,https://www.thestar.com/news/crime/siu-death-investigation-enraged-victims-family/article_d7853936-d6ec-5e26-89fe-d85cc7b6586d.html
V1-0325,Peel police officer cleared in death of Brampton courthouse shooter,Toronto Star,https://www.thestar.com/news/crime/peel-police-officer-cleared-in-death-of-brampton-courthouse-shooter/article_1f18336f-481f-5341-8181-5ed811fb2a4f.html
V1-0188,Mother dies  father and sons injured as birthday party becomes bloodbath,The Globe and Mail,https://www.theglobeandmail.com/news/national/mother-dies-father-and-sons-injured-as-birthday-party-becomes-bloodbath/article17975634/
V1-0225,Police killed northern Ontario First Nation man  inquest jury concludes,CBC,https://www.cbc.ca/news/canada/thunder-bay/police-shooting-lac-seul-first-nation-1.3579724
V1-0560,Saanich bank shooting suspects identified  motive still unclear,CityNews,https://vancouver.citynews.ca/2022/07/02/saanich-bank-shooting-suspects/
V1-0062,Jury recommends education in drug awareness for police:,Times-Colonist,https://www.proquest.com/canadiannews/docview/347964593/11408CE4FB2444D0PQ/3?accountid=14771
V1-0365,Police restraint of Myles Gray a factor in his death  forensic pathologist testifies,CBC,https://www.cbc.ca/news/canada/british-columbia/myles-gray-inquest-forensic-pathologist-autopsy-report-1.6824613
V1-0492,SIU probing death of man Tasered by Peel police,Toronto Sun,https://torontosun.com/news/local-news/siu-probing-death-of-man-in-interaction-with-peel-police
V1-0416,Public inquiry held in shooting death of Îyârhe Nakoda man in 2017,Lakeland Today,https://www.lakelandtoday.ca/indigenous-alberta/public-inquiry-held-in-shooting-death-of-iyarhe-nakoda-man-in-2017-6984844
V1-0163,Vancouver police clear fellow officer in 2007 shooting,CBC,https://www.cbc.ca/news/canada/british-columbia/vancouver-police-clear-fellow-officer-in-2007-shooting-1.813368
V1-0564,One dead following police shooting in Nanaimo,NanaimoNewsNOW,https://nanaimonewsnow.com/2022/07/24/one-dead-following-police-shooting-in-nanaimo/
V1-0174,Deceased man identified,Regina Leader-Post,https://www.proquest.com/canadiannews/docview/349958903/6E7C8A9327A54475PQ/14?accountid=14771&sourcetype=Newspapers
V1-0633,York Region officer guilty of dangerous driving causing death,Toronto Star,https://www.thestar.com/news/crime/york-region-officer-guilty-of-dangerous-driving-causing-death/article_2879c6c8-2b86-59af-9dca-130e76ab8f1a.html
V1-0559,A killer took their loved ones  but he couldn't destroy their family,CBC,https://www.cbc.ca/news/canada/ottawa/a-killer-took-their-loved-ones-but-he-couldn-t-destroy-their-family-1.6537989
V1-0060,Officer who shot man returns to line of duty: [Early Edition],Calgary Herald,https://www.proquest.com/canadiannews/docview/245117103/3DBD81D6F72D4773PQ/31?accountid=14771
V1-0579,Condo killer had frequent car crashes  injuries and suicidal thoughts years before massacre,National Post,https://nationalpost.com/news/canada/francesco-villi-vaughan-condo-mass-shooting
V1-0473,Video shows Steven Rigby did not point gun at Saskatoon police  family says,CBC,https://www.cbc.ca/news/canada/saskatoon/steven-rigby-family-1.6069907
V1-0017,Man dies after fight with police: A suspect in a home invasion died two days after a struggle with a police officer near the crime scene in east Vancouver.,Vancouver Sun,https://www.proquest.com/canadiannews/docview/242658359/C61D48D8FDCB41EEPQ/6?accountid=14771&sourcetype=Newspapers
V1-0103,Police urged to review firearms tactics,Kamloops Daily News,https://www.proquest.com/canadiannews/docview/358544379/F801407D58FF4447PQ/7?accountid=14771&sourcetype=Newspapers
V1-0652,18-year-old who fatally stabbed teen girl before police shot him had prior domestic assault charges  docs show,CBC,https://www.cbc.ca/news/canada/london/breanna-broadfoot-stabbing-1.7273114
V1-0550,Inquests jury says death of man killed by Sask. RCMP in Montreal Lake Cree Nation was a homicide,CBC,https://www.cbc.ca/news/canada/saskatoon/inquest-jusy-montreal-lake-homicide-1.7478091
V1-0366,IIO finds no fault in police decision to shoot and kill an armed man in Burnaby who also shot self,Vancouver Sun,https://vancouversun.com/news/crime/iio-finds-no-fault-in-police-decision-to-shoot-and-kill-an-armed-man-in-burnaby-who-also-shot-self
V2-0693,Paramedics tell inquest they were surprised that Vancouver woman who had stopped breathing wasn't getting CPR,The Province,https://theprovince.com/news/local-news/paramedics-tell-inquest-they-were-surprised-that-vancouver-woman-who-had-stopped-breathing-wasnt-getting-cpr
V1-0586,FSIN calls out Prince Albert police  claims man left brain dead after stun gun used,Global News,https://globalnews.ca/news/9641854/man-brain-dead-prince-albert-police-stun-gun/
V1-0057,Officer justified in shooting Grassy Narrows shooting: SIU,Sarnia Observer,https://www.proquest.com/canadiannews/docview/348165217/EFDC84E61CC54300PQ/5?accountid=14771&sourcetype=Newspapers
V1-0422,Man shot dead: SQ remained on scene to secure the area,CBC,https://ici.radio-canada.ca/nouvelle/1034105/homme-abattu-beauceville-sq-securite-scene
V2-0691,'No chance of conviction' in case of Tuktoyaktuk woman who died in police custody,NNSL,https://www.nnsl.com/news/no-chance-of-conviction-in-case-of-tuktoyaktuk-woman-who-died-in-police-custody-7274784
V1-0515,Family of woman killed by police wants 'definite re-think on policing',Times-Colonist,https://www.proquest.com/canadiannews/docview/2413840166/DFE21E03147740E4PQ/138?accountid=14771&sourcetype=Newspapers
V2-0900,Family of William Ahmo sues Manitoba  guards for deadly racism,APTN News,https://www.aptnnews.ca/national-news/family-of-william-ahmo-sues-manitoba-guards-for-deadly-racism/
V1-0316,SIU clears Toronto officers in 2013 fatal shooting,The Toronto Sun,https://torontosun.com/2015/01/02/siu-clears-toronto-officers-in-2013-fatal-shooting
V1-0540,Mounties justified in fatal shooting of Alberta man who killed police dog during manhunt: ASIRT,Edmonton Journal,https://edmontonjournal.com/news/crime/alberta-rcmp-asirt-lionel-grey
V1-0076,Mourners call for killing of young black men to end; Man  26  shot by police died in 'senseless' way Last October  victim reported hearing voices: [ONT Edition],Toronto Star,https://www.proquest.com/canadiannews/docview/438712893/BC4B73913A0D4551PQ/14?accountid=14771&sourcetype=Newspapers
V1-0405,'He was not a monster': loved ones of man who died in police incident speak out,Saskatoon StarPhoenix,https://thestarphoenix.com/news/crime/he-was-not-a-monster-loved-ones-of-man-who-died-in-police-incident-speak-out
V1-0510,Watchdog clears Winnipeg police officers in fatal shooting of man,CTV,https://www.ctvnews.ca/winnipeg/article/watchdog-clears-winnipeg-police-officers-in-fatal-shooting-of-man/
V2-0836,'That's not going to change anything': Why Sask. coroner's inquests leave people wanting more,CBC,https://www.cbc.ca/news/canada/saskatoon/coroner-s-inquest-saskatchewan-1.4922895
V1-0063,Cop had to fire fatal shot  investigators rule,Kitchener-Waterloo Record,https://www.proquest.com/canadiannews/docview/267104365/35F0A61CD2C1488EPQ/5?accountid=14771&sourcetype=Newspapers
V1-0579,No charges against York officer who fatally shot Vaughan condo gunman  SIU finds,CBC,https://www.cbc.ca/news/canada/toronto/vaughan-condo-siu-1.6813599
V1-0583,Parents of man who killed Quebec officer wanted son hospitalized  inquest hears,CBC,https://www.cbc.ca/news/canada/montreal/coroner-inquest-maureen-breau-begins-1.7112290
V1-0416,Fatality inquiry into RCMP shooting of Stoney Nakoda man yields no preventative advice,Penticton Herald,https://www.pentictonherald.ca/spare_news/article_ca2c5b93-e65c-5e97-a341-2457eb097006.html
V2-0801,Inquest set for man who died in police custody in Kelowna,Global News,https://globalnews.ca/news/182112/inquest-set-for-man-who-died-in-police-custody-in-kelowna/
V1-0641,Man killed in Burger King takedown shot himself in the head: SIU,Toronto Star,https://www.thestar.com/news/crime/man-killed-in-burger-king-takedown-shot-himself-in-the-head-siu/article_371132a7-4632-5cc2-9c41-1e97ace9e761.html
V2-0874,Métis family hopes inquiry will find answers in son's 2019 death,APTN News,https://www.aptnnews.ca/national-news/metis-family-hopes-inquiry-will-find-answers-in-sons-2019-death/
V1-0316,Ian Pryce inquest makes recommendations,Toronto Star,https://www.thestar.com/news/gta/ian-pryce-inquest-makes-recommendations/article_44b5d101-bd0f-5c52-88be-83de40eeebb2.html
V2-0792,Prosecutors to review Victoria Paul's death in custody,CBC,https://www.cbc.ca/news/canada/nova-scotia/prosecutors-to-review-victoria-paul-s-death-in-custody-1.1365079
V2-0726,Watchdog probes death of man jailed for intoxication,Hamilton Spectator,https://www.proquest.com/canadiannews/docview/270148099/A79218EBABDD450CPQ/3?accountid=14771&sourcetype=Newspapers
V1-0030,Police shooting victim never violent ; Bradford man's brother was more feared  inquest told: [Ontario Edition],Toronto Star,https://www.proquest.com/canadiannews/docview/438473061/6F093E45D9374B27PQ/1?accountid=14771&sourcetype=Newspapers
V2-0758,Death blamed on alcohol abuse,Calgary Herald,https://www.proquest.com/canadiannews/docview/243949397/DD3F50F7D290462FPQ/3?accountid=14771&sourcetype=Newspapers
V1-0639,Officer charged in fatal Hwy. 401 shooting makes first court appearance,Sudbury Star,https://www.thesudburystar.com/news/local-news/cop-charged-in-fatal-hwy-401-shooting-makes-first-court-appearance/wcm/acf84a35-e96e-4e25-9cb0-9171bed78787
V1-0595,Family of U of M student killed in 2023 police shooting wants answers from investigation,Winnipeg Free Press,https://www.winnipegfreepress.com/breakingnews/2025/07/23/family-of-u-of-m-student-killed-in-2023-police-shooting-wants-answers-from-investigation
V1-0024,Vital data could have saved man: Knowing patient's history would have changed police procedure: Pepper Spray Death,Edmonton Journal,https://www.proquest.com/canadiannews/docview/252900270/6AFEFD5454904B23PQ/5?accountid=14771&sourcetype=Newspapers
V1-0490,Rally for man killed by RCMP in Maple Ridge,The Abbotsford News,https://www.abbynews.com/news/rally-for-man-killed-by-rcmp-in-maple-ridge-1794101
V1-0338,Obese  disabled man suffocated after being handcuffed  medical examiner report shows,Edmonton Journal,https://edmontonjournal.com/news/local-news/obese-disabled-man-suffocated-after-being-handcuffed-medical-examiner-report-shows
V1-0399,'Be rooted in ceremony': Indigenous community offers support for Debra Chrisjohn's family,CBC,https://www.cbc.ca/news/canada/london/be-rooted-in-ceremony-indigenous-community-offers-support-for-debra-chrisjohn-s-family-1.4206159
V1-0396,A Jihadi in the Family documentary explores Calgary mother's radicalization battle,CBC,https://www.cbc.ca/news/canada/calgary/christianne-boudreau-damian-clairmont-1.3501309
V1-0362,Man in Guy Fawkes mask threatened police with knife before fatal shooting  inquest hears,CBC,https://www.cbc.ca/news/canada/british-columbia/man-in-guy-fawkes-mask-threatened-police-with-knife-before-fatal-shooting-inquest-hears-1.5742147
V1-0083,Cocaine overdose killed man - not Taser: Weapon played no role in man's death: Coroner,Kingston Whig-Standard,https://www.proquest.com/canadiannews/docview/352744790/8918D4395BD64E1APQ/1?accountid=14771&sourcetype=Newspapers
V1-0088,Don't judge police officers without all the facts,Vancouver Sun,https://www.proquest.com/canadiannews/docview/242292539/5EEAF77600804313PQ/36?accountid=14771
V1-0196,RCMP shoot  kill man armed with knife at Duncan RV park,Cowichan Valley Citizen,https://www.proquest.com/canadiannews/docview/358131724/4F9316B3D92A4DC3PQ/14?accountid=14771&sourcetype=Newspapers
V1-0018,Findings expected,Windsor Star,https://www.proquest.com/canadiannews/docview/254373473/9228828E3B2A487BPQ/23?accountid=14771
V1-0076,Racism killed son  mom says; Woman testifies at inquest into fatal shooting  saying police treated troubled son 'like an animal': [ONT Edition],Toronto Star,https://www.proquest.com/canadiannews/docview/439341942/D6E1FE69878F4B9FPQ/1?accountid=14771&sourcetype=Newspapers
V1-0468,Kamloops Mounties cleared in fatal shooting that saw man shot at 45 times,Chilliwack Progress,https://www.theprogress.com/news/kamloops-mounties-cleared-in-fatal-shooting-that-saw-man-shot-at-45-times-1892613
V2-0864,Quebec investigation examining how a Cree man died after stay in Waskaganish jail,APTN News,https://www.aptnnews.ca/national-news/quebec-investigation-examining-how-a-cree-man-died-after-stay-in-waskaganish-jail/
V1-0651,Cocaine likely factor in death,Hamilton Spectator,https://www.thespec.com/news/hamilton-region/cocaine-likely-factor-in-death/article_7748a660-0830-5a22-a1f4-1948cb9ddc80.html
V1-0108,Mountie cleared in fatal shooting,CBC,https://www.cbc.ca/news/canada/nova-scotia/mountie-cleared-in-fatal-shooting-1.571122
V1-0644,Charges against OPP officers withdrawn in case of shooting that killed toddler,The Globe and Mail,https://www.theglobeandmail.com/canada/article-opp-charges-withdrawn-toddler-death/
V2-0819,SIU clears Niagara police officer in man's fatal plunge into Niagara Gorge,Global News,https://globalnews.ca/news/280448/siu-clears-niagara-police-officer-in-mans-fatal-plunge-into-niagara-gorge/
V1-0066,Pepper-spray role in death to be probed,The Globe and Mail,https://www.proquest.com/canadiannews/docview/383888442/fulltext/BFF1940821B64C41PQ/8?accountid=14771&sourcetype=Newspapers
V1-0186,Mother represents son at Taser inquiry,CBC,https://www.cbc.ca/news/canada/edmonton/mother-represents-son-at-taser-inquiry-1.944894
V1-0374,St. Albert man  37  dies in 'targeted' Morinville shooting Good Friday: RCMP,Edmonton Journal,https://edmontonjournal.com/news/local-news/st-albert-man-targeted-shooting-morinville-good-friday-rcmp
V1-0017,Hearing resumes after homicide ruling in case of man who died in custody: [FINAL C Edition],Vancouver Sun,https://www.proquest.com/canadiannews/docview/242306592/C61D48D8FDCB41EEPQ/9?accountid=14771&sourcetype=Newspapers
V1-0157,Man's death sparks taser backlash,The Globe and Mail,https://www.theglobeandmail.com/news/national/mans-death-sparks-taser-backlash/article22502571/
V1-0287,Inquest into man's shooting begins,Ottawa Sun,https://www.proquest.com/canadiannews/docview/2227428523/29DE5D32EBEF4598PQ/222?accountid=14771&sourcetype=Newspapers
V1-0424,Northern Quebec community struggles to explain stabbings that killed three  injured two,The Globe and Mail,https://www.theglobeandmail.com/news/national/northern-quebec-community-struggles-to-explain-stabbings-that-killed-three-injured-two/article35281659/
V2-0857,Inquest to probe man's death during Winnipeg arrest,CBC,https://www.cbc.ca/news/canada/manitoba/winnipeg-police-death-inquiry-1.4587859
V1-0196,UPDATED: Mental health boost called for in wake of Welton death,Cowichan News Leader Pictorial,https://www.proquest.com/canadiannews/docview/849330820/99B192FBFDDB44A7PQ/1?accountid=14771&sourcetype=Newspapers
V1-0092,Native leaders angry over 2nd police shooting,CBC,https://www.cbc.ca/news/canada/native-leaders-angry-over-2nd-police-shooting-1.538727
V2-0880,Aunt not confident jury recommendations into Cain Wapass' death will lead to change,paNOW,https://panow.com/2023/04/19/aunt-not-confident-jury-recommendations-into-cain-wapass-death-will-lead-to-change/
V2-0822,Film tells story of Inuk man who died in RCMP custody,CBC,https://www.cbc.ca/news/canada/north/film-tells-story-of-inuk-man-who-died-in-rcmp-custody-1.2809229
V1-0017,Sister loses five-year legal fight,Vancouver Sun,https://www.proquest.com/canadiannews/docview/242161249/C61D48D8FDCB41EEPQ/12?accountid=14771&sourcetype=Newspapers
V1-0189,Woman alleges RCMP kicked ex-husband,Winnipeg Free Press,https://www.winnipegfreepress.com/local/2008/12/03/woman-alleges-rcmp-kicked-ex-husband
V1-0380,UPDATED: Investigation into man's death after he was arrested by Surrey RCMP,Surrey Now-Leader,https://www.surreynowleader.com/news/updated-investigation-into-mans-death-after-he-was-arrested-by-surrey-rcmp-2909439
V1-0429,RCMP officer charged with manslaughter in death of Indigenous man  now facing assault charge,CBC,https://www.cbc.ca/news/canada/british-columbia/rcmp-officer-assault-charge-1.6943962
V1-0229,VPD clears Surrey RCMP of in-custody death,Peace Arch News,https://www.peacearchnews.com/news/vpd-clears-surrey-rcmp-of-in-custody-death-2786818
V1-0567,Man sentenced to 5 years in attack at west Edmonton business,Global News,https://globalnews.ca/news/2198176/man-sentenced-to-5-years-in-attack-at-west-edmonton-business/
V1-0247,Fatality inquiry concludes RCMP justified in Sherwood Park shooting death,Edmonton Journal,https://edmontonjournal.com/news/local-news/fatality-inquiry-concludes-rcmp-justified-in-sherwood-park-shooting-death
V1-0615,Yellowknife jail guard attacker shot dead by Winnipeg police on weekend,CKLB-FM,https://cklbradio.com/2024/11/27/yellowknife-jail-guard-attacker-shot-dead-by-winnipeg-police-on-weekend/?doing_wp_cron=1755448710.5725650787353515625000
V1-0426,Man killed by police was facing eviction and distressed  neighbours say,Montreal Gazette,https://www.montrealgazette.com/news/article482798.html
V1-0440,Brydon Whitstone's parents considering lawsuit against RCMP constable who fatally shot their son,CBC,https://www.cbc.ca/news/canada/saskatoon/whitstone-lawsuit-coroner-s-inquest-1.4941206
V1-0579,"I was there": Vaughan condo shooting victims identified  survivor's husband speaks,East Gwillimbury Express,https://www.yorkregion.com/news/i-was-there-vaughan-condo-shooting-victims-identified-survivors-husband-speaks/article_3a8eb7f8-87ff-5ebd-892b-a16bea783b3f.html
V1-0639,Firearm experts close Crown evidence at OPP officer's manslaughter trial,The Windsor Star,https://windsorstar.com/news/local-news/firearm-experts-close-crown-evidence-at-opp-officers-manslaughter-trial
V2-0860,Joint inquest begins into deaths of two Indigenous men in Thunder Bay police custody,CTV,https://www.ctvnews.ca/northern-ontario/article/joint-inquest-begins-into-deaths-of-two-indigenous-men-in-thunder-bay-police-custody/
V2-0678,ASIRT handed Grande Prairie RCMP in-custody death investigation after outcry from family,Edmonton Journal,https://edmontonjournal.com/news/local-news/asirt-handed-grande-prairie-rcmp-in-custody-death-investigation-after-outcry-from-family
V2-0849,Two booking officers acquitted in Nova Scotia jail cell death after retrial,Global News,https://globalnews.ca/news/8888445/booking-officers-acquitted-corey-rogers-jail-death/
V1-0379,Toronto cop won't stand trial for allegedly refusing to stop man's suicide in High Park  top court rules,Toronto Star,https://www.thestar.com/news/gta/toronto-cop-won-t-stand-trial-for-allegedly-refusing-to-stop-man-s-suicide-in/article_3bfb66cf-0c86-5eb1-98ab-8c2f38b69484.html
V1-0073,Exonerated officer feels for family,The Province,https://www.proquest.com/canadiannews/docview/269419606/6CD99BC3B7E842B3PQ/1?accountid=14771&sourcetype=Newspapers
V1-0589,They were 'loved': A look back at how families remember two men shot by Calgary police officer,Calgary Herald,https://calgaryherald.com/news/local-news/levon-fox-wildman-wesley-davidson-family-mourns-men-shot-by-cps
V1-0469,Family seeking answers in Blood Tribe man's death,Global News,https://globalnews.ca/news/4574950/blood-tribe-lethbridge-police-confrontation-death-asirt/
V1-0285,Man shot during fight with officer at traffic stop dies,Toronto Star,https://www.thestar.com/news/crime/man-shot-during-fight-with-officer-at-traffic-stop-dies/article_20b6949e-40ee-57c9-b15e-ed7729e0d353.html
V2-0867,ordinary' situation says Victoria Hospital physician,Prince Albert Daily Herald,https://paherald.sk.ca/kereluks-death-an-out-of-the-ordinary-situation-says-victoria-hospital-physician/
V1-0381,Ottawa man's shooting by Toronto police underscores proposed reforms around coroner's inquests,The Ottawa Citizen,https://ottawacitizen.com/news/local-news/ottawa-mans-shooting-by-toronto-police-underscores-proposed-reforms-around-coroners-inquests
V1-0223,Driver clipped officer before being shot and killed by Toronto police  jury hears,The Globe and Mail,https://www.theglobeandmail.com/news/toronto/driver-clipped-officer-before-being-shot-and-killed-by-toronto-police-jury-hears/article20611727/
V1-0575,'Something was taken from us': Taresh Bobby Ramroop's family speaks out on SIU decision,Toronto Star,https://www.thestar.com/news/gta/something-was-taken-from-us-taresh-bobby-ramroop-s-family-speaks-out-on-siu-decision/article_7b471263-389a-5c15-8c38-cc8fb4d82858.html
V1-0433,RCMP officer cleared in lethal Whitefish Lake shooting,Edmonton Journal,https://edmontonjournal.com/news/local-news/watch-rcmp-officer-cleared-in-lethal-whitefish-lake-shooting
V1-0444,Inquest hears OPP had labelled Babak Saidi a violent  high-risk offender before disastrous arrest led to his death,The Ottawa Citizen,https://ottawacitizen.com/news/local-news/inquest-hears-opp-had-labelled-man-a-violent-high-risk-offender-before-disastrous-arrest-led-to-his-death
V1-0532,Dundas woman arrested at scene of fatal police shooting in Niagara-on-the-Lake,Global News,https://globalnews.ca/news/7559259/dundas-woman-arrested-fatal-police-shooting-niagara-on-the-lake/
V1-0447,Update: Man shot by police in Kingsland has died from his injuries,Calgary Sun,https://calgarysun.com/news/crime/update-man-shot-by-police-in-kingsland-has-since-died-from-his-injuries
V1-0365,Myles Gray had bruising around eyes  neck  retired fire captain tells B.C. inquest,paNOW,https://panow.com/2023/04/25/myles-gray-had-bruising-around-eyes-neck-retired-fire-captain-tells-b-c-inquest/
V1-0620,IIU investigating after man killed by police,Winnipeg Free Press,https://www.proquest.com/canadiannews/docview/3214420462/DFE21E03147740E4PQ/4?accountid=14771&sourcetype=Newspapers
V1-0166,Police need details of mental patients before apprehension: coroner's jury,CBC,https://www.cbc.ca/news/canada/british-columbia/police-need-details-of-mental-patients-before-apprehension-coroner-s-jury-1.735720
V1-0226,Police shoot knife-wielding suspect,Winnipeg Free Press,https://www.winnipegfreepress.com/breakingnews/2011/07/22/police-shoot-knife-wielding-suspect
V1-0517,Court rules names of officers involved in Ejaz Choudry's death cannot stay secret,CBC,https://www.cbc.ca/news/canada/toronto/ejaz-choudry-lawsuit-death-anonymity-ruling-1.7188417
V1-0365,Inquest to hear officers' testimony in 2015 police-involved death of B.C. man,paNOW,https://panow.com/2023/04/18/inquest-to-hear-officers-testimony-in-2015-police-involved-death-of-b-c-man/
V1-0337,Civil suit may proceed years after man fatally shot by VicPD officer  judge rules,CHEK News,https://cheknews.ca/civil-suit-may-proceed-years-after-man-fatally-shot-by-vicpd-officer-judge-rules-1246325/
V1-0411,Families blame police in shooting death of woman and overdose of her husband,Calgary Sun,https://calgarysun.com/news/local-news/police-blamed-in-shooting-death-of-woman-and-overdose-of-her-husband
V1-0495,'We are devastated': Family issues statement after SIU clears police in death of Clive Mensah,Mississauga News,https://www.mississauga.com/news/we-are-devastated-family-issues-statement-after-siu-clears-police-in-death-of-clive-mensah/article_9a252c33-f07c-5f02-9706-d81cc04dd437.html
V1-0623,Wapekeka First Nation grieves 2nd community member shot and killed by police this summer,CBC,https://www.cbc.ca/news/canada/thunder-bay/wapekeka-first-nation-siu-investigation-follow-1.7600736
V1-0099,An 'expensive price to pay': Friends  relatives of victim say he didn't need to die,The Province,https://www.proquest.com/canadiannews/docview/269399810/A86B1543E8494E0CPQ/3?accountid=14771&sourcetype=Newspapers
V1-0525,Ontario's police watchdog investigating after man fatally shot by OPP officer in Collingwood,Global News,https://globalnews.ca/news/7324624/man-shot-opp-officer-collingwood/
V1-0208,Coroner's inquest finishes Friday,Oak Bay News,https://www.oakbaynews.com/news/coroners-inquest-finishes-friday-436059
V1-0005,Native died of police beating  chief says,Edmonton Journal,https://www.proquest.com/canadiannews/docview/252712473/DC3723B33F2D410DPQ/8?accountid=14771&sourcetype=Newspapers
V1-0199,Homeless man might still be alive if Taser was used by Vancouver police  inquest told,Vancouver Sun,https://vancouversun.com/news/homeless-man-might-still-be-alive-if-taser-was-used-by-vancouver-police-inquest-told
V1-0018,Shooting probe focuses on single Amherstburg officer; Summoned by 911 call  police blocked from entering home where victim  kids were alone,Windsor Star,https://www.proquest.com/canadiannews/docview/254372997/9228828E3B2A487BPQ/6?accountid=14771&sourcetype=Newspapers
V1-0113,Victim identified in fatal Thunder Bay police shooting,Soo Today,https://www.sootoday.com/local-news/victim-identified-in-fatal-thunder-bay-police-shooting-99698
V1-0303,Natomagan-Nelson coroner's jury says officers had no options,CBC,https://www.cbc.ca/news/canada/saskatchewan/natomagan-nelson-coroner-s-jury-says-officers-had-no-options-1.2765023
V2-0690,IIOBC files for consideration of charges in death of Everett Riley Edward Patrick,Prince George Post,https://www.princegeorgepost.com/news/local-news/iiobc-files-for-consideration-of-charges-in-death-of-everett-riley-edward-patrick
V1-0472,Criminal wrongdoing ruled out in fatal shooting of Corner Brook man Jorden McKay,CBC,https://www.cbc.ca/news/canada/newfoundland-labrador/sirt-nl-corner-brook-police-shooting-1.6150490
V1-0506,Lawsuit filed by family of Jason Koehler  who died in a B.C. police confrontation,Toronto Star,https://www.thestar.com/news/canada/lawsuit-filed-by-family-of-jason-koehler-who-died-in-a-b-c-police-confrontation/article_94b0dea4-faa4-5fa1-85cd-0157f72f85a4.html
V1-0622,Man with 'ample' record wants to learn Indigenous heritage,The Sault Star,https://www.saultstar.com/news/local-news/man-with-ample-record-wants-to-learn-indigenous-heritage
V1-0204,Elmvale's Minty family wins court case against police,Barrie Advance,https://www.simcoe.com/news/elmvales-minty-family-wins-court-case-against-police/article_435fd7fd-be79-56d0-89ab-8cd22c8b1653.html
V1-0073,Family of dead victim agrees,The Province,https://www.proquest.com/canadiannews/docview/269396356/6CD99BC3B7E842B3PQ/18?accountid=14771
V1-0648,Inquest into Iqaluit woman's death delayed,CBC,https://www.cbc.ca/news/canada/north/inquest-into-iqaluit-woman-s-death-delayed-1.956226
V1-0072,Man killed by police had gun  crystal meth,CBC,https://www.cbc.ca/news/canada/saskatchewan/man-killed-by-police-had-gun-crystal-meth-1.568087
V1-0656,Autopsy report complete on teen who died in police custody,CBC,https://www.cbc.ca/news/canada/manitoba/autopsy-report-complete-on-teen-who-died-in-police-custody-1.659784
V2-0942,Officers cleared by police watchdog in 2016 Remand Centre death of inmate,Winnipeg Sun,https://www.proquest.com/canadiannews/docview/2103690997/29DE5D32EBEF4598PQ/113?accountid=14771&sourcetype=Blogs,%20Podcasts,%20&%20Websites
V1-0449,Date set for inquest into death of a North Bay man in 2018 following an interaction with police,CTV,https://www.ctvnews.ca/northern-ontario/article/date-set-for-inquest-into-death-of-a-north-bay-man-in-2018-following-an-interaction-with-police/
V1-0614,Deadly week in Norway House Cree Nation in Manitoba,APTN News,https://www.aptnnews.ca/national-news/norway-house-first-nation-manitoba-deaths-rcmp-manslaughter/
V1-0618,'Unjustifiable and unacceptable': Family calls for inquiry into man's death during Montreal police intervention,Montreal Gazette,https://www.montrealgazette.com/news/article892390.html
V1-0060,Victim faced charges for earlier cop attack,Calgary Herald,https://www.proquest.com/canadiannews/docview/245108655/3DBD81D6F72D4773PQ/25?accountid=14771
V1-0459,Shot 10 times: Lawyers say Mounties acted in self-defence in deadly Alberta shooting,CTV,https://www.ctvnews.ca/edmonton/article/shot-10-times-lawyers-say-mounties-acted-in-self-defence-in-deadly-alberta-shooting/
V1-0080,'Negligent' police shooting nets family $354K award,CBC,https://www.cbc.ca/news/canada/british-columbia/negligent-police-shooting-nets-family-354k-award-1.1094207
V2-0789,Custody death an accident: jury,The Times Colonist,https://www.timescolonist.com/archive/custody-death-an-accident-jury-4571130
V1-0443,Coroner's inquest called into 2017 fatal shooting at Vaughan bank,CityNews,https://toronto.citynews.ca/2021/07/09/coroners-inquest-called-into-2017-fatal-shooting-at-vaughan-bank/
V1-0559,'It's just who I am' - Man says he confronted Alta Vista murder suspect as he harassed teenager weeks prior to killings,The Ottawa Citizen,https://ottawacitizen.com/news/local-news/its-just-who-i-am-man-says-he-confronted-alta-vista-murder-suspect-as-he-harassed-teenager-weeks-prior-to-killings
V1-0560,22-year-old Duncan brothers identified as gunmen in deadly Saanich bank robbery and shootout,The Times Colonist,https://www.timescolonist.com/local-news/22-year-old-duncan-twins-identified-as-gunmen-in-deadly-saanich-bank-robbery-and-shootout-5541443
V1-0440,FSIN  Whitstone family want independent investigation into RCMP shooting death,Global News,https://globalnews.ca/news/4752444/fsin-brydon-whitstone-independent-investigation-rcmp-shooting-death/
V2-0849,Man who died in Halifax police custody was too drunk to remove spit hood,CTV,https://www.ctvnews.ca/atlantic/article/man-who-died-in-halifax-police-custody-was-too-drunk-to-remove-spit-hood/
V1-0001,Inquest into fatal hospital shooting begins,CBC,https://www.cbc.ca/news/canada/inquest-into-fatal-hospital-shooting-begins-1.264820
V1-0344,B.C. Coroner's inquest jury recommends police body cameras after fatal shooting,Vancouver Sun,https://vancouversun.com/news/local-news/bc-coroners-inquest-jury-recommends-police-body-cameras-after-fatal-shooting
V1-0004,Man dies of injuries from police shooting,The Globe and Mail,https://www.proquest.com/canadiannews/docview/2387589070/BE7AF8F0B2744B07PQ/2?accountid=14771&sourcetype=Blogs,%20Podcasts,%20&%20Websites
V1-0334,Who is Martin Couture-Rouleau?,CBC,https://www.cbc.ca/news/canada/who-is-martin-couture-rouleau-1.2807285
V1-0552,Mountie 'broke down' after learning man she shot in 2021 died  coroner's inquest hears,CBC,https://www.cbc.ca/news/canada/new-brunswick/coroner-inquest-ryan-nowlan-kingston-peninsula-hampton-rcmp-shot-1.7035230
V1-0033,Mounties add zapper to arsenal,Winnipeg Free Press,https://www.proquest.com/canadiannews/docview/2545367332/3ADA4041CC4E42D9PQ/3?accountid=14771&sourcetype=Newspapers
V1-0331,Bushman of Valemount: Inquest probes fatal police shooting,Calgary Sun,https://calgarysun.com/news/local-news/bushman-of-valemount-inquest-probes-fatal-police-shooting
V1-0499,Heartbroken father seeks answers one year after son killed in police shooting,The Toronto Sun,https://torontosun.com/news/local-news/heartbroken-father-seeks-answers-one-year-after-son-killed-in-police-shooting
V2-0731,Autopsy results for man who died in NRP custody will not be revealed,Fort Erie Post,https://www.niagarathisweek.com/news/autopsy-results-for-man-who-died-in-nrp-custody-will-not-be-revealed/article_d811e1d6-771e-5dbd-807f-f31738a878a8.html
V1-0490,'We feel like we are in nightmare': family wants IIO decision in death of brother at hands of RCMP,CTV,https://bc.ctvnews.ca/we-feel-like-we-are-in-nightmare-family-wants-iio-decision-in-death-of-brother-at-hands-of-rcmp-1.5084114
V2-0854,B.C. Coroners Service information blackout on police-involved deaths raises red flags for accountability,The Georgia Straight,https://www.straight.com/news/926101/bc-coroners-service-information-blackout-police-involved-deaths-raises-red-flags
V1-0242,Police officer who shot and killed man in Parkdale cleared of wrongdoing,The Globe and Mail,https://www.theglobeandmail.com/news/toronto/police-officer-who-shot-and-killed-man-in-parkdale-cleared-of-wrongdoing/article574449/
V2-0793,Paramedics may observe Saskatoon detainees,Global News,https://globalnews.ca/news/688311/paramedics-may-observe-saskatoon-detainees/
V2-0680,Brandon Daniels died from Tylenol overdose  inquest told,CBC,https://www.cbc.ca/news/canada/saskatoon/brandon-daniels-died-from-tylenol-overdose-inquest-told-1.2254461
V1-0042,'Suicidal' man dies as police try to arrest him: Chris James Eklund  41  was despondent over the death of his mother,Vancouver Sun,https://www.proquest.com/canadiannews/docview/242460505/58EAC9911DBF4DC2PQ/1?accountid=14771&sourcetype=Newspapers
V1-0500,Jury in Shantz inquest recommends mental health policy changes for RCMP,CTV,https://www.ctvnews.ca/vancouver/article/jury-in-shantz-inquest-recommends-mental-health-policy-changes-for-rcmp/
V1-0249,Police officer who killed Cyrus Green had no choice  says Alberta Justice,CBC,https://www.cbc.ca/news/canada/edmonton/police-officer-who-killed-cyrus-green-had-no-choice-says-alberta-justice-1.2739745
V1-0616,Cold Lake First Nations man killed in RCMP shooting identified by family,CBC,https://www.cbc.ca/news/canada/edmonton/cold-lake-first-nations-man-killed-in-rcmp-shooting-identified-by-family-1.7412174
V1-0430,Family describes final days of 15-year-old shot by Peel police,Toronto Star,https://www.thestar.com/news/gta/family-describes-final-days-of-15-year-old-shot-by-peel-police/article_8acdc921-90f2-5452-8495-7adac95c70ec.html
V1-0309,ASIRT investigation rules RCMP acted reasonably in handling man who died,Penticton Herald,https://www.pentictonherald.ca/prairies/bc/article_a088cd56-792b-5b16-884d-4f9cf03495a2.html
V1-0326,Calgary man killed in Quebec motorcycle race,Global News,https://globalnews.ca/news/801524/calgary-man-killed-in-quebec-motorcycle-race/
V1-0024,Police pepper spray not cause of death of mentally ill man,Edmonton Journal,https://www.proquest.com/canadiannews/docview/252837338/6AFEFD5454904B23PQ/1?accountid=14771&sourcetype=Newspapers
V1-0399,London cop's jail sentence a sign of changing times: Indigenous grand chief,The London Free Press,https://lfpress.com/news/local-news/officers-jail-sentence-sign-of-changing-times-indigenous-grand-chief-says
V2-0682,Sask. police officer on trial for negligence over in-custody death has charges stayed,CTV,https://www.ctvnews.ca/saskatoon/article/sask-police-officer-on-trial-for-negligence-over-in-custody-death-has-charges-stayed/
V1-0199,Man shot and killed by Vancouver police identified as Michael Vann Hubbard,The Georgia Straight,https://www.straight.com/article-207422/vancouver-police-identify-man-shot-and-killed-michael-vann-hubbard
V1-0307,Sammy Yatim's mom shocked over James Forcillo's quick parole,Toronto Sun,https://www.proquest.com/canadiannews/docview/2274052291/29DE5D32EBEF4598PQ/120?accountid=14771&sourcetype=Blogs,%20Podcasts,%20&%20Websites
V1-0238,Holding inquest into Romeo Wesley's death in Cat Lake an 'honour': chief coroner,CBC,https://www.cbc.ca/news/canada/thunder-bay/cat-lake-inquest-logistics-1.4222831
V1-0643,Inquest into 2018 Departure Bay police shooting begins,CHEK News,https://cheknews.ca/inquest-into-2018-departure-bay-police-shooting-begins-1223716/
V2-0737,Lawyer says scenario at jail cell 'a recipe for disaster',Daily Herald-Tribune,https://www.proquest.com/canadiannews/docview/2171983227/142730199F3D4CBAPQ/5?accountid=14771
V1-0116,Officer told of 'suicide by cop ' inquest hears,Winnipeg Free Press,https://www.winnipegfreepress.com/local/2009/06/23/officer-told-of-suicide-by-cop-inquest-hears-2
V1-0426,Man fatally shot by police in Gay Village  BEI investigating,CTV,https://www.ctvnews.ca/montreal/article/man-fatally-shot-by-police-in-gay-village-bei-investigating/
V2-0757,Trenholm agitated before jail death: guards,CBC,https://www.cbc.ca/news/canada/new-brunswick/trenholm-agitated-before-jail-death-guards-1.868286
V1-0174,Man's Taser death probed; Victim from Turkey Point described as combative  disturbing others,Windsor Star,https://www.proquest.com/canadiannews/docview/254812052/6E7C8A9327A54475PQ/15?accountid=14771&sourcetype=Newspapers
V1-0305,Officers cleared in fatal shooting in Arden,Kingston Whig-Standard,https://www.thewhig.com/2014/02/25/officers-cleared-in-fatal-shooting-in-arden
V1-0515,'Chantel Was Sunshine': Centralizing Indigenous Mothering in an Honouring Story of Chantel Moore,NB Media Co-op,https://nbmediacoop.org/2024/05/30/chantel-was-sunshine-centralizing-indigenous-mothering-in-an-honouring-story-of-chantel-moore/
V1-0025,Excessive police force? Lawyers want answers in deaths of 2 men,Edmonton Journal,https://www.proquest.com/canadiannews/docview/252810104/6AFEFD5454904B23PQ/20?accountid=14771&sourcetype=Newspapers
V2-0773,Inquest into death,North Island Gazette,https://www.proquest.com/canadiannews/docview/372821165/9CC697FA2CCD4401PQ/4?accountid=14771&sourcetype=Newspapers
V1-0137,Man pepper-sprayed on bus dies,CBC,https://www.cbc.ca/news/canada/toronto/man-pepper-sprayed-on-bus-dies-1.608746
V1-0060,Public sympathy over shootings is misplaced,Calgary Herald,https://www.proquest.com/canadiannews/docview/245257250/3DBD81D6F72D4773PQ/10?accountid=14771&sourcetype=Newspapers
V1-0206,Slain driver had run-ins with cops,Toronto Sun,https://www.proquest.com/canadiannews/docview/2214154482/D3FF60126CD84858PQ/28?accountid=14771
V1-0266,SIU investigates man&rsquo;s death at Pearson after he was restrained by Peel officers,The Globe and Mail,https://www.theglobeandmail.com/news/toronto/siu-investigates-mans-death-at-pearson-after-he-was-restrained-by-peel-officers/article588195/
V1-0202,Nothing police could do to prevent fatal shooting  judge concludes,CBC,https://www.cbc.ca/news/canada/edmonton/nothing-police-could-do-to-prevent-fatal-shooting-judge-concludes-1.2627185
V1-0018,Shooting victim's kin sue; Carpenter family names police board  ex- chief  officers in $1-million lawsuit,Windsor Star,https://www.proquest.com/canadiannews/docview/254435408/9228828E3B2A487BPQ/15?accountid=14771&sourcetype=Newspapers
V2-0861,Inquest jury rules woman died of natural causes in Saskatchewan RCMP cell,National Post,https://nationalpost.com/pmn/news-pmn/canada-news-pmn/inquest-jury-rules-woman-died-of-natural-causes-in-saskatchewan-rcmp-cell
V1-0198,Task force examines whether police shooting was justified,CBC,https://www.cbc.ca/news/canada/calgary/task-force-examines-whether-police-shooting-was-justified-1.864470
V1-0334,How Martin Couture-Rouleau became an aspiring Islamic State fighter,Toronto Star,https://www.thestar.com/news/canada/how-martin-couture-rouleau-became-an-aspiring-islamic-state-fighter/article_cf9f24b4-2564-5cba-bb4a-9634e65c647d.html
V1-0656,Autopsy report on son's death puzzles parents,Winnipeg Free Press,https://www.winnipegfreepress.com/historic/2007/11/28/autopsy-report-on-sons-death-puzzles-parents
V1-0318,Two police confrontations  two outcomes: Why did Michael MacIsaac of Ajax have to die?,Our Windsor,https://www.ourwindsor.ca/opinion/columnists/two-police-confrontations-two-outcomes-why-did-michael-macisaac-of-ajax-have-to-die/article_6642248b-21be-50ed-b33e-8dbe29478a55.html
V1-0599,Calgary man at centre of 30-hour standoff came outside with loaded shotgun: ASIRT,CTV,https://www.ctvnews.ca/calgary/article/calgary-man-at-centre-of-30-hour-standoff-came-outside-with-loaded-shotgun-asirt/
V1-0535,Love  sex and death: Murder trial hears texts between victim and Saskatchewan Mountie,The Times Colonist,https://www.timescolonist.com/national-news/love-sex-and-death-murder-trial-hears-texts-between-victim-and-saskatchewan-mountie-7930868
V1-0011,Inquest Begins Into Otto Vass Death,CityNews,https://toronto.citynews.ca/2006/10/16/inquest-begins-into-otto-vass-death/
V1-0399,Family  Crown say London police officer should do jail time,APTN News,https://www.aptnnews.ca/national-news/family-crown-say-london-police-officer-should-do-jail-time/
V1-0045,Facility for drunks  addicts needed here,Calgary Herald,https://www.proquest.com/canadiannews/docview/244994518/6D52E64269994291PQ/8?accountid=14771
V1-0511,No charges for Winnipeg police officer who fatally shot armed man five times: police watchdog,CTV,https://www.ctvnews.ca/winnipeg/article/no-charges-for-winnipeg-police-officer-who-fatally-shot-armed-man-five-times-police-watchdog/
V1-0353,5 lingering questions in the fatal shooting of Don Dunphy,CBC,https://www.cbc.ca/news/canada/newfoundland-labrador/5-lingering-questions-in-the-fatal-shooting-of-don-dunphy-1.3022778
V1-0334,Martin Couture-Rouleau's shift into extremism played out on social media,The Globe and Mail,https://www.theglobeandmail.com/news/national/extremism-in-canadas-borders/article21217185/
V1-0330,Inquest being held in death of man in Burnaby apartment,Burnaby Now,https://www.burnabynow.com/local-news/inquest-being-held-in-death-of-man-in-burnaby-apartment-3038620
V1-0133,B.C. inquest hears RCMP shooting victim died of shock and blood loss,CBC,https://www.cbc.ca/news/canada/british-columbia/b-c-inquest-hears-rcmp-shooting-victim-died-of-shock-and-blood-loss-1.734219
V1-0270,Suspect who came at Calgary police officer with a screwdriver shot four times,Global News,https://globalnews.ca/news/144195/suspect-who-came-at-calgary-police-officer-with-a-screwdriver-shot-four-times-3/
V2-0949,Mounties cleared in death of woman who was motionless in cell for nearly an hour before help sought: IIU,CBC,https://www.cbc.ca/news/canada/manitoba/janine-walker-rcmp-report-1.7301248
V1-0015,Man shot  killed by police after stabbing three people ; SIU probing death that followed assaults: [Ontario Edition],Toronto Star,https://www.proquest.com/canadiannews/docview/438192121/E257AF53F37D4EA9PQ/5?accountid=14771&sourcetype=Newspapers
V1-0325,Police name man shot dead in Ontario courthouse,The Globe and Mail,https://www.theglobeandmail.com/news/toronto/possible-suspect-in-brampton-court-shooting-described-as-kind-family-man/article17734192/
V1-0036,Man who died in shootout with police was violating day parole,Sudbury Star,https://www.proquest.com/canadiannews/docview/348832295/CD3DF8020430499DPQ/16?accountid=14771&sourcetype=Newspapers
V2-0734,Kashechewan fire inquest calls for more funds for police stations  training,CBC,https://www.cbc.ca/news/canada/kashechewan-fire-inquest-calls-for-more-funds-for-police-stations-training-1.819764
V1-0285,SIU clears Toronto police officer in fatal shooting,CBC,https://www.cbc.ca/news/canada/toronto/siu-clears-toronto-police-officer-in-fatal-shooting-1.1220983
V1-0560,Facing 'unbridled violence' from B.C. bank robbers  police justified in shooting to kill  report says,CBC,https://www.cbc.ca/news/canada/british-columbia/officer-injured-in-shootout-released-from-hospital-1.6694066
V1-0112,Coroner's inquest into shooting turns testy,The Vancouver Sun,https://vancouversun.com/news/coroners-inquest-into-shooting-turns-testy
V1-0647,Man dead after officer-involved shooting in Bridgeland,CBC,https://www.cbc.ca/news/canada/calgary/officer-involved-shooting-bridgeland-asirt-1.4612519
V1-0332,Officer who shot Jermaine Carby says he wouldn't do anything differently,Toronto Star,https://www.thestar.com/news/gta/officer-who-shot-jermaine-carby-says-he-wouldn-t-do-anything-differently/article_bb74341c-bd9b-5830-90aa-f9007c235a0f.html
V1-0542,Northwest hereditary chiefs demand accountability for deadly RCMP arrests,The Vernon Morning Star,https://www.vernonmorningstar.com/news/northwest-hereditary-chiefs-demand-accountability-for-deadly-rcmp-arrests-7356837
V1-0203,Man shot dead in standoff with police,CBC,https://www.cbc.ca/news/canada/calgary/man-shot-dead-in-standoff-with-police-1.845688
V1-0618,SPVM calls for calm after protest for man who died after police intervention turned violent,CBC,https://www.cbc.ca/news/canada/montreal/montreal-police-st-michel-man-dead-after-police-intervention-1.7504859
V1-0588,Stoney Creek murder investigation reveals more details including a dispute over mould,Toronto Star,https://www.thestar.com/news/gta/stoney-creek-murder-investigation-reveals-more-details-including-a-dispute-over-mould/article_95fb1bb5-96f9-5802-b20d-db775c3c74fe.html
V1-0085,No recommendations in police shooting: Knife-wielding schizophrenic attacked two officers: [FINAL C Edition],The Province,https://www.proquest.com/canadiannews/docview/269431360/6BCF2D6F54124618PQ/1?accountid=14771
V1-0073,Taser review too late for Roman,Richmond News,https://www.proquest.com/canadiannews/docview/358831305/6CD99BC3B7E842B3PQ/2?accountid=14771&sourcetype=Newspapers
V1-0035,Police say fatal shots fired in self-defence ; Constables will tell their version of events to SIU: [Ontario Edition],Toronto Star,https://www.proquest.com/canadiannews/docview/438408282/D33A36884B3499EPQ/7?accountid=14771&sourcetype=Newspapers
V1-0457,Police watchdog clears three P.E.I. police officers in fatal shooting,Toronto Star,https://www.thestar.com/news/canada/police-watchdog-clears-three-p-e-i-police-officers-in-fatal-shooting/article_efa3aa2a-ee78-5fe5-8f87-c07c06ceabaa.html
V1-0386,Montreal police SWAT team member acquitted in death of Bony Jean-Pierre,Montreal Gazette,https://montrealgazette.com/news/local-news/montreal-police-swat-team-member-acquitted-in-manslaughter-of-bony-jean-pierre
V1-0307,'I cannot believe my boy is gone',Toronto Star,https://www.proquest.com/canadiannews/docview/2913648411/DFE21E03147740E4PQ/86?accountid=14771
V1-0401,Hamilton police killing leaves grieving family desperate for answers,Toronto Star,https://www.thestar.com/news/gta/hamilton-police-killing-leaves-grieving-family-desperate-for-answers/article_1a978be0-5dc4-5125-9da5-bfc43d3af845.html
V1-0418,Parents of man killed by police want case reopened,Toronto Star,https://www.proquest.com/canadiannews/docview/3108515503/DFE21E03147740E4PQ/7?accountid=14771&sourcetype=Newspapers
V1-0270,ASIRT investigates fatal police shooting,CityNews,https://calgary.citynews.ca/2011/08/12/asirt-investigates-fatal-police-shooting/
V1-0586,Appeal court dismisses case of mother seeking SGI benefits for son's death after violent arrest,CBC,https://www.cbc.ca/news/canada/saskatchewan/appeals-court-dismisses-death-benefits-mother-boden-umpherville-1.7580220
V1-0150,Death of man in police custody probed,Stoney Creek News,https://www.thespec.com/news/death-of-man-in-police-custody-probed/article_4150e913-230e-5ca9-ac3b-502d00f3c448.html
V1-0613,Ontario's police watchdog clears officers in fatal shooting of Hamilton man,Global News,https://globalnews.ca/news/11216626/erixon-kabera-siu-update/
V1-0264,Inquest jury recommends cameras in back of police cars,The Abbotsford News,https://www.abbynews.com/news/inquest-jury-recommends-cameras-in-back-of-police-cars-1739211
V1-0160,B.C. man injured during clash with police dies,The Globe and Mail,https://www.theglobeandmail.com/news/national/bc-man-injured-during-clash-with-police-dies/article22503136/
V1-0568,Family identifies man killed in 'interaction' with Vancouver police as Winnipeg father,Global News,https://globalnews.ca/news/9083167/dtes-police-involved-death-identified-chris-amyotte/
V1-0364,Coroner calls inquest into death of man shot by police in entertainment district in 2015,CBC,https://www.cbc.ca/news/canada/toronto/kwasi-skene-peters-inquest-1.4232591
V1-0619,Quebec police watchdog investigating after man killed in officer intervention in Nunavik,CTV,https://www.ctvnews.ca/montreal/article/quebec-police-watchdog-investigating-after-person-dies-in-officer-intervention-in-nunavik/
V2-0695,'Tiny and fragile': Edmonton woman's family seeks answers after she dies in police custody,CBC,https://www.cbc.ca/news/canada/edmonton/edmonton-police-custody-deanna-noname-indigenous-woman-death-investigation-1.4248265
V1-0595,'No reasonable grounds' to charge Winnipeg officer who shot and killed international student: Alberta watchdog,CBC,https://www.cbc.ca/news/canada/manitoba/winnipeg-police-involved-shooting-report-1.7619223
V1-0099,Family hopes police learn lesson from shooting probe,Prince George Citizen,https://www.proquest.com/canadiannews/docview/361728142/A86B1543E8494E0CPQ/34?accountid=14771
V1-0523,Jonathan Roy: a lover  not a fighter,The Globe and Mail,https://www.theglobeandmail.com/arts/jonathan-roy-a-lover-not-a-fighter/article4355409/
V1-0056,Custody death inquest ordered,Prince George Citizen,https://www.proquest.com/canadiannews/docview/361712852/A7498A6D0CA34FBFPQ/2?accountid=14771&sourcetype=Newspapers
V1-0318,Michael MacIsaac was 'actively resisting' help after police shooting  says officer at scene,CBC,https://www.cbc.ca/news/canada/toronto/michael-macisaac-inquest-mental-health-1.4223451
V1-0180,Officer had no 'reasonable options'; Police had no other avenue than to shoot: Rules inquest,Winnipeg Sun,https://www.proquest.com/canadiannews/docview/2231110801/29DE5D32EBEF4598PQ/192?accountid=14771&sourcetype=Newspapers
V1-0284,Coroner's inquest finally called into Igloolik police shooting death,Nunatsiaq News,https://nunatsiaq.com/stories/article/65674coroners_inquest_finally_called_into_igloolik_police_shooting_death/
V1-0011,Toronto Police officers to stand trial in death of mentally ill man,The Globe and Mail,https://www.theglobeandmail.com/news/national/toronto-police-officers-to-stand-trial-in-death-of-mentally-ill-man/article4137234/
V1-0633,'No comment': York police union hires former cop who struck  killed teen while driving,Vaughan Citizen,https://www.yorkregion.com/news/no-comment-york-police-union-hires-former-cop-who-struck-killed-teen-while-driving/article_f533c4c8-563f-5415-a0af-5ee09d386591.html
V1-0237,Officer feared for his life when he shot mentally ill man,CBC,https://www.cbc.ca/news/canada/toronto/officer-feared-for-his-life-when-he-shot-mentally-ill-man-1.2223897
V1-0513,Video shows moments after RCMP shooting death of Abraham Natanine,APTN News,https://www.aptnnews.ca/national-news/video-shows-moments-after-rcmp-shooting-death-of-abraham-natanine/
V1-0412,Shooting was 'proper response' to stop a 'threat ' RCMP officer tells inquest,Nunatsiaq News,https://nunatsiaq.com/stories/article/shooting-was-proper-response-to-stop-a-threat-rcmp-officer-tells-inquest/
V1-0186,Alta. man in Taser incident attacked worker,CBC,https://www.cbc.ca/news/canada/edmonton/alta-man-in-taser-incident-attacked-worker-1.946983
V1-0633,MANDEL: Jail sentence shock for speeding cop in killing of teen,Toronto Sun,https://torontosun.com/news/local-news/mandel-speeding-cop-gets-8-months-for-killing-teen-but-freed-on-bail
V1-0453,Alberta Mountie wounded  man wanted in Calgary homicide killed,Global News,https://globalnews.ca/news/4114945/adam-bettahar-nadia-el-dib-rcmp-mountie-shot-evansburg/
V1-0263,'Collection of choices' ; Mourners speak of how a bad one led to funeral of man killed in police raid,Toronto Sun,https://www.proquest.com/canadiannews/docview/2227337863/6E8CD0BBCFCB44E6PQ/39?accountid=14771&sourcetype=Newspapers
V1-0484,Métis man was handcuffed after being fatally shot by Regina police  inquest hears,CBC,https://www.cbc.ca/news/canada/saskatchewan/regina-cop-handcuffed-indigenous-man-after-shot-in-head-by-police-1.6136982
V1-0579,Vaughan gunman  73  feuded with condo board over 'electromagnetic waves.' Victims include three board members,Toronto Star,https://www.thestar.com/news/gta/vaughan-gunman-73-feuded-with-condo-board-over-electromagnetic-waves-victims-include-three-board-members/article_053dbad8-cb3a-5f53-b81f-4b39953a1454.html
V1-0323,Video of fatal police shooting should be made public  commissioner says,CBC,https://www.cbc.ca/news/canada/new-brunswick/rothesay-shooting-commissioner-1.4223274
V1-0319,Gaetan Plante  61  named as man killed by police in Surrey,CBC,https://www.cbc.ca/news/canada/british-columbia/gaetan-plante-61-named-as-man-killed-by-police-in-surrey-1.2504479
V1-0164,No recommendations made following inquest into Winnipeg man killed by police.,CTV,https://www.ctvnews.ca/winnipeg/article/no-recommendations-made-following-inquest-into-winnipeg-man-killed-by-police/
V1-0488,Chief medical examiner tells inquest he'll avoid 'controversial' cause of death,Winnipeg Free Press,https://www.winnipegfreepress.com/breakingnews/2024/05/20/chief-medical-examiner-tells-inquest-hell-avoid-controversial-cause-of-death
V1-0102,Man who died at airport reportedly given sedation,Alberni Valley Times,https://www.proquest.com/canadiannews/docview/345614639/24500122C4BD4E50PQ/2?accountid=14771&sourcetype=Newspapers
V1-0329,Suspect killed in shootout in southwest Edmonton identified,Global News,https://globalnews.ca/news/1324632/police-officer-injured-suspect-dead-following-shootout-in-southwest-edmonton/
V2-0832,VPD plans to install cameras in police wagons,Vancouver Courier,https://www.proquest.com/canadiannews/docview/1762858760/1429D17C60DD4C7BPQ/1?accountid=14771
V1-0053,Knife-wielding man hit with stun gun dies,Kamloops Daily News,https://www.proquest.com/canadiannews/docview/358246785/74283A72D18A478EPQ/41?accountid=14771&sourcetype=Newspapers
V1-0458,T.O. cops cleared in deadly 2018 Scarborough pub shootout,The Toronto Sun,https://torontosun.com/news/local-news/t-o-cops-cleared-in-deadly-2018-scarborough-pub-shootout
V1-0534,Watchdog releases details of fatal police shooting of Indigenous man near Tofino,CTV,https://www.ctvnews.ca/vancouver/vancouver-island/article/watchdog-releases-details-of-fatal-police-shooting-of-indigenous-man-near-tofino/
V1-0633,Natasha 'Carla' Abogado struck by cruiser on surveillance  court hears,CBC,https://www.cbc.ca/news/canada/toronto/natasha-carla-abogado-reemo-romano-shoppers-drug-mart-perfume-1.3576073
V1-0182,Man did not die by police force: coroner,Yukon News,https://www.yukon-news.com/news/man-did-not-die-by-police-force-coroner-6968954
V1-0126,SIU investigates death of robbery suspect  17,The Globe and Mail,https://www.proquest.com/canadiannews/docview/383737516/fulltext/F7AEC1D72BF5440APQ/1?accountid=14771&sourcetype=Newspapers
V2-0840,Inquest finds Desmond Roberts died of brain hemorrhage in RCMP custody,CTV,https://www.ctvnews.ca/saskatoon/article/inquest-finds-desmond-roberts-died-of-brain-hemorrhage-in-rcmp-custody/
V1-0365,Officer says he punched Myles Gray in head as hard as he could to avoid having to shoot him,CBC,https://www.cbc.ca/news/canada/british-columbia/inquest-myles-gray-vancouver-police-1.6815211
V2-0829,Inquest into death of Roderick Sewap set for Oct. 20-24,CBC,https://www.cbc.ca/news/canada/saskatchewan/inquest-into-death-of-roderick-sewap-set-for-oct-20-24-1.2798237
V2-0850,Teen who died in hospital after spending night in jail cells identified,The Times Colonist,https://www.timescolonist.com/local-news/teen-who-died-in-hospital-after-spending-night-in-jail-cells-identified-4638141
V1-0174,Officer used Taser to stun addict,Hamilton Spectator,https://www.proquest.com/canadiannews/docview/757875844/6E7C8A9327A54475PQ/4?accountid=14771&sourcetype=Newspapers
V2-0925,Woman's pleas for help ignored by RCMP  nurses  say chiefs  family,Winnipeg Free Press,https://www.winnipegfreepress.com/breakingnews/2012/12/13/rcmp-accused-of-negligence-in-womans-death-in-custody
V1-0059,'CPR wouldn't have brought him back',Whitehorse Star,https://www.proquest.com/canadiannews/docview/362335402/ED150697399F4944PQ/4?accountid=14771&sourcetype=Newspapers
V1-0600,Man shot dead by Winnipeg police after chase had 'troubled' past  was in and out of jail: family,CBC,https://www.cbc.ca/news/canada/manitoba/tristain-mariash-winnipeg-police-shooting-1.7228551
V1-0421,Family members mourn Nunavut victim of police shooting,Nunatsiaq News,https://nunatsiaq.com/stories/article/65674family_members_mourn_nunavut_victim_of_police_shooting/
V1-0321,Shooting victim Alain Magloire described as a caring person,Global News,https://globalnews.ca/news/1128332/shooting-victim-alain-magloire-described-as-a-caring-person/
V2-0890,'Negligent attitude' contributed to White Rock in-custody death: IIO,Mission Record,https://www.missioncityrecord.com/news/negligent-attitude-contributed-to-white-rock-in-custody-death-iio-7358589
V1-0179,Handcuffed man swallowed bag of drugs before death: police,CBC,https://www.cbc.ca/news/canada/british-columbia/handcuffed-man-swallowed-bag-of-drugs-before-death-police-1.709303
V1-0479,No charges for officer who fatally shot man struggling with mental health: police watchdog,CTV,https://www.ctvnews.ca/winnipeg/article/no-charges-for-officer-who-fatally-shot-man-struggling-with-mental-health-police-watchdog/
V1-0558,Head of B.C. police watchdog wants all officers to wear body cameras,Surrey Now-Leader,https://www.surreynowleader.com/news/head-of-b-c-police-watchdog-wants-all-officers-to-wear-body-cameras-3000591
V1-0497,Inquest date set for man killed during St. Catharines  Ont. police-involved shooting,Global News,https://globalnews.ca/news/9483474/inquest-st-catharines-fred-penner-police-shooting/
V2-0786,Man dies in RCMP custody in Enfield,CBC,https://www.cbc.ca/news/canada/nova-scotia/man-dies-in-rcmp-custody-in-enfield-1.790617
V1-0363,Tragedy outside RCMP station,Surrey Now-Leader,https://www.surreynowleader.com/community/tragedy-outside-rcmp-station-2898810
V1-0332,Family of Jermaine Carby sues Peel police for $12M  protests at police station with Black Lives Matter,CBC,https://www.cbc.ca/news/canada/toronto/family-of-jermaine-carby-sues-peel-police-for-12m-protests-at-police-station-with-black-lives-matter-1.3782762
V1-0504,Officers say man fatally shot in Blairmore  Alta.  tried to run them over: ASIRT,Global News,https://globalnews.ca/news/9269870/blairmore-lethbridge-alberta-asirt-shooting-death/
V1-0133,Man shot by RCMP feared the police: U.S. squatter thought officers would try to deport him again  friend says,Vancouver Sun,https://global-factiva-com.myaccess.library.utoronto.ca/redir/default.aspx?P=sa&an=VNCS000020060821e28l00010&drn=drn%3aarchive.newsarticle.VNCS000020060821e28l00010&cat=a&ep=ASE
V1-0673,Inquest called into 2019 death of man in RCMP holding cell in The Pas,CBC,https://www.cbc.ca/news/canada/manitoba/inquest-called-in-custody-death-the-pas-1.6425450
V1-0055,Man ran at officer  eyewitnesses agree,The Province,https://www.proquest.com/canadiannews/docview/269356590/E91D52E487E04F21PQ/21?accountid=14771&sourcetype=Newspapers
V2-0803,Brother torn over coroner's inquest,Sarnia Observer,https://www.proquest.com/canadiannews/docview/2216308916/81D4B6C2EFAE41E7PQ/11?accountid=14771&sourcetype=Newspapers
V2-0782,Man's cell death accidental overdose,Edmonton Sun,https://www.proquest.com/canadiannews/docview/2229539173/699F96FFAEBC4BB0PQ/2?accountid=14771&sourcetype=Newspapers
V1-0555,Sister alleges 'gross negligence' behind fatal police shooting of Edmonton bystander,Toronto Star,https://www.thestar.com/news/canada/sister-alleges-gross-negligence-behind-fatal-police-shooting-of-edmonton-bystander/article_5e1d2a09-1976-5e85-804e-ff98bde1d83d.html
V1-0562,RCMP may need to review training involving Indigenous people  B.C. watchdog says,Winnipeg Sun,https://winnipegsun.com/pmn/rcmp-may-need-to-review-training-involving-indigenous-people-b-c-watchdog-says-2
V1-0132,Taser inquiry offers no recommendations,Red Deer Advocate,https://www.reddeeradvocate.com/local-news/taser-inquiry-offers-no-recommendations-7013313
V1-0395,Abdirahman Abdi depressed  unemployed before confrontation with Ottawa police: former boss,Global News,https://globalnews.ca/news/2850676/abdirahman-abdi-depressed-unemployed-before-confrontation-with-ottawa-police-former-boss/
V1-0012,Coroner orders inquest,Times-Colonist,https://www.proquest.com/canadiannews/docview/345835333/A773E5184F984802PQ/8?accountid=14771&sourcetype=Newspapers
V1-0421,Nunavut man killed by RCMP after live streaming that he wanted to 'die by police',CBC,https://www.cbc.ca/news/canada/north/hall-beach-nunavut-killed-police-live-stream-1.4095057
V1-0158,SIU clears Toronto police in 2 fatal shootings,CBC,https://www.cbc.ca/news/canada/toronto/siu-clears-toronto-police-in-2-fatal-shootings-1.718272
V1-0344,Castlegar RCMP say man shot and killed at traffic stop,CBC,https://www.cbc.ca/news/canada/british-columbia/castlegar-rcmp-say-man-shot-and-killed-at-traffic-stop-1.2937589
V1-0122,Detainee beaten  jury told; Police punched Dukic after he was restrained  witness tells inquest,Windsor Star,https://www.proquest.com/canadiannews/docview/254829601/E19CEB124E2E4B08PQ/6?accountid=14771&sourcetype=Newspapers
V1-0305,Man called newspaper before fatal shooting near Sharbot Lake,The Kingston Whig-Standard,https://www.thewhig.com/2013/07/30/man-called-newspaper-before-fatal-shooting-near-sharbot-lake
V2-0847,Manslaughter charge laid after man overdoses on fentanyl in Edmonton police custody,Global News,https://globalnews.ca/news/3238385/manslaughter-charged-laid-a-year-after-man-dies-in-edmonton-police-custody/
V1-0060,Cop should have got Kuol data: Network profile was available to 911 dispatcher,Calgary Herald,https://www.proquest.com/canadiannews/docview/245314190/3DBD81D6F72D4773PQ/32?accountid=14771
V1-0445,Quebec prosecutors clear police in 2017 death of Nunavik man,Nunatsiaq News,https://nunatsiaq.com/stories/article/quebec-prosecutors-clear-police-in-2017-death-of-nunavik-man/
V2-0844,ASIRT investigating prisoner's death in Edmonton police custody,CBC,https://www.cbc.ca/news/canada/edmonton/asirt-investigating-prisoner-s-death-in-edmonton-police-custody-1.3289753
V1-0365,Probe clears 7 VPD officers in deadly 2015 beating of Myles Gray,CBC,https://www.cbc.ca/news/canada/british-columbia/probe-clears-7-vpd-officers-in-deadly-2015-beating-of-myles-gray-1.7349666
V1-0299,Man wielding machete shot dead by Toronto Police,Toronto Sun,https://torontosun.com/2013/04/26/man-allegedly-wieldling-machete-shot-dead-by-cops
V1-0439,RCMP officers tell inquiry they feared for colleagues' safety in fatal shooting of Alberta man,CBC,https://www.cbc.ca/news/canada/edmonton/justin-potts-fatality-inquiry-1.7003050
V1-0055,Jury rules Tabesh death a homicide,Coquitlam Now,https://www.proquest.com/canadiannews/docview/358500247/E91D52E487E04F21PQ/12?accountid=14771&sourcetype=Newspapers
V1-0568,Family of man shot with beanbag gun by Vancouver police calls for inquest  changes to police tactics,CBC,https://www.cbc.ca/news/canada/british-columbia/chris-amyotte-family-seeks-inquest-1.6570375
V1-0077,Heart a factor in death of Bagnell  doctor says,The Globe and Mail,https://www.proquest.com/canadiannews/docview/383503574/33F85CB0C2724DBCPQ/30?accountid=14771&sourcetype=Newspapers
V2-0951,Inquest into jail-cell death,The Province,https://www.proquest.com/canadiannews/docview/1459117605/9D077CC38A9849F6PQ/17?accountid=14771&sourcetype=Newspapers
V1-0607,11 days and 6 Indigenous people have died after coming in contact with police across Canada,APTN News,https://www.aptnnews.ca/national-news/indigenous-deaths-rcmp-windsor-winnipeg-shooting/
V1-0051,Body-worn cameras are not a good investment: Hamilton would be better served by investment in community services,Hamilton Spectator,https://www.proquest.com/canadiannews/docview/2489980323/1D5846CBB5744680PQ/10?accountid=14771&sourcetype=Newspapers
V1-0311,Man dead after being shot by RCMP on Cold Lake First Nations,Cold Lake Sun,https://www.coldlakesun.com/2013/08/16/man-dead-after-being-shot-by-rcmp-on-cold-lake-first-nations
V1-0606,6 deaths in 11 days prompt emergency debate on fatal police shootings of First Nations people,APTN News,https://www.aptnnews.ca/national-news/6-deaths-in-11-days-prompts-emergency-debate-on-fatal-police-shootings-of-first-nations-people/
V1-0117,Taser didn't cause Edmonton man's death: fatality report,CBC,https://www.cbc.ca/news/canada/edmonton/taser-didn-t-cause-edmonton-man-s-death-fatality-report-1.761583
V1-0560,Twin brothers identified as armed bank robbers killed by police in Saanich  B.C.,CBC,https://www.cbc.ca/news/canada/british-columbia/suspects-identified-saanich-bc-1.6508827
V1-0579,Condo board members among five victims in Vaughan shooting  police say,The Toronto Sun,https://torontosun.com/news/provincial/condo-board-members-among-five-victims-in-vaughan-shooting-police-say
V1-0540,RCMP dog killed  man dead after police shooting in northern Alberta: ASIRT,Global News,https://globalnews.ca/news/7962368/alberta-high-prairie-rcmp-dog-killed-armed-suspect/
V1-0273,Police officer cleared in shooting death of Toronto woman,The Globe and Mail,https://www.theglobeandmail.com/news/toronto/police-officer-cleared-in-shooting-death-of-toronto-woman/article4085744/
V1-0465,Officers not charged in 2018 shooting death of Nicholas Gibbs,CityNews,https://montreal.citynews.ca/2021/12/15/officers-not-charged-gibbs/
V2-0860,How stereotypes led to the deaths of two Indigenous men in Thunder Bay police custody: expert,CTV,https://www.ctvnews.ca/northern-ontario/article/how-stereotypes-led-to-the-deaths-of-two-indigenous-men-in-thunder-bay-police-custody-expert/
V2-0880,Day one of inquest focuses on alcohol withdrawal as cause of death,paNOW,https://panow.com/2023/04/17/day-one-of-inquest-focuses-on-alcohol-withdrawal-as-cause-of-death/
V2-0784,Hold inquiry into Yukon jail death: lawyer,CBC,https://www.cbc.ca/news/canada/north/hold-inquiry-into-yukon-jail-death-lawyer-1.942769
V1-0404,Montebello man shot by Quebec police was armed with a knife: investigators,Ottawa Citizen,https://ottawacitizen.com/news/local-news/montebello-man-shot-by-quebec-police-was-armed-with-a-knife-investigators
V1-0109,Tait-case driver pleads guilty,The Globe and Mail,https://www.theglobeandmail.com/news/national/tait-case-driver-pleads-guilty/article708207/
V1-0268,Vigil for Charles McGillivary,Toronto.com,https://www.toronto.com/news/vigil-for-charles-mcgillivary/article_212c0d73-62d0-5463-875a-d3bc92433a62.html
V1-0550,Family wants answers after RCMP fatally shoot man on Montreal Lake Cree Nation,CBC,https://www.cbc.ca/news/canada/saskatchewan/fatal-rcmp-shooting-montreal-lake-cree-nation-1.6286793
V1-0629,B.C. coroner won't call inquest into death of woman  hit by police anti-riot rounds,Prince George Citizen,https://www.princegeorgecitizen.com/bc-news/bc-coroner-wont-call-inquest-into-death-of-woman-hit-by-police-anti-riot-rounds-10837167
V2-0889,RPC guards testify on first day of inquest into inmate's death in 2019,Saskatoon StarPhoenix,https://thestarphoenix.com/news/local-news/inquest-into-2019-death-of-benjamin-toutsaint-at-regional-psychiatric-centre-begins
V1-0059,RCMP member lacked drug knowledge  inquest hears,CBC,https://www.cbc.ca/news/canada/north/rcmp-member-lacked-drug-knowledge-inquest-hears-1.564169
V1-0249,Officer recounts shooting that killed teenager Cyrus Green,CBC,https://www.cbc.ca/news/canada/edmonton/officer-recounts-shooting-that-killed-teenager-cyrus-green-1.2567450
V1-0020,SIU investigates fatal shooting,Sudbury Star,https://www.proquest.com/canadiannews/docview/348940707/4C217B4D3DF4424APQ/2?accountid=14771&sourcetype=Newspapers
V1-0168,Booze had role in cop shooting ; Man was drunk  inquest told,Toronto Sun,https://www.proquest.com/canadiannews/docview/2223349033/29DE5D32EBEF4598PQ/240?accountid=14771&sourcetype=Newspapers
V1-0199,Vancouver police chief Jim Chu announces retirement,The Georgia Straight,https://www.straight.com/news/373896/vancouver-police-chief-jim-chu-announces-retirement
V1-0538,ASIRT report into fatal Edmonton police shooting shocks victim's family,Global News,https://globalnews.ca/news/10499404/asirt-fatal-edmonton-police-shooting-steven-nguyen/
V1-0395,2 officers under investigation in death of Ottawa man identified,CBC,https://www.cbc.ca/news/canada/ottawa/police-officer-in-abdi-death-identified-1.3695996
V1-0164,Widow of former soldier shot by police granted standing at inquest,CBC,https://www.cbc.ca/news/canada/manitoba/winnipeg-police-granted-permission-inquest-bell-1.3931136
V2-0682,Crown stays criminal negligence causing death charge against Prince Albert police officer,CBC,https://www.cbc.ca/news/canada/saskatoon/criminal-negligence-charge-stayed-prince-albert-police-1.7421850
V2-0792,N.S. set to release report on jail cell death of Victoria Paul,Global News,https://globalnews.ca/news/248541/n-s-set-to-release-report-on-jail-cell-death-of-victoria-paul/
V1-0060,Sudanese group demand inquiry into shooting death,Peterborough Examiner,https://www.proquest.com/canadiannews/docview/354769607/3DBD81D6F72D4773PQ/13?accountid=14771&sourcetype=Newspapers
V2-0916,Inmate dies at Stony Mountain Institution,CTV,https://www.ctvnews.ca/winnipeg/article/inmate-dies-at-stony-mountain-institution/
V1-0285,Man shot by police officer dies in hospital,CBC,https://www.cbc.ca/news/canada/toronto/man-shot-by-police-officer-dies-in-hospital-1.1131427
V2-0721,Judge faults RCMP in death,Winnipeg Free Press,https://www.proquest.com/canadiannews/docview/752211795/49930DEAF4864221PQ/4?accountid=14771&sourcetype=Newspapers
V1-0204,Inquest wraps up into fatal police shooting of Doug Minty,Barrie Examiner,https://www.simcoe.com/news/inquest-wraps-up-into-fatal-police-shooting-of-doug-minty/article_75def87a-659c-5a6a-856b-95ad62d160e6.html
V1-0160,Tasered Chilliwack man dies; RCMP to probe in-custody death,Edmonton Journal,https://www.proquest.com/canadiannews/docview/253508916/363168916189491FPQ/6?accountid=14771&sourcetype=Newspapers
V1-0440,Key figure on night of Brydon Whitstone's death sentenced on reduced charges,CBC,https://www.cbc.ca/news/canada/saskatoon/dalton-checkosis-brydon-whitstone-sentence-death-1.4799311
V1-0512,'No evidence to lead any reasonable person to believe' Nova Scotia mass shooter was police agent,PNI Atlantic News,https://www.saltwire.com/atlantic-canada/no-evidence-to-lead-any-reasonable-person-to-believe-nova-scotia-mass-shooter-was-police-agent-100777917
V1-0301,Toronto Police officer cleared in fatal shooting of man holding hostage,The Toronto Sun,https://torontosun.com/2013/07/23/toronto-police-officer-cleared-in-fatal-shooting-of-man-holding-hostage
V1-0012,Bizarre acts connected to heroin cut with caffeine,Times-Colonist,https://www.proquest.com/canadiannews/docview/345790741/A773E5184F984802PQ/3?accountid=14771&sourcetype=Newspapers
V1-0603,Family of Edmonton man killed by police launches lawsuit against officers  police chief,CBC,https://www.cbc.ca/news/canada/edmonton/family-of-edmonton-man-killed-by-police-launches-lawsuit-against-officers-police-chief-1.7313776
V1-0534,Details of fatal police shooting of Indigenous man on Meares Island released,The Times Colonist,https://www.timescolonist.com/local-news/details-of-fatal-police-shooting-of-indigenous-man-on-meares-island-released-7280721
V1-0549,Police board pleads for patience as fatal shooting investigation continues,St. Thomas Times-Journal,https://www.stthomastimesjournal.com/news/local-news/police-services-pleads-for-patience-as-fatal-shooting-investigation-continues
V1-0002,Inquiry clears police in death of gang leader: Officers followed proper procedure in gunfight: judge,Edmonton Journal,https://www.proquest.com/canadiannews/docview/252944553/720CC3A746AD45C3PQ/2?accountid=14771&sourcetype=Newspapers
V1-0174,SIU probes death of man hit by Taser,Hamilton Spectator,https://www.proquest.com/canadiannews/docview/270312092/6E7C8A9327A54475PQ/3?accountid=14771&sourcetype=Newspapers
V1-0199,Man killed by police was no criminal  family says,The Globe and Mail,https://www.theglobeandmail.com/news/british-columbia/man-killed-by-police-was-no-criminal-family-says/article1155858/
V1-0583,Family of murdered Quebec police sergeant pleased with coroner's investigation,The Times Colonist,https://www.timescolonist.com/national-news/family-of-murdered-quebec-police-sergeant-pleased-with-coroners-investigation-9500650
V1-0112,Shooting of Ian Bush a horrible tragedy: RCMP,The Globe and Mail,https://www.theglobeandmail.com/news/national/shooting-of-ian-bush-a-horrible-tragedy-rcmp/article1076970/
V1-0056,Willey deserved better treatment from local police,Prince George Citizen,https://www.proquest.com/canadiannews/docview/361678623/A7498A6D0CA34FBFPQ/3?accountid=14771&sourcetype=Newspapers
V1-0239,Family of man killed in police raid 'hopeless',CBC,https://www.cbc.ca/news/canada/toronto/family-of-man-killed-in-police-raid-hopeless-1.930566
V1-0060,Beating the drum for rainbow recruits: Police have done all they can,Calgary Herald,https://www.proquest.com/canadiannews/docview/245121552/3DBD81D6F72D4773PQ/9?accountid=14771&sourcetype=Newspapers
V1-0509,"Welcome development" as inquest called in police-involving fatal shooting of teen,Winnipeg Sun,https://www.proquest.com/canadiannews/docview/2497888153/29DE5D32EBEF4598PQ/53?accountid=14771&sourcetype=Blogs,%20Podcasts,%20&%20Websites
V1-0625,No fault found with Edmonton police after encounter that saw officer  suspect both die,National Post,https://nationalpost.com/news/canada/officer-suspect-died-no-fault-found-with-edmonton-police-in-lethal-encounter
V2-0786,Autopsy fails to find cause of death of man held in N.S. RCMP custody,Stoney Creek News,https://www.thespec.com/news/autopsy-fails-to-find-cause-of-death-of-man-held-in-n-s-rcmp-custody/article_bb63a7ba-4a61-568d-9e6b-f4659d0164e6.html
V1-0568,Ojibway father of 8 identified as man who died after being shot by police bean bag gun in Vancouver,CBC,https://www.cbc.ca/news/canada/british-columbia/chris-amyotte-bean-bag-gun-police-1.6560809
V2-0754,Police cleared in in-cell death,Northern News,https://www.proquest.com/canadiannews/docview/2169014278/803E7BE6A0174D57PQ/3?accountid=14771&sourcetype=Newspapers
V1-0405,Coroner's inquest underway into Saskatoon police-involved death of Alberta man,Global News,https://globalnews.ca/news/5427221/inquest-police-involved-death-joshua-megeney/
V1-0022,Bigsky widow sues,Saskatoon StarPhoenix,https://www.proquest.com/canadiannews/docview/348667361/818CF5B15F44EC0PQ/6?accountid=14771&sourcetype=Newspapers
V2-0802,Inquest called in 2010 police cell death,Saskatoon StarPhoenix,https://www.proquest.com/canadiannews/docview/1502212910/C726A0BED4C248B2PQ/120?accountid=14771&sourcetype=Newspapers
V1-0516,'I just wanted to shake him': Family of Rodney Levi reacts to officer's account of shooting,APTN News,https://www.aptnnews.ca/national-news/rodney-levi-rcmp-shooting-death-new-brunswick/
V1-0591,Friends of former child soldier fear he was killed in N.L. police shooting,CBC,https://www.cbc.ca/news/canada/newfoundland-labrador/omar-mohammed-police-shooting-1.6876442
V1-0340,B.C. man shot by police repeatedly stabbed himself before shooting: witnesses,Vancouver Sun,https://vancouversun.com/news/local-news/coroners-inquest-to-probe-fatal-police-involved-shooting-in-surrey
V1-0548,Man shot dead by London Police mourned by Sarnia francophone community,CBC,https://www.cbc.ca/news/canada/london/man-shot-dead-by-london-police-mourned-by-sarnia-francophone-community-1.6234414
V1-0608,Blood Tribe man killed in altercation with Calgary police,APTN News,https://www.aptnnews.ca/featured/blood-tribe-alberta-police-city-of-calgary-death/
V1-0459,RCMP officers in B.C.  Alberta face charges over use of force,The Globe and Mail,https://www.theglobeandmail.com/canada/alberta/article-rcmp-officers-in-bc-alberta-face-charges-over-use-of-force/
V1-0287,Emotional opening in shooting inquest ; Matthew Roke  armed with a knife  was killed by police in 2012,Ottawa Sun,https://www.proquest.com/canadiannews/docview/2227428600/29DE5D32EBEF4598PQ/194?accountid=14771&sourcetype=Newspapers
V1-0352,Coroner's inquest called into police shooting of Cody Cole in Peterborough,Peterborough Examiner,https://www.thepeterboroughexaminer.com/news/peterborough-region/coroners-inquest-called-into-police-shooting-of-cody-cole-in-peterborough/article_4d6b9f4f-9bcc-5125-8261-c9adcc08e6db.html?
V1-0190,RCMP settles with NS widow of FN man shot inside home,APTN News,https://www.aptnnews.ca/national-news/rcmp-settles-with-ns-widow-of-fn-man-shot-inside-home/
V1-0497,'We gather here today with a lot of angst': Funeral for Niagara man shot by police,St. Catharines Standard,https://www.stcatharinesstandard.ca/news/niagara-region/2020/01/10/we-gather-here-today-with-a-lot-of-angst-funeral-for-niagara-man-shot-by-police.html
V1-0175,Police ID man who died after scuffle with transit guards,CBC,https://www.cbc.ca/news/canada/british-columbia/police-id-man-who-died-after-scuffle-with-transit-guards-1.741267
V2-0875,Inquest called into death of woman in Thompson jail cell,CBC,https://www.cbc.ca/news/canada/manitoba/celine-samuel-thompson-rcmp-inquest-1.6204657
V1-0504,'Beyond shocked': Questions unanswered for family of man shot dead by police in Blairmore,CTV,https://www.ctvnews.ca/calgary/article/beyond-shocked-questions-unanswered-for-family-of-man-shot-dead-by-police-in-blairmore/
V1-0036,Criminal was no 'victim',Ottawa Citizen,https://www.proquest.com/canadiannews/docview/240543653/CD3DF8020430499DPQ/15?accountid=14771&sourcetype=Newspapers
V1-0488,Inquest judge recommends creation of specialized police-paramedic unit response in mental-health  addictions crises,Winnipeg Free Press,https://www.winnipegfreepress.com/breakingnews/2024/10/25/inquest-judge-recommends-creation-of-specialized-police-paramedic-unit-response-in-mental-health-addictions-crises
V2-0890,Woman  58  dies in RCMP cell Tuesday,Surrey Now-Leader,https://www.proquest.com/canadiannews/docview/1777463148/C726A0BED4C248B2PQ/165?accountid=14771&sourcetype=Newspapers
V2-0933,Her son died in Hamilton's jail days ago. Now she protests outside,CBC,https://www.cbc.ca/news/canada/hamilton/her-son-died-in-hamilton-s-jail-days-ago-now-she-protests-outside-1.5069489
V1-0292,'I am a time bomb': Greg Matters said his end was near a year before he was shot dead by RCMP,National Post,https://nationalpost.com/news/canada/greg-matters-said-his-end-was-near-a-year-before-he-was-shot-dead-by-rcmp
V1-0548,London police face $3.9M lawsuit in fatal shooting of tennis pro,London Free Press,https://lfpress.com/news/local-news/london-police-face-3-9m-lawsuit-in-fatal-shooting-of-sarnia-tennis-pro
V1-0676,Edmonton family settles over fatal cop chase,CBC,https://www.cbc.ca/news/canada/edmonton/edmonton-family-settles-over-fatal-cop-chase-1.763827
V1-0526,Police shootings in 2020: The effect on officers and those they are sworn to protect,CBC,https://www.cbc.ca/news/canada/manitoba/police-shootings-2020-yer-review-1.5849788
V1-0332,Family IDs man killed during police traffic stop,CTV,https://www.ctvnews.ca/toronto/article/family-ids-man-killed-during-police-traffic-stop/
V1-0161,Brief exchange sparked fatal police shooting; Trevor Graham was killed during botched robbery,Guelph Mercury-Tribune,https://www.proquest.com/canadiannews/docview/356188147/5CEC8F4D711947FBPQ/1?accountid=14771&sourcetype=Newspapers
V1-0605,SIU clears Windsor police of wrongdoing in shooting death of a man at the Beer Store,CBC,https://www.cbc.ca/news/canada/windsor/windsor-police-jason-west-siu-1.7617476
V1-0045,Roha fatality inquiry put on hold,Calgary Herald,https://www.proquest.com/canadiannews/docview/245101691/6D52E64269994291PQ/2?accountid=14771&sourcetype=Newspapers
V1-0445,Police shooting in Umiujaq  Nunavik leaves man dead,APTN News,https://www.aptnnews.ca/national-news/police-shooting-umiujaq-nunavik-leaves-man-dead/
V1-0649,RCMP need training to combat Inuit intoxication assumptions following death of Paul Kayuryuk: Inquest,Toronto Sun,https://torontosun.com/2017/08/02/rcmp-need-training-to-combat-inuit-intoxication-assumptions-following-death-of-paul-kayuryuk-inquest
V2-0855,Inquest finds Roberts' death while in custody to be accidental,BayToday,https://www.baytoday.ca/local-news/inquest-finds-roberts-death-while-in-custody-to-be-accidental-1138266
V2-0925,MKO member dies in police custody,APTN News,https://www.aptnnews.ca/national-news/mko-member-dies-in-police-custody/
V1-0604,Teen handed over weapons and ran away before fatal police shooting in Wetaskiwin: ASIRT,Global News,https://globalnews.ca/news/10735002/wetaskiwin-rcmp-hoss-lighting-death-asirt-update/
V2-0691,Tuktoyaktuk  N.W.T.  woman died of alcohol poisoning  inquest jury finds,CBC,https://www.cbc.ca/news/canada/north/sylvia-panaktalok-inquest-jury-rules-accidental-1.7342420
V1-0126,Police killed unarmed teen  family says,CBC,https://www.cbc.ca/news/canada/toronto/police-killed-unarmed-teen-family-says-1.486166
V2-0773,Autopsy conducted on Port Hardy man who died following night in custody,Times-Colonist,https://www.proquest.com/canadiannews/docview/348231449/9CC697FA2CCD4401PQ/3?accountid=14771&sourcetype=Newspapers
V2-0682,Indigenous leaders call for release of report investigating Saskatchewan police force,APTN News,https://www.aptnnews.ca/national-news/indigenous-leaders-call-for-release-of-report-investigating-saskatchewan-police-force/
V1-0103,Man killed by police had been charged with theft  court records show,Kamloops Daily News,https://www.proquest.com/canadiannews/docview/358415934/F801407D58FF4447PQ/2?accountid=14771&sourcetype=Newspapers
V2-0848,Nunavut's coroner holds inquest into death of man in RCMP cells in Cape Dorset,CBC,https://www.cbc.ca/news/canada/north/adla-pudlat-nunavut-coroner-inquest-1.5336126
V1-0201,Alberta man died of excited delirium  cocaine: fatality inquiry,Global News,https://globalnews.ca/news/1605082/alberta-man-died-of-excited-delirium-cocaine-fatality-inquiry/
V2-0949,Woman dies in Manitoba RCMP cell  police watchdog investigating,CBC,https://www.cbc.ca/news/canada/manitoba/iiu-investigates-woman-dies-rmcp-arrest-1.6790419
V1-0416,Man shot by RCMP on Stoney Nakoda reserve dies,CBC,https://www.cbc.ca/news/canada/calgary/stoney-nakoda-morley-rcmp-shooting-died-1.3926701
V1-0348,Failed camera rollout 'unreal'; Force not sincere: brother of man killed by police,Calgary Herald,https://www.proquest.com/canadiannews/docview/1830608925/DFE21E03147740E4PQ/142?accountid=14771
V2-0895,A Hamilton dad died in Barton jail. What happened?,Stoney Creek News,https://www.thespec.com/news/hamilton-region/a-hamilton-dad-died-in-barton-jail-what-happened/article_98378aff-9b98-5076-bdae-24151446b88d.html
V1-0371,Fatal police shooting of Steven Campbell justified  but ramming his vehicle was not  judge rules,SaskToday,https://www.sasktoday.ca/north/local-news/fatal-police-shooting-of-steven-campbell-justified-but-ramming-his-vehicle-was-not-judge-rules-4293708
V1-0585,RCMP cleared in death of Red Deer man shot amid mental health crisis,Red Deer Advocate,https://www.reddeeradvocate.com/local-news/rcmp-cleared-in-death-of-red-deer-man-shot-amid-mental-health-crisis-7821362
V1-0351,Family of man killed by police want closure,Waterloo Region Record,https://www.proquest.com/canadiannews/docview/2020460370/DFE21E03147740E4PQ/54?accountid=14771&sourcetype=Newspapers
V2-0896,Immigration detainee holding centre needed  B.C. coroner's jury says after inquest,The Globe and Mail,https://www.theglobeandmail.com/news/british-columbia/immigration-detainee-holding-centre-needed-bc-coroners-jury-says-after-inquest/article20982983/
V2-0858,Nunavik family still has questions and frustrations  three years after man's death,Nunatsiaq News,https://nunatsiaq.com/stories/article/nunavik-family-still-has-questions-and-frustrations-three-years-after-mans-death/
V1-0157,VIDEO OF RCMP TASERING GOES VIRAL,The Globe and Mail,https://www.proquest.com/canadiannews/docview/2314478612/2FC2EEF5875F4716PQ/1?accountid=14771&sourcetype=Newspapers
V1-0490,Coroner's inquest begins for Maple Ridge man fatally shot by police,The Agassiz-Harrison Observer,https://www.agassizharrisonobserver.com/news/coroners-inquest-begins-for-maple-ridge-man-fatally-shot-by-police-2002619
V1-0633,Carla Abogado death: family files $2M lawsuit against police,CBC,https://www.cbc.ca/news/canada/toronto/carla-abogado-death-family-files-2m-lawsuit-against-police-1.2766550
V1-0056,Ban on Taser guns urged,The Province,https://www.proquest.com/canadiannews/docview/269402810/A7498A6D0CA34FBFPQ/9?accountid=14771&sourcetype=Newspapers
V1-0594,Winnipeg officer's use of force in fatal shooting justified: police watchdog,CBC,https://www.cbc.ca/news/canada/manitoba/winnipeg-police-watchdog-investigation-fatal-shooting-1.7500300
V1-0613,'I don't even know how I'm going to live with this' says wife of man killed by Hamilton police,CBC,https://www.cbc.ca/news/canada/hamilton/erixon-kabera-death-1.7380853
V1-0028,Native man who fought with Regina police dies,Saskatoon StarPhoenix,https://www.proquest.com/canadiannews/docview/348574263/62FB8D79DFF6422CPQ/13?accountid=14771&sourcetype=Newspapers
V1-0138,RCMP inquest response displeases victim's family,The Globe and Mail,https://www.theglobeandmail.com/news/national/rcmp-inquest-response-displeases-victims-family/article4276000/
V2-0682,FSIN wants police to stop lodging people intoxicated by drugs or alcohol,paNOW,https://panow.com/2023/07/19/fsin-wants-police-to-stop-lodging-people-intoxicated-by-drugs-or-alcohol/
V1-0035,Family mourns father of two killed by Toronto cops,Cambridge Reporter,https://www.proquest.com/canadiannews/docview/355645372/D33A36884B3499EPQ/6?accountid=14771&sourcetype=Newspapers
V2-0690,Charges to be considered against Prince George RCMP officer for 2020 death of man in custody,Global News,https://globalnews.ca/news/8716743/prince-george-rcmp-iio-charges-patrick/
V1-0479,'JUSTICE FOR MACHUAR': Local South Sudanese community rally at police headquarters,Winnipeg Sun,https://winnipegsun.com/news/news-news/justice-for-machuar-local-south-sudanese-community-rally-at-police-headquarters
V1-0509,Easter Sunday vigil held for 16-year-old girl killed in officer-involved shooting,Winnipeg Sun,https://winnipegsun.com/news/local-news/easter-sunday-vigil-to-be-held-for-16-year-old-girl
V1-0013,Policing the Policing of Psychiatric Patients,The Georgia Straight,https://www.straight.com/article/policing-the-policing-of-psychiatric-patients
V2-0815,Bowden Institution inmate dies in custody,Red Deer Advocate,https://www.reddeeradvocate.com/home/bowden-institution-inmate-dies-in-custody-8165993
V1-0041,No injury found on man who died in custody,Edmonton Journal,https://www.proquest.com/canadiannews/docview/252987641/E96D0414E3DB43B6PQ/1?accountid=14771
V1-0612,Investigators arrive in Salluit  Que.  after fatal police shooting,CBC,https://www.cbc.ca/news/canada/north/investigators-arrive-salluit-fatal-police-shooting-1.7377237
V2-0683,Serious medical condition killed man injured in PAPS cell: pathologist,paNOW,https://panow.com/2023/11/02/serious-medical-condition-killed-man-injured-in-paps-cell-pathologist/
V1-0568,Family of man shot by beanbag gun sue Vancouver police over death,CBC,https://www.cbc.ca/news/canada/british-columbia/amyotte-death-lawsuit-vancouver-police-1.7290212
V1-0365,Myles Gray was likely suffering manic episode when police beat him  sister tells B.C. inquest,Terrace Standard,https://www.terracestandard.com/news/myles-gray-was-likely-suffering-manic-episode-when-police-beat-him-sister-tells-b-c-inquest-6074548
V2-0745,Fort St. John man dies in police custody,CBC,https://www.cbc.ca/news/canada/british-columbia/fort-st-john-man-dies-in-police-custody-1.684744
V1-0157,Disruptive air traveller dies after taser jolts in Vancouver,The Globe and Mail,https://www.theglobeandmail.com/news/national/disruptive-air-traveller-dies-after-taser-jolts-in-vancouver/article695621/
V1-0089,RCMP's sour relationship contributed to shooting: chief,CBC,https://www.cbc.ca/news/canada/manitoba/rcmp-s-sour-relationship-contributed-to-shooting-chief-1.540597
V2-0901,Dauphin Correctional Centre inmate death under investigation,CBC,https://www.cbc.ca/news/canada/manitoba/dauphin-correctional-centre-death-investigation-1.3694147
V1-0314,Fatality inquiry finds man Tasered by Edmonton police died of excited delirium linked to meth use,Edmonton Journal,https://edmontonjournal.com/news/crime/fatality-inquiry-finds-man-tasered-by-edmonton-police-died-of-excited-delirium-linked-to-meth-use
V1-0509,Eishia Hudson inquest to examine systemic racism,Winnipeg Free Press,https://www.winnipegfreepress.com/breakingnews/2024/06/01/eishia-hudson-inquest-to-examine-systemic-racism-judge
V2-0866,Coroner's inquest scheduled into woman's 2018 overdose death in Surrey RCMP custody,Vancouver Sun,https://www.proquest.com/canadiannews/docview/2829107273/20E706C8CC3A457EPQ/2?accountid=14771&sourcetype=Blogs,%20Podcasts,%20&%20Websites
V1-0142,SIU identifies man shot by police,North York Mirror,https://www.proquest.com/canadiannews/docview/362163294/C6D15E326E934070PQ/5?accountid=14771&sourcetype=Newspapers
V1-0424,Nunavik community shocked  heartbroken over weekend stabbings,Nunatsiaq News,https://nunatsiaq.com/stories/article/65674nunavik_community_shocked_heartbroken_over_weekend_stabbings/
V2-0861,Family of Deanna Whitecap calls for review of File Hills police after coroner's inquest,CBC,https://www.cbc.ca/news/canada/saskatchewan/deanna-whitecap-coroners-inquest-demand-police-review-1.5341770
V1-0399,Family of indigenous southern Ontario woman who died in police custody speaks out,Global News,https://globalnews.ca/news/3599963/debra-chrisjohn-family-speaks-out/
V1-0180,Fatal 2008 shooting happened moments after police arrived  inquest told,Winnipeg Free Press,https://www.winnipegfreepress.com/breakingnews/2016/11/23/fatal-2008-shooting-happened-moments-after-police-arrived-inquest-told
V2-0699,Inquest calls for more help for alcohol abusers,CBC,https://www.cbc.ca/news/canada/north/inquest-calls-for-more-help-for-alcohol-abusers-1.388589
V1-0581,Deputy Chief calls on family  community to improve reporting in wake of teen with gun,paNOW,https://panow.com/2025/05/13/deputy-chief-calls-on-family-community-to-improve-reporting-in-wake-of-teen-with-gun/
V1-0560,Western Canada: Portrait emerges of brothers killed in Saanich bank robbery,The Globe and Mail,https://www.theglobeandmail.com/canada/british-columbia/article-western-canada-portrait-emerges-of-brothers-killed-in-saanich-bank/
V1-0162,Police gun down man in park,Prince George Citizen,https://www.proquest.com/canadiannews/docview/361886072/D3F6C0D060374446PQ/22?accountid=14771
V1-0218,Driver shot by RCMP dies after surgery,CBC,https://www.cbc.ca/news/canada/british-columbia/driver-shot-by-rcmp-dies-after-surgery-1.867418
V1-0188,Who was Gino Petralia?,Brock Citizen,https://www.durhamregion.com/news/who-was-gino-petralia/article_8c8e90bc-6e72-5820-a50a-4052bf0c177e.html
V1-0001,'What the hell are we doing here?' Inside Canada's shockingly violent hospitals,National Post,https://nationalpost.com/feature/canadas-violent-hospitals
V1-0318,"What did he do?" Family of man shot dead by Durham cop eager to speak,The Hamilton Spectator,https://www.thespec.com/news/ontario/what-did-he-do-family-of-man-shot-dead-by-durham-cop-eager-to-speak/article_5ce0960c-a37e-58f8-a9ad-d1d6b15e001e.html
V1-0383,Mother speaks out after 21-year-old fatally shot by police,CTV,https://www.ctvnews.ca/toronto/article/mother-speaks-out-after-21-year-old-fatally-shot-by-police/
V1-0572,Suspected cop killer also shot former boss and colleagues  witness says,The Globe and Mail,https://www.theglobeandmail.com/canada/article-suspected-cop-killer-also-shot-former-boss-and-colleagues-witness-says/
V1-0327,Dead gunman in Alberta police shootout a religious zealot,Toronto Sun,https://torontosun.com/2014/05/11/dead-gunman-in-alberta-police-shootout-a-religious-zealot
V1-0199,Police clear officer in shooting of homeless man,CBC,https://www.cbc.ca/news/canada/british-columbia/police-clear-officer-in-shooting-of-homeless-man-1.833040
V2-0921,Major crime unit investigating inmate's death at provincial jail in Shediac,CBC,https://www.cbc.ca/news/canada/new-brunswick/rcmp-investigating-inmate-death-1.5556065
V1-0383,Friend of Sammy Yatim dies in police shooting,The Globe and Mail,https://www.theglobeandmail.com/news/toronto/siu-investigating-shooting-involving-toronto-police-officers/article29205221/
V1-0541,Coroner's inquest into Sask. RCMP shooting of Ray Bitternose to be held in September,CBC,https://www.cbc.ca/news/canada/saskatchewan/coroner-inquest-bitternose-saskatchewan-indigenous-1.6940777
V1-0557,Lloydminster RCMP officer investigated after man injured during arrest,CBC,https://www.cbc.ca/news/canada/saskatoon/lloydminster-rcmp-investigated-man-injured-1.3587823
V1-0553,No charges warranted against officer who fatally shot man in Markham  police watchdog says,CBC,https://www.cbc.ca/news/canada/toronto/siu-no-charges-york-region-police-shooting-death-1.6711358
V2-0945,OPP officer apologizes for failing to respond to 911 call,CBC,https://www.cbc.ca/news/canada/ottawa/inquest-coroner-911-emergency-death-casselman-1.4874813
V2-0692,SIU investigating second death in Timmins,CBC,https://www.cbc.ca/news/canada/sudbury/siu-investigates-death-timmins-1.4520772
V1-0345,Taser-armed police should carry automated defibrillators: Inquest,Chilliwack Progress,https://www.theprogress.com/news/taser-armed-police-should-carry-automated-defibrillators-inquest-1860227
V1-0490,More than a year after his death  family of B.C. man shot dead by RCMP waits for answers,CBC,https://www.cbc.ca/news/canada/british-columbia/more-than-a-year-after-his-death-family-of-b-c-man-shot-dead-by-rcmp-waits-for-answers-1.5704638
V1-0373,Man shot by Edmonton officer was carrying rifle  police say,CBC,https://www.cbc.ca/news/canada/edmonton/edmonton-police-shooting-december-27-1.3381314
V2-0909,Coroner calls inquest into 3 deaths that happened in London police custody,CBC,https://www.cbc.ca/news/canada/london/coroner-calls-inquest-into-3-deaths-that-happened-in-london-police-custody-1.7359760
V1-0459,Two Alberta Mounties criminally charged for first time ever after 2018 death of man sleeping in car,National Post,https://nationalpost.com/news/national/newsalert-2-alberta-mounties-charged-in-connection-to-2018-shooting-death
V1-0491,Sask. Crown prosecutors to review fatal RCMP shooting of Lucien Silverquill,CBC,https://www.cbc.ca/news/canada/saskatoon/lucien-silverquill-rcmp-shooting-fishing-lake-saskatchewan-1.5639807
V1-0270,Suspect who came at Calgary police officer with a screwdriver shot four times,The Globe and Mail,https://www.theglobeandmail.com/news/national/suspect-who-came-at-calgary-police-officer-with-a-screwdriver-shot-four-times/article4192863/
V1-0019,'I'm sorry  but I want you to shoot me!',Edmonton Journal,https://www.proquest.com/canadiannews/docview/252844120/CD307489238948F6PQ/27?accountid=14771&sourcetype=Newspapers
V1-0111,Province won't act on Taser recommendations,East Gwillimbury Express,https://www.yorkregion.com/news/province-wont-act-on-taser-recommendations/article_08f43407-2fd7-500c-bf3d-35bda58f8c0f.html
V1-0417,Gatineau police say 911 protocol not followed in Gauvreau homicide,CBC,https://www.cbc.ca/news/canada/ottawa/30-minute-gatineau-gauvreau-1.3950285
V1-0278,Christie Blatchford: Officer who shot and killed mentally ill man was reasonably in fear for his life and out of options,National Post,https://nationalpost.com/opinion/toronto-officer-who-shot-and-killed-mentally-ill-man-was-reasonably-in-fear-for-his-life-and-out-of-options
V1-0389,'Why did my mom and brother have to die?' 2 years  no answers in police-involved shooting,CBC,https://www.cbc.ca/news/canada/british-columbia/shirley-jovan-williams-granisle-shooting-rcmp-1.4625372
V1-0484,Inquest into the police shooting of Geoff Morris scheduled to begin in August,CBC,https://www.cbc.ca/news/canada/saskatchewan/regina-inquest-geoffrey-morris-1.6123949
V1-0540,Details released on fatal hunt for suspect in Alberta where police dog also died,The Globe and Mail,https://www.theglobeandmail.com/canada/article-details-released-on-fatal-hunt-for-suspect-in-alberta-where-police-dog/
V2-0683,Inquest into death of Jordan Norfield in Prince Albert rescheduled for next week,Saskatoon StarPhoenix,https://thestarphoenix.com/news/local-news/inquest-into-death-of-jordan-norfield-in-prince-albert-rescheduled-for-next-week
V2-0759,Man shot after threatening RCMP with table leg,The Globe and Mail,https://www.theglobeandmail.com/news/national/man-shot-after-threatening-rcmp-with-table-leg/article1352501/
V1-0206,SIU probing police chase  crash,Brockville Recorder and Times,https://www.proquest.com/canadiannews/docview/2202931727/D3FF60126CD84858PQ/3?accountid=14771&sourcetype=Newspapers
V1-0164,Inquest offers no recommendations in fatal 2007 police shooting of Canadian Forces vet,CBC,https://www.cbc.ca/news/canada/manitoba/inquest-roy-thomas-bell-police-shooting-winnipeg-1.4777755
V1-0018,Knife claim challenged; Allegation of planted evidence a 'figment ' inquest told,Windsor Star,https://www.proquest.com/canadiannews/docview/254409692/9228828E3B2A487BPQ/20?accountid=14771&sourcetype=Newspapers
V1-0284,Police feared for safety of family inside the night they shot Felix Taqqaugaq in his home,CBC,https://www.cbc.ca/news/canada/north/felix-taqqaugaq-inquest-day-2-1.3834596
V2-0763,Could paranoid rage be the real killer?,The Globe and Mail,https://www.proquest.com/canadiannews/docview/383398165/DAB282DB47754EEEPQ/2?accountid=14771&sourcetype=Newspapers
V1-0421,Coroner's inquest begins Monday into RCMP killing of Sanirajak man in 2017,CBC,https://www.cbc.ca/news/canada/north/coroner-s-inquest-jeremy-nuvviaq-livestream-rcmp-shooting-1.6364867
V1-0415,Police fatally shoot man near Old Brewery Mission,Montreal Gazette,https://www.montrealgazette.com/news/article156561.html
V2-0753,Police blameless in cocaine overdose death,Winnipeg Free Press,https://www.proquest.com/canadiannews/docview/755681637/4737430CE2FA4519PQ/1?accountid=14771&sourcetype=Newspapers
V1-0326,York police officer testifies about shooting Aurora's John Ross,East Gwillimbury Express,https://www.yorkregion.com/news/york-police-officer-testifies-about-shooting-auroras-john-ross/article_769bf6a7-219e-5de2-afaf-19aa80fa4e83.html
V1-0344,Inquest into 2015 RCMP shooting death of B.C. man announced,North Shore News,https://www.nsnews.com/bc-news/inquest-into-2015-rcmp-shooting-death-of-bc-man-announced-7248097
V1-0574,Two police officers killed during shooting at Ontario home identified,National Post,https://nationalpost.com/news/canada/second-police-officer-dead-after-shooting-at-home-in-innisfil-ont
V1-0297,Squamish chief says family in mourning after son shot by Mounties in Burnaby,Vancouver Sun,https://vancouversun.com/news/metro/squamish-chief-says-family-in-mourning-after-son-shot-by-burnaby-rcmp
V1-0500,Fraser Valley homeless advocate Barry Shantz dead after police shooting,Vancouver Sun,https://vancouversun.com/news/local-news/fraser-valley-homeless-advocate-barry-shantz-dead-after-police-shooting
V1-0531,Man dies after being shot by police on Vancouver's Downtown Eastside,Global News,https://globalnews.ca/news/7556569/man-dies-vancouver-police-shooting-downtown-eastside/
V2-0792,Truro police failed Victoria Paul  report finds,CBC,https://www.cbc.ca/news/canada/nova-scotia/truro-police-failed-victoria-paul-report-finds-1.1211971
V1-0465,Vigil held for NDG man killed by police,Global News,https://globalnews.ca/news/4629181/vigil-nicholas-gibbs/
V1-0029,SIU clears officer in fatal shooting: Fred Kirkey died by his own gun,Ottawa Citizen,https://www.proquest.com/canadiannews/docview/240487925/195049D257CD443EPQ/1?accountid=14771&sourcetype=Newspapers
V1-0386,Montreal police officer charged with manslaughter after man is hit by bullet  falls out window,Global News,https://globalnews.ca/news/3475690/montreal-police-officer-charged-with-manslaughter-in-2016-death/
V1-0381,Ottawa man 'defiant' in deadly standoff with Toronto police,The Ottawa Citizen,https://ottawacitizen.com/news/local-news/ottawa-man-defiant-in-deadly-standoff-with-toronto-police
V1-0423,SIU finds Ottawa Police officer justified in fatal shooting of murder suspect,CTV,https://www.ctvnews.ca/ottawa/article/siu-finds-ottawa-police-officer-justified-in-fatal-shooting-of-murder-suspect/
V2-0800,Inquest underway into death of man in police custody,Global News,https://globalnews.ca/news/1020984/inquest-underway-into-death-of-saskatchewan-man-in-police-custody/
V2-0937,Gwich'in Tribal Council launches wrongful-death lawsuit for Eddie Snowshoe,Hay River Hub,https://www.nnsl.com/inuvikdrum/gwichin-tribal-council-joining-wrongful-death-lawsuit-for-eddie-snowshoe-7268126
V1-0461,Officer who shot Riley Fairholm says he feared for the safety of his colleagues,Sherbrooke Record,https://www.sherbrookerecord.com/officer-who-shot-riley-fairholm-says-he-feared-for-the-safety-of-his-colleagues/
V1-0074,Coroner finds man didn't die from taser,The Globe and Mail,https://www.proquest.com/canadiannews/docview/383690982/1D75ECF888524B4EPQ/7?accountid=14771&sourcetype=Newspapers
V1-0200,Officer shooting of suspect on Hwy. 417 not a criminal offence  SIU finds,CBC,https://www.cbc.ca/news/canada/ottawa/officer-shooting-of-suspect-on-hwy-417-not-a-criminal-offence-siu-finds-1.856128
V1-0301,Police cleared in fatal shooting of man at Scarborough apartment building,Toronto.com,https://www.toronto.com/news/police-cleared-in-fatal-shooting-of-man-at-scarborough-apartment-building/article_44ef0870-03c2-5bb7-9439-6fb1a508f2f2.html
V1-0074,Inquest called in Taser death case,Sault Star,https://www.proquest.com/canadiannews/docview/348706470/1D75ECF888524B4EPQ/2?accountid=14771&sourcetype=Newspapers
V1-0036,Cop shooting drives home need for tougher laws on parole: OPP,Cornwall Standard-Freeholder,https://www.proquest.com/canadiannews/docview/353756660/CD3DF8020430499DPQ/20?accountid=14771&sourcetype=Newspapers
V1-0269,SIU clears York Region officers in fatal shooting,Toronto Star,https://www.thestar.com/news/gta/siu-clears-york-region-officers-in-fatal-shooting/article_3f7c2690-dfa0-5f5d-9c62-9a9fddb77513.html
V1-0017,Man standing when struck from behind  witness says,Vancouver Sun,https://www.proquest.com/canadiannews/docview/242323314/C61D48D8FDCB41EEPQ/10?accountid=14771&sourcetype=Newspapers
V1-0300,Hamilton police officers cleared in killing man holding shovel like baseball bat,The Globe and Mail,https://www.theglobeandmail.com/news/national/hamilton-police-officers-cleared-in-killing-man-holding-shovel-like-baseball-bat/article14664419/
V1-0083,Police use Taser on violent patient at Hotel Dieu,Kingston Whig-Standard,https://www.proquest.com/canadiannews/docview/352703460/8918D4395BD64E1APQ/21?accountid=14771&sourcetype=Newspapers
V1-0059,'Massive cocaine overdose' blamed for death,Whitehorse Star,https://www.proquest.com/canadiannews/docview/362264533/ED150697399F4944PQ/1?accountid=14771&sourcetype=Newspapers
V1-0153,Witnesses testify on first day of inquest; Man who died after being arrested seen screaming  breaking windows on 100th Street,Alaska Highway News,https://www.proquest.com/canadiannews/docview/356329753/B2542A6CD204482APQ/21?accountid=14771&sourcetype=Newspapers
V1-0346,Jacobus Jonker's death after RCMP pepper spraying under investigation,CBC,https://www.cbc.ca/news/canada/british-columbia/jacobus-jonker-s-death-after-rcmp-pepper-spraying-under-investigation-1.2969674
V1-0045,Months needed to review death in custody,Calgary Herald,https://www.proquest.com/canadiannews/docview/244989068/6D52E64269994291PQ/4?accountid=14771&sourcetype=Newspapers
V1-0092,Officer cleared in shooting of youth,Winnipeg Free Press,https://www.winnipegfreepress.com/historic/2007/05/04/officer-cleared-in-shooting-of-youth
V2-0690,'They don't really tell us anything': Family has questions after 3rd Indigenous man dies in RCMP care,APTN News,https://www.aptnnews.ca/national-news/they-dont-really-tell-us-anything-family-has-questions-after-3rd-indigenous-man-dies-in-rcmp-care/
V1-0127,911 tape shows man's state of mind before he died in police custody,CBC,https://www.cbc.ca/news/canada/british-columbia/911-tape-shows-man-s-state-of-mind-before-he-died-in-police-custody-1.682132
V1-0654,Halifax mother disheartened after acquittals in son's death,CBC,https://www.cbc.ca/news/canada/nova-scotia/halifax-mother-acquittal-police-custody-death-1.6476705
V2-0687,SIRT clears Amherst Police of wrongdoing in death of 71-year-old,CBC,https://www.cbc.ca/news/canada/nova-scotia/amherst-police-sirt-report-man-died-in-custody-1.5302975
V1-0251,RCMP cars should have dashboard cameras  inquest jury says,The Globe and Mail,https://www.theglobeandmail.com/news/british-columbia/testimony-wraps-up-in-fatal-police-shooting-inquest/article12835101/
V1-0223,Police shoot driver dead after chase,Toronto Star,https://www.thestar.com/news/crime/police-shoot-driver-dead-after-chase/article_f0be7e91-2264-5c3a-9498-76bf7b08d443.html
V1-0107,Digby man dies in police custody after altercation,The Globe and Mail,https://www.theglobeandmail.com/news/national/digby-man-dies-in-police-custody-after-altercation/article1121621/
V1-0239,Inquest called into 2010 police shooting of Eric Osawe,CBC,https://www.cbc.ca/news/canada/toronto/inquest-called-into-2010-police-shooting-of-eric-osawe-1.3323136
V1-0014,Probe ordered after man dies in struggle with police,Ottawa Citizen,https://www.proquest.com/canadiannews/docview/240428719/A076701773BB4F3APQ/5?accountid=14771&sourcetype=Newspapers
V1-0092,The stain remains,Winnipeg Free Press,https://www.winnipegfreepress.com/historic/2008/06/21/the-stain-remains
V1-0123,Trying to reconcile a man's life and death,The Globe and Mail,https://www.theglobeandmail.com/news/national/trying-to-reconcile-a-mans-life-and-death/article708021/
V1-0381,Toronto officers won't be charged in 2016 shooting death of mentally ill Ottawa man,The Ottawa Citizen,https://ottawacitizen.com/news/local-news/toronto-officers-wont-be-charged-in-2016-shooting-death-of-ottawa-man
V1-0495,Nine months later  this Mississauga man's family is still 'in the dark' over why he died after being Tasered by Peel police,Toronto Star,https://www.thestar.com/news/gta/nine-months-later-this-mississauga-man-s-family-is-still-in-the-dark-over-why/article_865150f2-8f44-55a6-bcbd-8beb11d544ca.html
V1-0018,ROBERT SCOTT CARPENTER: 'They were using the paddles and I was losing my mind'; Shooting kills dream life,Windsor Star,https://www.proquest.com/canadiannews/docview/254399414/9228828E3B2A487BPQ/2?accountid=14771&sourcetype=Newspapers
V1-0409,Man shot by police had lengthy criminal record; family says 'he didn't deserve this',Calgary Herald,https://calgaryherald.com/news/local-news/man-dead-after-police-involved-shooting-identified-as-terrence-weinmeyer
V1-0633,Speeding cop who struck and killed 18-year-old pedestrian handed 8 month sentence,CBC,https://www.cbc.ca/news/canada/toronto/speeding-police-officer-remo-romano-sentence-1.4821838
V1-0673,Son seeks closure after Manitoba police watchdog announces no charges in death of father,CBC,https://www.cbc.ca/news/canada/manitoba/custody-death-iiu-charges-1.6362048
V1-0265,Inquest into death of machete-carrying man begins on Monday,Global News,https://globalnews.ca/news/271197/inquest-into-death-of-machete-carrying-man-begins-on-monday/
V2-0874,Solidarity walk held in in Lac La Biche honour of Frank Whitford,Lakeland Today,https://www.lakelandtoday.ca/lac-la-biche-news/solidarity-walk-held-in-in-lac-la-biche-honour-of-frank-whitford-10516357
V1-0576,Inquest jury concludes man shot dead by Saskatoon officers wanted to be killed by police,CBC,https://www.cbc.ca/news/canada/saskatoon/ronnie-herman-inquest-suicide-1.7592558
V1-0263,Cop hit by friendly fire,Edmonton Sun,https://www.proquest.com/canadiannews/docview/2227701561/6E8CD0BBCFCB44E6PQ/17?accountid=14771&sourcetype=Newspapers
V1-0516,RCMP kill New Brunswick Indigenous man in shooting  First Nations chief says,National Post,https://nationalpost.com/news/canada/new-brunswick-indigenous-man-is-victim-of-rcmp-involved-fatal-shooting-chief
V2-0737,Prescription problems; Fatality inquiry hears of Colleen Akazay's medication woes,Daily Herald-Tribune,https://www.proquest.com/canadiannews/docview/2182403243/142730199F3D4CBAPQ/2?accountid=14771
V1-0535,Saskatchewan Mountie who shot his lover found guilty of manslaughter,Global News,https://globalnews.ca/news/10250306/saskatchewan-mountie-who-shot-lover-found-guilty-of-manslaughter/
V1-0031,Police hog-tied man prior to death,Saskatoon StarPhoenix,https://www.proquest.com/canadiannews/docview/348838128/F7745594E26240ABPQ/12?accountid=14771&sourcetype=Newspapers
V1-0031,Use of pepper spray in Regina death probed,The Globe and Mail,https://www.theglobeandmail.com/news/national/use-of-pepper-spray-in-regina-death-probed/article18418024/
V1-0270,Police urged to create foot chase policy after fatal shooting,Calgary Herald,https://calgaryherald.com/news/local-news/police-urged-to-create-foot-chase-policy-after-fatal-shooting
V1-0560,Call for more accountability on ammunition in aftermath of Saanich bank shootout,The Times Colonist,https://www.timescolonist.com/local-news/call-for-more-precautions-in-aftermath-of-saanich-bank-shootout-6419194
V1-0522,He had 'intent on killing police officers'  SIU clears officers in fatal Minden  Ont.  shooting last July,CTV,https://www.ctvnews.ca/barrie/article/he-had-intent-on-killing-police-officers-siu-clears-officers-in-fatal-minden-ont-shooting-last-july/
V1-0194,Date set for inquest into shooting death,Midland Mirror,https://www.simcoe.com/news/date-set-for-inquest-into-shooting-death/article_b55dfefe-bc42-53fb-b485-e2c366df6e42.html
V1-0520,Coroner's inquest for Jason Peterson  shot by Hamilton police in 2020  announced by Ontario,CBC,https://www.cbc.ca/news/canada/hamilton/hamilton-police-shooting-jason-peterson-inquest-1.7240070
V1-0424,Kativik Regional Police  Corrections System under fire at Quebec inquiry,APTN News,https://www.aptnnews.ca/national-news/kativik-regional-police-corrections-system-under-fire-at-quebec-inquiry/
V1-0455,More than 100 MMIWG cases listed since Trudeau took office  group says,CBC,https://www.cbc.ca/news/indigenous/mmiwg-list-cases-1.4856500
V1-0199,Vancouver police chief on hot seat over memo,Global News,https://globalnews.ca/news/35263/vancouver-police-chief-on-hot-seat-over-memo/
V1-0295,B.C. police watchdog investigates in-custody death of Vancouver man  VPD staff member suspended with pay,CTV,https://www.ctvnews.ca/vancouver/article/bc-police-watchdog-investigates-in-custody-death-of-vancouver-man-vpd-staff-member-suspended-with-pay/
V1-0045,Mental Health Act revamp urged,Calgary Herald,https://www.proquest.com/canadiannews/docview/245181226/2EDF08B521374CC1PQ/2?accountid=14771&sourcetype=Newspapers
V2-0682,Prince Albert police officer charged with negligence causing death of man in police custody,CBC,https://www.cbc.ca/news/canada/saskatchewan/prince-albert-police-service-member-charged-1.6904489
V1-0919,Toronto cop describes takedown over fake watch before Brampton man's death,CBC,https://www.cbc.ca/news/canada/toronto/toronto-police-calvin-au-trial-chadd-facey-1.7332792
V2-0719,Reasons for deaths await inquest stage,Whitehorse Star,https://www.proquest.com/canadiannews/docview/362230070/62771837E0B746DCPQ/2?accountid=14771
V1-0333,Sister of West Kootenay man killed by RCMP testifies at inquest,Ladysmith Chemainus Chronicle,https://www.ladysmithchronicle.com/news/sister-of-west-kootenay-man-killed-by-rcmp-testifies-at-inquest/
V2-0784,Yukon inquest called into custody death,APTN News,https://www.aptnnews.ca/national-news/yukon-inquest-called-into-custody-death-of-fns-man/
V1-0542,IIO asks Crown to consider charges against officers in B.C. shooting,Vancouver Sun,https://vancouversun.com/news/local-news/iio-asks-crown-to-consider-charges-bc-shooting
V2-0772,Inquest opens with prayer and song,North Island Gazette,https://www.proquest.com/canadiannews/docview/372695784/22524DD3ECAC46A5PQ/2?accountid=14771
V1-0481,Officer says B.C. hostage was lying on top of captor before police gunfire erupted,Lethbridge News Now,https://lethbridgenewsnow.com/2024/04/18/officer-says-b-c-hostage-was-lying-on-top-of-captor-before-police-gunfire-erupted/
V1-0604,Samson Cree Nation teen was 'trying to go home',Red Deer Advocate,https://www.reddeeradvocate.com/home2/samson-cree-nation-teen-was-trying-to-go-home-7550205
V1-0337,Public inquest launched into death of Victoria man shot by police,Victoria News,https://www.vicnews.com/news/public-inquest-launched-into-death-of-victoria-man-shot-by-police-22840
V1-0405,Police commander defends decision to breach bedroom door,Saskatoon StarPhoenix,https://thestarphoenix.com/news/local-news/police-commander-defends-decision-to-breach-bedroom-door
V1-0526,Man killed during police shooting in Edmonton alley identified by family as person trying to turn his life around,Edmonton Journal,https://edmontonjournal.com/news/local-news/man-killed-during-police-shooting-in-edmonton-alley-identified-by-family-as-person-trying-to-turn-his-life-around
V2-0773,Death ruled accidental,North Island Gazette,https://www.proquest.com/canadiannews/docview/372768630/9CC697FA2CCD4401PQ/5?accountid=14771&sourcetype=Newspapers
V1-0090,Fatal police raid sparks questions,The Globe and Mail,https://www.theglobeandmail.com/news/national/fatal-police-raid-sparks-questions/article734065/
V2-0742,Police protocols not followed in death of homeless man: report,CBC,https://www.cbc.ca/news/canada/edmonton/police-protocols-not-followed-in-death-of-homeless-man-report-1.990280
V1-0586,Saskatchewan man left brain-dead after altercation with police has died: family,Lethbridge News Now,https://lethbridgenewsnow.com/2023/04/26/saskatchewan-man-left-brain-dead-after-altercation-with-police-has-died-family/
V1-0336,Man dead in officer-involved shooting in downtown Calgary,CTV,https://www.ctvnews.ca/calgary/article/man-dead-in-officer-involved-shooting-in-downtown-calgary/
V1-0477,Supporters of man shot by Winnipeg police call for less force  more cultural awareness,CBC,https://www.cbc.ca/news/canada/manitoba/chad-williams-police-shooting-vigil-1.4981431
V1-0338,Man dies in Edmonton police custody; nabbed at City Centre Mall,The Edmonton Sun,https://edmontonsun.com/2015/04/30/man-dies-in-edmonton-police-custody-nabbed-at-city-centre-mall
V1-0436,'Everything fell apart',Winnipeg Free Press,https://www.winnipegfreepress.com/breakingnews/2023/08/29/everything-fell-apart
V1-0018,Rule 'homicide ' lawyers urge,Windsor Star,https://www.proquest.com/canadiannews/docview/254400690/9228828E3B2A487BPQ/18?accountid=14771&sourcetype=Newspapers
V1-0273,Sylvia Klibingaitis told 911 operator 'I'm pure evil',CBC,https://www.cbc.ca/news/canada/toronto/sylvia-klibingaitis-told-911-operator-i-m-pure-evil-1.2288995
V1-0365,Forcible restraint by police among factors in Myles Gray death  pathologist says,paNOW,https://panow.com/2023/04/27/forcible-restraint-by-police-among-factors-in-myles-gray-death-pathologist-says/
V1-0649,Assumed drunk: Inquest into Nunavut man's death recommends cultural training for RCMP,CBC,https://www.cbc.ca/news/canada/north/paul-kayuryuk-baker-lake-inquest-1.4231300
V1-0549,Family of Ontario gunsmith killed by police questions watchdog's investigation,National Post,https://nationalpost.com/pmn/news-pmn/canada-news-pmn/family-of-ontario-gunsmith-killed-by-police-questions-watchdogs-investigation
V1-0189,Manitoba man dies after RCMP use pepper spray,CBC,https://www.cbc.ca/news/canada/manitoba/manitoba-man-dies-after-rcmp-use-pepper-spray-1.714561
V1-0559,Officers who killed man during Anoka Street stabbings won't be charged,CBC,https://www.cbc.ca/news/canada/ottawa/ottawa-anoka-street-death-police-1.6629866
V1-0640,Inquest set for 2015 death of Somali man with mental illness in CBSA custody,CBC,https://www.cbc.ca/news/canada/toronto/abdurahman-hassan-inquest-immigration-detainee-1.6230883
V1-0480,Police officers recount final minutes of fatal B.C. hostage taking,The Vernon Morning Star,https://www.vernonmorningstar.com/news/police-officers-recount-final-minutes-of-fatal-bc-hostage-taking-7346985
V1-0129,No racism in teen's death  officer says,Toronto Star,https://www.thestar.com/news/gta/no-racism-in-teens-death-officer-says/article_42aaf1c6-3954-5c5d-b943-e3fb5d84dd86.html
V1-0640,Coroner's inquest called into immigration detainee Abdurahman Hassan's death at Peterborough Regional Health Centre,Peterborough Examiner,https://www.thepeterboroughexaminer.com/news/peterborough-region/coroners-inquest-called-into-immigration-detainee-abdurahman-hassans-death-at-peterborough-regional-health-centre/article_78c11ec1-e34c-5089-a93f-6fb5e743c209.html
V2-0680,Inquest into Saskatoon cell death wraps up,paNOW,https://panow.com/2013/11/02/inquest-into-saskatoon-cell-death-wraps-up/
V1-0066,SIU probing man's death ; Neighbours recall 'good guy' Pepper-sprayed during melee: [Ontario Edition],Toronto Star,https://www.proquest.com/canadiannews/docview/438676842/BFF1940821B64C41PQ/29?accountid=14771&sourcetype=Newspapers
V2-0674,N.S. Taser death sparks review; RCMP called in to investigate prison casualty in Dartmouth,Calgary Herald,https://www.proquest.com/canadiannews/docview/245592359/ED150697399F4944PQ/5?accountid=14771&sourcetype=Newspapers
V1-0109,Officer charged with assault  relieved of duties,CBC,https://www.cbc.ca/news/canada/british-columbia/officer-charged-with-assault-relieved-of-duties-1.687842
V1-0026,Police shootings tragic but inevitable,Prince Albert Daily Herald,https://www.proquest.com/canadiannews/docview/344999436/6394D4EAEDBD418APQ/6?accountid=14771&sourcetype=Newspapers
V1-0160,RCMP to probe man's death four days after Taser use,Saskatoon StarPhoenix,https://www.proquest.com/canadiannews/docview/348790364/363168916189491FPQ/20?accountid=14771&sourcetype=Newspapers
V1-0399,Officer sentenced to a year in prison in death of Indigenous woman,CTV,https://www.ctvnews.ca/london/article/officer-sentenced-to-a-year-in-prison-in-death-of-indigenous-woman/
V1-0317,SIU not laying charges in Oakville police shooting,Burlington Post,https://www.insidehalton.com/news/siu-not-laying-charges-in-oakville-police-shooting/article_2bfa1717-8fe8-570f-ab28-269e05fa0c75.html
V2-0939,RCMP officer cleared in 2022 shooting at Whitehorse airport hangar,Yukon News,https://www.yukon-news.com/news/rcmp-officer-cleared-in-2022-shooting-at-whitehorse-airport-hangar-7546085
V2-0684,Members of LGBTQ community demand answers after Black trans woman dies in police custody,CBC,https://www.cbc.ca/news/canada/toronto/black-trans-woman-crisis-toronto-siu-1.5787990
V1-0629,Public hearing into fatal 2019 shooting of woman by Victoria police officer starts Monday,The Vancouver Sun,https://vancouversun.com/news/local-news/public-hearing-fatal-2019-shooting-of-woman-by-victoria-police-officer-starts-monday
V1-0517,'Objectively reasonable': Lethal force justified in police shooting of Ejaz Choudry: SIU,Toronto Sun,https://torontosun.com/news/local-news/objectively-reasonable-lethal-force-justified-in-police-shooting-of-ejaz-choudry-siu
V1-0232,Alberta man unarmed when shot by RCMP,CBC,https://www.cbc.ca/news/canada/calgary/alberta-man-unarmed-when-shot-by-rcmp-1.942486
V2-0688,Nunavut coroner calls inquiry into death of Kugluktuk man who died in RCMP custody,CBC,https://www.cbc.ca/news/canada/north/nunavut-coroner-calls-inquiry-into-death-of-kugluktuk-man-who-died-in-rcmp-custody-1.6416084
V1-0337,Victoria mother hopes for answers at coroner's inquest into son's death,CBC,https://www.cbc.ca/news/canada/british-columbia/coroners-inquest-victoria-mans-death-1.4116673
V1-0139,Officer feared for life  coroner's inquest hears,The Globe and Mail,https://www.theglobeandmail.com/news/national/officer-feared-for-life-coroners-inquest-hears/article697613/
V1-0075,Inquest rules police shooting justified,Eagle Valley News,https://www.proquest.com/canadiannews/docview/372812018/9B24370CE95F41BDPQ/2?accountid=14771&sourcetype=Newspapers
V2-0889,Dates set for coroner's inquest into 2019 death at Regional Psychiatric Centre,Saskatoon StarPhoenix,https://thestarphoenix.com/news/local-news/dates-set-for-coroners-inquest-into-2019-death-at-regional-psychiatric-centre
V2-0812,Complaints commission reviewing RCMP's handling of Alberta woman who died in cell,Global News,https://globalnews.ca/news/143991/complaints-commission-reviewing-rcmps-handling-of-alberta-woman-who-died-in-cell-2/
V1-0180,Report finds Winnipeg police justified in shooting 26-year-old man,CTV,https://www.ctvnews.ca/winnipeg/article/report-finds-winnipeg-police-justified-in-shooting-26-year-old-man/
V1-0368,Depression  drugs death: Mark Dicesare's frantic final moments,Winnipeg Sun,https://winnipegsun.com/2017/02/09/depression-drugs-death-mark-dicesares-frantic-final-moments
V1-0094,Stories differ after police shot man holding screwdriver,Toronto Star,https://www.thestar.com/news/gta/stories-differ-after-police-shot-man-holding-screwdriver/article_5c79e1d1-21d6-5851-a95e-892999d2a31c.html
V1-0124,SIU clears cops in Brampton shooting,CBC,https://www.cbc.ca/news/canada/toronto/siu-clears-cops-in-brampton-shooting-1.574449
V2-0696,Man dies in custody at Onion Lake RCMP Detachment,CBC,https://www.cbc.ca/news/canada/saskatchewan/onion-lake-rcmp-death-in-custody-1.5319893
V1-0579,The Vaughan condo shooter: What we know  and don't know  about Francesco Villi,East Gwillimbury Express,https://www.yorkregion.com/news/the-vaughan-condo-shooter-what-we-know-and-don-t-know-about-francesco-villi/article_b9697ac8-d3a7-50fc-89ba-3c529fa03ab6.html
V1-0153,Family praises jury's recommendations,Trail Times,https://www.proquest.com/canadiannews/docview/358152040/B2542A6CD204482APQ/12?accountid=14771&sourcetype=Newspapers
V1-0028,Pathologist tells inquest pepper spray didn't contribute to death,Moose Jaw Times Herald,https://www.proquest.com/canadiannews/docview/345305043/62FB8D79DFF6422CPQ/6?accountid=14771&sourcetype=Newspapers
V2-0915,Man at large since 2019 died in custody at Stony Mountain Institution,CBC,https://www.cbc.ca/news/canada/manitoba/dwayne-simard-death-in-custody-stony-mountain-1.5933418
V1-0452,Matthew Mahoney's mother testifies during day four of inquest,CTV,https://www.ctvnews.ca/windsor/article/matthew-mahoneys-mother-testifies-during-day-four-of-inquest/
V1-0560,Police identify Saanich  B.C.  gunmen as 22-year-old twin brothers,CTV,https://www.ctvnews.ca/vancouver/vancouver-island/article/police-identify-saanich-bc-gunmen-as-22-year-old-twin-brothers/
V1-0266,SIU clears police in death of man in custody near Pearson International Airport,CityNews,https://toronto.citynews.ca/2011/12/15/siu-clears-police-in-death-of-man-in-custody-near-pearson-international-airport/
V1-0496,Mother witnessed police shoot son in Exeter after calling 911 for help: Relative,London Free Press,https://lfpress.com/news/local-news/mother-witnessed-police-shoot-son-in-exeter-after-calling-911-for-help-relative
V1-0399,Charges withdrawn against OPP officer in the death of Debra Chrisjohn,Global News,https://globalnews.ca/news/3884942/charges-withdrawn-against-opp-officer-in-the-death-of-debra-chrisjohn/
V1-0620,Man fatally shot by Winnipeg police Friday identified by family,CBC,https://www.cbc.ca/news/canada/manitoba/man-fatally-shot-by-winnipeg-police-friday-identified-by-family-1.7550411
V1-0549,Family demands answers in police shooting death of 'harmless' Norfolk County gunsmith,Toronto Star,https://www.thestar.com/ths/news/hamilton-region/2021/11/18/toronto-police-shooting-death-norfolk-rodger-kotanko.html?source=torontostar&utm_campaign_id=
V1-0331,Sister called man killed by police 'ticking time bomb ' inquest hears,Times Colonist,https://www.timescolonist.com/bc-news/sister-called-man-killed-by-police-ticking-time-bomb-inquest-hears-4674331
V1-0226,Deadly Winnipeg police shooting was justified  inquest concludes,CBC,https://www.cbc.ca/news/canada/manitoba/winnipeg-lance-muir-police-shooting-inquest-1.4631731
V1-0389,No charges in police shooting deaths of north BC mother and son,The Abbotsford News,https://www.abbynews.com/news/no-charges-in-police-shooting-deaths-of-north-bc-mother-and-son-1775747
V1-0081,Taser death spurs inquest; Former boxer on rampage in motel subdued by officers Coroner will look into use of 'less-lethal force' by police,Toronto Star,https://www.proquest.com/canadiannews/docview/438717411/35F0A61CD2C1488EPQ/21?accountid=14771&sourcetype=Newspapers
V1-0252,Shooting inquest jury has no recommendations,Hamilton Spectator,https://www.thespec.com/news/hamilton-region/shooting-inquest-jury-has-no-recommendations/article_b3688701-4183-57f8-96d0-cf6ab43c1065.html
V1-0035,Fatal shots justified: SIU: [Ontario Edition],Toronto Star,https://www.proquest.com/canadiannews/docview/438458016/D33A36884B3499EPQ/9?accountid=14771&sourcetype=Newspapers
V1-0199,Vancouver cop tells inquest she shot Michael Vann Hubbard 'to stop the threat',Global News,https://globalnews.ca/news/237294/vancouver-cop-tells-inquest-she-shot-michael-vann-hubbard-to-stop-the-threat/
V1-0324,Chester Hunchak confirmed as Medicine Hat homicide victim,CBC,https://www.cbc.ca/news/canada/calgary/chester-hunchak-confirmed-as-medicine-hat-homicide-victim-1.2587765
V1-0490,'We are very traumatized': Investigation finds use of force justified in fatal shooting of mentally ill man,CTV,https://bc.ctvnews.ca/we-are-very-traumatized-investigation-finds-use-of-force-justified-in-fatal-shooting-of-mentally-ill-man-1.5119519
V1-0399,London police officer convicted in woman's custody death appeals again,The London Free Press,https://lfpress.com/news/local-news/london-officer-convicted-in-womans-custody-death-appeals-again
V1-0055,Iran retaliates with charges of its own,Edmonton Journal,https://www.proquest.com/canadiannews/docview/253006359/E91D52E487E04F21PQ/18?accountid=14771&sourcetype=Newspapers
V2-0945,911 death inquest recommends changes,CityNews,https://ottawa.citynews.ca/2018/11/02/911-death-inquest-recommends-changes-1107921/
V1-0291,Mountie shoots man dead near Vegreville,The Edmonton Sun,https://edmontonsun.com/2012/07/19/mounties-shoot-man-dead-near-vegreville
V1-0178,Inquest begins in death of Winnipeg teen stunned by Taser,CBC,https://www.cbc.ca/news/canada/manitoba/inquest-begins-in-death-of-winnipeg-teen-stunned-by-taser-1.2600333
V2-0889,Inquest set into in-custody death of Black Lake First Nation man,SaskToday,https://www.sasktoday.ca/central/local-news/inquest-set-into-in-custody-death-of-black-lake-first-nation-man-5101970
V1-0474,Calgary police committed 'serious breaches' of policy in fatal traffic stop: ASIRT,Calgary Herald,https://calgaryherald.com/news/local-news/calgary-police-committed-serious-breaches-of-policy-in-fatal-traffic-stop-asirt
V1-0626,Closing arguments made in trial for Mountie involved in 2016 fatal collision,The Kingston Whig-Standard,https://www.thewhig.com/news/local-news/closing-arguments-made-in-trial-for-mountie-involved-in-2016-fatal-collision
V1-0335,Ottawa gunman Michael Zehaf-Bibeau was shot 31 times  police report to reveal,CBC,https://www.cbc.ca/news/politics/ottawa-gunman-michael-zehaf-bibeau-was-shot-31-times-police-report-to-reveal-1.3096073
V2-0825,Family says changes needed to prevent in-custody deaths,Saskatoon StarPhoenix,https://www.pressreader.com/canada/saskatoon-starphoenix/20140912/281685433045759
V1-0371,Mountie to be sentenced for criminal negligence in relation to fatal on-duty shooting,CTV,https://www.ctvnews.ca/winnipeg/article/mountie-to-be-sentenced-for-criminal-negligence-in-relation-to-fatal-on-duty-shooting/
V1-0374,A troubled history: RCMP justified in shooting death of Alberta man  investigation concludes,CBC,https://www.cbc.ca/news/canada/edmonton/a-troubled-history-rcmp-justified-in-shooting-death-of-alberta-man-investigation-concludes-1.3889522
V1-0290,One year after shooting death  Bhutanese family still asking 'Why?',Global News,https://globalnews.ca/news/744841/one-year-after-shooting-death-bhutanese-family-still-asking-why/
V1-0542,RCMP officers who shot and killed Wet'suwet'en man won't face charges,APTN News,https://www.aptnnews.ca/national-news/rcmp-officers-who-shot-and-killed-wetsuweten-man-wont-face-charges/
V1-0173,RCMP defend sending lone officer to disturbance,The Globe and Mail,https://www.theglobeandmail.com/news/national/rcmp-defend-sending-lone-officer-to-disturbance/article1352872/
V1-0343,Family of New Brunswick man killed in 2015 offers $10 000 for information,Toronto Star,https://www.thestar.com/news/canada/family-of-new-brunswick-man-killed-in-2015-offers-10-000-for-information/article_e2d37499-ba6f-5311-99af-eb17a7da6559.html
V2-0725,Emotions run high as inquest unfolds,Brock Citizen,https://www.durhamregion.com/news/emotions-run-high-as-inquest-unfolds/article_dbb306d2-3fa4-5cfb-a3fe-8f09bde4a4bf.html
V2-0952,Self-defence or 'brutal' killing: lawyers give closing arguments in Vandewater trial,Saskatoon StarPhoenix,https://thestarphoenix.com/news/crime/self-defence-or-brutal-killing-lawyers-give-closing-arguments-in-vandewater-trial
V2-0721,Sunflashes Column,Winnipeg Sun,https://www.proquest.com/canadiannews/docview/2175915690/3AC646CCEE414F93PQ/1?accountid=14771&sourcetype=Newspapers
V2-0777,In-custody death prompts calls to change relationship between RCMP  Indigenous people,CBC,https://www.cbc.ca/news/canada/saskatchewan/kamsack-rcmp-in-custody-death-1.7581756
V1-0353,RCMP say no charges in fatal shooting of Newfoundland's Don Dunphy,Global News,https://globalnews.ca/news/2937492/rcmp-say-no-charges-in-fatal-shooting-of-newfoundlands-don-dunphy/
V1-0276,Daughters mourn father killed by Mounties,The Edmonton Sun,https://edmontonsun.com/2012/01/13/daughters-mourn-father-killed-by-mounties
V1-0308,Rubber bullet ends 20-hour standoff at Montreal-area home,The Globe and Mail,https://www.theglobeandmail.com/news/national/20-hour-standoff-at-montreal-area-home-ends-in-arrest/article13523537/
V1-0025,For the first time  police taser works,Edmonton Journal,https://www.proquest.com/canadiannews/docview/252823819/51DA3E3B8FFA476EPQ/11?accountid=14771&sourcetype=Newspapers
V2-0689,Olando Brown inquest opens with testimony from police sergeant,Barrie Today,https://www.barrietoday.com/police-beat/olando-brown-inquest-opens-with-testimony-from-police-sergeant-8394828
V1-0026,Police kill man after he shot police dog,Sault Star,https://www.proquest.com/canadiannews/docview/348460121/6394D4EAEDBD418APQ/22?accountid=14771&sourcetype=Newspapers
V2-0692,'Sister steamroller': Former Fort Smith advocate for seniors  women remembered,CBC,https://www.cbc.ca/news/canada/north/sister-agnes-sutherland-fort-smith-1.4792511
V1-0101,Neighbour holds barbecue to help stabbing victim's family,North York Mirror,https://www.proquest.com/canadiannews/docview/362162285/C926DE0A3F3F44ACPQ/7?accountid=14771&sourcetype=Newspapers
V1-0612,Inuk man shot dead by police a victim of systemic racism: Crown-Indigenous minister,APTN News,https://www.aptnnews.ca/national-news/inuk-man-shot-dead-by-police-a-victim-of-systemic-racism-crown-indigenous-minister/
V1-0472,With outside probe ongoing  RNC officers involved in Jorden McKay shooting are returning to duty,CBC,https://www.cbc.ca/news/canada/newfoundland-labrador/shooting-rnc-mckay-1.5768044
V2-0791,Man found dead in jail cell was Penticton man  44,The Globe and Mail,https://www.theglobeandmail.com/news/national/man-found-dead-in-jail-cell-was-penticton-man-44/article4281686/
V2-0692,Timmins woman dead after police arrest,BayToday,https://www.baytoday.ca/more-local/timmins-woman-dead-after-police-arrest-831647
V1-0018,Police officer cleared in shooting; Victim continued knife attack after warning issued at gunpoint,Windsor Star,https://www.proquest.com/canadiannews/docview/254366573/9228828E3B2A487BPQ/12?accountid=14771&sourcetype=Newspapers
V2-0928,Inquest into death in Niagara jail tells province to improve conditions for inmate mental health and drug use,CBC,https://www.cbc.ca/news/canada/hamilton/jordan-case-inquest-recommendations-1.7474305
V1-0597,Families of mentally ill men killed in Winnipeg police shootings call for joint inquest,Global News,https://globalnews.ca/news/10406352/families-mentally-ill-men-winnipeg-police-shootings-joint-inquest/
V2-0781,Death involving Taser under investigation,The Times Colonist,https://www.timescolonist.com/archive/death-involving-taser-under-investigation-4590979
V1-0285,Man shot after Toronto traffic stop was ex-con,CBC,https://www.cbc.ca/news/canada/toronto/man-shot-after-toronto-traffic-stop-was-ex-con-1.1256570
V1-0557,ERT members explain decision to fire on Sask. man during second day of inquest,paNOW,https://panow.com/2025/02/11/ert-members-explain-decision-to-fire-on-sask-man-during-second-day-of-inquest/
V1-0459,Mounties charged in shooting found not guilty of manslaughter  aggravated assault,CTV,https://www.ctvnews.ca/edmonton/article/mounties-charged-in-shooting-found-not-guilty-of-manslaughter-aggravated-assault/
V1-0659,Parents appeal for answers after 23-year-old's mysterious death in police holding cell,CTV,https://www.ctvnews.ca/montreal/article/parents-appeal-for-answers-after-23-year-olds-mysterious-death-in-police-holding-cell/
V1-0544,Man who survived recent Kelowna gangland shooting found dead at Enderby campground,Kelowna Capital News,https://www.kelownacapnews.com/news/man-who-survived-recent-kelowna-gangland-shooting-found-dead-at-enderby-campground-3217742
V2-0810,Death in custody probed,Edmonton Sun,https://www.proquest.com/canadiannews/docview/2227553596/A1239D9A97E0482BPQ/56?accountid=14771&sourcetype=Newspapers
V1-0515,N.B. police officer who killed Chantel Moore says her actions caused her own death,Global News,https://globalnews.ca/news/9510417/new-brunswick-police-officer-chantel-moore/
V1-0201,Inquiry cites cocaine toxicity  delirium syndrome in death of Brooks man,Calgary Herald,https://calgaryherald.com/news/local-news/inquiry-cites-cocaine-toxicity-delirium-syndrome-in-death-of-brooks-man
V1-0162,Man linked to Pickton killed by cops,The Province,https://www.proquest.com/canadiannews/docview/269527798/D3F6C0D060374446PQ/3?accountid=14771&sourcetype=Newspapers
V1-0286,SIU investigates after man killed in police standoff near Owen Sound,Toronto Star,https://www.thestar.com/news/canada/siu-investigates-after-man-killed-in-police-standoff-near-owen-sound/article_22ed6e0a-c082-5cf1-8cb3-6673758fe52e.html
V2-0898,Family of man who died in P.E.I. jail says inquest is not necessary,CBC,https://www.cbc.ca/news/canada/prince-edward-island/pei-nl-inquest-death-jail-kenny-hoddinott-coroner-police-1.6314199
V1-0296,Mother believes son was surrendering when shot by police during south Edmonton bank robbery,Edmonton Sun,https://edmontonsun.com/2016/10/05/mother-believes-son-was-surrendering-when-shot-by-police-during-south-edmonton-bank-robbery
V2-0679,IIU again seeking witnesses after man died in custody,Winnipeg Free Press,https://www.winnipegfreepress.com/breakingnews/2023/11/03/iiu-again-seeking-witnesses-after-man-died-in-custody
V1-0233,Victim in fatal B.C. RCMP shooting ID'd,CBC,https://www.cbc.ca/news/canada/british-columbia/victim-in-fatal-b-c-rcmp-shooting-id-d-1.938031
V2-0719,Serious crimes  deaths dotted outgoing year,Whitehorse Star,https://www.proquest.com/canadiannews/docview/362230587/62771837E0B746DCPQ/4?accountid=14771
V1-0353,Don Dunphy's tweets a 'red herring ' events at home what matter: lawyer Erin Breen,CBC,https://www.cbc.ca/news/canada/newfoundland-labrador/don-dunphy-s-tweets-a-red-herring-events-at-home-what-matter-lawyer-erin-breen-1.3025045
V2-0865,Inquest to be held in 2018 Meadow Lake in-custody death,CBC,https://www.cbc.ca/news/canada/saskatchewan/inquest-in-custody-death-trevor-mccallum-1.6097665
V1-0381,Ottawa man shot dead by Toronto Police  friends confirm,CTV,https://www.ctvnews.ca/ottawa/article/ottawa-man-shot-dead-by-toronto-police-friends-confirm/
V1-0434,Friends remember Westmount shooting victim as a 'nice  decent guy',The Edmonton Sun,https://edmontonsun.com/2017/09/10/fatal-edmonton-police-shooting-sparked-by-attempt-to-arrest-suspect
V2-0939,Yukon RCMP officer cleared in 2022 fatal shooting at Whitehorse airport,Global News,https://globalnews.ca/news/10764868/yukon-rcmp-whitehorse-airport-shooting-asirt/
V1-0333,Family of Peter de Groot still looking for explanation for deadly RCMP shooting  5 years later,CBC,https://www.cbc.ca/news/canada/british-columbia/peter-de-groot-family-news-1.5320691
V1-0368,'I'm going to make you do it': Mark Dicesare's last words before fatal police shootout,Global News,https://globalnews.ca/news/3238121/investigation-into-fatal-police-shooting-on-grant-avenue-finished-details-released-at-11-a-m-ct/
V2-0863,Inquest called into death of 18-year-old man shot after escaping police custody,CTV,https://www.ctvnews.ca/winnipeg/article/inquest-called-into-death-of-18-year-old-man-shot-after-escaping-police-custody/
V1-0036,Slain man was cop-kidnapper on run,Montreal Gazette,https://www.proquest.com/canadiannews/docview/433807622/CD3DF8020430499DPQ/35?accountid=14771
V1-0179,Death of man who swallowed meth an 'accident',Vancouver Sun,https://www.proquest.com/canadiannews/docview/243892389/331AA29DC2A940E9PQ/3?accountid=14771&sourcetype=Newspapers
V1-0586,Report that clears Prince Albert police in death of Boden Umpherville 'appalling ' family says,CBC,https://www.cbc.ca/news/canada/saskatoon/police-pa-upherville-sirt-conclusion-1.7484121
V1-0180,McDougall inquest delayed after witness changes account of police shooting,CBC,https://www.cbc.ca/news/canada/manitoba/craig-mcdougall-inquest-begins-1.3711404
V2-0776,In-custody death probe starts today,Prince George Citizen,https://www.proquest.com/canadiannews/docview/361922723/701C2F189D964378PQ/1?accountid=14771&sourcetype=Newspapers
V1-0026,Fallen comrade becomes first canine casualty for city police: Partnership breeds strong bond between dogs  officers: constable,Saskatoon Star-Phoenix,https://www.proquest.com/canadiannews/docview/348605303/6394D4EAEDBD418APQ/37?accountid=14771
V2-0822,Nunavut RCMP knew holding cell meal-slot posed suicide risk,Nunatsiaq News,https://nunatsiaq.com/stories/article/65674nunavut_rcmp_knew_cell_meal_slot_posed_suicide_risk/
V1-0919,Criminal trial of Toronto police officer who allegedly assaulted teen in 'Kijiji deal gone bad' begins today,Toronto Star,https://www.thestar.com/news/gta/criminal-trial-of-toronto-police-officer-who-allegedly-assaulted-teen-in-kijiji-deal-gone-bad/article_2076675a-777b-11ef-b630-470ed92e33be.html
V1-0185,RCMP probe Taser incident,Winnipeg Free Press,https://www.winnipegfreepress.com/historic/2008/10/02/around-canada-691
V1-0480,Lethal force the only option in Surrey  B.C. hostage-taking  inquest hears,North Island Gazette,https://www.northislandgazette.com/news/lethal-force-the-only-option-in-surrey-bc-hostage-taking-inquest-hears-7346819
V1-0565,Officer who shot Langley spree shooter should be 'commended' for bravery: report,The Chilliwack Progress,https://www.theprogress.com/news/officer-who-shot-spree-shooter-should-be-commended-for-bravery-report-1941596
V1-0505,RCMP release some details relating to police officer who shot man to death in Kinngait,Northern News Services,https://www.nnsl.com/nunavut-news/rcmp-release-some-details-relating-to-police-officer-who-shot-man-to-death-in-kinngait-7265944
V1-0086,Slain man had been deported; SIU probing fatal shooting by police during drug arrest Suspect had returned to Canada illegally after two removals,Toronto Star,https://www.proquest.com/canadiannews/docview/438750297/35F0A61CD2C1488EPQ/19?accountid=14771&sourcetype=Newspapers
V1-0464,Man shot and killed by Edmonton police fired rifle at officer  sources say,CBC,https://www.cbc.ca/news/canada/edmonton/sterling-cardinal-police-shooting-1.4793590
V1-0028,Crowe wasn't 'hog-tied',Regina Leader-Post,https://www.proquest.com/canadiannews/docview/349738719/62FB8D79DFF6422CPQ/4?accountid=14771&sourcetype=Newspapers
V1-0571,No warning signs in Saskatchewan mass stabbing despite killer's many prior convictions  review finds,National Post,https://nationalpost.com/news/canada/no-warning-signs-in-myles-sanderson-mass-stabbing-review
V1-0063,Officer hailed as a hero in fatal shooting,The Globe and Mail,https://www.proquest.com/canadiannews/docview/383908152/fulltext/47759C4E04F48CFPQ/1?accountid=14771&sourcetype=Newspapers
V1-0582,Man shot by Calgary police charged at officers with large spike: Police watchdog,CTV,https://www.ctvnews.ca/calgary/article/man-shot-by-calgary-police-charged-at-officers-with-large-spike-police-watchdog/
V1-0648,Coroner's inquest looks into death of Elisapee Michael,Nunatsiaq News,https://nunatsiaq.com/stories/article/98789_coroners_inquest_looks_into_death_of_elisapee_michael/
V1-0331,Jury in coroner's inquest enters deliberations,Prince George Citizen,https://www.princegeorgecitizen.com/local-news/jury-in-coroners-inquest-enters-deliberations-3737330
V1-0434,'Lethal force was not only reasonable but necessary': ASIRT on police shooting man at Westmount Mall,Global News,https://globalnews.ca/news/6469141/asirt-edmonton-police-westmount-mall-fatal-shooting/
V1-0170,Check records sooner  inquest jury says,CBC,https://www.cbc.ca/news/canada/saskatchewan/check-records-sooner-inquest-jury-says-1.962323
V2-0823,PAPHR making changes due to Ballantyne death,Prince Albert Daily Herald,https://www.proquest.com/canadiannews/docview/2001076474/EB066E4B994267PQ/46?accountid=14771&sourcetype=Newspapers
V1-0550,Sask. coroner to examine death of First Nation man shot after police standoff,CTV,https://www.ctvnews.ca/saskatoon/article/sask-coroner-to-examine-death-of-first-nation-man-shot-after-police-standoff/
V1-0579,'Torturing noise': Neighbours identify Vaughan mass shooter,East Gwillimbury Express,https://www.yorkregion.com/news/torturing-noise-neighbours-identify-vaughan-mass-shooter/article_51e06136-6301-551e-8df4-b3f8e7b88ca3.html
V2-0870,Police watchdog called in to probe case of man who died in Winnipeg police custody,CBC,https://www.cbc.ca/news/canada/manitoba/winnipeg-police-death-custody-1.5101750
V1-0591,Sudanese community in N.L. protests fatal police shooting of Omar Mohammed,CBC,https://www.cbc.ca/news/canada/newfoundland-labrador/mohammed-shooting-protest-1.6894937
V1-0235,Witnesses describe out-of-control seizures ; INQUEST: A CORONER'S JURY HEARS LOGAN SCHAAFSMA HAD TO BE SEDATED BEFORE OFFICERS COULD CONTROL HIM ENOUGH TO GET HIM TO HOSPITAL BUT HE DIED UPON ARRIVAL,London Free Press,https://www.proquest.com/canadiannews/docview/2226872633/934715D80CED4EE7PQ/1?accountid=14771&sourcetype=Newspapers
V1-0495,Coroner's report into Mississauga man's death sheds light on final interactions with Peel police,Mississauga News,https://www.mississauga.com/news/coroner-s-report-into-mississauga-mans-death-sheds-light-on-final-interactions-with-peel-police/article_955edb9f-8738-59b4-9c34-3e1ce46a2ef9.html
V1-0655,Family of man who died during deportation at Calgary airport seeking answers,Toronto Star,https://www.thestar.com/calgary/family-of-man-who-died-during-deportation-at-calgary-airport-seeking-answers/article_e20ef5e5-480a-5e67-960b-76a2090b69cc.html
V1-0401,Inquest rules fatal police shooting of Anthony Divers in Hamilton a homicide,Global News,https://globalnews.ca/news/6167181/inquest-anthony-divers-homicide/
V1-0490,Coroner announces inquest into Maple Ridge police shooting,Surrey Now-Leader,https://www.surreynowleader.com/news/coroner-announces-inquest-into-maple-ridge-police-shooting/
V1-0298,SIU investigates OPP shooting incident,Belleville Intelligencer,https://www.intelligencer.ca/2013/03/02/siu-investigates-assault-on-opp-officer
V2-0896,Border agency under fire over woman's death: Advocates call for oversight following her detention in Vancouver holding centre,Toronto Star,https://www.proquest.com/canadiannews/docview/1492924398/C726A0BED4C248B2PQ/119?accountid=14771&sourcetype=Newspapers
V1-0019,Deadly intentions trigger suicide by cop: Police the real victims when the desperate make them instruments of death,Calgary Herald,https://www.proquest.com/canadiannews/docview/244852258/CD307489238948F6PQ/26?accountid=14771&sourcetype=Newspapers
V1-0503,Shot dead by police: funeral of former hockey player Brandon Christian in Beauce,Le Journal de Montréal,https://www.journaldemontreal.com/2020/02/22/abattu-par-la-police-funerailles-de-lex-hockeyeur-brandon-christian-en-beauce
V1-0277,Oakville man killed wife before being shot by police,Toronto Sun,https://torontosun.com/2012/07/06/oakville-man-killed-wife-before-being-shot-by-police
V1-0019,Pepper-spray thief hits store,Calgary Herald,https://www.proquest.com/canadiannews/docview/245023337/CD307489238948F6PQ/15?accountid=14771&sourcetype=Newspapers
V1-0344,Coroner identifies Castlegar shooting victim,Trail Times,https://www.trailtimes.ca/news/coroner-identifies-castlegar-shooting-victim/
V2-0846,Inquest called into death of man while in Saskatoon police custody,Global News,https://globalnews.ca/news/4179460/inquest-michael-ryan-death-saskatoon-police-custody/
V1-0538,Crown declines to lay charges against Edmonton police officer who fatally shot unarmed man,CBC,https://www.cbc.ca/news/canada/edmonton/crown-declines-to-lay-charges-against-edmonton-police-officer-who-fatally-shot-unarmed-man-1.7205745
V2-0945,Inquest into botched 911 reply to begin next month,CBC,https://www.cbc.ca/news/canada/ottawa/inquest-botched-911-reply-to-begin-1.4814826
V2-0819,A 'routine day' that unravelled into tragedy,Fort Erie Post,https://www.niagarathisweek.com/news/a-routine-day-that-unravelled-into-tragedy/article_96d0f367-74eb-5b19-a522-a66a6501070f.html
V1-0533,Human remains found  man charged with indignity to body in case linked to SIU shooting investigation,CBC,https://www.cbc.ca/news/canada/toronto/siu-toronto-shooting-1.5926208
V1-0433,Man shot dead by RCMP officer on northern reserve was brandishing knife  ASIRT says,CBC,https://www.cbc.ca/news/canada/edmonton/whitefish-first-nation-rcmp-death-asirt-1.4281414
V1-0396,Aaron Driver's father says he was a troubled child after mother's death,The Globe and Mail,https://www.theglobeandmail.com/news/national/aaron-drivers-father-says-he-was-a-troubled-child/article31393898/
V1-0099,Taser inquest disappoints relatives of N.B. man,The Globe and Mail,https://www.theglobeandmail.com/news/national/taser-inquest-disappoints-relatives-of-nb-man/article17992426/
V1-0465,Family of man killed by police in NDG to launch $1M lawsuit against city,CBC,https://www.cbc.ca/news/canada/montreal/nicholas-gibbs-shooting-ndg-1.4883855
V1-0137,Toronto police cleared in struggle that ended in man's death,CBC,https://www.cbc.ca/news/canada/toronto/toronto-police-cleared-in-struggle-that-ended-in-man-s-death-1.737049
V1-0052,'No need' to shoot B.C. woman  chief tells RCMP,The Globe and Mail,https://www.proquest.com/canadiannews/docview/384055193/4967ED9A8B7C4564PQ/2?accountid=14771
V1-0007,Access to guns a factor in fatal standoff  inquiry told,North Bay Nugget,https://www.proquest.com/canadiannews/docview/352403578/BB304CCDFD984A48PQ/2?accountid=14771&sourcetype=Newspapers
V1-0480,Coroner's inquest set into 2019 Surrey police standoff shooting deaths,The Abbotsford News,https://www.abbynews.com/news/coroners-inquest-set-into-2019-surrey-police-standoff-shooting-deaths-7331441
V1-0012,Inquest calls for greater police aid,Times-Colonist,https://www.proquest.com/canadiannews/docview/345834724/A773E5184F984802PQ/12?accountid=14771&sourcetype=Newspapers
V2-0900,Manitoba grand chief calls for public inquiry into in-custody death of William Ahmo,CBC,https://www.cbc.ca/news/canada/manitoba/manitoba-sco-public-inquiry-in-custody-death-ahmo-1.6017450
V1-0296,Man shot by cops in Edmonton bank robbery dies,Edmonton Sun,https://edmontonsun.com/2012/12/12/man-shot-by-cops-in-edmonton-bank-robbery-dies
V1-0429,Manslaughter charges stayed against two RCMP officers in death of Dale Culver in 2017,Vancouver Sun,https://vancouversun.com/news/manslaughter-charges-stayed-against-two-rcmp-officers-in-death-of-dale-culver-in-2017
V1-0337,'I feel like my son was killed a second time',Victoria News,https://www.vicnews.com/news/i-feel-like-my-son-was-killed-a-second-time-27706
V1-0027,SIU focuses on police van driver: Alleged thief was run over and killed; officer behind wheel not yet identified,Ottawa Citizen,https://www.proquest.com/canadiannews/docview/240474201/EF182F438D3F4D06PQ/13?accountid=14771&sourcetype=Newspapers
V1-0413,Coroner's inquest: Cop recalls chaos in Old South home before fatal shooting,London Free Press,https://lfpress.com/news/local-news/coroners-inquest-cop-recalls-chaos-in-old-south-home-before-fatal-shooting
V1-0461,Mother of Lac Brome teen killed by Quebec provincial police testifies at coroner's inquest,CBC,https://www.cbc.ca/news/canada/montreal/riley-fairholm-coroners-inquest-1.6487256
V1-0509,AMC to participate in inquiry into the death of Eishia Hudson: judge,Winnipeg Sun,https://www.proquest.com/canadiannews/docview/2652912493/29DE5D32EBEF4598PQ/111?accountid=14771&sourcetype=Blogs,%20Podcasts,%20&%20Websites
V1-0060,From terror to triumph on the track:,Kingston Whig-Standard,https://www.proquest.com/canadiannews/docview/352797261/3DBD81D6F72D4773PQ/5?accountid=14771&sourcetype=Newspapers
V1-0489,Injured officer  man killed in Truro weekend shooting identified,PNI Atlantic News,https://www.saltwire.com/nova-scotia/injured-officer-man-killed-in-truro-weekend-shooting-identified-340804
V1-0187,Officers' bid to subdue man 'like bull wrestling',Calgary Herald,https://www.proquest.com/canadiannews/docview/872385272/FD295F60742644E7PQ/20?accountid=14771&sourcetype=Newspapers
V1-0073,Inquest set in death of man held by police,Vancouver Sun,https://www.proquest.com/canadiannews/docview/242247503/6CD99BC3B7E842B3PQ/7?accountid=14771&sourcetype=Newspapers
V1-0032,Lawsuit filed over death in Regina police scuffle,Saskatoon StarPhoenix,https://www.pressreader.com/canada/saskatoon-starphoenix/20101009/283957468897129?srsltid=AfmBOop1KusXmSYtiK17GoJAhVYWy9wa1tCheP2GBg3mqmBsVwUUK_YQ
V1-0395,Family of Abdirahman Abdi retains high-profile lawyer,Ottawa Sun,https://www.proquest.com/canadiannews/docview/2196817999/29DE5D32EBEF4598PQ/127?accountid=14771&sourcetype=Blogs,%20Podcasts,%20&%20Websites
V2-0888,Man arrested for intoxication dies in Prince George; IIO called in,CTV,https://www.ctvnews.ca/vancouver/article/man-arrested-for-intoxication-dies-in-prince-george-iio-called-in/
V1-0257,Edmonton officer justified in fatal shooting  probe finds,CBC,https://www.cbc.ca/news/canada/edmonton/edmonton-officer-justified-in-fatal-shooting-probe-finds-1.1129758
V2-0768,Donald Musselman was awaiting appeal on ByWard Market murder conviction when he died in prison  lawyers say,The Ottawa Citizen,https://ottawacitizen.com/news/donald-musselman-was-awaiting-appeal-on-byward-market-murder-conviction-when-he-died-in-prison-lawyers-say
V1-0615,Man shot dead by police out of jail less than a week,Winnipeg Free Press,https://www.winnipegfreepress.com/breakingnews/2024/11/26/man-shot-dead-by-police-out-of-jail-less-than-a-week
V1-0060,Mourners march on City Hall: Shooting death inquiry demanded,Calgary Herald,https://www.proquest.com/canadiannews/docview/245121843/3DBD81D6F72D4773PQ/3?accountid=14771&sourcetype=Newspapers
V2-0865,Sask. RCMP don't support inquest recommendation for medic in cell areas,Saskatoon StarPhoenix,https://thestarphoenix.com/news/local-news/tent-rcmp-response-to-jury-recommendations-in-trevor-mccallum-inquest
V1-0420,Coroner's jury rules Nunavut police shooting a homicide,Nunatsiaq News,https://nunatsiaq.com/stories/article/65674coroners_jury_rules_nunavut_police_shooting_a_homicide/
V1-0191,Officer cleared in fatal shooting,Mississauga News,https://www.mississauga.com/news/officer-cleared-in-fatal-shooting/article_82a2a5f9-e820-502b-a71e-9aa3b50694b8.html
V1-0019,Crisis team prepares for worst: Police unit offers support after a tragedy,Calgary Herald,https://www.proquest.com/canadiannews/docview/244851186/CD307489238948F6PQ/20?accountid=14771&sourcetype=Newspapers
V1-0444,OPP officer who shot and killed mentally ill man will not face charges  SIU says,Toronto Star,https://www.thestar.com/news/canada/opp-officer-who-shot-and-killed-mentally-ill-man-will-not-face-charges-siu-says/article_837bc9df-df31-5f7c-94cb-10c85613b321.html
V1-0463,Parents of Goodfish Lake man who died in struggle with RCMP question 'excited delirium' as cause of death,Edmonton Journal,https://edmontonjournal.com/news/local-news/family-of-st-paul-man-who-died-in-struggle-with-police-question-excited-delirium-finding
V2-0685,Prisoner had traces of meth in blood before suicide  inquest hears,SaskToday,https://www.sasktoday.ca/southeast/assiniboia-times/prisoner-had-traces-of-meth-in-blood-before-suicide-inquest-hears-8620154
V1-0416,ASIRT clears officer in 2017 shooting of wanted man,Calgary Sun,https://calgarysun.com/news/crime/asirt-clears-officer-in-2017-shooting-of-wanted-man
V1-0030,Police seek witnesses to deadly shooting,Barrie Examiner,https://www.proquest.com/canadiannews/docview/352549554/EC5B8F6FE43F4F86PQ/7?accountid=14771&sourcetype=Newspapers
V1-0415,Questions raised by homeless shelter after deadly police shooting,CTV,https://www.ctvnews.ca/montreal/article/questions-raised-by-homeless-shelter-after-deadly-police-shooting/
V1-0520,Ontario's shift toward virtual coroner's inquests scoops in high-profile Ottawa case,CBC,https://www.cbc.ca/news/canada/ottawa/ontario-s-shift-toward-virtual-coroner-s-inquests-scoops-in-high-profile-ottawa-case-1.7375339
V2-0851,Coroner's inquest into a man's 2016 death while in Saanich police custody,CHEK News,https://cheknews.ca/coroners-inquest-into-a-mans-2016-death-while-in-saanich-police-custody-436442/
V1-0619,Third shooting underlines need for change in Nunavik,Nunatsiaq News,https://nunatsiaq.com/stories/article/third-shooting-underlines-need-for-change-in-nunavik/
V1-0579,SIU details chaos of Vaughan condo mass murder  clears officer who killed gunman,Toronto Star,https://www.thestar.com/news/gta/siu-details-chaos-of-vaughan-condo-mass-murder-clears-officer-who-killed-gunman/article_e061848b-846f-5437-8a6f-c43be48e1759.html
V1-0012,Man dies in custody,Prince George Citizen,https://www.proquest.com/canadiannews/docview/361533743/8B93A09303C4906PQ/16?accountid=14771&sourcetype=Newspapers
V1-0055,Man killed by police was a kind person  says his mother,The Province,https://www.proquest.com/canadiannews/docview/269355871/E91D52E487E04F21PQ/24?accountid=14771&sourcetype=Newspapers
V1-0055,Girlfriend says man shot by police officer 'gentle  kind',Coquitlam Now,https://www.proquest.com/canadiannews/docview/358475516/E91D52E487E04F21PQ/15?accountid=14771&sourcetype=Newspapers
V1-0022,`He had no right to shoot my husband',Saskatoon StarPhoenix,https://www.proquest.com/canadiannews/docview/348675887/818CF5B15F44EC0PQ/8?accountid=14771&sourcetype=Newspapers
V2-0942,Remand centre inmate who died after struggle was a 'friendly giant',CBC,https://www.cbc.ca/news/canada/manitoba/russell-spence-dies-struggle-remand-centre-1.3822179
V1-0316,Inquest begins Monday after SIU clears Toronto Police officers in man's death,CityNews,https://toronto.citynews.ca/2016/04/04/inquest-begins-monday-after-siu-clears-toronto-police-officers-in-mans-death/
V1-0311,Man dies after officer-involved shooting in Cold Lake,Global News,https://globalnews.ca/news/784634/asirt-investigating-officer-involved-shooting-in-cold-lake/
V1-0483,Manitoba watchdog clears 2 First Nations police force officers in fatal Long Plain shooting,CBC,https://www.cbc.ca/news/canada/manitoba/manitoba-first-nation-police-shooting-ben-richard-1.5577905
V1-0077,Inquest finds Taser wasn't a factor in man's death; No recommendations made by jury,Vancouver Sun,https://www.proquest.com/canadiannews/docview/242066163/33F85CB0C2724DBCPQ/1?accountid=14771&sourcetype=Newspapers
V1-0344,Man fatally shot by RCMP had a history of impaired driving,Kimberley Bulletin,https://www.kimberleybulletin.com/news/man-fatally-shot-by-rcmp-had-a-history-of-impaired-driving-5157929
V1-0437,Obstruction charge stayed for Prince George RCMP officer,CBC,https://www.cbc.ca/news/canada/british-columbia/clarence-macdonald-rcmp-obstruction-charge-stayed-1.7204424
V1-0204,Police officer never knew assailant was mentally challenged  inquest told,Barrie Examiner,https://www.simcoe.com/news/police-officer-never-knew-assailant-was-mentally-challenged-inquest-told/article_5469fe31-13ad-532e-a8fd-a18e79fa7d2a.html
V2-0822,Drinking  partying  arrest preceeded suicide in Nunavut police cell,Nunatsiaq News,https://nunatsiaq.com/stories/article/65674drinking_partying_arrest_preceeded_suicide_in_police_cell/
V1-0035,Family of Toronto police shooting victim question police actions,Hamilton Spectator,https://www.proquest.com/canadiannews/docview/270076906/D33A36884B3499EPQ/12?accountid=14771
V2-0803,Inquest determines death was suicide,Sarnia Observer,https://www.proquest.com/canadiannews/docview/2216394224/81D4B6C2EFAE41E7PQ/12?accountid=14771
V1-0444,Officer who shot Babak Saidi questioned about previous incident involving police,CBC,https://www.cbc.ca/news/canada/ottawa/babak-saidi-coroner-inquest-evidence-ends-1.6434364
V1-0534,Investigations of police shootings causing Indigenous deaths lack validity,Windspeaker,https://windspeaker.com/news/windspeaker-news/investigations-police-shootings-causing-indigenous-deaths-lack-validity
V1-0190,John Simon's widow unhappy with RCMP apology for Wagmatcook shooting,Global News,https://globalnews.ca/news/72552/john-simons-widow-unhappy-with-rcmp-apology-for-wagmatcook-shooting/
V1-0626,She needed medical help. Instead she died in police custody. 10 years later  her family wants accountability,CBC,https://www.cbc.ca/news/canada/manitoba/custody-death-okemow-1.6279895
V1-0522,SIU identifies 73-year-old man fatally shot by police in Haliburton County  Ont.,The Globe and Mail,https://www.theglobeandmail.com/canada/article-siu-identifies-73-year-old-man-fatally-shot-by-police-in-haliburton/
V1-0371,Inquests called in police-related shooting deaths of 2 men in Manitoba,CBC,https://www.cbc.ca/news/canada/manitoba/inquest-death-police-haki-sefa-steven-douglas-campbell-manitoba-1.3742798
V2-0683,Coroner's inquest scheduled into 2020 death of man after transfer from P.A. police custody to hospital,Saskatoon StarPhoenix,https://thestarphoenix.com/news/local-news/coroners-inquest-scheduled-into-2020-death-of-man-after-transfer-from-p-a-police-custody-to-hospital
V1-0420,Monitoring police interactions in Nunavut: the role of body cameras,Nunavut News,https://www.nunavutnews.com/home/monitoring-police-interactions-in-nunavut-the-role-of-body-cameras-7590120
V2-0680,Inquest told sergeant made fatal decision,Global News,https://globalnews.ca/news/933536/inquest-told-sergeant-made-fatal-decision/
V1-0165,Dustyhorn death a 'suicide by cop ' jury suggests,CBC,https://www.cbc.ca/news/canada/saskatchewan/dustyhorn-death-a-suicide-by-cop-jury-suggests-1.786180
V1-0367,Man killed in Winnipeg police-involved shooting was suicidal  family says,CBC,https://www.cbc.ca/news/canada/manitoba/man-killed-in-winnipeg-police-involved-shooting-was-suicidal-family-says-1.3237538
V1-0345,Man stabbing dog dies after being Tasered by Chilliwack RCMP,The Vancouver Sun,https://vancouversun.com/news/metro/man-dies-after-being-tasered-by-chilliwack-rcmp
V1-0051,On Trans Day of Visibility  community remembers Hamilton woman who died in 2003 after interaction with police,CBC,https://www.cbc.ca/news/canada/hamilton/chevranna-abdi-transgender-day-of-visibility-1.7495310
V1-0399,Judgement in case of officer charged with Oneida's woman's death expected Friday,APTN News,https://www.aptnnews.ca/national-news/judgement-in-case-of-officer-charged-with-oneidas-womans-death-expected-friday/
V1-0676,Police admit car speeding before Edmonton crash,Calgary Herald,https://www.proquest.com/canadiannews/docview/244485367/51DA3E3B8FFA476EPQ/14?accountid=14771&sourcetype=Newspapers
V1-0364,Toronto man shot dead in entertainment district wanted for first-degree murder,DurhamRegion.com,https://www.durhamregion.com/news/toronto-man-shot-dead-in-entertainment-district-wanted-for-first-degree-murder/article_7892d60b-6bbd-5ff0-80f3-b1895a2e6b5d.html
V2-0807,Jury counsels longer storage of body fluids,The Times Colonist,https://www.timescolonist.com/local-news/jury-counsels-longer-storage-of-body-fluids-4562830
V1-0395,Death of Abdirahman Abdi fuels calls for police training reforms,Global News,https://globalnews.ca/news/2852167/death-of-abdirahman-abdi-fuels-calls-for-police-training-reforms/
V1-0467,Nunavik police cleared in 12 provincial investigations,Nunatsiaq News,https://nunatsiaq.com/stories/article/nunavik-police-cleared-in-12-provincial-investigations/
V1-0421,Sanirajak inquest hears that housing is a factor in suicide,CBC,https://www.cbc.ca/news/canada/north/jeremy-nuvviaq-inquest-day-three-1.6371272
V1-0534,Police watchdog clears B.C. RCMP officer in shooting death of Indigenous man,Nelson Star,https://www.nelsonstar.com/news/police-watchdog-clears-b-c-rcmp-officer-in-shooting-death-of-indigenous-man-4908372
V1-0102,Man dies after airport arrest,Timmins Daily Press,https://www.proquest.com/canadiannews/docview/349457344/24500122C4BD4E50PQ/4?accountid=14771
V1-0440,No charges laid in RCMP-involved shooting of Brydon Bryce Whitstone,Saskatoon StarPhoenix,https://thestarphoenix.com/news/local-news/no-charges-laid-in-rcmp-involved-shooting-of-brydon-bryce-whitstone
V1-0324,Arkell fatal standoff led to armoured car purchase,Medicine Hat News,https://medicinehatnews.com/news/local-news/2022/06/15/arkell-fatal-standoff-led-to-armoured-car-purchase/
V1-0316,Inquest hears of final hours of man shot dead by Toronto police,Toronto Star,https://www.thestar.com/news/crime/inquest-hears-of-final-hours-of-man-shot-dead-by-toronto-police/article_aed566ff-af35-52f1-843d-c258d66f10a3.html
V1-0099,N.B. death after taser use being probed,The Globe and Mail,https://www.theglobeandmail.com/news/national/nb-death-after-taser-use-being-probed/article18226543/
V1-0153,Cops detail intense struggle to inquest,Alaska Highway News,https://www.proquest.com/canadiannews/docview/356435291/B2542A6CD204482APQ/3?accountid=14771&sourcetype=Newspapers
V2-0884,Inquest into death of Marlene Bear slated to begin in Creighton Aug. 21,Prince Albert Daily Herald,https://paherald.sk.ca/inquest-into-death-of-marlene-bear-slated-to-begin-in-creighton-aug-21/
V1-0396,Family with ties to Aaron Driver forced to clarify their relationship,The Globe and Mail,https://www.theglobeandmail.com/news/national/family-tied-to-aaron-driver-forced-to-clarify-their-relationship/article31440400/
V1-0525,Man shot and killed during interaction with OPP in Collingwood  SIU says,Toronto Star,https://www.thestar.com/news/canada/man-shot-and-killed-during-interaction-with-opp-in-collingwood-siu-says/article_54b72e0b-61da-5728-b166-9474cdeb515a.html
V1-0635,Coroner's inquest underway following police chase that resulted in suspect's death,Global News,https://globalnews.ca/news/5786289/inquest-saskatoon-police-chase-death/
V1-0088,Inquest set for Boxing Day police shooting,The Province,https://www.proquest.com/canadiannews/docview/269436367/5EEAF77600804313PQ/25?accountid=14771&sourcetype=Newspapers
V1-0137,Croatian army hero dies after scuffle with officers,The Globe and Mail,https://www.theglobeandmail.com/news/national/croatian-army-hero-dies-after-scuffle-with-officers/article972230/
V1-0200,Suspect dies after being shot by Ottawa police,CBC,https://www.cbc.ca/news/canada/ottawa/suspect-dies-after-being-shot-by-ottawa-police-1.833766
V1-0100,Woman credits cops with saving her life,Oshawa-Whitby-Clarington This Week,https://www.proquest.com/canadiannews/docview/362187979/9D0650C621DB4FB0PQ/3?accountid=14771&sourcetype=Newspapers
V1-0032,Widow files lawsuit against Regina police,Prince Albert Daily Herald,https://www.proquest.com/canadiannews/docview/2003219967/EB066E4B994267PQ/24?accountid=14771&sourcetype=Newspapers
V1-0028,Paramedic urges use of quicker tranquillizer,Regina Leader-Post,https://www.proquest.com/canadiannews/docview/349730183/62FB8D79DFF6422CPQ/2?accountid=14771&sourcetype=Newspapers
V2-0682,In-custody death results in Prince Albert police officer charged,Global News,https://globalnews.ca/news/9827486/prince-albert-police-officer-charged-in-custody-death/
V1-0484,Jury issues recommendations as Geoff Morris death inquest concludes,Global News,https://globalnews.ca/news/8104039/jury-issues-recommendations-as-geoff-morris-death-inquest-concludes/
V1-0341,TTC subway station robbed  man shot dead after police respond,CBC,https://www.cbc.ca/news/canada/toronto/ttc-subway-station-robbed-man-shot-dead-after-police-respond-1.2887098
V1-0581,Police watchdog investigating after man seriously injured during arrest by Prince Albert police,Saskatoon StarPhoenix,https://thestarphoenix.com/news/local-news/police-watchdog-investigating-after-man-seriously-injured-during-arrest-by-prince-albert-police
V2-0948,Inquest called into death of Barton jail inmate,Hamilton Spectator,https://www.proquest.com/canadiannews/docview/3214112280/FDBB505841C74A93PQ/5?accountid=14771&sourcetype=Blogs,%20Podcasts,%20&%20Websites
V1-0405,Megeney inquest recommendations will be implemented: Saskatoon police,Global News,https://globalnews.ca/news/5460174/joshua-megeney-inquest-saskatoon-police/
V1-0184,Police in 2008 'suicide by cop' were 'lawful and reasonable ' inquiry finds,CBC,https://www.cbc.ca/news/canada/calgary/police-in-2008-suicide-by-cop-were-lawful-and-reasonable-inquiry-finds-1.2735412
V1-0386,Police officer charged with manslaughter in death of Bony Jean-Pierre,CTV,https://www.ctvnews.ca/montreal/article/police-officer-charged-with-manslaughter-in-death-of-bony-jean-pierre/
V1-0593,Grande Prairie RCMP: armed driver killed  ASIRT investigating,The Daily Herald-Tribune,https://www.dailyheraldtribune.com/top-stories/grande-prairie-rcmp-shoot-armed-driver-asirt-investigating
V1-0508,'D'Andre deserved better ' family says of son shot and killed by Peel police,CBC,https://www.cbc.ca/news/canada/toronto/dandre-campbell-peel-police-fatal-shooting-siu-1.5845059
V2-0950,RCMP probes Cranbrook custody death,Prince George Citizen,https://www.proquest.com/canadiannews/docview/361876921/D331290309994DACPQ/29?accountid=14771&sourcetype=Newspapers
V1-0264,Abbotsford Police investigates bizarre incident,CityNews,https://vancouver.citynews.ca/2011/07/01/abbotsford-police-investigates-bizarre-incident/
V1-0417,Woman fatally injured during arrest by Gatineau police identified,CBC,https://www.cbc.ca/news/canada/ottawa/woman-dead-gatineau-bureau-enqu%C3%AAtes-ind%C3%A9pendantes-1.3952975
V1-0318,Vigil planned for Ajax man shot by police,Global News,https://globalnews.ca/news/1061852/family-of-man-killed-by-police-plans-vigil-to-draw-attention-to-police-shootings/
V1-0196,Drugs changed Welton  say friends  family,Cowichan Valley Citizen,https://www.proquest.com/canadiannews/docview/849416247/4F9316B3D92A4DC3PQ/17?accountid=14771&sourcetype=Newspapers
V1-0395,Inquest hears of Abdirahman Abdi's earlier life  mental health struggles in Canada,CBC,https://www.cbc.ca/news/canada/ottawa/inquest-hears-of-abdirahman-abdi-s-earlier-life-mental-health-struggles-in-canada-1.7375338
V2-0678,'Just horrid': Police watchdog investigating death of man in Grande Prairie RCMP cell,Global News,https://globalnews.ca/news/9070146/asirt-alberta-rcmp-grande-prairie-cell-death/
V1-0489,Man killed by police in Nova Scotia had ties to Moncton,Daily Gleaner,https://www.proquest.com/canadiannews/docview/2281629256/DFE21E03147740E4PQ/135?accountid=14771&sourcetype=Newspapers
V1-0444,Officers stand by plan to arrest Babak Saidi at OPP detachment  inquest hears,CBC,https://www.cbc.ca/news/canada/ottawa/babak-saidi-coroner-inquest-day-2-1.6425587
V1-0063,Slain man did repairs for officers; Man shot by police ran electronics shop Wounded sergeant in stable condition after surgery,Toronto Star,https://www.proquest.com/canadiannews/docview/438664167/35F0A61CD2C1488EPQ/15?accountid=14771&sourcetype=Newspapers
V1-0073,Cocaine led to death: CORONER'S JURY RULES: Drugs killed man  not Taser-gun blasts,The Province,https://www.proquest.com/canadiannews/docview/269412447/6CD99BC3B7E842B3PQ/8?accountid=14771&sourcetype=Newspapers
V1-0499,Peel police officers cleared in 2020 shooting death of Jamal Francique,The Globe and Mail,https://www.theglobeandmail.com/canada/article-peel-police-officers-cleared-in-2020-shooting-death-of-jamal-francique/
V1-0491,Coroner's inquest called into Sask. RCMP shooting of Lucien Silverquill,CBC,https://www.cbc.ca/news/canada/saskatoon/saskatchewan-coroner-s-inquest-lucien-silverquill-1.6032808
V1-0012,Man dies as he is being arrested,The Province,https://www.proquest.com/canadiannews/docview/269253012/A773E5184F984802PQ/2?accountid=14771&sourcetype=Newspapers
V2-0855,Inquest hears OPP claim that man died of overdose after arrest,BayToday,https://www.baytoday.ca/local-news/inquest-hears-opp-claim-that-man-died-of-overdose-after-arrest-1136272
V1-0572,Student dies following Monday's shooting at auto body shop in Milton,CBC,https://www.cbc.ca/news/canada/toronto/satwinder-singh-milton-shooting-victim-1.6586894
V1-0298,OPP officer cleared in shooting death,The Peterborough Examiner,https://www.thepeterboroughexaminer.com/news/opp-officer-cleared-in-shooting-death/article_9ec09e02-73b8-5b35-972c-be524d827173.html
V1-0178,'Nobody deserves to die that way ' dad says of teen hit with Taser,CBC,https://www.cbc.ca/news/canada/nobody-deserves-to-die-that-way-dad-says-of-teen-hit-with-taser-1.718181
V2-0890,Woman  58  dies in White Rock RCMP custody,Peace Arch News,https://www.peacearchnews.com/news/woman-58-dies-in-white-rock-rcmp-custody-2789168
V1-0179,Surrey man dies in police custody,Surrey Leader,https://www.proquest.com/canadiannews/docview/373096445/7B57D5E2BED24D51PQ/2?accountid=14771&sourcetype=Newspapers
V1-0019,Officer felt he had to shoot  police say,Edmonton Journal,https://www.proquest.com/canadiannews/docview/252864484/CD307489238948F6PQ/6?accountid=14771&sourcetype=Newspapers
V1-0594,Witness alleges Winnipeg police fatally shot unarmed man without warning,CBC,https://www.cbc.ca/news/canada/manitoba/witness-alleges-police-fatally-shot-unarmed-man-1.7051643
V1-0373,Alberta police watchdog says cop had 'little option' than to shoot Edmonton man in December,Global News,https://globalnews.ca/news/3089612/alberta-police-watchdog-says-cop-had-little-option-than-to-shoot-edmonton-man-in-december/
V1-0513,Armed man killed in confrontation with Clyde River RCMP,Victoria News,https://www.vicnews.com/home2/armed-man-killed-in-confrontation-with-clyde-river-rcmp-8155266
V1-0088,Three of 12 bullets police fired into attacker were fatal,The Province,https://www.proquest.com/canadiannews/docview/269434927/5EEAF77600804313PQ/19?accountid=14771&sourcetype=Newspapers
V1-0017,Suspect died of heart attack: Autopsy,The Province,https://www.proquest.com/canadiannews/docview/269253492/C61D48D8FDCB41EEPQ/4?accountid=14771&sourcetype=Newspapers
V1-0237,TTC Bus driver recounts moments before police shot mentally ill man with knife,National Post,https://nationalpost.com/news/toronto/ttc-bus-driver-recounts-moments-before-police-shot-mentally-ill-man-with-knife
V2-0682,P. A. police officer charged in Saul Laliberte's death back in court,SaskToday,https://www.sasktoday.ca/crime-cops-court/p-a-police-officer-charged-in-saul-lalibertes-death-back-in-court-7832919
V1-0644,Three OPP officers charged with manslaughter in 2020 death of boy in police shooting,Ottawa Citizen,https://ottawacitizen.com/news/national/three-opp-officers-charged-with-manslaughter-in-2020-death-of-boy-in-police-shooting
V1-0364,Police identify second suspect in fatal double shooting,CTV,https://www.ctvnews.ca/toronto/article/police-identify-second-suspect-in-fatal-double-shooting/
V1-0138,Pelletier death by police sniper needs deeper examination: family,CBC,https://www.cbc.ca/news/canada/saskatchewan/pelletier-death-by-police-sniper-needs-deeper-examination-family-1.861608
V1-0373,ASIRT clears Edmonton police in 2015 death of man suffering psychotic drug episode,Edmonton Journal,https://edmontonjournal.com/news/crime/asirt-clears-edmonton-police-in-2015-death-of-man-following-struggle
V1-0082,Toronto hostage-taker had history of domestic violence: reports,CBC,https://www.cbc.ca/news/canada/toronto-hostage-taker-had-history-of-domestic-violence-reports-1.500107
V2-0782,Use video of man's intoxication death as a training tool: inquiry,Edmonton Journal,https://www.proquest.com/canadiannews/docview/912408783/699F96FFAEBC4BB0PQ/1?accountid=14771&sourcetype=Newspapers
V2-0826,Inquest into death of Nunavut man begins May 2,Nunatsiaq News,https://nunatsiaq.com/stories/article/65674inquest_into_death_of_nunavut_man_begins_may_2/
V2-0869,Inquest jury urges RCMP to review detention policies after Secwe̓pemc man died in custody,APTN News,https://www.aptnnews.ca/national-news/inquest-jury-urges-rcmp-to-review-detention-policies-after-secwe̓pemc-man-died-in-custody/
V1-0129,Victims can't sue SIU for negligence,Toronto Star,https://www.thestar.com/news/crime/2011/04/08/victims_cant_sue_siu_for_negligence.html
V1-0499,No grounds to charge Peel officer in fatal shooting of Jamal Francique  SIU says,CBC,https://www.cbc.ca/news/canada/toronto/siu-jamal-francique-1.5880683
V1-0225,SIU rules on police shooting at Lac Seul First Nations community,Daily Miner and News,https://www.proquest.com/canadiannews/docview/2195219026/E0D3AFD47B7C42F5PQ/28?accountid=14771&sourcetype=Newspapers
V1-0239,Toronto Police officer cleared of murder charge,The Toronto Sun,https://torontosun.com/2013/03/01/toronto-police-officer-cleared-of-murder-charge
V1-0509,Inquest into death of Eishia Hudson to look at systemic racism  use of force,CTV,https://www.ctvnews.ca/winnipeg/article/inquest-into-death-of-eishia-hudson-to-look-at-systemic-racism-use-of-force/
V1-0358,2 guns found near man shot and killed by Alberta RCMP,Edmonton Sun,https://edmontonsun.com/2015/05/25/2-guns-found-near-man-shot-and-killed-by-alberta-rcmp
V1-0572,GTA rampage killer 'staked out' Tim Hortons  tried to kill eight  wore ballistic armour and had 'generous supply' of ammo: SIU,Toronto Star,https://www.thestar.com/news/gta/gta-rampage-killer-staked-out-tim-hortons-tried-to-kill-eight-wore-ballistic-armour-and/article_d617f31e-e727-5ee7-b2b2-203d07fc48d5.html
V2-0944,Inquest called into RCMP shooting death of hitchhiker,Winnipeg Sun,https://www.proquest.com/canadiannews/docview/2856487575/29DE5D32EBEF4598PQ/72?accountid=14771&sourcetype=Blogs,%20Podcasts,%20&%20Websites
V1-0371,Woman injured in fatal police-related shooting glad officer has been charged,CBC,https://www.cbc.ca/news/canada/manitoba/lori-flett-rcmp-thompson-shooting-1.4007686
V2-0889,32-year old inmate dies at Regional Psychiatric Centre in Saskatoon,CBC,https://www.cbc.ca/news/canada/saskatchewan/inmate-dies-regional-psychiatric-centre-1.5144713
V1-0458,MANDEL: 'It felt like a torpedo ' says Toronto cop who survived shootout,Toronto Sun,https://torontosun.com/news/local-news/mandel-it-felt-like-a-torpedo-says-cop-who-survived-shootout
V1-0024,Man's strength scared officer: In throes of rage  schizophrenic man lashed out at police: FATALITY INQUIRY,Edmonton Journal,https://www.proquest.com/canadiannews/docview/252969387/6AFEFD5454904B23PQ/8?accountid=14771&sourcetype=Newspapers
V1-0132,The newest Taser target - children,Red Deer Advocate,https://www.reddeeradvocate.com/opinion/the-newest-taser-target-children-7053996
V1-0026,Police emergency response team to test stun guns,Saskatoon Star-Phoenix,https://www.proquest.com/canadiannews/docview/348743477/6394D4EAEDBD418APQ/7?accountid=14771&sourcetype=Newspapers
V1-0472,RNC officer who fatally shot Corner Brook man is back on duty,PNI Atlantic News,https://www.saltwire.com/nova-scotia/rnc-officer-who-fatally-shot-corner-brook-man-is-back-on-duty-512053
V1-0027,Hit by police van  cyclist dies,The Globe and Mail,https://www.proquest.com/canadiannews/docview/384116572/fulltext/EF182F438D3F4D06PQ/1?accountid=14771&sourcetype=Newspapers
V1-0417,Gatineau woman dies after police called to her apartment  watchdog reports,Ottawa Citizen,https://ottawacitizen.com/news/local-news/gatineau-woman-dies-after-police-called-to-her-apartment-watchdog-reports
V1-0088,Sister of man shot by police seeks public help,Vancouver Sun,https://www.proquest.com/canadiannews/docview/242270247/5EEAF77600804313PQ/3?accountid=14771&sourcetype=Newspapers
V1-0629,VicPD officer suspended 7 days with no pay for 2019 death of Victoria woman,Vancouver Island Free Daily,https://www.vancouverislandfreedaily.com/local-news/vicpd-officer-suspended-7-days-with-no-pay-for-2019-death-of-victoria-woman-8068455
V1-0168,Schizophrenic lunged at officers with knife  inquest told,The Globe and Mail,https://www.theglobeandmail.com/news/toronto/schizophrenic-lunged-at-officers-with-knife-inquest-told/article4326554/
V2-0768,Donald Musselman  convicted killer of Ottawa's Markland Campbell  dies in custody,CTV,https://www.ctvnews.ca/ottawa/article/donald-musselman-convicted-killer-of-ottawas-markland-campbell-dies-in-custody/
V1-0206,Area man identified as driver shot  killed by OPP near Brockville,Ottawa Citizen,https://www.proquest.com/canadiannews/docview/241370252/D3FF60126CD84858PQ/4?accountid=14771&sourcetype=Newspapers
V1-0364,Toronto man killed by police was wanted for double murder,CBC,https://www.cbc.ca/news/canada/toronto/headlines/toronto-man-killed-by-police-was-wanted-for-double-murder-1.3167630
V1-0099,Victim's family upset at probe pace,Vancouver Sun,https://www.proquest.com/canadiannews/docview/242190170/A86B1543E8494E0CPQ/20?accountid=14771&sourcetype=Newspapers
V1-0586,Man declared brain dead after being stun-gunned multiple times by Prince Albert police taken off life-support,CBC,https://www.cbc.ca/news/canada/saskatchewan/prince-albert-police-sirt-umpherville-1.6823509
V1-0646,Cochrane man shot dead by Mounties had fired at RCMP armoured vehicle: ASIRT,Cochrane Times,https://www.cochranetimes.com/news/local-news/cochrane-man-shot-dead-by-mounties-had-fired-at-rcmp-armoured-vehicle-asirt
V1-0573,Montreal's Chinese community demands answers after man killed by police,CBC,https://www.cbc.ca/news/canada/montreal/montreal-chinese-community-ronny-kay-death-answers-1.6658389
V1-0080,Saanich will appeal ruling that found police officer 'grossly negligent' in Camaso death,Oak Bay News,https://www.oakbaynews.com/news/saanich-will-appeal-ruling-that-found-police-officer-grossly-negligent-in-camaso-death-441089
V1-0360,Black Lives Matter Toronto 'very encouraged' by inquest into Andrew Loku's death,CBC,https://www.cbc.ca/news/canada/toronto/black-lives-matter-1.3540279
V1-0169,SIU clears officer in fatal shooting; Weapon inadvertently discharged during struggle killing addict in pharmacy break-in  director rules,Toronto Star,https://www.proquest.com/canadiannews/docview/439516018/4CCE8166A0E24294PQ/6?accountid=14771
V1-0338,Fatality inquiry probing disabled man's in-custody death,Edmonton Journal,https://edmontonjournal.com/news/local-news/fatality-inquiry-to-probe-disabled-mans-in-custody-death
V2-0935,Man arrested in good health found dead 1 week later in London's Elgin-Middlesex Detention Centre,CBC,https://www.cbc.ca/news/canada/london/man-arrested-in-good-health-found-dead-1-week-later-in-london-s-elgin-middlesex-detention-centre-1.6656117
V1-0268,Mother's cry 'really confused me ' officer tells inquest into disabled man's death,Toronto Star,https://www.thestar.com/news/crime/mother-s-cry-really-confused-me-officer-tells-inquest-into-disabled-man-s-death/article_a9db8617-8709-5660-a1ce-d138feb647ef.html
V1-0338,Trevor Proudman  Edmonton man with behaviour disorder  dies after being left in police van,CBC,https://www.cbc.ca/news/canada/edmonton/trevor-proudman-edmonton-man-with-behaviour-disorder-dies-after-being-left-in-police-van-1.2835099
V2-0797,Alberta hospitals remove hand sanitizer bottles after death of drunken man,Global News,https://globalnews.ca/news/410757/alberta-hospitals-remove-hand-sanitizer-bottles-after-death-of-drunken-man-4/
V1-0180,Police officer feared for his life before he shot and killed Craig McDougall  inquest hears,CBC,https://www.cbc.ca/news/canada/manitoba/police-fatal-shooting-craig-mcdougall-inquest-1.3861981
V2-0778,Man found dead in Thompson jail cell,CBC,https://www.cbc.ca/news/canada/manitoba/man-found-dead-in-thompson-jail-cell-1.719976
V1-0137,Croatian hero hurt in transit scuffle,The Globe and Mail,https://www.theglobeandmail.com/news/national/croatian-hero-hurt-in-transit-scuffle/article20417015/
V1-0416,Police acted reasonably in shooting death of Alberta murder suspect,CTV,https://calgary.ctvnews.ca/police-acted-reasonably-in-shooting-death-of-alberta-murder-suspect-1.4455242
V1-0045,Police probe launched after man's death,The Globe and Mail,https://www.proquest.com/canadiannews/docview/384139267/6D52E64269994291PQ/1?accountid=14771&sourcetype=Newspapers
V1-0495,SIU still investigating police-involved death of 30-year-old man in Mississauga,INsauga,https://www.insauga.com/siu-still-investigating-police-involved-death-of-30-year-old-man-in-mississauga/
V1-0164,Standing hearing for 'suicide by cop' inquest to be held in early 2017,CBC,https://www.cbc.ca/news/canada/manitoba/hearing-suicide-cop-inquest-roy-thomas-bell-1.3882836
V1-0612,People take to the streets in Montreal to protest shooting of Papigatuk twins,APTN News,https://www.aptnnews.ca/national-news/people-take-to-the-streets-in-montreal-to-protest-shooting-of-papigatuk-twins/
V1-0310,Fatality inquiry into RCMP shooting of Lance Cutarm makes no recommendations,CBC,https://www.cbc.ca/news/canada/edmonton/fatality-inquiry-rcmp-shooting-lance-cutarm-1.3984371
V1-0077,No charges against police in Taser death,CBC,https://www.cbc.ca/news/canada/british-columbia/no-charges-against-police-in-taser-death-1.555105
V1-0510,Families await answers in three fatal shootings of Indigenous people by Winnipeg police this spring,The Globe and Mail,https://www.theglobeandmail.com/canada/article-families-await-answers-in-three-fatal-shootings-of-indigenous-people/
V1-0048,Cop fired shots after seeing gun,Vancouver Sun,https://www.proquest.com/canadiannews/docview/242441285/1ABB95FCBFE44D25PQ/2?accountid=14771&sourcetype=Newspapers
V2-0784,Yukon Supreme Court quashes Silverfox inquest ruling,CBC,https://www.cbc.ca/news/canada/north/yukon-supreme-court-quashes-silverfox-inquest-ruling-1.1181832
V1-0586,Family of man tased by police looking for justice,paNOW,https://panow.com/2023/04/21/family-of-man-tased-by-police-looking-for-justice/
V1-0386,Police officer acquitted in fatal shooting of Bony Jean-Pierre in Montréal-Nord,CBC,https://www.cbc.ca/news/canada/montreal/police-officer-christian-gilbert-acquitted-death-bony-jean-pierre-montreal-north-1.5900792
V1-0253,No charges for Mountie in 2011 fatal shooting,The Brandon Sun,https://www.brandonsun.com/local/2012/02/16/no-charges-for-mountie-in-2011-fatal-shooting
V1-0534,First Nations leader expresses frustration as police cleared in another shooting of an Indigenous person,The Vancouver Sun,https://vancouversun.com/news/local-news/first-frustration-police-cleared-shooting-indigenous-person
V1-0332,Family continues to fight Peel Police in court over death of Brampton man,Brampton Guardian,https://www.bramptonguardian.com/news/family-continues-to-fight-peel-police-in-court-over-death-of-brampton-man/article_8bf5d3f9-5a4b-54dd-b086-cedad38dc050.html
V1-0554,Alberta police watchdog says 2022 police shooting of Calgary man was 'reasonable',CBC,https://www.cbc.ca/news/canada/calgary/calgary-police-sudanese-latjor-tuel-asirt-report-1.7235526
V1-0174,Inquest hears Simcoe man's drug use  not Taser  caused death,Hamilton Spectator,https://www.proquest.com/canadiannews/docview/758945469/6E7C8A9327A54475PQ/9?accountid=14771&sourcetype=Newspapers
V1-0073,Taser necessary to safely restrain man  police officer says,Vancouver Sun,https://www.proquest.com/canadiannews/docview/242222801/6CD99BC3B7E842B3PQ/5?accountid=14771&sourcetype=Newspapers
V1-0440,5 days into death inquest  question remains: Why didn't Brydon Whitstone stop for RCMP?,CBC,https://www.cbc.ca/news/canada/saskatoon/brydon-whitstone-rcmp-shooting-1.4936258
V2-0762,Drug overdose in police custody accidental  inquest rules,CBC,https://www.cbc.ca/news/canada/british-columbia/drug-overdose-in-police-custody-accidental-inquest-rules-1.753266
V2-0769,Alberta judge calls for better treatment of people in custody with mental issues,Global News,https://globalnews.ca/news/208471/alberta-judge-calls-for-better-treatment-of-people-in-custody-with-mental-issues/
V1-0012,Dealer high on cocaine at time of police tussle,Times-Colonist,https://www.proquest.com/canadiannews/docview/345801348/A773E5184F984802PQ/7?accountid=14771&sourcetype=Newspapers
V1-0178,Without Taser  cop says he would have used gun,The Winnipeg Sun,https://winnipegsun.com/2014/04/09/without-taser-cop-says-he-would-have-used-gun
V1-0508,Watchdog finds 'no basis' to charge Peel officer in death of 26-year-old Brampton man in crisis,Global News,https://globalnews.ca/news/7520680/officer-no-charges-dandre-campbell-death-brampton-siu/
V1-0055,B.C. family to Iran: Don't 'use us',Ottawa Citizen,https://www.proquest.com/canadiannews/docview/240697706/E91D52E487E04F21PQ/1?accountid=14771&sourcetype=Newspapers
V1-0461,Her son was killed by provincial police  now this Lac-Brome mother wants answers,CBC,https://www.cbc.ca/news/canada/montreal/riley-fairholm-fatal-provincial-police-1.4931845
V1-0494,Okanagan family sues  seeking answers in son's police-involved death,Global News,https://globalnews.ca/news/9651012/okanagan-family-sues-son-police-involved-death/
V1-0278,Family wants Toronto police shooting ruling overturned,CBC,https://www.cbc.ca/news/canada/toronto/family-wants-toronto-police-shooting-ruling-overturned-1.1343850
V1-0037,Protect women from violence in public places,Guelph Mercury-Tribune,https://www.proquest.com/canadiannews/docview/355661629/21BDDD23069D43FAPQ/5?accountid=14771&sourcetype=Newspapers
V2-0810,Intoxicated man's death in custody being reviewed by provincial team,Calgary Herald,https://www.proquest.com/canadiannews/docview/870268329/A1239D9A97E0482BPQ/54?accountid=14771&sourcetype=Newspapers
V1-0257,'Shoot me  shoot me': Inquiry begins into case of man killed by Edmonton police officer,Edmonton Journal,https://edmontonjournal.com/news/local-news/shoot-me-shoot-me-inquiry-begins-into-case-of-man-killed-by-edmonton-police-officer
V1-0211,IHIT Identifies Man Killed in Vancouver Police Shooting,The Vancouver Sun,https://vancouversun.com/news/staff-blogs/ihit-identifies-man-killed-in-vancouver-police-shooting
V1-0224,Teen died quickly in police custody,Toronto Star,https://www.thestar.com/news/crime/teen-died-quickly-in-police-custody/article_dbdd4915-eeaf-51a3-b906-43964f5a5183.html
V1-0499,Family of man killed by Peel police files $101-million lawsuit,Toronto Star,https://www.thestar.com/news/gta/family-of-man-killed-by-peel-police-files-101-million-lawsuit/article_12451ecc-6c36-5602-a801-c5a161f8c8d7.html
V1-0126,No choice but to shoot teen  officer tells inquest,CBC,https://www.cbc.ca/news/canada/toronto/no-choice-but-to-shoot-teen-officer-tells-inquest-1.623264
V1-0612,New head of Quebec police watchdog hopes for better communication with Nunavik,Nunatsiaq News,https://nunatsiaq.com/stories/article/new-head-of-quebec-police-watchdog-hopes-for-better-communication-with-nunavik/
V1-0407,Toronto police say no one died from a Taser in 2016 - but a prominent lawyer disagrees,CBC,https://www.cbc.ca/news/canada/toronto/tasers-not-safe-or-effective-say-critics-1.4038736
V2-0890,Woman's death in B.C. RCMP holding cell was preventable  report finds,Global News,https://globalnews.ca/news/10530451/bc-womans-death-rcmp-holding-cell-preventable/
V1-0253,RCMP shooting victim's family suing officers,Winnipeg Sun,https://global-factiva-com.myaccess.library.utoronto.ca/redir/default.aspx?P=sa&NS=16&AID=9UNI011000&an=WPGSUN0020130318e93i0000e&drn=drn%3aarchive.newsarticle.WPGSUN0020130318e93i0000e&cat=a&ep=ASI
V1-0495,SIU clears three Peel officers in death of Mississauga man with mental illness who was tasered,The Globe and Mail,https://www.theglobeandmail.com/canada/toronto/article-siu-clears-three-peel-officers-in-death-of-mississauga-man-with-mental/
V1-0505,RCMP release account after Mountie cleared in fatal shooting of Inuk artist,APTN News,https://www.aptnnews.ca/national-news/rcmp-release-account-after-mountie-cleared-in-fatal-shooting-of-inuk-artist-attachie-ashoona/
V1-0656,More questions raised about death of Winnipeg teen in police custody,CBC,https://www.cbc.ca/news/canada/manitoba/more-questions-raised-about-death-of-winnipeg-teen-in-police-custody-1.659786
V1-0077,Police never mentioned using Taser on man who died  mother says,CBC,https://www.cbc.ca/news/canada/british-columbia/police-never-mentioned-using-taser-on-man-who-died-mother-says-1.607416
V1-0463,ASIRT clears RCMP  Edmonton police officers in deaths where controversial 'excited delirium syndrome' was a factor,Edmonton Journal,https://edmontonjournal.com/news/local-news/asirt-clears-rcmp-edmonton-police-officers-in-deaths-where-controversial-excited-delirium-syndrome-was-a-factor
V1-0307,MANDEL: Would police martial arts training have saved Sammy Yatim?,Toronto Sun,https://www.proquest.com/canadiannews/docview/2917947173/29DE5D32EBEF4598PQ/23?accountid=14771&sourcetype=Blogs,%20Podcasts,%20&%20Websites
V1-0437,'Our family can feel at ease': Aaron Prince inquest ends with 7 recommendations,CHEK News,https://cheknews.ca/our-family-can-feel-at-ease-aaron-prince-inquest-ends-with-7-recommendations-1177094/
V2-0862,Jury at inquest into death of man who died at Barton jail makes 18 recommendations,Stoney Creek News,https://www.thespec.com/news/hamilton-region/jury-at-inquest-into-death-of-man-who-died-at-barton-jail-makes-18-recommendations/article_e178b9ea-ea63-50cf-84fd-47436ac845d9.html
V1-0544,RCMP cleared in Okanagan campground death of B.C. man with gang ties,Victoria News,https://www.vicnews.com/news/rcmp-cleared-in-okanagan-campground-death-of-b-c-man-with-gang-ties-89175
V2-0835,Manitoba inquest questions seizure of clothing from man who died in custody,CBC,https://www.cbc.ca/news/canada/manitoba/inquest-death-police-custody-christopher-chastellaine-1.4537100
V1-0603,Family of man killed by officer demand accountability from Edmonton police,CBC,https://www.cbc.ca/news/canada/edmonton/family-of-man-killed-by-officer-demand-accountability-from-edmonton-police-1.7265351
V1-0316,Inquest will be held in Toronto police fatally shooting mentally ill man who had pellet gun,Toronto Star,https://www.thestar.com/news/crime/inquest-will-be-held-in-toronto-police-fatally-shooting-mentally-ill-man-who-had-pellet/article_a23b9e6f-e66d-513e-bef7-3cd7d770b9ef.html
V1-0331,Dense forest and no communication  factors in death of man shot by RCMP  inquest hears,CBC,https://www.cbc.ca/news/canada/british-columbia/thick-woods-contributed-to-death-of-man-1.5218513
V1-0576,Man killed by Saskatoon police was shot by officers earlier this year,CTV,https://www.ctvnews.ca/saskatoon/article/man-killed-by-saskatoon-police-was-shot-by-officers-earlier-this-year/
V1-0445,Paulossie Crow responds to son's death at the hands of police,Nunatsiaq News,https://nunatsiaq.com/stories/article/paulossie-crow-responds-to-sons-death-at-the-hands-of-police/
V1-0559,'Gentle souls' mourned at vigil for murdered mom  daughter,CBC,https://www.cbc.ca/news/canada/ottawa/vigil-anne-marie-jasmine-catherine-ready-anoka-street-stabbing-ottawa-1.6509123
V2-0884,Sask. family demands answers after 2nd member dies in police custody,APTN News,https://www.aptnnews.ca/national-news/sask-family-demands-answers-after-2nd-member-dies-in-police-custody/
V1-0017,Challenge to police hearings denied,The Globe and Mail,https://www.proquest.com/canadiannews/docview/383540404/C61D48D8FDCB41EEPQ/13?accountid=14771&sourcetype=Newspapers
V1-0555,Alberta police watchdog clears Edmonton officers involved in 2022 double fatal shooting,CBC,https://www.cbc.ca/news/canada/edmonton/asirt-decision-clears-eps-officers-double-fatal-1.7408193
V1-0103,Inquest says Mounties should review training,Prince Rupert Daily News,https://www.proquest.com/canadiannews/docview/358013536/F801407D58FF4447PQ/10?accountid=14771&sourcetype=Newspapers
V2-0935,Another inmate at London  Ont.  jail dies  after being found unresponsive,CBC,https://www.cbc.ca/news/canada/london/inmate-london-dead-1.6582681
V1-0471,Drugs  delusions and death: Coroner's inquest into 2018 Mill Bay man fatally shot by police begins,CHEK News,https://cheknews.ca/drugs-delusions-and-death-coroners-inquest-into-2018-mill-bay-man-fatally-shot-by-police-begins-1201964/
V1-0444,Coroner's inquest hears Babak Saidi was considered 'high risk' by OPP,CBC,https://www.cbc.ca/news/canada/ottawa/babak-saidi-coroner-inquest-day-1-1.6425412
V1-0608,Blood Tribe chief calls for public inquiry into death of Jon Wells,Calgary Herald,https://www.proquest.com/canadiannews/docview/3117990788/A1239D9A97E0482BPQ/12?accountid=14771&sourcetype=Blogs,%20Podcasts,%20&%20Websites
V1-0408,Inquest: Suspect in Vancouver Canadian Tire attack was shot and Tasered multiple times,Kimberley Bulletin,https://www.kimberleybulletin.com/news/inquest-suspect-in-vancouver-canadian-tire-attack-was-shot-and-tasered-multiple-times-5224110
V1-0542,Family of Indigenous man killed by Campbell River RCMP files civil suit,The Chilliwack Progress,https://www.theprogress.com/news/family-of-indigenous-man-killed-by-campbell-river-rcmp-files-civil-suit-1943334
V2-0952,As Chris Van Camp's mother awaits verdict in son's killing  she calls on feds for clarity on Good Samaritan Overdose Act,Saskatoon StarPhoenix,https://www.proquest.com/canadiannews/docview/2371406091/9E30C5D1E9BE4286PQ/12?accountid=14771&sourcetype=Blogs,%20Podcasts,%20&%20Websites
V2-0737,Woman who died in cell had health issues,Fort McMurray Today,https://www.proquest.com/canadiannews/docview/2181872367/142730199F3D4CBAPQ/6?accountid=14771
V1-0003,Police investigated in death of homeless man,St. Catharines Standard,https://www.proquest.com/canadiannews/docview/349258721/DDAA324B1FB6490CPQ/2?accountid=14771&sourcetype=Newspapers
V1-0379,Toronto officer faces 3 misconduct charges stemming from High Park suicide,Toronto.com,https://www.toronto.com/news/toronto-officer-faces-3-misconduct-charges-stemming-from-high-park-suicide/article_567a918f-6b5f-51d0-acc3-9c17942eca72.html
V1-0550,Family wants answers after man shot and killed by RCMP on Montreal Lake Cree Nation,National Post,https://nationalpost.com/news/local-news/family-wants-answers-after-man-shot-and-killed-by-rcmp-on-montreal-lake-cree-nation
V1-0018,Officer who fired fatal shot off duty; Two members of Amherstburg police force off on stress leave  chief confirms,Windsor Star,https://www.proquest.com/canadiannews/docview/254372055/9228828E3B2A487BPQ/5?accountid=14771&sourcetype=Newspapers
V2-0861,Inquest begins into woman's death at RCMP detachment in 2017,CTV,https://www.ctvnews.ca/regina/article/inquest-begins-into-womans-death-at-rcmp-detachment-in-2017/
V1-0186,Report blames drugs  not Taser  for man's death,Edmonton Sun,https://edmontonsun.com/2012/06/20/report-blames-drugs-not-taser-for-mans-death
V1-0101,Stabbings kill woman  62  injure daughter; Neighbours watch in horror through patio door as woman attacked: [ONT Edition],Toronto Star,https://www.proquest.com/canadiannews/docview/438818700/C926DE0A3F3F44ACPQ/3?accountid=14771&sourcetype=Newspapers
V1-0431,Police watchdog investigating fatal police shooting in Quebec,CityNews,https://toronto.citynews.ca/2017/08/10/police-watchdog-investigating-fatal-police-shooting-in-quebec/
V1-0056,Willey video release sought,Prince George Citizen,https://www.proquest.com/canadiannews/docview/361922252/A7498A6D0CA34FBFPQ/6?accountid=14771&sourcetype=Newspapers
V1-0477,Inquest called into police-involved shooting of Indigenous man,APTN News,https://www.aptnnews.ca/national-news/inquest/
V2-0844,ASIRT investigates death of prisoner in Edmonton police custody,Global News,https://globalnews.ca/news/2300423/asirt-investigates-death-of-prisoner-in-edmonton-police-custody/
V2-0937,Edward Snowshoe's family files wrongful death lawsuit,The Globe and Mail,https://www.theglobeandmail.com/canada/article-edward-snowshoes-family-files-wrongful-death-lawsuit/
V1-0327,Community of St. Paul in shock over shooting events,CBC,https://www.cbc.ca/news/canada/edmonton/community-of-st-paul-in-shock-over-shooting-events-1.2639268
V1-0025,Police review is welcome,Edmonton Journal,https://www.proquest.com/canadiannews/docview/252812187/51DA3E3B8FFA476EPQ/9?accountid=14771&sourcetype=Newspapers
V1-0676,Boy hit during police chase dies,CBC,https://www.cbc.ca/news/canada/boy-hit-during-police-chase-dies-1.288837
V1-0635,Inquest into death of Austin Eaglechief concludes with recommendations for SPS,Global News,https://globalnews.ca/news/5805638/inquest-into-death-of-austin-eaglechief-reaches-day-4/
V1-0083,Newspaper should apologize,Kingston Whig-Standard,https://www.proquest.com/canadiannews/docview/352723138/8918D4395BD64E1APQ/26?accountid=14771&sourcetype=Newspapers
V1-0356,Inquiry judge wants police to have more crisis-intervention training in wake of Edmonton shooting,CBC,https://www.cbc.ca/news/canada/edmonton/edmonton-police-shooting-fatality-inquiry-michael-perreault-1.4554165
V2-0923,'He could have been alive today': family testifies at police custody deaths inquest,APTN News,https://www.aptnnews.ca/national-news/he-could-have-been-alive-today-family-testifies-at-police-custody-deaths-inquest/
V1-0603,Mathios Arkangelo killing: Community leaders dismayed after officer who shot man returns to active duty,Edmonton Journal,https://edmontonjournal.com/news/crime/mathios-arkangelo-killing-edmonton
V1-0100,'If they hadn't been there  I'd be dead'; Woman recalls attack before police shooting Man beat up her friend  then forced her inside: [ONT Edition],Toronto Star,https://www.proquest.com/canadiannews/docview/438833074/9D0650C621DB4FB0PQ/2?accountid=14771&sourcetype=Newspapers
V2-0784,Yukon family calls for inquiry into death in RCMP jail,The Globe and Mail,https://www.theglobeandmail.com/news/national/yukon-family-calls-for-inquiry-into-death-in-rcmp-jail/article1371767/
V1-0481,Police shot Surrey hostage by accident during standoff: IIO,Global News,https://globalnews.ca/news/6764505/watchdog-clears-surrey-rcmp-standoff-death/
V1-0017,Publication ban imposed at inquest of man involved in confrontation with police,Vancouver Sun,https://www.proquest.com/canadiannews/docview/242319418/C61D48D8FDCB41EEPQ/3?accountid=14771&sourcetype=Newspapers
V1-0284,Felix Taqqaugaq inquest: Priest recalls a good father who struggled with mental health,CBC,https://www.cbc.ca/news/canada/north/felix-taqqaugaq-day-3-coroner-s-inquest-1.3836780
V1-0092,Dumas family sues Winnipeg police for wrongful death,CBC,https://www.cbc.ca/news/canada/manitoba/dumas-family-sues-winnipeg-police-for-wrongful-death-1.637764
V1-0612,'Should never have ended like that': Inuk man killed by police in northern Quebec,Global News,https://globalnews.ca/news/10856797/quebec-police-shooting-nunavik/
V1-0510,Officers acted appropriately in fatal domestic dispute shooting  inquest judge concludes,Winnipeg Free Press,https://www.winnipegfreepress.com/breakingnews/2025/03/12/officers-acted-appropriately-in-fatal-domestic-dispute-shooting-inquest-judge-concludes
V1-0546,Inquest announced into death of Fergus man shot by OPP,CTV,https://www.ctvnews.ca/kitchener/article/inquest-announced-into-death-of-fergus-man-shot-by-opp/
V1-0549,Gunsmith's family files $23M lawsuit over fatal police shooting,London Free Press,https://lfpress.com/news/local-news/gunsmiths-family-files-23m-lawsuit-over-fatal-police-shooting
V1-0610,Loaded shotgun  spent casing recovered from van in officer involved fatality,paNOW,https://panow.com/2024/09/27/loaded-shotgun-spent-casing-recovered-from-van-in-officer-involved-fatality/
V1-0249,Fatality inquiry starts in the shooting death of 17-year-old Cyrus Green in 2011,The Edmonton Sun,https://edmontonsun.com/2014/03/10/fatality-inquiry-starts-in-the-shooting-death-of-17-year-old-cyrus-green-in-2011
V1-0496,SIU probing death of gas-theft suspect in Chatham-Kent,Sarnia Observer,https://www.theobserver.ca/news/local-news/siu-probing-death-of-gas-theft-suspect-in-chatham-kent
V1-0040,Four witnesses named by SIU: [Ontario Edition],Toronto Star,https://www.proquest.com/canadiannews/docview/438484165/1433533E416E437FPQ/2?accountid=14771&sourcetype=Newspapers
V1-0238,First Nation questions police presence at inquest into man's death while in custody,CBC,https://www.cbc.ca/news/canada/thunder-bay/romeo-wesley-inquest-1.4186561
V1-0409,Police watchdog clears Calgary officer in fatal 2016 shooting at northwest mall,Toronto Star,https://www.thestar.com/calgary/2018/11/15/police-watchdog-clears-calgary-officer-in-fatal-2016-shooting-at-northwest-mall.html
V2-0840,Custody death sparks call for changes in Saskatchewan detention procedures,Global News,https://globalnews.ca/news/3371497/custody-death-sparks-call-for-changes-in-saskatchewan-detention-procedures/
V1-0201,Taser not cause of death in police struggle,CBC,https://www.cbc.ca/news/canada/calgary/taser-not-cause-of-death-in-police-struggle-1.952316
V1-0483,First Nations police did as required under fire: inquest judge,Winnipeg Free Press,https://www.winnipegfreepress.com/breakingnews/2022/08/03/first-nations-police-did-as-required-under-fire-inquest-judge
V1-0196,Autopsy completed on man shot by police,Nanaimo Daily News,https://www.proquest.com/canadiannews/docview/361523906/4F9316B3D92A4DC3PQ/19?accountid=14771&sourcetype=Newspapers
V1-0024,Family blames police in man's death: Reject report citing `excited delirium' from mental illness,Edmonton Journal,https://www.proquest.com/canadiannews/docview/252932514/6AFEFD5454904B23PQ/7?accountid=14771&sourcetype=Newspapers
V1-0026,Sask. man talked about suicide before being killed in shootout with police  says wife,Moose Jaw Times Herald,https://www.proquest.com/canadiannews/docview/345289256/6394D4EAEDBD418APQ/21?accountid=14771&sourcetype=Newspapers
V2-0763,Family of Tasered man sues,The Province,https://www.proquest.com/canadiannews/docview/269575465/DAB282DB47754EEEPQ/4?accountid=14771&sourcetype=Newspapers
V2-0819,Inquest called into death of teen involved in police chase,Fort Erie Post,https://www.niagarathisweek.com/news/inquest-called-into-death-of-teen-involved-in-police-chase/article_030b7131-8c9a-5404-98f1-2584f817e364.html
V1-0075,Inquest called in shooting,Eagle Valley News,https://www.proquest.com/canadiannews/docview/372921192/9B24370CE95F41BDPQ/4?accountid=14771&sourcetype=Newspapers
V2-0812,Woman dies in custody at Alberta RCMP detachment,CBC,https://www.cbc.ca/news/canada/edmonton/woman-dies-in-custody-at-alberta-rcmp-detachment-1.1013217
V2-0784,Review of Silverfox inquest gets underway,CBC,https://www.cbc.ca/news/canada/north/review-of-silverfox-inquest-gets-underway-1.1153056
V2-0690,Police watchdog asks Crown to consider charging RCMP officer following man's death,CBC,https://www.cbc.ca/news/canada/british-columbia/prince-george-rcmp-iio-everett-riley-edward-patrick-1.6400566
V1-0399,Police officer's duty of care the focus of Ontario appeal in 2016 death of Indigenous woman in custody,CBC,https://www.cbc.ca/news/canada/london/doering-london-officer-appeal-chrisjohn-death-1.6345193
V1-0418,Their son died in a Montreal police intervention; now  another blow,Montreal Gazette,https://www.montrealgazette.com/news/article403238.html
V1-0041,Drug-fuelled seizure killed crazed intruder: Playwright admits folly of tackling man,Edmonton Journal,https://www.proquest.com/canadiannews/docview/253116376/3E9AC22B83734CC0PQ/3?accountid=14771&sourcetype=Newspapers
V1-0073,Man was 'little bit fidgety ' friend tells Taser inquest,Vancouver Sun,https://www.proquest.com/canadiannews/docview/242242200/6CD99BC3B7E842B3PQ/3?accountid=14771&sourcetype=Newspapers
V1-0607,Watchdog finds no grounds for charging Mountie in fatal shooting of Elsipogtog man,CBC,https://www.cbc.ca/news/canada/new-brunswick/sirt-investigation-elsipogtog-police-shooting-1.7501308
V2-0826,Nunavut coroner's jury makes 13 recommendations after in-custody suicide,Nunatsiaq News,https://nunatsiaq.com/stories/article/65674nunavut_coroners_jury_makes_13_recommendations_after_suicide_in_custod/
V1-0114,Communication is key  inquest told,Ottawa Sun,https://www.proquest.com/canadiannews/docview/2184038405/29DE5D32EBEF4598PQ/228?accountid=14771&sourcetype=Newspapers
V1-0129,Coroner's jury suggests changes after teen's death,CBC,https://www.cbc.ca/news/canada/toronto/coroner-s-jury-suggests-changes-after-teen-s-death-1.896247
V1-0076,Mobile teams  not guns  urged to defuse crises; Sewell offers advice at inquest into shooting of disturbed man: [ONT Edition],Toronto Star,https://www.proquest.com/canadiannews/docview/439355040/BC4B73913A0D4551PQ/16?accountid=14771&sourcetype=Newspapers
V2-0682,Family of Prince Albert inmate who died in police custody speaks out,Global News,https://globalnews.ca/news/8673684/family-prince-albert-inmate-speaks-out/
V2-0741,Man's death while in police custody probed,Edmonton Journal,https://www.proquest.com/canadiannews/docview/253300773/1DB8EF7B886643F9PQ/6?accountid=14771&sourcetype=Newspapers
V1-0659,Montreal police cleared of wrongdoing after young man dies in custody,CBC,https://www.cbc.ca/news/canada/montreal/david-tshiteya-kalubi-no-charges-1.5108970
V2-0783,Family suing RCMP  paramedics over death,Nanaimo Daily News,https://www.proquest.com/canadiannews/docview/759622611/DBD2647494734217PQ/5?accountid=14771&sourcetype=Newspapers
V1-0112,Mother of man shot to death by cop drops RCMP lawsuit,Global News,https://globalnews.ca/news/87911/mother-of-man-shot-to-death-by-cop-drops-rcmp-lawsuit/
V2-0900,Inquests called into the deaths of 7 inmates at federal and provincial institutions in Manitoba,APTN News,https://www.aptnnews.ca/national-news/inquests-called-into-the-deaths-of-7-inmates-at-federal-and-provincial-institutions-in-manitoba/
V2-0692,No 'reasonable grounds' for criminal charges in Timmins investigations: SIU director,TimminsToday.com,https://www.timminstoday.com/local-news/no-reasonable-grounds-for-criminal-charges-in-timmins-investigations-siu-director-1311726
V1-0394,Sanjai Prasad identified as man shot and killed by Calgary police,CBC,https://www.cbc.ca/news/canada/calgary/sanjai-prasad-police-shooting-killed-1.3683130
V1-0517,Language barriers cited as challenge for police in increasingly diverse Canada,Global News,https://globalnews.ca/news/7100531/ejaz-choudry-peel-police-shooting-language-barriers/
V1-0411,Family of woman shot and killed by police say she deserved better,Calgary Herald,https://calgaryherald.com/news/local-news/family-of-woman-shot-and-killed-by-police-last-november-say-she-deserved-better
V1-0018,STAR EXCLUSIVE: OCT. 30  2000 - THE KILLING OF ROBERT CARPENTER - Cops  widow at odds over shooting death; Was Amherstburg man armed? Inquest to decide,Windsor Star,https://www.proquest.com/canadiannews/docview/254400822/9228828E3B2A487BPQ/22?accountid=14771
V1-0349,Mississauga woman convicted in confrontation where police killed her son,Toronto Star,https://www.thestar.com/news/crime/mississauga-woman-convicted-in-confrontation-where-police-killed-her-son/article_4cb767b4-b841-592b-b8b1-4d29b58fb63a.html
V1-0368,Five cops 'directly' involved in fatal shooting,Winnipeg Sun,https://winnipegsun.com/2015/11/07/police-incident-at-grant-and-kenaston
V1-0118,Winnipeg police shot man as only option: judge,CBC,https://www.cbc.ca/news/canada/manitoba/winnipeg-police-shot-man-as-only-option-judge-1.788912
V2-0805,Orangeville police settle lawsuit surrounding Adam Sprague's jail cell death,The Midweek Banner,https://www.orangeville.com/news/orangeville-police-settle-lawsuit-surrounding-adam-sprague-s-jail-cell-death/article_88231606-989d-5273-91f7-14d5add6a6fc.html
V1-0143,Charges withdrawn against Hamilton officer,CBC,https://www.cbc.ca/news/canada/hamilton/headlines/charges-withdrawn-against-hamilton-officer-1.1205134
V2-0842,Inquest into death of 88 year old man,The Agassiz-Harrison Observer,https://www.agassizharrisonobserver.com/news/inquest-into-death-of-88-year-old-man-1951036
V1-0088,B.C. to pay funeral costs for man shot by police,Prince George Citizen,https://www.proquest.com/canadiannews/docview/361772848/5EEAF77600804313PQ/4?accountid=14771&sourcetype=Newspapers
V1-0052,Shooting to be investigated: [FINAL C Edition],The Province,https://www.proquest.com/canadiannews/docview/269336754/4967ED9A8B7C4564PQ/3?accountid=14771
V2-0693,A teacher's tragic death spiral: Coroner's inquest hears how a prominent Vancouver woman became a homeless petty criminal found unresponsive in a paddy wagon,The Province,https://theprovince.com/news/local-news/a-teachers-tragic-death-spiral-coroners-inquest-hears-how-a-prominent-vancouver-woman-became-a-homeless-petty-criminal-found-unresponsive-in-a-paddy-wagon
V1-0238,Death of First Nations man handcuffed and stepped on by police was accidental  inquest says,CBC,https://www.cbc.ca/news/canada/thunder-bay/romeo-wesley-verdict-1.4221069
V1-0436,Inquiry into police-shooting deaths of 2 men calls for mandatory legal funding for families,CBC,https://www.cbc.ca/news/canada/manitoba/inquest-report-police-shootings-winnipeg-1.7282044
V1-0230,Police use of a Taser 'contributing factor' in Ontario man's death  jury finds,The Globe and Mail,https://www.theglobeandmail.com/news/national/verdict-due-today-in-case-of-ontario-man-who-died-after-being-tasered/article13359635/
V1-0091,Judge rules Calgary officer justified in shooting man,CBC,https://www.cbc.ca/news/canada/calgary/judge-rules-calgary-officer-justified-in-shooting-man-1.718028
V1-0599,Subject of Calgary stand-off was under court-ordered weapons ban,CityNews,https://calgary.citynews.ca/2024/03/19/calgary-stand-off-parole-documents/
V1-0506,Inquest to probe man's death in Whistler  B.C.  after being tased  beaten by RCMP,CTV,https://www.ctvnews.ca/vancouver/article/inquest-to-probe-mans-death-in-whistler-bc-after-being-tased-beaten-by-rcmp/
V1-0190,RCMP drops Wagmatcook shooting probe,CBC,https://www.cbc.ca/news/canada/nova-scotia/rcmp-drops-wagmatcook-shooting-probe-1.892418
V1-0441,Northumberland Hills Hospital and Cobourg police partner for active attacker training,Global News,https://globalnews.ca/news/4689876/cobourg-hospital-shooting/
V2-0707,Prisoners continue to die in custody as fatality inquiry recommendations ignored,CBC,https://www.cbc.ca/news/canada/edmonton/prisoners-continue-to-die-in-custody-as-fatality-inquiry-recommendations-ignored-1.3256508
V1-0303,Coroner's inquest begins today in Prince Albert  Sask.,CBC,https://www.cbc.ca/news/canada/saskatchewan/coroner-s-inquest-begins-today-in-prince-albert-sask-1.2759094
V1-0310,Residents in Alberta community disturbed after fatal police-related shooting,Edmonton Sun,https://edmontonsun.com/2013/08/05/residents-in-alberta-community-disturbed-after-fatal-police-related-shooting
V1-0409,Victim identified in Calgary's 9th police shooting of 2016; ASIRT releases few details,Global News,https://globalnews.ca/news/3084514/victim-identified-in-calgarys-9th-officer-involved-shooting-of-2016/
V1-0335,6 things we learned about Michael Zehaf-Bibeau and Parliament Hill shooting,CBC,https://www.cbc.ca/news/politics/6-things-we-learned-about-michael-zehaf-bibeau-and-parliament-hill-shooting-1.2984759
V1-0473,Family hopes Steven Rigby shooting inquest will spark change in Sask. mental health system,CBC,https://www.cbc.ca/news/canada/saskatoon/steven-rigby-saskatoon-police-shooting-coroner-s-inquest-mental-health-1.6067923
V1-0480,Deadly hostage-taking: Inquest probes death of 2 shot by police during Surrey standoff,Global News,https://globalnews.ca/news/10427402/surrey-fatal-hostage-inquest/
V1-0561,Saanich bank robbers latest in line of violent B.C. criminals,CBC,https://www.cbc.ca/news/canada/british-columbia/saanich-bank-robbers-1.6509726
V1-0563,Death inquest scheduled for man shot dead by police outside Moose Jaw in 2022,CTV,https://www.ctvnews.ca/regina/article/death-inquest-scheduled-for-man-shot-dead-by-police-outside-moose-jaw-in-2022/
V1-0544,Notorious gangster targeted in Kelowna shooting dies in Enderby campground,CityNews,https://vancouver.citynews.ca/2021/08/06/notorious-gangster-dies-in-enderby-campground/
V1-0255,Police identify man shot by RCMP near Crescent Beach,Global News,https://globalnews.ca/news/111726/police-identify-man-shot-by-rcmp-near-crescent-beach/
V1-0379,Toronto police officer demoted for refusing to intervene in suicide  lying about being on another call,Toronto Star,https://www.thestar.com/news/gta/toronto-police-officer-demoted-for-refusing-to-intervene-in-suicide-lying-about-being-on-another/article_f706b3d7-747b-5193-bd64-306ece0a1583.html
V1-0318,Officer in shooting death of Ajax man will not be charged: SIU,CTV,https://www.ctvnews.ca/toronto/article/officer-in-shooting-death-of-ajax-man-will-not-be-charged-siu/
V1-0211,VPD officers cleared of wrongdoing in 2009 shooting death of man,Global News,https://globalnews.ca/news/215299/vpd-officers-cleared-of-wrongdoing-in-2009-shooting-death-of-man/
V1-0085,Inquest to be held into death of man,The Province,https://www.proquest.com/canadiannews/docview/269423721/FC75DE3E29694690PQ/1?accountid=14771&sourcetype=Newspapers
V1-0650,Coroner's inquest into death of Cambridge's Kieran Kay to be held in March,CBC,https://www.cbc.ca/news/canada/kitchener-waterloo/coronor-inquest-kieran-kay-cambridge-1.5462844
V2-0825,Video shown of man’s jail death,Saskatoon StarPhoenix,https://www.pressreader.com/canada/saskatoon-starphoenix/20140909/281505044414254
V1-0343,N.B. expert calls for vetting of anonymous police tips following Michel Vienneau inquest,Global News,https://globalnews.ca/news/7843683/n-b-expert-calls-for-vetting-of-anonymous-police-tips-following-michel-vienneau-inquest/
V1-0514,Young man killed in police shooting leaves 'trail of broken hearts' in his wake  family says,CBC,https://www.cbc.ca/news/canada/edmonton/alberta-rcmp-shooting-blackfalds-1.5570254
V1-0263,Scarborough education centre in desperate need of funding,Scarborough Mirror,https://www.proquest.com/canadiannews/docview/875620419/6E8CD0BBCFCB44E6PQ/2?accountid=14771&sourcetype=Newspapers
V1-0579,SIU clears York Regional Police officer who killed Vaughan condo shooter,East Gwillimbury Express,https://www.yorkregion.com/news/siu-clears-york-regional-police-officer-who-killed-vaughan-condo-shooter/article_8ac73572-5756-5cd3-b635-c01d50e4ff4c.html
V1-0254,Report on Fort McMurray RCMP involved shooting says nothing could have been done differently,The Edmonton Sun,https://edmontonsun.com/2014/12/04/report-on-fort-mcmurray-rcmp-involved-shooting-says-nothing-could-have-been-done-differently
V1-0383,SIU probes death of 21-year-old shot by police in North York,Global News,https://globalnews.ca/news/2575972/siu-investigating-after-man-injured-in-north-york-shooting/
V1-0474,Officer who fatally wounded woman on Christmas morning previously killed man in line of duty,The Calgary Sun,https://calgarysun.com/news/crime/officer-who-fatally-wounded-woman-on-christmas-morning-previously-killed-man-in-line-of-duty
V1-0581,Saskatchewan Serious Incident Response Team confirms Prince Albert officer shot and killed man,CBC,https://www.cbc.ca/news/canada/saskatchewan/sirt-confirms-officer-shot-killed-man-1.6720538
V1-0424,A quiet teen with tragic past suspected in fatal northern Quebec stabbings,CBC,https://www.cbc.ca/news/canada/montreal/quebec-akulivik-illutak-anautak-1.4155820
V1-0320,Ex-SQ officer Éric Deslauriers sentenced to 4 years for teen's death,CBC,https://www.cbc.ca/news/canada/montreal/eric-deslauriers-charged-sq-teen-death-1.4647428
V2-0938,Coroner's inquest begins today into suicide of mentally ill man at OCDC,CBC,https://www.cbc.ca/news/canada/ottawa/cleve-cas-geddes-coroners-inquest-1.4920114
V1-0290,Lethbridge's Bhutanese community seeks answers after shooting,Global News,https://globalnews.ca/news/267327/lethbridges-bhutanese-community-seeks-answers-after-shooting/
V1-0419,'I believe he intended to kill me ' Edmonton police officer told ASIRT,CBC,https://www.cbc.ca/news/canada/edmonton/edmonton-police-shooting-impaired-driver-vitaly-savin-1.5297496
V1-0322,Driver shot dead by police had been 'awake for days' on meth  passenger wanted to be killed by police: ASIRT,Calgary Herald,https://calgaryherald.com/news/crime/driver-shot-dead-by-police-had-been-awake-for-days-on-meth-passenger-wanted-to-be-killed-by-police-asirt
V1-0141,Police identify man shot by officer,CBC,https://www.cbc.ca/news/canada/manitoba/police-identify-man-shot-by-officer-1.671684
V2-0913,Windsor man overdosed in jail after being denied addiction meds  coroner's inquest hears,CBC,https://www.cbc.ca/news/canada/windsor/joseph-gratton-coroners-inquest-death-2019-windsor-jail-1.7555086
V1-0399,12 months in jail for London officer convicted in Debra Chrisjohn death,Global News,https://globalnews.ca/news/7348359/12-months-in-jail-for-london-officer-convicted-in-debra-chrisjohn-death/
V1-0487,'I carry the weight of taking somebody's life everyday': Peterborough officer who killed armed suspect says more mental health supports needed  inquest hears,Peterborough Examiner,https://www.thepeterboroughexaminer.com/news/crime/i-carry-the-weight-of-taking-somebody-s-life-everyday-peterborough-officer-who-killed-armed/article_5473884a-d1e0-56a8-a524-dae0c897e078.html
V2-0761,Another inquest announced,Kelowna Capital News,https://www.proquest.com/canadiannews/docview/375974927/9B0D556540C48F4PQ/18?accountid=14771&sourcetype=Newspapers
V1-0223,Mississauga father gunned down by police suffered from schizophrenia,Mississauga News,https://www.mississauga.com/news/mississauga-father-gunned-down-by-police-suffered-from-schizophrenia/article_a182f572-e562-547e-bbdb-ae9c0955f2a5.html
V1-0399,Officer who didn't help First Nations woman he arrested deserves jail time  Crown says,CBC,https://www.cbc.ca/news/canada/london/officer-who-didn-t-help-first-nations-woman-he-arrested-deserves-jail-time-crown-says-1.5447383
V1-0459,2 Mounties now facing manslaughter charges in central Alberta shooting death of man in car,Global News,https://globalnews.ca/news/7326910/alberta-mounties-manslaughter-charges-2018-shooting/
V1-0544,Man targeted in weekend Kelowna shooting dies during police incident,CBC,https://www.cbc.ca/news/canada/british-columbia/kyle-gianis-death-1.6131628
V1-0108,Police shooting of retired banker shocks N.S. village,The Globe and Mail,https://www.theglobeandmail.com/news/national/police-shooting-of-retired-banker-shocks-ns-village/article18243882/
V2-0693,Jury recommends first-aid training for Vancouver police after coroner's inquest,The Province,https://theprovince.com/news/local-news/jury-recommends-first-aid-training-for-vancouver-police-after-coroners-inquest
V1-0614,'Went straight for their gun': family questions teen's death by police,Winnipeg Free Press,https://www.winnipegfreepress.com/featured/2024/11/23/went-straight-for-their-gun-family-questions-teens-death-by-police
V1-0052,Province stays out of police shooting probe,Vancouver Sun,https://www.proquest.com/canadiannews/docview/242444789/EA0DEB4AE1F34AC8PQ/20?accountid=14771&sourcetype=Newspapers
V1-0489,Police watchdog clears RCMP officer who shot and killed man who rammed him,CBC,https://www.cbc.ca/news/canada/nova-scotia/no-charges-laid-against-ns-police-officer-shot-and-killed-man-in-truro-1.5716084
V1-0550,Inquest underway into 2021 police-involved shooting in Montreal Lake  Sask.,Prince Albert Daily Herald,https://paherald.sk.ca/inquest-underway-into-2021-police-involved-shooting-in-montreal-lake-sask/
V1-0629,Police officer was 'reckless' when firing plastic bullets that killed woman: OPCC,CBC,https://www.cbc.ca/news/canada/british-columbia/police-officer-was-reckless-when-firing-plastic-bullets-that-killed-woman-1.7542947
V2-0805,Orangeville police ignored safety rules on night inmate died  inquest hears,Toronto Star,https://www.thestar.com/news/ontario/orangeville-police-ignored-safety-rules-on-night-inmate-died-inquest-hears/article_c6782172-575f-5d3a-9a65-43f4db452a7a.html
V1-0081,Stun-gun company planning to monitor autopsy,The Globe and Mail,https://www.proquest.com/canadiannews/docview/383845299/7C33584FEF744E88PQ/11?accountid=14771&sourcetype=Newspapers
V1-0493,Kingston Police officer cleared by SIU after responding to stabbing,The Kingston Whig-Standard,https://www.thewhig.com/news/local-news/kingston-police-officer-cleared-by-siu-after-responding-to-stabbing
V1-0180,City cop forced to shoot,Winnipeg Free Press,https://www.winnipegfreepress.com/breakingnews/2017/05/12/officer-had-to-shoot-man-holding-knife-in-2008-inquest-judge-says
V1-0540,Suspect  RCMP dog dead after High Prairie police operation,CBC,https://www.cbc.ca/news/canada/edmonton/alberta-rcmp-dog-shot-and-killed-in-line-of-duty-1.6071342
V1-0639,OPP officer accused of manslaughter says he tripped  fell into suspect car,CBC,https://www.cbc.ca/news/canada/windsor/opp-manslaughter-trial-indigenous-orourke-grieves-1.7535927
V1-0374,37-year-old shot dead by RCMP; was sought for sex assault and attempted murder,CityNews,https://calgary.citynews.ca/2015/12/25/asirt-investigating-officer-involved-shooting-in-red-deer/
V1-0028,'Excited delirium' blamed,Regina Leader-Post,https://www.proquest.com/canadiannews/docview/349746770/62FB8D79DFF6422CPQ/5?accountid=14771&sourcetype=Newspapers
V1-0187,Inquiry probes 2008 arrest death,CBC,https://www.cbc.ca/news/canada/calgary/inquiry-probes-2008-arrest-death-1.1001599
V1-0205,Police notes questioned after man fatally shot,Toronto Star,https://www.thestar.com/news/gta/police-notes-questioned-after-man-fatally-shot/article_b945f5da-9018-57f7-9c48-15613169599d.html
V1-0440,Inquest into police shooting death of Brydon Whitstone starts in Battleford,Global News,https://globalnews.ca/news/4725441/inquest-brydon-whitstone-death/
V1-0583,Quebec provincial police officer killed during attempted arrest,CBC,https://www.cbc.ca/news/canada/montreal/quebec-provincial-police-officer-killed-during-attempted-arrest-1.6793064
V1-0008,Man dies after police restrain him,Edmonton Journal,https://www.proquest.com/canadiannews/docview/252740679/A498C7C9B7AF47F0PQ/3?accountid=14771&sourcetype=Newspapers
V1-0045,Death in custody prompts questions: Family in dark about man's final hours,Calgary Herald,https://www.proquest.com/canadiannews/docview/244985021/6D52E64269994291PQ/9?accountid=14771
V1-0580,Community holds vigil for Siksika Nation member killed in Christmas Day police shooting,CBC,https://www.cbc.ca/news/canada/calgary/community-holds-vigil-for-siksika-nation-member-killed-in-christmas-day-police-shooting-1.6700482
V2-0761,Excited delirium the focus of jury's findings,Kelowna Capital News,https://www.proquest.com/canadiannews/docview/376068293/6F2BD0F72B3D4B4BPQ/4?accountid=14771&sourcetype=Newspapers
V1-0361,Family seeks answers after man shot dead by police in Port Hardy,Times Colonist,https://www.timescolonist.com/local-news/family-seeks-answers-after-man-shot-dead-by-police-in-port-hardy-4624588
V1-0643,'He knew his life was ending': Inquest probes man's shooting death at ferry terminal,Times Colonist,https://www.timescolonist.com/local-news/he-knew-his-life-was-ending-inquest-probes-mans-shooting-death-at-ferry-terminal-9799266
V1-0386,Montreal police officer charged in fatal shooting of Bony Jean-Pierre in 2016 drug bust,CBC,https://www.cbc.ca/news/canada/montreal/jean-pierre-bony-spvm-police-montreal-manslaughter-1.4129272
V1-0345,Inquest called into 2015 death of Chilliwack man,The Chilliwack Progress,https://www.theprogress.com/news/inquest-called-into-2015-death-of-chilliwack-man-1858232
V1-0557,Family of Trent Angus mourn his death after he was shot by RCMP at Waseca,SaskToday,https://www.sasktoday.ca/north/local-news/family-of-trent-angus-mourn-his-death-after-he-was-shot-by-rcmp-5137233
V1-0568,'We want answers ' says family of Ojibwa man who died after beanbag gun shooting,Global News,https://globalnews.ca/news/9101674/chris-amyotte-beanbag-gun-family/
V1-0019,Lack of backup led to fatal police shooting,Calgary Herald,https://www.proquest.com/canadiannews/docview/244958755/CD307489238948F6PQ/14?accountid=14771&sourcetype=Newspapers
V1-0323,Officer who shot and killed Indigenous man in N.B. did not commit crime: watchdog,CityNews,https://halifax.citynews.ca/2025/04/03/officer-who-shot-and-killed-indigenous-man-in-n-b-did-not-commit-crime-watchdog/
V2-0766,Surrey RCMP probing death of man in custody,The Globe and Mail,https://www.theglobeandmail.com/news/national/surrey-rcmp-probing-death-of-man-in-custody/article696857/
V1-0304,Codiac RCMP not responsible for death of Moncton man: Fredericton Police,Global News,https://globalnews.ca/news/1349567/codiac-rcmp-not-responsible-for-death-of-moncton-man-fredericton-police/
V1-0621,34-year-old man killed in police shooting in Inukjuak: family,APTN News,https://www.aptnnews.ca/national-news/34-year-old-man-killed-in-police-shooting-in-inukjuak-family/
V1-0132,Alberta man's family seeks answers into Taser death,CBC,https://www.cbc.ca/news/canada/calgary/alberta-man-s-family-seeks-answers-into-taser-death-1.720308
V1-0550,'The softest person ever around his baby girl': Family of Sask. man killed in RCMP shooting hopes for answers,CTV,https://www.ctvnews.ca/saskatoon/article/the-softest-person-ever-around-his-baby-girl-family-of-sask-man-killed-in-rcmp-shooting-hopes-for-answers/
V1-0365,Citing Myles Gray case  VPD chief calls slow police oversight a 'failure in the system',Global News,https://globalnews.ca/news/11144679/vpd-chief-adam-palmer-myles-gray-oversight/
V2-0687,SIRT clears Amherst police officers in death of 71-year-old man,PNI Atlantic News,https://www.saltwire.com/nova-scotia/sirt-clears-amherst-police-officers-in-death-of-71-year-old-man-358507
V2-0687,Man dies of medical issue hours after Amherst Police put him in drunk tank,CBC,https://www.cbc.ca/news/canada/nova-scotia/amherst-police-intoxicated-man-investigation-1.5196072
V1-0623,Community identifies 23-year-old man shot dead by police in Ontario court,APTN News,https://www.aptnnews.ca/national-news/community-identifies-23-year-old-man-shot-dead-by-police-in-ontario-court/
V1-0475,Man killed by Edmonton police on Boxing Day had lifetime firearms ban,Edmonton Journal,https://edmontonjournal.com/news/crime/man-killed-by-edmonton-police-on-boxing-day-had-lifetime-firearms-ban
V1-0158,Police apology sought for `senseless' death,Toronto Star,https://www.thestar.com/news/gta/police-apology-sought-for-senseless-death/article_43fc3cec-ba01-54e1-8ee2-c07dfc6b241a.html
V1-0057,Officers won't be charged in death of 17-year-old,North Bay Nugget,https://www.proquest.com/canadiannews/docview/352310839/EFDC84E61CC54300PQ/4?accountid=14771&sourcetype=Newspapers
V1-0056,Willey wouldn't stop struggling  inquest told,Prince George Citizen,https://www.proquest.com/canadiannews/docview/361785458/A7498A6D0CA34FBFPQ/5?accountid=14771&sourcetype=Newspapers
V2-0800,Public inquest into 2010 Saskatoon cell death to begin December,paNOW,https://panow.com/2013/11/25/public-inquest-into-2010-saskatoon-cell-death-to-begin-december/
V2-0685,Coroner's inquest focuses on how police failed to find gun on prisoner who later shot self in cell,CBC,https://www.cbc.ca/news/canada/saskatchewan/moose-jaw-coroners-inquest-1.7175108
V1-0609,Five months after Surrey mother shot dead by police  family waiting for answers,Global News,https://globalnews.ca/news/11023728/surrey-mother-killed-police-quesions/
V1-0644,Charges dropped against Ontario cops in shooting death of toddler,CBC,https://www.cbc.ca/news/canada/toronto/kawartha-lakes-shooting-opp-officers-1.7154323
V1-0399,Prisoner not responsive  couldn't walk at hand-over  court hears,The London Free Press,https://lfpress.com/news/local-news/prisoner-not-responsive-couldnt-walk-at-hand-over-court-hears
V1-0327,'We have a martyr in heaven': The murder of Father Gilbert Dasna,Edmonton Journal,https://edmontonjournal.com/news/local-news/we-have-a-martyr-in-heaven-the-murder-of-father-gilbert-dasna
V1-0405,Coroner's inquest called into death of Joshua Megeney  who died in 2016 Saskatoon police standoff,CBC,https://www.cbc.ca/news/canada/saskatoon/joshua-megeney-police-standoff-coroner-inquest-1.5155867
V1-0261,Victim  police officer had history,Calgary Herald,https://www.pressreader.com/canada/calgary-herald/20131217/281685432661955
V1-0535,Accused RCMP officer texted wife after shooting  Sask. 1st-degree murder trial told,CBC,https://www.cbc.ca/news/canada/saskatchewan/cp-bernie-herman-trial-day-1-1.7048596
V1-0063,Wounded officer still in hospital; Gunman shot dead by second officer after police respond to disturbance on Dufferin St.: [York Guardian Edition],York Guardian,https://www.proquest.com/canadiannews/docview/362963633/35F0A61CD2C1488EPQ/11?accountid=14771&sourcetype=Newspapers
V1-0055,Man shot by cop was known to police,Prince George Citizen,https://www.proquest.com/canadiannews/docview/361665195/E91D52E487E04F21PQ/34?accountid=14771&sourcetype=Newspapers
V1-0291,Alberta Serious Incident Response Team clears Vegreville Mountie in fatal shooting of Russell Skoropad,The Edmonton Sun,https://edmontonsun.com/2013/04/10/alberta-serious-incident-response-team-clears-vegreville-mountie-in-fatal-shooting-of-russell-skoropad
V1-0301,Toronto police officer cleared in shooting death of knife-wielding man,Toronto Star,https://www.thestar.com/news/gta/toronto-police-officer-cleared-in-shooting-death-of-knife-wielding-man/article_63c7e936-d2d3-5a8b-985a-6372d846e16b.html
V1-0040,Police knew man was ill: Family: [Ontario Edition],Toronto Star,https://www.proquest.com/canadiannews/docview/438464271/1433533E416E437FPQ/6?accountid=14771
V2-0909,Watchdog focusing on two London police officers after in-custody death of Amanda Bolt  28,The London Free Press,https://lfpress.com/news/local-news/watchdog-focusing-on-two-london-police-officers-after-in-custody-death-of-amanda-bolt-28
V1-0206,Police feared lives at risk,Brockville Recorder and Times,https://www.proquest.com/canadiannews/docview/2211743071/D3FF60126CD84858PQ/12?accountid=14771&sourcetype=Newspapers
V1-0559,'Tremendous loss': Fatal stabbing attack on Alta Vista family leaves communities reeling,The Ottawa Citizen,https://ottawacitizen.com/news/local-news/tremendous-loss-fatal-stabbing-attack-on-alta-vista-family-leaves-communities-reeling
V1-0115,Inquiry Opens Into the Death of Mohamed Anas Bennis,Le Journal de Montréal,https://www.journaldemontreal.com/2011/04/27/lenquete-sur-la-mort-mohamed-anas-bennis-souvre
V1-0291,ASIRT: Officer who fired in Vegreville incident an 11-year veteran,CTV,https://www.ctvnews.ca/edmonton/article/asirt-officer-who-fired-in-vegreville-incident-an-11-year-veteran/
V1-0196,Two bullets and a Taser couldn't take Welton down,Cowichan News Leader Pictorial,https://www.proquest.com/canadiannews/docview/848713683/4F9316B3D92A4DC3PQ/6?accountid=14771&sourcetype=Newspapers
V1-0430,UPDATE: Mississauga boy who died after being shot by Peel Regional Police identified,Mississauga News,https://www.mississauga.com/news/crime/update-mississauga-boy-who-died-after-being-shot-by-peel-regional-police-identified/article_1edd21fe-86a5-575c-83fb-37fac17c4efb.html
V1-0017,Inquest to be held into death of man in custody,Vancouver Sun,https://www.proquest.com/canadiannews/docview/242362642/C61D48D8FDCB41EEPQ/1?accountid=14771&sourcetype=Newspapers
V1-0467,Nunavik man killed following overnight standoff,Nunatsiaq News,https://nunatsiaq.com/stories/article/65674nunavik_man_killed_following_overnight_standoff_bei_investigating/
V1-0174,Dad questions Taser use; 'He wasn't an angel but does that justify killing him?';,Brantford Expositor,https://www.proquest.com/canadiannews/docview/2177932082/6E7C8A9327A54475PQ/27?accountid=14771
V1-0019,Inquiry told man wanted suicide by cop,Calgary Herald,https://www.proquest.com/canadiannews/docview/244892421/CD307489238948F6PQ/21?accountid=14771&sourcetype=Newspapers
V1-0655,Friends  family seek answers following deported man's death,Global News,https://globalnews.ca/news/4383924/cbsa-deportation-death-bolanle-alo/
V2-0692,SIU investigating death of Timmins woman who had spent time in police custody,CTV,https://www.ctvnews.ca/canada/article/siu-investigating-death-of-timmins-woman-who-had-spent-time-in-police-custody/
V1-0303,Grandmother took child out of house where man shot,Global News,https://globalnews.ca/news/1556501/grandmother-took-child-out-of-house-where-father-shot/
V1-0581,Grieving family wants to know why man was shot by P.A. police,Saskatoon StarPhoenix,https://thestarphoenix.com/news/local-news/police-oversight-body-seeks-potential-witness-to-fatal-prince-albert-police-shooting
V1-0134,Fatal shooting by police probed: [MET Edition],Toronto Star,https://www.proquest.com/canadiannews/docview/439055189/958BC8631BF0480EPQ/2?accountid=14771&sourcetype=Newspapers
V1-0365,Myles Gray death: Probe finds police misconduct allegations 'not substantiated',Global News,https://globalnews.ca/news/10803443/myles-gray-police-misconduct-findings/
V1-0560,Saanich bank-robbery suspect tried to join Armed Forces: DND,The Times Colonist,https://www.timescolonist.com/local-news/bullet-came-through-front-window-of-laundromat-businesses-reopen-in-area-near-deadly-bank-shooting-in-saanich-5543181
V1-0087,Crown assessing shooting death,Prince George Citizen,https://www.proquest.com/canadiannews/docview/361840380/A0B6A32331C94D2EPQ/11?accountid=14771&sourcetype=Newspapers
V1-0297,Squamish Chief at speaks coroner's inquest for son,North Shore News,https://www.nsnews.com/local-news/squamish-chief-at-speaks-coroners-inquest-for-son-2982709
V1-0198,Lethal force justified  review found,Calgary Herald,https://www.pressreader.com/canada/calgary-herald/20111126/284275296936795?srsltid=AfmBOoqv-mAqkI5ViVVticREE-IiaTWNtXdhLR8KsX8ZKVUUjnT3X_Qh
V1-0271,Recommendations made at inquest of shooting death,Global News,https://globalnews.ca/news/804465/recommendations-made-at-inquest-of-shooting-death/
V1-0007,SIU clears cops in standoff death,Guelph Mercury-Tribune,https://www.proquest.com/canadiannews/docview/355463591/DBDF3FD00B6844F6PQ/5?accountid=14771&sourcetype=Newspapers
V1-0401,Inquest determines police shooting of Tony Divers was a homicide,CBC,https://www.cbc.ca/news/canada/hamilton/tony-divers-police-shooting-jury-recommendations-1.5357774
V1-0659,2 Montreal police officers suspended for lying about man who died in custody win appeal,CBC,https://www.cbc.ca/news/canada/montreal/police-officers-ethics-committee-1.7607632
V1-0279,SIU names man shot dead by Hamilton police,Stoney Creek News,https://www.thespec.com/news/hamilton-region/siu-names-man-shot-dead-by-hamilton-police/article_a0540545-c19e-5474-8253-e910c564cc12.html
V2-0803,Deceased's brother calls for cameras on cruisers,Sarnia Observer,https://www.proquest.com/canadiannews/docview/2216406444/450482623CDB4598PQ/1?accountid=14771&sourcetype=Newspapers
V1-0471,B.C. death ruled homicide  RCMP mental health liaison expansion called for,Maple Ridge-Pitt Meadows News,https://www.mapleridgenews.com/news/coroners-inquest-recomends-more-mental-health-7430360
V1-0325,Alleged Brampton courthouse shooter had previous run-ins with law,The Globe and Mail,https://www.theglobeandmail.com/news/toronto/alleged-brampton-courthouse-shooter-had-previous-run-ins-with-law/article17785875/
V1-0160,Knipstrom's father tells coroner's inquest about son's death,Global News,https://globalnews.ca/news/80616/knipstroms-father-tells-coroners-inquest-about-sons-death/
V2-0783,Lawyer calls for RCMP brass to talk,Maple Ridge News,https://www.proquest.com/canadiannews/docview/741475106/DBD2647494734217PQ/11?accountid=14771
V1-0544,B.C. gangster who survived several assassination attempts dies at Enderby campground,Vancouver Sun,https://vancouversun.com/news/crime/b-c-gangster-who-survived-multiple-assassination-attempts-dies-at-enderby-campground
V1-0051,Drug-fuelled melee subject of inquest; HIV-positive transsexual died after being dragged from building,Hamilton Spectator,https://www.proquest.com/canadiannews/docview/270262613/1D5846CBB5744680PQ/8?accountid=14771&sourcetype=Newspapers
V1-0399,Indigenous woman's family 'shocked' by Appeal Court decision in custody death,The London Free Press,https://lfpress.com/news/local-news/indigenous-womans-family-shocked-by-appeal-court-decision-in-custody-death
V2-0746,Addict crashes car  shoots up one last time: Victoria man dies in police custody,Edmonton Journal,https://www.proquest.com/canadiannews/docview/253372821/F5457B7A1D42C1PQ/5?accountid=14771&sourcetype=Newspapers
V1-0191,Man slain by police had history of mental illness,Toronto Star,https://www.thestar.com/news/crime/2008/12/22/man_slain_by_police_had_history_of_mental_illness.html
V1-0521,RCMP didn't try to de-escalate in fatal shooting of Eastern Passage man: witness,PNI Atlantic News,https://www.saltwire.com/nova-scotia/rcmp-didnt-try-to-de-escalate-in-fatal-shooting-of-eastern-passage-man-witness-472937
V1-0521,Police shooting in Eastern Passage raises calls for more mental health supports,Global News,https://globalnews.ca/news/7163428/police-shooting-eastern-passage-mental-health-supports/
V1-0318,Inquest begins into fatal police shooting of Ajax man Michael MacIsaac,DurhamRegion.com,https://www.durhamregion.com/news/inquest-begins-into-fatal-police-shooting-of-ajax-man-michael-macisaac/article_96e64bd9-2b68-5a02-b2fb-1962d50e60b6.html
V1-0191,Man shot  dies in confrontation with Peel police,CBC,https://www.cbc.ca/news/canada/toronto/man-shot-dies-in-confrontation-with-peel-police-1.774202
V1-0036,Revealing names of Hells Angels a death sentence: gang expert: Author of book on biker gangs calls shooting on 401 'highly unusual',Ottawa Citizen,https://www.proquest.com/canadiannews/docview/240539784/CD3DF8020430499DPQ/27?accountid=14771&sourcetype=Newspapers
V1-0056,Willey video can't go public  family told,Prince George Citizen,https://www.proquest.com/canadiannews/docview/361866091/A7498A6D0CA34FBFPQ/18?accountid=14771&sourcetype=Newspapers
V1-0309,Alberta Serious Incident Response Team clears Mounties in death after Taser deployed,The Edmonton Sun,https://edmontonsun.com/2014/10/16/alberta-serious-incident-response-team-clears-mounties-in-taser-death
V1-0076,MD disputes police report of slaying,Toronto Star,https://www.proquest.com/canadiannews/docview/439336589/BC4B73913A0D4551PQ/12?accountid=14771&sourcetype=Newspapers
V1-0253,Standing hearing set for inquest into death of man fatally shot by RCMP at fire scene,CTV,https://www.ctvnews.ca/winnipeg/article/standing-hearing-set-for-inquest-into-death-of-man-fatally-shot-by-rcmp-at-fire-scene/
V1-0002,Cocaine crime ring smashed in Edmonton: Armoured police raid: Probe launched after shoot-out with 'Crazy Jimmy': [All But Toronto Edition],National Post,https://www.proquest.com/canadiannews/docview/329685825/720CC3A746AD45C3PQ/13?accountid=14771&sourcetype=Newspapers
V1-0063,Cop justified in shooting 63-year-old: Special Investigations Unit,Cornwall Standard-Freeholder,https://www.proquest.com/canadiannews/docview/353862683/35F0A61CD2C1488EPQ/6?accountid=14771&sourcetype=Newspapers
V1-0204,SIU clears OPP officer in disabled man's death,Toronto Star,https://www.thestar.com/news/gta/siu-clears-opp-officer-in-disabled-mans-death/article_93eda903-93d9-5972-920d-5d5347b9a9fc.html
V1-0374,RCMP release new details about Christmas Day rampage in Alberta,Global News,https://globalnews.ca/news/2421394/rcmp-release-new-details-about-christmas-day-rampage-in-alberta/
V2-0679,Man who died in Winnipeg police custody Sunday night had trouble breathing during arrest: watchdog,CBC,https://www.cbc.ca/news/canada/manitoba/manitoba-police-watchdog-investigation-man-custody-death-broadway-1.6999496
V2-0952,Mother of man slain at Sask. Pen opens up new $14.45M legal front against Alberta health officials  Calgary police,Saskatoon StarPhoenix,https://thestarphoenix.com/news/local-news/mother-of-man-slain-at-sask-pen-opens-up-new-14-45m-legal-front-against-alberta-health-officials-calgary-police
V1-0102,Seven SIU investigators probe death of air traveller:,Ottawa Citizen,https://www.proquest.com/canadiannews/docview/240852810/24500122C4BD4E50PQ/6?accountid=14771
V2-0802,Community ponders suggestions after custody death inquest,Global News,https://globalnews.ca/news/1195352/community-ponders-suggestions-after-custody-death-inquest/
V1-0412,'He was my only supporter': Mother testifies at inquest into Nunavut RCMP shooting,CBC,https://www.cbc.ca/news/canada/north/charles-qirngnirq-inquest-day-one-1.6200031
V1-0366,RCMP officer cleared in shooting death of B.C. activist that sparked Anonymous revenge campaign,National Post,https://nationalpost.com/news/canada/rcmp-officer-cleared-in-shooting-death-of-b-c-activist-that-sparked-anonymous-revenge-campaign
V1-0677,Inmate  39  dies at Matsqui Institution in Abbotsford,The Abbotsford News,https://www.abbynews.com/news/inmate-39-dies-at-matsqui-institution-in-abbotsford-1766623
V1-0543,Repentigny police shooting: 'I called for help  but they killed my son',Montreal Gazette,https://montrealgazette.com/news/local-news/family-of-black-man-fatally-shot-by-repentigny-police-to-speak-monday
V1-0304,Earlier stabbing  not RCMP shooting killed man: Fredericton police,CTV,https://www.ctvnews.ca/atlantic/article/earlier-stabbing-not-rcmp-shooting-killed-man-fredericton-police/
V1-0574,'Words cannot describe our grief': Gunman identified in killings of two South Simcoe police officers,Toronto Star,https://www.thestar.com/news/gta/words-cannot-describe-our-grief-gunman-identified-in-killings-of-two-south-simcoe-police-officers/article_79068de3-167a-5bc4-bb7f-cb06b50bc1a3.html
V2-0848,Nunavut coroner confirms mandatory inquest on Cape Dorset cell death,Nunatsiaq News,https://nunatsiaq.com/stories/article/65674nunavut_coroner_confirms_mandatory_inquest_in_cape_dorset_cell_death/
V1-0597,Fatal police shooting during mental health call in Winnipeg justified  watchdog says,CBC,https://www.cbc.ca/news/canada/manitoba/bradley-singer-independent-investigation-unit-report-winnipeg-1.7447445
V1-0254,Police identify Fort Mac shooting victim,CBC,https://www.cbc.ca/news/canada/edmonton/police-identify-fort-mac-shooting-victim-1.1039991
V1-0415,No charges against Montreal police officers in shooting of homeless man,CBC,https://www.cbc.ca/news/canada/montreal/no-charges-against-montreal-police-officers-in-shooting-of-homeless-man-1.4841915
V1-0168,Man shot by police had made earlier threats  coroner's inquiry told,The Globe and Mail,https://www.theglobeandmail.com/news/toronto/man-shot-by-police-had-made-earlier-threats-coroners-inquiry-told/article1213727/
V1-0080,Court orders new trial linked to Saanich police shooting from 2004,Saanich News,https://www.saanichnews.com/news/court-orders-new-trial-linked-to-saanich-police-shooting-from-2004-221972
V1-0450,Inquest starts 'healing' in wake of B.C. man's Taser death,Tofino-Ucluelet Westerly News,https://www.westerlynews.ca/news/inquest-starts-healing-in-wake-of-bc-mans-taser-death-7397970
V1-0622,Ontario SIU investigates death of Indigenous man,The Globe and Mail,https://www.proquest.com/canadiannews/docview/3232581249/DFE21E03147740E4PQ/35?accountid=14771&sourcetype=Newspapers
V1-0222,So out of character,Bracebridge Examiner,https://www.muskokaregion.com/news/so-out-of-character/article_f4b0e3e6-b1de-5938-9e62-eeab1a91b258.html
V2-0857,'I see him when I close my eyes' says father of 20-year-old who died in police custody,CBC,https://www.cbc.ca/news/canada/manitoba/ken-leblanc-son-died-in-custody-1.3986436
V1-0397,Inquest into 2016 death of Nicolas Allan Jeppesen to start this month at Terrace Sportsplex,Terrace Standard,https://www.terracestandard.com/news/inquest-into-2016-death-of-nicolas-allan-jeppesen-to-start-this-month-at-terrace-sportsplex-6058851
V1-0603,Renée Vaugeois: What led to her decision to resign from the Edmonton Police Commission?,Edmonton Journal,https://edmontonjournal.com/news/renee-vaugeois-what-led-to-her-decision-to-resign-from-the-edmonton-police-commission
V1-0408,Vancouver police officer stabbed by robbery suspect gives emotional testimony at inquest,CBC,https://www.cbc.ca/news/canada/british-columbia/daniel-peter-rintoul-coroners-inquest-canadian-tire-2016-shooting-day-6-1.6643686
V1-0030,Police gun down man before my eyes ; Shots ring out by Tim Hortons in 'sleepy town': [Ontario Edition],Toronto Star,https://www.proquest.com/canadiannews/docview/438318786/EC5B8F6FE43F4F86PQ/2?accountid=14771&sourcetype=Newspapers
V1-0637,Death in cells: City police to release autopsy results when investigation wraps,Edmonton Journal,https://edmontonjournal.com/news/local-news/death-in-cells-city-police-to-release-autopsy-results-when-investigation-wraps
V1-0337,Surprise witness at Mutch inquest contradicts police testimony,CHEK News,https://cheknews.ca/surprise-witness-takes-stand-mutch-inquest-contradicting-police-testimony-318623/
V1-0190,RCMP ignored evidence in Simon shooting: band,CBC,https://www.cbc.ca/news/canada/nova-scotia/rcmp-ignored-evidence-in-simon-shooting-band-1.892612
V1-0229,Coroner to hold public inquest on in-custody death,Peace Arch News,https://www.peacearchnews.com/news/coroner-to-hold-public-inquest-on-in-custody-death/
V1-0563,'He didn't get a chance to get help': Jury offers no recommendations as Ryan Booker's death inquest concludes,CTV,https://www.ctvnews.ca/regina/article/he-didnt-get-a-chance-to-get-help-jury-offers-no-recommendations-as-ryan-bookers-death-inquest-concludes/
V2-0880,Inquest to investigate death of Cain Wapass in police cell,SaskToday,https://www.sasktoday.ca/crime-cops-court/inquest-to-investigate-death-of-cain-wapass-in-police-cell-6717893
V1-0365,Public hearing called into police beating death of Myles Gray in Vancouver,CBC,https://www.cbc.ca/news/canada/british-columbia/public-hearing-myles-gray-vancouver-police-1.7407752
V2-0903,Family wants answers after inmate dies at Ottawa jail,CBC,https://www.cbc.ca/news/canada/ottawa/family-wants-answers-after-inmate-dies-at-ottawa-jail-1.3515620
V2-0850,18-year-old Port Alberni woman dies in police custody,CBC,https://www.cbc.ca/news/canada/british-columbia/jocelyn-george-dies-rcmp-1.3657258
V1-0580,Man shot by RCMP was 'agitated' and had a hammer  ASIRT investigators say,CBC,https://www.cbc.ca/news/canada/calgary/strathmore-police-shooting-asirt-1.6702735
V1-0395,First officer to confront Abdirahman Abdi has left Ottawa police,CBC,https://www.cbc.ca/news/canada/ottawa/first-officer-to-confront-abdirahman-abdi-has-left-ottawa-police-1.7388242
V2-0845,Inquest ordered into prisoner's death in Inuvik,Hay River Hub,https://www.nnsl.com/inuvikdrum/inquest-ordered-into-prisoners-death-in-inuvik-7254346
V1-0462,Watchdog takes Winnipeg police to court to get cadets' notes after Taser death,CBC,https://www.cbc.ca/news/canada/manitoba/iiu-winnipeg-police-matthew-fosseneuve-1.5096244
V1-0056,RCMP urged to release arrest tape of man who died,The Globe and Mail,https://www.theglobeandmail.com/news/british-columbia/rcmp-urged-to-release-arrest-tape-of-man-who-died/article4356950/
V1-0060,Officer cleared in fatal shooting: Sudanese community 'disappointed',Calgary Herald,https://www.proquest.com/canadiannews/docview/245144296/3DBD81D6F72D4773PQ/27?accountid=14771&sourcetype=Newspapers
V1-0277,Man shot in Oakville by police may be linked to woman's body,National Post,https://nationalpost.com/posted-toronto/man-shot-by-police-in-oakville-may-be-linked-to-womans-body
V2-0725,Distraught woman died in Oshawa holding cell,Brock Citizen,https://www.durhamregion.com/news-story/3488166-distraught-woman-died-in-oshawa-holding-cell/
V1-0002,'Crazy Jimmy' died as he lived: Gang leader Hoang felled in hail of bullets  inquiry told,Edmonton Journal,https://www.proquest.com/canadiannews/docview/252973298/720CC3A746AD45C3PQ/10?accountid=14771&sourcetype=Newspapers
V1-0114,Inquest eyed into OPP's fatal shooting at rural trailer park,Ottawa Sun,https://www.proquest.com/canadiannews/docview/2172412278/29DE5D32EBEF4598PQ/247?accountid=14771&sourcetype=Newspapers
V1-0562,B.C. First Nation demands inquiry into man's death after police respond to distress call,Global News,https://globalnews.ca/news/9001742/williams-lake-first-nation-public-inquiry/
V1-0365,Photo of Myles Gray's injuries won't be shown to jurors  coroner rules,CBC,https://www.cbc.ca/news/canada/british-columbia/myles-gray-inquest-vancouver-police-verdict-1.6826185
V2-0927,Inquest called into death of Niagara Detention Centre inmate,Fort Erie Post,https://www.niagarathisweek.com/news/inquest-called-into-death-of-niagara-detention-centre-inmate/article_7e93fa47-84ae-5c5f-b5b4-31768f2b6533.html
V1-0509,5 years after Eishia Hudson  16  was shot by a police officer  hope remains for systemic change,CBC,https://www.cbc.ca/news/canada/manitoba/eishia-hudson-inquest-no-date-set-five-years-later-1.7504074
V2-0805,UPDATED: Jail cell death leads to guilty plea,The Midweek Banner,https://www.orangeville.com/news/updated-jail-cell-death-leads-to-guilty-plea/article_ad9aafd4-a48b-5f30-a0b3-4eee43a72fe3.html
V1-0919,Toronto cop gets suspended sentence  probation for assault over fake watch sale where man later died,CBC,https://www.cbc.ca/news/canada/toronto/calvin-au-sentencing-chadd-facey-1.7564456
V2-0941,Coroner announces inquest into '19 Hawkesbury death,Ottawa Sun,https://www.proquest.com/canadiannews/docview/3042263598/29DE5D32EBEF4598PQ/46?accountid=14771&sourcetype=Newspapers
V1-0383,Toronto police cleared in shooting death,Toronto Star,https://www.thestar.com/news/crime/toronto-police-cleared-in-shooting-death/article_27c1dbb9-43a6-55c2-b27f-0b3df5c4fe9c.html
V1-0459,2 Alberta RCMP officers charged with criminal negligence in fatal 2018 shooting,CBC,https://www.cbc.ca/news/canada/edmonton/rcmp-officers-charged-whitecourt-alberta-shooting-death-1.5603398
V1-0162,Police cleared in shooting death,Oakville Beaver,https://www.proquest.com/canadiannews/docview/362489988/D3F6C0D060374446PQ/11?accountid=14771&sourcetype=Newspapers
V1-0099,Coroner's inquest declares Arnaud's 2004 death a homicide,Lakes District News,https://www.proquest.com/canadiannews/docview/374491513/A86B1543E8494E0CPQ/25?accountid=14771&sourcetype=Newspapers
V2-0679,'He was a good man': Family of First Nations man question Winnipeg in-custody death,Winnipeg Sun,https://winnipegsun.com/news/provincial/he-was-a-good-man-family-of-first-nations-man-question-winnipeg-in-custody-death
V1-0607,Use of force under scrutiny after fatal RCMP shooting in Elsipogtog,NB Media Co-op,https://nbmediacoop.org/2024/09/10/fatal-police-shooting-in-elsipogtog-during-wellness-check-shocks-community/
V1-0508,Ontario's police watchdog clear cops in fatal shooting of Black man in Brampton,CTV,https://www.ctvnews.ca/toronto/article/ontarios-police-watchdog-clear-cops-in-fatal-shooting-of-black-man-in-brampton/
V1-0120,Jared Osidacz inquest delayed,The Hamilton Spectator,https://www.thespec.com/news/hamilton-region/jared-osidacz-inquest-delayed/article_f7a2106e-c104-56b2-8ced-a5173e0a8085.html
V1-0650,Inquest to begin next month in death of 26-year-old Cambridge man,Cambridge Times,https://www.cambridgetimes.ca/news/inquest-to-begin-next-month-in-death-of-26-year-old-cambridge-man/article_08c24a72-6702-52a0-9582-a944ff1d6c89.html
V1-0307,Taxpayers on hook for outcome of Yatim civil lawsuits,Calgary Sun,https://www.proquest.com/canadiannews/docview/2185420940/29DE5D32EBEF4598PQ/119?accountid=14771&sourcetype=Blogs,%20Podcasts,%20&%20Websites
V1-0263,Toronto man identified as Lindsay shooting victim by SIU,Clarington This Week,https://www.proquest.com/canadiannews/docview/873622026/6E8CD0BBCFCB44E6PQ/18?accountid=14771&sourcetype=Newspapers
V2-0860,Families of 2 Oji-Cree men who died in Thunder Bay police custody seek healing as they await inquest findings,CBC,https://www.cbc.ca/news/canada/thunder-bay/mamakwa-mckay-inquest-wraps-1.6640091
V1-0445,David Sappa  22  ID'd as man killed by police in Umiujaq  Que.,CBC,https://www.cbc.ca/news/canada/north/umiujaq-shooting-david-sappa-1.4473650
V1-0645,Quebec police to investigate incident in Nunavik community,Nunatsiaq News,https://nunatsiaq.com/stories/article/65674quebec_police_called_to_look_into_incident_in_nunavik_community/
V1-0024,Schizophrenic man 'exploded' at officers: ' ... he was bucking them off like (at) a rodeo ' psychiatric nurse testifies: FATALITY INQUIRY,Edmonton Journal,https://www.proquest.com/canadiannews/docview/252883928/6AFEFD5454904B23PQ/16?accountid=14771&sourcetype=Newspapers
V1-0552,Inquest into Hampton RCMP shooting death ends with 6 recommendations,CBC,https://www.cbc.ca/news/canada/new-brunswick/coroner-inquest-jury-recommendations-hampton-rcmp-shot-ryan-nowlan-domestic-violence-1.7036364
V1-0031,Father kills his son,Regina Leader-Post,https://www.proquest.com/canadiannews/docview/349642360/F7745594E26240ABPQ/1?accountid=14771&sourcetype=Newspapers
V1-0629,Victoria officer was 15 feet away when he fired weapon that killed a woman,Victoria News,https://www.vicnews.com/local-news/victoria-officer-was-15-feet-away-when-he-fired-weapon-that-killed-a-woman-7353490
V1-0212,Inquest into Rodney Jackson's death reveals timeline of shooting,Global News,https://globalnews.ca/news/155402/inquest-into-rodney-jacksons-death-reveals-timeline-of-shooting/
V1-0643,Coroner's inquest will examine 2018 death at Nanaimo ferry terminal,Tofino-Ucluelet Westerly News,https://www.westerlynews.ca/news/coroners-inquest-will-examine-2018-death-at-nanaimo-ferry-terminal-7498658
V1-0578,Burnaby residents hold memorial for homeless man who died while being arrested,CBC,https://www.cbc.ca/news/canada/british-columbia/calvin-goertzen-burnaby-memorial-1.6707118
V1-0251,Inquest held into police shooting,Surrey Now-Leader,https://www.surreynowleader.com/news/inquest-held-into-police-shooting-2884334
V1-0533,SIU clears officers after man shot dead during homicide investigation in Toronto,Global News,https://globalnews.ca/news/7975743/siu-clears-officers-man-shot-dead-during-homicide-investigation-toronto/
V1-0182,Woman sues RCMP claiming negligence caused father's death,Yukon News,https://www.yukon-news.com/news/woman-sues-rcmp-claiming-negligence-caused-fathers-death-6987265
V1-0200,Montrealer dies,Montreal Gazette,https://www.proquest.com/canadiannews/docview/434800088/FE4943DEAEF749C9PQ/10?accountid=14771&sourcetype=Newspapers
V1-0283,RCMP cleared in shooting of Yellowknife woman,APTN News,https://www.aptnnews.ca/national-news/rcmp-cleared-in-shooting-of-yellowknife-woman/
V1-0659,Two Montreal police officers lied about 2017 death of detainee: ethics board,CTV,https://www.ctvnews.ca/montreal/article/two-montreal-police-officers-lied-about-2017-death-of-detainee-ethics-board/
V1-0203,Investigation continues into fatal shooting by officer,CBC,https://www.cbc.ca/news/canada/calgary/investigation-continues-into-fatal-shooting-by-officer-1.794531
V2-0686,First Nations leaders demand explanation from RCMP for Indigenous man's death in police custody,CBC,https://www.cbc.ca/news/canada/british-columbia/williams-lake-first-nation-surrance-myers-death-1.6606023
V1-0579,Three of 5 people killed in Vaughan  Ont. were members of condo board  police say,CTV,https://www.ctvnews.ca/toronto/article/three-of-5-people-killed-in-vaughan-ont-were-members-of-condo-board-police-say/
V2-0691,N.W.T. coroner calls inquest into death of woman in RCMP custody,CBC,https://www.cbc.ca/news/canada/north/nwt-coroner-calls-inquest-into-death-of-woman-in-rcmp-custody-1.7324972
V1-0186,Man  30  dies after police use Taser,Toronto Star,https://www.thestar.com/news/canada/2008/11/04/man_30_dies_after_police_use_taser.html
V1-0332,Victim in Brampton police shooting is Jermaine Carby  says mother,Toronto Star,https://www.thestar.com/news/gta/victim-in-brampton-police-shooting-is-jermaine-carby-says-mother/article_fd53ad16-57dc-500f-a45c-1f1cc2351646.html
V1-0084,RCMP kill gunman,Regina Leader-Post,https://www.proquest.com/docview/349875968?accountid=14771&parentSessionId=71z5s%2Fd9wrYg9I0fpoPEbhG2yGrKK7kmjcuZl%2FnntpA%3D&sourcetype=Newspapers
V1-0060,Officer lacked data to prevent shooting: lawyer,Calgary Herald,https://www.proquest.com/canadiannews/docview/245318565/3DBD81D6F72D4773PQ/8?accountid=14771&sourcetype=Newspapers
V1-0535,'There's just so many unanswered questions': candle light vigil held for Prince Albert homicide victim,paNOW,https://panow.com/2021/05/30/theres-just-so-many-unanswered-questions-candle-light-vigil-held-for-prince-albert-homicide-victim/
V1-0560,B.C. bank robbers' 'primary objective' was to shoot and kill officers: Police,The Vancouver Sun,https://vancouversun.com/news/crime/police-to-release-their-findings-of-saanich-bank-shootout-where-two-suspects-died
V1-0199,Officers cleared in shooting death of homeless man,CTV,https://www.ctvnews.ca/vancouver/article/officers-cleared-in-shooting-death-of-homeless-man/
V1-0132,Cause of death 'undeterminable' for Red Deer man jolted by Taser: inquest,CBC,https://www.cbc.ca/news/canada/calgary/cause-of-death-undeterminable-for-red-deer-man-jolted-by-taser-inquest-1.823998
V1-0656,Winnipeg man dies in police custody,CBC,https://www.cbc.ca/news/canada/manitoba/winnipeg-man-dies-in-police-custody-1.652796
V1-0056,Family angry after opening day of Taser death inquest,Moose Jaw Times Herald,https://www.proquest.com/canadiannews/docview/345372226/A7498A6D0CA34FBFPQ/24?accountid=14771&sourcetype=Newspapers
V1-0431,Man shot dead in Saint-Georges de Beauce: incomprehension among relatives,Journal de Montreal,https://www.journaldemontreal.com/2017/08/11/homme-abattu-a-saint-georges-de-beauce-incomprehension-chez-les-proches
V2-0945,Inquest into botched 911 call begins in Ottawa,CBC,https://www.cbc.ca/news/canada/ottawa/inquest-begins-kathryn-missen-911-call-1.4864568
V1-0309,Anti-Taser petition prompted by death in Leduc gaining support,The Edmonton Sun,https://edmontonsun.com/2013/08/11/anti-taser-petition-prompted-by-death-in-leduc-gaining-support
V1-0579,Victims in Vaughan  Ont.  mass shooting include 3 members of condo board  police say,CBC,https://www.cbc.ca/news/canada/toronto/vaughan-condo-shooting-1.6690582
V1-0474,Woman shot dead by Calgary police on Christmas 'was like a Disney princess ' say friends,Calgary Sun,https://calgarysun.com/news/crime/woman-shot-dead-by-calgary-police-on-christmas-was-like-a-disney-princess
V1-0480,'The hardest call I ever did': ERT commander testifies at inquest,Chemainus Valley Courier,https://www.chemainusvalleycourier.ca/home2/the-hardest-call-i-ever-did-ert-commander-testifies-at-inquest-7346033
V1-0056,Family furious after first day of coroner's inquest,Prince George Citizen,https://www.proquest.com/canadiannews/docview/361771235/A7498A6D0CA34FBFPQ/19?accountid=14771&sourcetype=Newspapers
V2-0792,No charges to be laid in Victoria Paul's death,CBC,https://www.cbc.ca/news/canada/nova-scotia/no-charges-to-be-laid-in-victoria-paul-s-death-1.1365076
V1-0291,Man killed by RCMP near Vegreville identified,Global News,https://globalnews.ca/news/268244/man-killed-by-rcmp-near-vegreville-identified/
V1-0386,Charges against police in Montreal North death a step in right direction  activists say,CBC,https://www.cbc.ca/news/canada/montreal/bony-jean-pierre-montreal-north-police-charges-1.4130738
V1-0196,Derek Welton a different man off drugs,Cowichan News Leader Pictorial,https://www.proquest.com/canadiannews/docview/849215495/4F9316B3D92A4DC3PQ/1?accountid=14771&sourcetype=Newspapers
V1-0595,Teen fatally shot by Winnipeg police remembered by friends as 'great kid' with passion for music  dancing,CBC,https://www.cbc.ca/news/canada/manitoba/afolabi-stephen-opaso-police-shooting-friends-1.7075014
V1-0311,Man shot and killed by RCMP officers in northeastern Alberta,CityNews,https://toronto.citynews.ca/2013/08/16/man-shot-and-killed-by-rcmp-officers-in-northeastern-alberta/
V1-0386,Family of man fatally shot by Montreal police officer to sue following acquittal,Montreal Gazette,https://montrealgazette.com/news/local-news/family-of-man-fatally-shot-by-montreal-police-officer-to-sue-following-acquittal
V1-0523,Patrick Roy's son gets absolute discharge,CBC,https://www.cbc.ca/news/canada/montreal/patrick-roy-s-son-gets-absolute-discharge-1.781944
V1-0230,Marcus Firman: Taser is 'very close to last resort',Toronto Star,https://www.thestar.com/news/insight/marcus-firman-taser-is-very-close-to-last-resort/article_c6c5ee45-0450-5096-b2e4-6355e731db21.html
V1-0501,Police shoot dead a man in crisis and armed with knives,Le Journal de Montréal,https://www.journaldemontreal.com/2020/01/18/un-homme-abattu-par-les-policiers-a-shawinigan-1
V1-0206,Inquest provides relief ; Family of Ottawa man killed by OPP want officers to get better training,Ottawa Sun,https://www.proquest.com/canadiannews/docview/2219255607/29DE5D32EBEF4598PQ/251?accountid=14771&sourcetype=Newspapers
V1-0292,Coroner's inquest for RCMP shooting of Greg Matters begins,CBC,https://www.cbc.ca/news/canada/british-columbia/coroner-s-inquest-for-rcmp-shooting-of-greg-matters-begins-1.1928332
V1-0168,Probe in mentally ill man's shooting death begins,CBC,https://www.cbc.ca/news/canada/toronto/probe-in-mentally-ill-man-s-shooting-death-begins-1.915295
V1-0601,Saskatchewan police watchdog investigates Saskatoon fatal shooting involving officer,Global News,https://globalnews.ca/news/10585352/saskatchewan-sirt-police-involved-shooting/
V1-0024,Find better way to help mentally ill,Edmonton Journal,https://www.proquest.com/canadiannews/docview/252890510/6AFEFD5454904B23PQ/22?accountid=14771&sourcetype=Newspapers
V1-0440,Family calls for new independent Brydon Whitstone shooting probe,CBC,https://www.cbc.ca/news/canada/saskatoon/whitstone-coroner-s-inquest-rcmp-shooting-1.4936746
V1-0613,Family of man fatally shot by Hamilton cops seeking answers,Toronto Sun,https://torontosun.com/news/local-news/family-of-man-fatally-shot-by-hamilton-police-seeks-answers-amid-siu-probe
V1-0063,Inquest called in North York man's 2004 death,North York Mirror,https://www.proquest.com/canadiannews/docview/362157014/35F0A61CD2C1488EPQ/12?accountid=14771&sourcetype=Newspapers
V1-0456,Officials identify Nova Scotia man fatally shot by police Saturday,CTV,https://www.ctvnews.ca/atlantic/article/officials-identify-nova-scotia-man-fatally-shot-by-police-saturday/
V1-0038,Dead man named,The Province,https://www.proquest.com/canadiannews/docview/269302779/3838F0E28BC84077PQ/1?accountid=14771
V1-0506,Man who died in police incident identified as Whistler business owner,North Shore News,https://www.nsnews.com/local-news/man-who-died-in-police-incident-identified-as-whistler-business-owner-3118537
V1-0339,Police shootings often involve mental illness and ill-prepared officers,CBC,https://www.cbc.ca/news/canada/british-columbia/police-shootings-often-involve-mental-illness-and-ill-prepared-officers-1.2850020
V2-0846,Police issue update on cell death,paNOW,https://panow.com/2016/03/02/police-issue-update-on-cell-death/
V1-0031,Doctor blames death on 'excited delirium',Regina Leader-Post,https://www.proquest.com/canadiannews/docview/349732472/F7745594E26240ABPQ/13?accountid=14771&sourcetype=Newspapers
V1-0075,Let no death be in vain,Kelowna Capital News,https://www.proquest.com/canadiannews/docview/375945129/9B24370CE95F41BDPQ/3?accountid=14771&sourcetype=Newspapers
V1-0461,Quebec coroner to hold public inquiry into 2018 police killing of Lac-Brome teen,Global News,https://globalnews.ca/news/7744187/quebec-coroner-public-inquiry-2018-killing-lac-brome-teen/
V1-0597,'It's a horrible loss': Joint inquest wanted from families of men killed by Winnipeg police,CTV,https://www.ctvnews.ca/winnipeg/article/its-a-horrible-loss-joint-inquest-wanted-from-families-of-men-killed-by-winnipeg-police/
V1-0512,Photo shows replica RCMP car inside Nova Scotia gunman's home months before rampage,Global News,https://globalnews.ca/news/6933586/nova-scotia-shooting-rcmp-vehicle-photo-gunmans-home/
V1-0019,Officers get awards at police meeting,Sudbury Star,https://www.proquest.com/canadiannews/docview/348960350/CD307489238948F6PQ/13?accountid=14771&sourcetype=Newspapers
V1-0395,Black Lives Matter Toronto stage rally at SIU headquarters over death of Abdirahman Abdi,Global News,https://globalnews.ca/news/2899990/black-lives-matter-stage-rally-at-siu-headquarters-over-death-of-abdirahman-abdi/
V1-0251,'I believed I was dead ' RCMP officer tells inquest,The Vancouver Sun,https://vancouversun.com/news/metro/i-believed-i-was-dead-rcmp-officer-tells-inquest
V1-0502,Man shot by Toronto police last month has died  SIU says,Toronto Star,https://www.thestar.com/news/gta/man-shot-by-toronto-police-last-month-has-died-siu-says/article_8d576a0c-d47c-5ccf-94e9-c7cae9e1dfd6.html
V1-0056,Red Flags; Taser death raises claims of a 'cowboy Mountie',National Post,https://www.proquest.com/canadiannews/docview/330880406/A7498A6D0CA34FBFPQ/20?accountid=14771&sourcetype=Newspapers
V1-0387,Wife of Chilliwack man who died after RCMP arrest says he was successful and loved,The Chilliwack Progress,https://www.theprogress.com/news/wife-of-chilliwack-man-who-died-after-rcmp-arrest-says-he-was-successful-and-loved-1912758
V1-0595,Year after man shot  killed by police  family still waits for answers,Winnipeg Free Press,https://www.winnipegfreepress.com/breakingnews/2024/12/30/year-after-man-shot-killed-by-police-family-still-waits-for-answers
V1-0653,A death in custody leaves haunting questions,Toronto Star,https://www.proquest.com/canadiannews/docview/2908283831/DFE21E03147740E4PQ/9?accountid=14771&sourcetype=Newspapers
V2-0674,Howard Hyde's death caused by struggle with jail guards  inquiry report says,Guelph Mercury Tribune,https://www.guelphmercury.com/news/howard-hydes-death-caused-by-struggle-with-jail-guards-inquiry-report-says/article_4b7c7662-b19e-54fa-8ee1-f5b30075315e.html
V1-0452,Windsor police officer doing homeless outreach morning of Mahoney's shooting death: Inquest,The Windsor Star,https://windsorstar.com/news/local-news/draft-head-officer-recalls-day-of-matthew-mahoneys-death
V1-0612,Death of Joshua Papigatuk highlights police violence in Nunavik,APTN News,https://www.aptnnews.ca/national-news/death-of-joshua-papigatuk-highlights-police-violence-in-nunavik/
V1-0612,Nunavik Police Service aims to reinvent itself with funding increase,Nunatsiaq News,https://nunatsiaq.com/stories/article/nunavik-police-service-aims-to-reinvent-itself-with-funding-increase/
V1-0577,Fatal police shooting in North Vancouver justified  watchdog rules,North Shore News,https://www.nsnews.com/local-news/fatal-police-shooting-in-north-vancouver-justified-watchdog-rules-7370730
V2-0839,Inquest will be held into death of man at Surrey Memorial Hospital,North Delta Reporter,https://www.northdeltareporter.com/news/inquest-will-be-held-into-death-of-man-at-surrey-memorial-hospital-2688642
V2-0681,Inquest called into death of man found naked  yelling in delirium near riverbank in Winnipeg,CBC,https://www.cbc.ca/news/canada/manitoba/inquest-death-aaron-ross-winnipeg-1.6085979
V2-0853,Inquest to probe death of man who fell out of Quesnel  B.C.  ambulance,CBC,https://www.cbc.ca/news/canada/british-columbia/one-year-after-a-man-fell-out-of-an-ambulance-and-died-an-inquest-is-being-held-in-quesnel-1.4398650
V2-0693,Police watchdog investigating in-custody death in Quesnel  B.C.,Penticton Herald,https://www.pentictonherald.ca/prairies/bc/article_41082a92-25ae-51b8-bf9c-51ba867ade79.html
V1-0353,Joe Smyth used 'appropriate force in self-defence ' says report into Dunphy shooting,CBC,https://www.cbc.ca/news/canada/newfoundland-labrador/dunphy-inquiry-report-handed-to-justice-minister-1.4179417
V1-0122,Death an accident  jury rules ruled acc,Windsor Star,https://www.proquest.com/canadiannews/docview/254764964/E19CEB124E2E4B08PQ/3?accountid=14771&sourcetype=Newspapers
V1-0055,Probe of fatal shooting upsets kin,The Province,https://www.proquest.com/canadiannews/docview/269390286/E91D52E487E04F21PQ/11?accountid=14771&sourcetype=Newspapers
V1-0160,Video: Robert Knipstrom detained and tasered by RCMP before death,The Georgia Straight,https://www.straight.com/article-270836/vancouver/robert-knipstrom
V1-0583,Months earlier  SQ officer had warned colleagues about man who ended up killing sergeant,CBC,https://www.cbc.ca/news/canada/montreal/isaac-brouillard-lessard-sq-officer-maureen-breau-inquest-1.7140684
V1-0055,One dead  one wounded after Moody shooting,Coquitlam Now,https://www.proquest.com/canadiannews/docview/358319477/E91D52E487E04F21PQ/8?accountid=14771&sourcetype=Newspapers
V2-0922,Inquest called after in custody death ruled a homicide,CTV,https://www.ctvnews.ca/winnipeg/article/inquest-called-after-in-custody-death-ruled-a-homicide/
V1-0654,Hearing delayed for Halifax police officers involved in man's death in cell,Toronto Star,https://www.thestar.com/halifax/hearing-delayed-for-halifax-police-officers-involved-in-man-s-death-in-cell/article_6b0c73bd-cbf2-5f76-8684-79652b1ba8c4.html
V1-0399,Family rejects apology from London cop convicted in Indigenous woman's death,The London Free Press,https://lfpress.com/news/local-news/family-rejects-apology-from-london-officer-convicted-in-indigenous-womans-death
V1-0133,Disqualified driver used fake licence plate,The St. Catharines Standard,https://www.stcatharinesstandard.ca/news/niagara-region/disqualified-driver-used-fake-licence-plate/article_a0fabbee-a60b-5de4-ade4-d3f09617f779.html
V1-0194,Jury hears details of police shooting,Midland Mirror,https://www.simcoe.com/news/jury-hears-details-of-police-shooting/article_7d1767fe-9b8f-5c49-8a8a-910ae2305cac.html
V2-0716,Training urged to keep alcoholics safe in custody,Hamilton Spectator,https://www.proquest.com/canadiannews/docview/270322783/377F5AE8A75E4B82PQ/1?accountid=14771&sourcetype=Newspapers
V2-0846,Saskatoon police constables testify at inquest into the death of Michael Ryan,Global News,https://globalnews.ca/news/4195960/saskatoon-police-testify-inquest-in-custody-death-michael-ryan/
V1-0371,Updated: Mountie charged in shooting death of ex-Flin Flonner,The Reminder,https://www.thereminder.ca/local-news/updated-mountie-charged-in-shooting-death-of-ex-flin-flonner-4104509
V1-0324,Mounties identify man killed by police and linked to Medicine Hat homicide,Calgary Sun,https://web.archive.org/web/20150427112910/http://www.calgarysun.com/2014/03/26/mounties-identify-man-killed-by-police-and-linked-to-medicine-hat-homicide
V1-0317,Police officers being investigated,Burlington Post,https://www.insidehalton.com/news/crime/police-officers-being-investigated/article_20f78391-2fcc-5bb4-a5d9-3b3cf00fa3b1.html
V1-0419,'Always happy': Contractor remembers police shooting victim Vitaly Savin,Edmonton Sun,https://edmontonsun.com/2017/03/15/always-happy-contractor-remembers-police-shooting-victim-vitaly-savin
V2-0817,Inquest scheduled for First Nations woman who died after police transfer,CBC,https://www.cbc.ca/news/canada/thunder-bay/inquest-date-matawapit-1.4448973
V2-0738,Woman dies in police cell shortly after arrest,Kingston Whig-Standard,https://www.proquest.com/canadiannews/docview/352676650/BDDA74BC935242CBPQ/3?accountid=14771
V1-0574,Autopsy set to take place for man killed in shooting that left 2 Ontario officers dead,Global News,https://globalnews.ca/news/9198481/autopsy-chris-doncaster-innisfil-shooting/
V1-0531,Man fatally shot by police in Vancouver's Downtown Eastside neighbourhood,Penticton Herald,https://www.pentictonherald.ca/prairies/bc/article_34a15ffc-f5b1-5652-acff-2a3fc8cb5d57.html
V2-0695,Family grieving the loss of 'tiny  frail' woman known as Mama D,Edmonton Journal,https://edmontonjournal.com/news/crime/family-grieving-the-loss-of-tiny-frail-woman-known-as-mama-d
V1-0026,Stereotypical details used to explain death,Saskatoon Star-Phoenix,https://www.proquest.com/canadiannews/docview/348575538/6394D4EAEDBD418APQ/8?accountid=14771&sourcetype=Newspapers
V1-0535,Former Sask. Mountie Bernie Herman sentenced to 11 years in shooting death of lover,Saskatoon StarPhoenix,https://thestarphoenix.com/news/local-news/sentencing-for-former-sask-mountie-bernie-herman-in-shooting-death-of-lover
V2-0727,SIU clears Windsor police in man's death,Brantford Expositor,https://www.proquest.com/canadiannews/docview/346005556/E47040B7727544D6PQ/8?accountid=14771&sourcetype=Newspapers
V1-0610,SIRT investigating RCMP chase near Fishing Lake First Nation that ended in death of wanted man,Saskatoon StarPhoenix,https://thestarphoenix.com/news/local-news/rcmp-chase-near-fishing-lake-first-nation-ends-in-death-of-wanted-man
V1-0239,Toronto police officer Const. David Cavanagh exonerated - again - in 2010 shooting of Eric Osawe,National Post,https://nationalpost.com/news/toronto/toronto-police-officer-const-david-cavanagh-exonerated-again-in-2010-shooting-of-eric-osawe
V1-0183,Jury recommends better risk analysis to prevent RCMP shooting deaths,Global News,https://globalnews.ca/news/316845/jury-recommends-better-risk-analysis-to-prevent-rcmp-shooting-deaths/
V1-0542,Advocates and family of man shot by RCMP launch 'people's tribunal' to probe police,North Shore News,https://www.nsnews.com/bc-news/advocates-and-family-of-man-shot-by-rcmp-launch-peoples-tribunal-to-probe-police-10377292
V2-0698,Another person dies in RCMP custody,Whitehorse Star,https://www.proquest.com/canadiannews/docview/362105142/D331290309994DACPQ/37?accountid=14771&sourcetype=Newspapers
V1-0038,'He didn't deserve to die': Man who died in police custody was just protecting his bike  says friend,The Province,https://www.proquest.com/canadiannews/docview/269306694/643FBB86ABC04012PQ/4?accountid=14771&sourcetype=Newspapers
V2-0855,Inquest into man's death while in police custody,CTV,https://www.ctvnews.ca/northern-ontario/article/inquest-into-mans-death-while-in-police-custody/
V2-0682,'We're not above the law': Prince Albert police officer charged with criminal negligence in man's in-custody death,Saskatoon StarPhoenix,https://thestarphoenix.com/news/local-news/prince-albert-police-officer-charged-with-criminal-negligence-in-mans-in-custody-death
V1-0618,Family of 29-year-old Montrealer killed amid police intervention want public coroner's inquiry,CityNews,https://montreal.citynews.ca/2025/04/23/family-montrealer-killed-police-intervention-coroners-inquiry/
V1-0068,Man shot by police on suicide mission: [FINAL C Edition],Vancouver Sun,https://www.proquest.com/canadiannews/docview/242351418/F1ECD4EB23494EFBPQ/8?accountid=14771&sourcetype=Newspapers
V2-0902,Inmate at N.B. jail dies after being transported to hospital,CTV,https://www.ctvnews.ca/atlantic/new-brunswick/article/inmate-at-nb-jail-dies-after-being-transported-to-hospital/
V1-0268,Inquest into 2011 death of Charles McGillivary begins,Global News,https://globalnews.ca/news/1124477/inquest-into-2011-death-of-charles-mcgillivary-begins/
V1-0602,SIU concludes no basis for criminal charges against OPP for fatally shooting First Nations man,APTN News,https://www.aptnnews.ca/national-news/siu-concludes-no-basis-for-criminal-charges-against-opp-for-fatally-shooting-first-nations-man/
V1-0101,Man shot after North York killing: [Toronto Edition],National Post,https://www.proquest.com/canadiannews/docview/330342777/C926DE0A3F3F44ACPQ/4?accountid=14771&sourcetype=Newspapers
V1-0082,Tape of plans found in Toronto hostage-taker's car,CBC,https://www.cbc.ca/news/canada/tape-of-plans-found-in-toronto-hostage-taker-s-car-1.467438
V1-0214,Neo-Nazi sympathizer fatally shot by Nanaimo police didn't fire flare gun  probe told,The Globe and Mail,https://www.theglobeandmail.com/news/british-columbia/neo-nazi-sympathizer-fatally-shot-by-nanaimo-police-didnt-fire-flare-gun-probe-told/article588298/
V1-0364,2 Toronto police officers cleared in shooting death of man wanted for murder: SIU,Global News,https://globalnews.ca/news/2796651/2-toronto-police-officers-cleared-in-shooting-death-of-man-wanted-for-murder-siu/
V1-0535,Year in Review: The Bernie Herman murder trial,paNOW,https://panow.com/2023/12/30/year-in-review-the-bernie-herman-murder-trial/
V1-0466,Friends  family say fatal police shooting could have been avoided,Calgary Sun,https://calgarysun.com/news/crime/he-would-never-hurt-anyone-friends-family-mourn-man-killed-by-calgary-police
V2-0783,Head trauma trumps intoxication  police told; Man's cell death triggers rules for cops  paramedics,The Province,https://www.proquest.com/canadiannews/docview/745756546/DBD2647494734217PQ/3?accountid=14771&sourcetype=Newspapers
V2-0949,No answers for northern Manitoba family whose daughter died in RCMP custody in 2023,CBC,https://www.cbc.ca/news/canada/manitoba/janine-walker-rcmp-death-1.7260615
V1-0336,Calgary cop cleared in deadly shooting,The Edmonton Sun,https://edmontonsun.com/2016/08/04/calgary-cop-cleared-in-deadly-shooting
V1-0568,Family of Indigenous man killed after police shooting in Vancouver demand public inquest,The Chilliwack Progress,https://www.theprogress.com/news/family-of-indigenous-man-killed-after-police-shooting-in-vancouver-demand-public-inquest/
V2-0796,Report on jail cell death advises quashing some mandatory inquests,Global News,https://globalnews.ca/news/1362023/report-on-in-custody-death-advises-quashing-some-mandatory-inquests/
V2-0690,Prosecution service in B.C. reviewing case of Lake Babine Nation man's death in custody,APTN News,https://www.aptnnews.ca/national-news/prosecution-service-in-b-c-reviewing-case-of-lake-babine-nation-mans-death/
V2-0819,Family seeks answers after teen dies in plunge into Niagara Gorge,Toronto Star,https://www.thestar.com/news/gta/family-seeks-answers-after-teen-dies-in-plunge-into-niagara-gorge/article_cadbb0ea-f3fe-572e-b45f-34202d3bc6a3.html
V2-0737,Prescription drug info key to inquiry,Daily Herald-Tribune,https://www.proquest.com/canadiannews/docview/2171982459/142730199F3D4CBAPQ/7?accountid=14771
V1-0045,27-year-old Calgarian dies in police custody,Calgary Herald,https://www.proquest.com/canadiannews/docview/244985270/6D52E64269994291PQ/5?accountid=14771
V2-0896,Death in a holding cell,Vancouver Sun,https://www.proquest.com/canadiannews/docview/1492815174/C726A0BED4C248B2PQ/118?accountid=14771&sourcetype=Newspapers
V1-0036,Security tight as biker appears in court,Ottawa Citizen,https://www.proquest.com/canadiannews/docview/240537207/CD3DF8020430499DPQ/34?accountid=14771
V1-0289,RCMP shoot and kill former security guard suspected in brutal B.C. double murder,National Post,https://nationalpost.com/news/canada/rcmp-shoot-and-kill-former-security-guard-suspected-in-brutal-b-c-double-murder
V1-0036,How a career criminal fooled the system,Ottawa Citizen,https://www.proquest.com/canadiannews/docview/240539528/CD3DF8020430499DPQ/3?accountid=14771&sourcetype=Newspapers
V1-0026,Saskatoon police to keep Tasers,Saskatoon Star-Phoenix,https://www.proquest.com/canadiannews/docview/348668281/6394D4EAEDBD418APQ/15?accountid=14771&sourcetype=Newspapers
V2-0890,Inquest into in-custody White Rock death postponed,Peace Arch News,https://www.peacearchnews.com/local-news/inquest-into-in-custody-white-rock-death-postponed-8073738
V1-0162,Police cleared in man's death; SIU says Halton officers faced 'very real threat' but tried to subdue armed man before firing,Toronto Star,https://www.proquest.com/canadiannews/docview/439406239/D3F6C0D060374446PQ/16?accountid=14771&sourcetype=Newspapers
V2-0949,IIU investigates death of woman in RCMP custody,The Winnipeg Sun,https://winnipegsun.com/news/provincial/iiu-investigates-death-of-woman-in-rcmp-custody
V1-0177,Judge clears police in Vegreville shooting,CBC,https://www.cbc.ca/news/canada/edmonton/judge-clears-police-in-vegreville-shooting-1.997208
V1-0195,Shoot first and be condemned later,100 Mile Free Press,https://www.proquest.com/canadiannews/docview/372836872/7A9B6C582E3942B3PQ/2?accountid=14771&sourcetype=Newspapers
V1-0582,'I will never find any peace': Mother of police shooting victim demands more mental-health training,CTV,https://www.ctvnews.ca/calgary/article/i-will-never-find-any-peace-mother-of-police-shooting-victim-demands-more-mental-health-training/
V1-0025,Police gun down area man; 'Great guy' shot during scuffle with cop in Edmonton,Windsor Star,https://www.proquest.com/canadiannews/docview/254407220/51DA3E3B8FFA476EPQ/15?accountid=14771&sourcetype=Newspapers
V2-0920,He died in Hamilton's jail within 24 hours of going in. His family won't give up until they get answers,CBC,https://www.cbc.ca/news/canada/hamilton/hamilton-prisoner-death-2024-jamie-dooley-1.7241017
V1-0162,Man linked to Pickton killed by Ontario police,Calgary Herald,https://www.proquest.com/canadiannews/docview/243460887/D3F6C0D060374446PQ/20?accountid=14771
V1-0099,Inquest offers more proof that RCMP shouldn't investigate itself,Vancouver Sun,https://www.proquest.com/canadiannews/docview/242117885/A86B1543E8494E0CPQ/19?accountid=14771&sourcetype=Newspapers
V1-0490,Officer testifies at inquest into fatal RCMP shooting of Maple Ridge  B.C.  man with schizophrenia,CTV,https://www.ctvnews.ca/vancouver/article/officer-testifies-at-inquest-into-fatal-rcmp-shooting-of-maple-ridge-bc-man-with-schizophrenia/
V1-0276,Fatality inquiry finds RCMP had little choice but to shoot Onoway man carrying knife,Edmonton Journal,https://edmontonjournal.com/news/local-news/fatality-inquiry-finds-rcmp-had-little-choice-but-to-shoot-onoway-man-carrying-knife
V1-0304,Are Moncton RCMP Paying Price For Last Year's Murder of Daniel Levesque?,Media Co-op,https://mediacoop.ca/story/are-moncton-rcmp-paying-price-last-years-murder-da/30896
V2-0693,RCMP arrested Indigenous assault victim instead of taking her to hospital  inquest hears,CBC,https://www.cbc.ca/news/canada/british-columbia/indigenous-assault-victim-inquest-1.6853904
V1-0032,Details of violent arrest heard at coroner’s inquest,Regina Leader-Post,https://www.pressreader.com/canada/regina-leader-post/20110118/282175057567906?srsltid=AfmBOoqel-8jqQTjFws5yl29MZflrY4Pjk8sMJRpKjwP_hRkM78_a0dr
V2-0800,Police officer tells inquest man was not examined at hospital,CTV,https://www.ctvnews.ca/saskatoon/article/police-officer-tells-inquest-man-was-not-examined-at-hospital/
V1-0548,Man killed in London police shooting identified as 29-year-old from Lambton County,London Free Press,https://lfpress.com/news/local-news/watchdog-releases-new-details-about-man-killed-in-london-police-shooting
V1-0365,Coroner's inquest jury classifies Myles Gray's death as homicide,CBC,https://www.cbc.ca/news/canada/british-columbia/myles-gray-inquest-vancouver-police-verdict-1.6825919
V1-0612,Kuujjuaq protest demands justice after police shooting in Salluit,Nunatsiaq News,https://nunatsiaq.com/stories/article/kuujjuaq-protest-demands-justice-after-police-shooting-in-salluit/
V1-0452,Jury reaches decision in Mahoney inquest,The Windsor Star,https://windsorstar.com/news/local-news/jury-reaches-decision-in-mahoney-inquest
V1-0659,2 Montreal police officers lied about man who died in custody in 2017  ethics committee says,CBC,https://www.cbc.ca/news/canada/montreal/ethics-committee-police-lie-spvm-1.6739673
V2-0938,Family of mentally ill man who hanged himself in Ottawa jail demands change,Ottawa Sun,https://www.proquest.com/canadiannews/docview/2203429545/29DE5D32EBEF4598PQ/204?accountid=14771&sourcetype=Blogs,%20Podcasts,%20&%20Websites
V1-0365,Forcible restraint by police among factors in Myles Gray death  pathologist says,Lakeland Today,https://www.lakelandtoday.ca/national-news/forcible-restraint-by-police-among-factors-in-myles-gray-death-pathologist-says-6919072
V2-0753,Common sense key ; Great to get answers but latest inquest unnecessary,Winnipeg Sun,https://www.proquest.com/canadiannews/docview/2215403319/F7CE1DAB7F4D4A9FPQ/2?accountid=14771&sourcetype=Newspapers
V1-0461,Coroner reveals recommendations following inquest into Riley Fairholm's death,Sherbrooke Record,https://www.sherbrookerecord.com/coroner-reveals-recommendations-following-inquest-into-riley-fairholms-death/
V2-0682,Sask. Indigenous leaders call for immediate implementation of P.A. police recommendations  full review release,CBC,https://www.cbc.ca/news/canada/saskatchewan/saskatchewan-prince-albert-police-recommendations-indigenous-fsin-1.6911276
V1-0560,What we know about the deadly bank robbery in Saanich  B.C.,CBC,https://www.cbc.ca/news/canada/british-columbia/saanich-bank-robbery-what-we-know-1.6507212
V1-0283,Deadly force: Impacts of Karen Lander's death reverberate in N.W.T  6 years later,CBC,https://www.cbc.ca/news/canada/north/police-deaths-nwt-1.4615440
V1-0253,Northern man shot twice  autopsy shows,Winnipeg Free Press,https://www.winnipegfreepress.com/breakingnews/2011/03/17/northern-man-shot-twice-autopsy-shows
V1-0143,Controversial officer at centre of inquest into fatal police shooting,CBC,https://www.cbc.ca/news/canada/hamilton/headlines/controversial-officer-at-centre-of-inquest-into-fatal-police-shooting-1.1336153
V1-0549,SIU clears Toronto police officer tied to gunsmith's death in Norfolk County,Global News,https://globalnews.ca/news/8657157/siu-clears-toronto-police-firearms-search-norfolk-county/
V1-0399,Conditional sentence for police officer convicted in woman's custody death,The London Free Press,https://lfpress.com/news/local-news/conditional-sentence-for-police-officer-convicted-in-womans-custody-death
V1-0647,Calgary officer describes life-and-death struggle with would-be robber he fatally shot,Calgary Herald,https://calgaryherald.com/news/crime/officer-said-no-choice-shoot-knife-wielding-robber
V2-0853,B.C. Coroners Service launches inquest into death of man who fell after leaving ambulance,CBC,https://www.cbc.ca/news/canada/british-columbia/b-c-coroners-service-launches-inquest-into-death-of-man-who-fell-after-leaving-ambulance-1.4354241
V1-0548,Man shot dead by London police faced charges of assaulting Sarnia cops,The London Free Press,https://lfpress.com/news/local-news/tennis-pro-shot-by-london-police-was-charged-with-assaulting-sarnia-cops
V1-0143,Clairmont: Hamilton cop Ryan Tocher faces investigation again,Stoney Creek News,https://www.thespec.com/news/hamilton-region/clairmont-hamilton-cop-ryan-tocher-faces-investigation-again/article_d378ea8b-de7c-52b2-8833-a5406728056b.html
V1-0399,Charges against OPP officer dropped in the death of Debra Chrisjohn,CBC,https://www.cbc.ca/news/canada/london/charges-against-opp-officer-dropped-in-the-death-of-debra-chrisjohn-1.4422914
V1-0625,Bystander who became part of Edmonton police-shooting carnage recalls assisting victim,Edmonton Sun,https://edmontonsun.com/2015/06/09/bystander-who-became-part-of-edmonton-police-shooting-carnage-recalls-assisting-victim
V2-0727,Jury urges changes at jail: Three recommendations come after inquest into death of prisoner,Windsor Star,https://www.proquest.com/canadiannews/docview/254611038/E47040B7727544D6PQ/2?accountid=14771&sourcetype=Newspapers
V1-0060,Judge points out police info gaps,Calgary Herald,https://www.proquest.com/canadiannews/docview/245405006/3DBD81D6F72D4773PQ/26?accountid=14771&sourcetype=Newspapers
V2-0688,Jury rules death of Kugluktuk man 'accidental ' offers recommendations,Nunatsiaq News,https://nunatsiaq.com/stories/article/jury-rules-death-of-kugluktuk-man-accidental-offers-recommendations/
V1-0549,Mystery customer who watched Toronto police kill renowned gunsmith during raid files $2.6M lawsuit,CBC,https://www.cbc.ca/news/canada/hamilton/rodger-kotanko-mystery-customer-witness-police-raid-1.6977476
V1-0222,Ex-politician suspected in deadly police shootout,CBC,https://www.cbc.ca/news/canada/ex-politician-suspected-in-deadly-police-shootout-1.874705
V1-0567,Call for more mental health supports renewed in wake of police shooting,Windsor Star,https://windsorstar.com/news/local-news/call-for-more-mental-health-supports-renewed-in-wake-of-police-shooting
V1-0599,Man killed after 30-hour armed standoff with Calgary police identified,CBC,https://www.cbc.ca/news/canada/calgary/calgary-police-memorial-drive-closed-situation-1.7144799
V2-0783,Cops  ambulance crew sued over man's demise; Hospital ruled out  jail ruled in,The Province,https://www.proquest.com/canadiannews/docview/759622498/DBD2647494734217PQ/10?accountid=14771
V1-0120,Inquest called into death of boy killed by father,CBC,https://www.cbc.ca/news/canada/toronto/inquest-called-into-death-of-boy-killed-by-father-1.608125
V1-0142,Police officer who saved woman's life cleared by SIU,North York Mirror,https://www.proquest.com/canadiannews/docview/362163450/C6D15E326E934070PQ/4?accountid=14771&sourcetype=Newspapers
V1-0084,Put a civilian on police negotiating teams  jury urges,CBC,https://www.cbc.ca/news/canada/saskatchewan/put-a-civilian-on-police-negotiating-teams-jury-urges-1.624302
V2-0682,Charges stayed for Saskatchewan cop accused of negligence after in-custody death,The Toronto Sun,https://torontosun.com/news/national/charges-stayed-for-saskatchewan-cop-accused-of-negligence-after-in-custody-death
V2-0763,Justice will be done in taser death  Quebec tells Italy's envoy: [1],The Globe and Mail,https://www.proquest.com/canadiannews/docview/383632084/DAB282DB47754EEEPQ/3?accountid=14771&sourcetype=Newspapers
V1-0264,Police investigate Abbotsford in-custody death,CBC,https://www.cbc.ca/news/canada/british-columbia/police-investigate-abbotsford-in-custody-death-1.1105033
V1-0157,Eye witnesses testify in RCMP perjury trial,The Province,https://www.proquest.com/canadiannews/docview/1370064098/C726A0BED4C248B2PQ/95?accountid=14771&sourcetype=Newspapers
V1-0539,Woman who saw police kill her ex-boyfriend says 'he didn't get the help that he needed',CBC,https://www.cbc.ca/news/canada/newfoundland-labrador/roy-freake-sirt-police-shooting-rcmp-1.6080421
V1-0426,Montreal police pressed to act on training after damning report into fatal shooting of man in distress,CBC,https://www.cbc.ca/news/canada/montreal/coroner-report-coriolan-community-response-1.6354199
V1-0119,Caledon shooting tied to abduction  police say,The Globe and Mail,https://www.theglobeandmail.com/news/national/caledon-shooting-tied-to-abduction-police-say/article18153186/
V1-0062,Coroner still awaiting autopsy results for Sidney man who died in custody,Times-Colonist,https://www.proquest.com/canadiannews/docview/347925400/11408CE4FB2444D0PQ/2?accountid=14771
V1-0223,Body pulled from Lake Ontario ID'd as Toronto police officer,CBC,https://www.cbc.ca/news/canada/toronto/body-polson-pier-police-officer-1.3434019
V2-0693,Quesnel women's death being probed by police watchdog,The Vancouver Sun,https://vancouversun.com/news/local-news/quesnel-womens-death-being-probed-by-police-watchdog
V2-0769,Detention cell suicide prompts call for yearly audit,CBC,https://www.cbc.ca/news/canada/calgary/detention-cell-suicide-prompts-call-for-yearly-audit-1.1249020
V2-0898,P.E.I. justice minister will call inquest for man who died in provincial jail,CBC,https://www.cbc.ca/news/canada/prince-edward-island/pei-inqeust-called-hoddinott-1.6311168
V1-0494,Okanagan man dies hours after being Tasered by police  IIO investigates,CityNews,https://vancouver.citynews.ca/2019/10/30/okanagan-tasered-police/
V2-0821,Inquest into death in Pentciton jail cell begins,Penticton Herald,https://www.pentictonherald.ca/news/article_e07c614a-63c1-11e4-9825-001a4bcf6878.html
V1-0572,Shooter was lying in wait prior to ambushing and killing Toronto cop at Mississauga coffee shop,INsauga,https://www.insauga.com/shooter-was-lying-in-wait-prior-to-ambushing-and-killing-toronto-cop-at-mississauga-coffee-shop/
V2-0846,Family of Saskatoon man who died after arrest wants to know why he was jailed  rather than hospitalized,CBC,https://www.cbc.ca/news/canada/saskatchewan/inquest-saskatoon-michael-ryan-death-1.4650924
V1-0352,Inquest into shooting death of Cody Cole ends with recommendations for Peterborough police,Peterborough Examiner,https://www.thepeterboroughexaminer.com/news/crime/inquest-into-shooting-death-of-cody-cole-ends-with-recommendations-for-peterborough-police/article_cad5a5f5-89ac-540b-89bb-b924135fc53c.html
V1-0161,Inquest tackles police shooting; Mother wants answers 16 months after her son died during a robbery,Waterloo Region Record,https://www.proquest.com/canadiannews/docview/267288180/5CEC8F4D711947FBPQ/3?accountid=14771&sourcetype=Newspapers
V1-0538,Edmonton police officer not guilty of assault in arrest where he hit man with baton,CBC,https://www.cbc.ca/news/canada/edmonton/edmonton-police-officer-not-guilty-of-assault-in-arrest-where-he-hit-man-with-baton-1.7558639
V1-0254,Inquiry judge says Mounties justified in killing armed man in Fort McMurray,Penticton Herald,https://www.pentictonherald.ca/prairies/bc/article_f4eb179e-a885-5e41-b4b2-759f11940981.html
V1-0576,Inquest hears that man killed by Saskatoon police in 2022 challenged cops to shoot him,CBC,https://www.cbc.ca/news/canada/saskatoon/ronnie-glen-herman-shooting-inquest-1.7588611
V2-0846,Death probe launched: Man  38  passed out while in custody in Saskatoon police cells,CBC,https://www.cbc.ca/news/canada/saskatchewan/death-investigation-saskatoon-police-cells-1.3467250
V1-0175,Man dies in RCMP custody; A 24-year-old Langley man is the latest in-custody death.,Langley Advance,https://www.proquest.com/canadiannews/docview/345509878/D331290309994DACPQ/58?accountid=14771&sourcetype=Newspapers
V1-0060,Shooting inquiry begins today: Officer shot immigrant twice in neck: [Final Edition 1],Calgary Herald,https://www.proquest.com/canadiannews/docview/245299363/3DBD81D6F72D4773PQ/11?accountid=14771&sourcetype=Newspapers
V1-0633,York cop Remo Romano found guilty of dangerous driving in 3rd trial,Vaughan Citizen,https://www.yorkregion.com/news/crime/york-cop-remo-romano-found-guilty-of-dangerous-driving-in-3rd-trial/article_7c15d79f-d192-5157-973c-bbee0f3ae620.html?
V1-0584,SIU clears Peel cop in arrest  death of 34-year-old Brampton man,CBC,https://www.cbc.ca/news/canada/toronto/peter-campbell-peel-police-siu-investigation-1.7301682
V1-0343,Inquest into fatal police shooting in northern New Brunswick to start in April,Toronto Star,https://www.thestar.com/news/canada/inquest-into-fatal-police-shooting-in-northern-new-brunswick-to-start-in-april/article_cb875283-6974-5c57-89b9-a08bb949db79.html
V1-0455,Woman killed in Calgary police-involved shooting had ties to Saskatchewan FN,APTN News,https://www.aptnnews.ca/national-news/woman-killed-in-calgary-police-involved-shooting-has-ties-to-saskatchewan-fn/
V1-0055,Policeman hostage to international politics,North Shore News,https://www.proquest.com/canadiannews/docview/361440343/E91D52E487E04F21PQ/23?accountid=14771&sourcetype=Newspapers
V1-0567,SIU identifies man shot  killed in machete incident; Victim in fatal confrontation with police went to prison after 2015 attack on man,Windsor Star,https://global-factiva-com.myaccess.library.utoronto.ca/redir/default.aspx?P=sa&NS=16&AID=9UNI011000&an=WINSTR0020220817ei8h0000a&drn=drn%3aarchive.newsarticle.WINSTR0020220817ei8h0000a&cat=a&ep=ASI
V1-0442,'He was a good kid': Family of man fatally shot by RCMP,CTV,https://www.ctvnews.ca/winnipeg/article/he-was-a-good-kid-family-of-man-fatally-shot-by-rcmp/
V1-0339,Watchdog admits it took too long to investigate police shooting of mentally ill man,Vancouver Sun,https://vancouversun.com/news/local-news/independent-investigations-office-accepts-it-took-too-long-to-investigate-police-shooting-of-mentally-ill-man
V1-0200,Running from the law ; Attempted murder sparks police chase that ends in driver being shot,Ottawa Sun,https://www.proquest.com/canadiannews/docview/2202806291/FE4943DEAEF749C9PQ/8?accountid=14771&sourcetype=Newspapers
V1-0561,UPDATE: Saanich bank shootout suspects confirmed as 22-year-old twins from Duncan,Grand Forks Gazette,https://www.grandforksgazette.ca/news/breaking-saanich-bank-shootout-suspects-confirmed-as-22-year-old-twins-from-duncan/
V1-0300,Man shot and killed by Hamilton Police,Toronto Sun,https://torontosun.com/2013/06/07/man-shot-and-killed-by-hamilton-police
V1-0199,Family sues city  police over shooting death of man mistaken as thief,The Globe and Mail,https://www.theglobeandmail.com/news/british-columbia/family-sues-city-police-over-shooting-death-of-man-mistaken-as-thief/article4286330/
V1-0083,'To Sam  I wish to say goodbye',Kingston Whig-Standard,https://www.proquest.com/canadiannews/docview/352723008/8918D4395BD64E1APQ/30?accountid=14771&sourcetype=Newspapers
V1-0457,UPDATED: Mother of man shot by Summerside police calling for coroner's inquest  wants answers,PNI Atlantic News,https://www.saltwire.com/prince-edward-island/updated-mother-of-man-shot-by-summerside-police-calling-for-coroners-inquest-wants-answers-219424
V2-0678,He called RCMP for help. Hours later he died in a detachment holding cell,CBC,https://www.cbc.ca/news/canada/edmonton/holding-cell-death-rcmp-1.6554298
V1-0545,'They shot to kill': Brother of Burk's Falls shooting victim expresses pain  anger,North Bay Nipissing News,https://www.northbaynipissing.com/news/they-shot-to-kill-brother-of-burk-s-falls-shooting-victim-expresses-pain-anger/article_87fb9441-96cb-5694-90e1-24bf07205b76.html
V1-0013,Shootings inquiry cites litany of failure,CBC,https://www.cbc.ca/news/canada/newfoundland-labrador/shootings-inquiry-cites-litany-of-failure-1.396924
V2-0865,Public inquest set for Saskatchewan inmate who died while in custody,Global News,https://globalnews.ca/news/8015970/public-inquest-saskatchewan-inmate-death/
V1-0111,Tasers have more importance  inquest hears,Newmarket Era,https://www.yorkregion.com/news/tasers-have-more-importance-inquest-hears/article_b4a2e3b5-cdd2-577a-9d22-b12ff41fec29.html
V1-0332,Police shooting of Jermaine Carby began with carding  officer testifies,CityNews,https://toronto.citynews.ca/2016/05/12/fatal-police-shooting-of-jermaine-carby-began-with-carding-officer-testifies/
V1-0324,Arkell  police interaction reviewed at fatality inquiry,The Medicine Hat News,https://medicinehatnews.com/news/local-news/2022/06/16/arkell-police-interaction-reviewed-at-fatality-inquiry/
V1-0525,House where police shooting occurred was home for homeless,Collingwood Today,https://www.collingwoodtoday.ca/local-news/house-where-police-shooting-occurred-was-home-for-homeless-2724539
V1-0204,Civilian witnesses testify at Minty inquest,CTV,https://barrie.ctvnews.ca/civilian-witnesses-testify-at-minty-inquest-1.1830403
V1-0424,Teen who killed 3 before being shot dead by police taunted about family tragedy  coroner finds,CBC,https://www.cbc.ca/news/canada/montreal/akulivik-stabbings-coroner-report-1.4638398
V1-0490,Family of Maple Ridge shooting victim presents petition to police watchdog,The Vancouver Sun,https://vancouversun.com/news/local-news/family-of-shooting-victim-presents-petition-to-iio
V1-0586,Year in Review: SIRT investigates after man tased by police  passes away in hospital,paNOW,https://panow.com/2023/12/28/year-in-review-sirt-investigates-after-man-tased-by-police-passes-away-in-hospital/
V1-0654,Police lacked 'common sense' handling man who suffocated in Halifax cell: lawyer,CBC,https://www.cbc.ca/news/canada/nova-scotia/corey-rogers-nova-scotia-police-review-board-closing-statements-1.6169047
V1-0175,Second man dies in Surrey RCMP custody,The Globe and Mail,https://www.theglobeandmail.com/news/national/second-man-dies-in-surrey-rcmp-custody/article4220891/
V2-0761,Trip to jail cell delayed potential treatment,Kelowna Capital News,https://www.proquest.com/canadiannews/docview/375979121/6F2BD0F72B3D4B4BPQ/3?accountid=14771&sourcetype=Newspapers
V2-0816,Outside police forces called in to review in-custody death  injury cases,Prince George Citizen,https://www.proquest.com/canadiannews/docview/1009776391/C726A0BED4C248B2PQ/65?accountid=14771&sourcetype=Newspapers
V1-0056,Suit seeks to link police to Willey death; IN. CUSTODY FATALITY,Prince George Citizen,https://www.proquest.com/canadiannews/docview/921036717/A7498A6D0CA34FBFPQ/4?accountid=14771&sourcetype=Newspapers
V1-0500,Fraser Valley homeless advocate killed by RCMP leaves behind complicated legacy,Surrey Now-Leader,https://www.surreynowleader.com/news/fraser-valley-homeless-advocate-killed-by-rcmp-leaves-behind-complicated-legacy/
V2-0883,'He should have been taken to a hospital': Mother of London  Ont.  man who died in custody,Global News,https://globalnews.ca/news/7620785/in-custody-death-fabian-hart-mother-complaint/
V1-0617,'Nobody wanted this outcome': Family of Surrey teen killed by RCMP questions use of force,CTV,https://www.ctvnews.ca/vancouver/article/nobody-wanted-this-outcome-family-of-surrey-teen-killed-by-rcmp-questions-use-of-force/
V1-0170,Woman shot by police was drunk  inquest hears,CBC,https://www.cbc.ca/news/canada/saskatchewan/woman-shot-by-police-was-drunk-inquest-hears-1.894374
V1-0218,North Vancouver Man Dies After RCMP Shooting,The Vancouver Sun,https://vancouversun.com/news/staff-blogs/north-vancouver-man-dies-after-rcmp-shooting
V1-0337,Investigators clear B.C. police of another fatal shooting but ask why officers allowed situation to escalate,The Georgia Straight,https://www.straight.com/news/713201/investigators-clear-bc-police-another-fatal-shooting-ask-why-officers-allowed-situation
V1-0612,Residents protest  police watchdog investigates Salluit shooting death involving police,Nunatsiaq News,https://nunatsiaq.com/stories/article/residents-protest-police-watchdog-investigates-salluit-shooting-death-involving-police/
V1-0644,Charges against 3 OPP officers dropped in fatal shooting of 1-year-old boy in Kawartha Lakes,CityNews,https://kitchener.citynews.ca/2024/03/25/charges-against-3-opp-officers-dropped-in-fatal-shooting-of-1-year-old-boy-in-kawartha-lakes/
V1-0644,Charges dropped against 3 Ontario police officers for killing toddler in shooting,Global News,https://globalnews.ca/news/10381911/charges-dropped-kawartha-lakes-opp-officers-shooting-killed-toddler/
V1-0211,Eugene Anthony Knight shot dead by Vancouver police after refusing to drop knife,The Georgia Straight,https://www.straight.com/article-258360/eugene-anthony-knight-shot-dead-vancouver-police-after-refusing-drop-knife
V1-0608,'Justice for Jon': Hundreds join walk in tribute of Blood Tribe man  call for action,Calgary Herald,https://www.proquest.com/canadiannews/docview/3111680419/A1239D9A97E0482BPQ/11?accountid=14771&sourcetype=Blogs,%20Podcasts,%20&%20Websites
V2-0685,Moose Jaw  Sask. police find dead inmate in holding cell,Global News,https://globalnews.ca/news/8251882/moose-jaw-police-dead-inmate-holding-cell/
V1-0333,Peter de Groot shot by police in Slocan  investigation confirms,CBC,https://www.cbc.ca/news/canada/british-columbia/peter-de-groot-shot-by-police-in-slocan-investigation-confirms-1.2798446
V1-0076,Man is shot dead  officer hit in park; Witnesses tell of upset person walking in ravine Police open fire when he lunges with knife,Toronto Star,https://www.proquest.com/canadiannews/docview/438713374/35F0A61CD2C1488EPQ/25?accountid=14771
V1-0073,Paramedics brought Tasered man back to life,The Province,https://www.proquest.com/canadiannews/docview/269429123/6CD99BC3B7E842B3PQ/6?accountid=14771&sourcetype=Newspapers
V1-0040,SIU interviews officers about man's death ; 24-year-old was pepper-sprayed by city police: [Ontario Edition],Toronto Star,https://www.proquest.com/canadiannews/docview/438469243/1433533E416E437FPQ/3?accountid=14771&sourcetype=Newspapers
V1-0438,Police cleared in 2017 fatal shooting: ASIRT,The Edmonton Sun,https://edmontonsun.com/news/local-news/officers-acted-reasonably-in-2017-police-shooting-that-left-one-person-dead-asirt/wcm/91f409a9-a47b-4cc3-a8dc-ce43ca53f044
V1-0389,Police shot Granisle mother and son  investigators confirm,CBC,https://www.cbc.ca/news/canada/british-columbia/shirley-joven-williams-rcmp-1.3591705
V1-0045,Roha fatality inquiry to resume Friday,Calgary Herald,https://www.proquest.com/canadiannews/docview/245146889/6D52E64269994291PQ/3?accountid=14771&sourcetype=Newspapers
V1-0172,FSIN and White Bear First Nation calling for public inquiry into RCMP shooting death,Global News,https://globalnews.ca/news/38784/fsin-and-white-bear-first-nation-calling-for-public-inquiry-into-rcmp-shooting-death/
V1-0068,Inquest into shooting death to begin Nov. 8,Victoria News,https://www.proquest.com/canadiannews/docview/373004245/F1ECD4EB23494EFBPQ/31?accountid=14771&sourcetype=Newspapers
V1-0574,'Barrage of bullets': Two South Simcoe Police officers have died in a line-of-duty shooting in Innisfil,Innisfil Journal,https://www.simcoe.com/news/barrage-of-bullets-two-south-simcoe-police-officers-have-died-in-a-line-of-duty/article_f86018f4-da1a-5aea-934f-14c08d0e3070.html
V2-0869,Inquest recommends sobering centre after B.C. jail death,CBC,https://www.cbc.ca/news/canada/british-columbia/randy-lampreau-coroners-inquest-1.7279315
V2-0780,Man dies in police custody,Northumberland News,https://www.northumberlandnews.com/news/man-dies-in-police-custody/article_905ab31b-69fa-5db6-b1cb-b3ddd01f0076.html?
V2-0857,Inquest report makes no recommendations following 2017 in-custody death,CTV,https://www.ctvnews.ca/winnipeg/article/inquest-report-makes-no-recommendations-following-2017-in-custody-death/
V1-0278,Police didn't need to shoot man in hospital gown: witness,Toronto Star,https://www.thestar.com/news/crime/2012/02/09/police_didnt_need_to_shoot_man_in_hospital_gown_witness.html
V1-0505,No criminal charges recommended for RCMP officer who shot  killed Nunavut man,Global News,https://globalnews.ca/news/7295723/rcmp-kinngait-shooting-ottawa-police/
V1-0631,Family of First Nations man killed in officer involved shooting has questions for RCMP,Windspeaker,https://windspeaker.com/news/windspeaker-news/family-first-nations-man-killed-officer-involved-shooting-has-questions-rcmp
V1-0373,Brother of man who died after being hit by a police Taser says he doesn't blame police,The Edmonton Sun,https://edmontonsun.com/2015/12/12/brother-of-man-who-died-after-being-hit-by-a-police-taser-says-he-doesnt-blame-police
V1-0525,'The fun kid on the corner': Victim of police shooting in Collingwood remembered by friends,Collingwood Connection,https://www.simcoe.com/news/the-fun-kid-on-the-corner-victim-of-police-shooting-in-collingwood-remembered-by-friends/article_e1766a61-9fec-5a4a-be7b-56daca0bb1cc.html
V1-0226,Man killed by police led troubled life,CBC,https://www.cbc.ca/news/canada/manitoba/man-killed-by-police-led-troubled-life-1.952989
V1-0101,Police 'did their duty' in fatal shooting  SIU says,North York Mirror,https://www.proquest.com/canadiannews/docview/362188270/C926DE0A3F3F44ACPQ/2?accountid=14771&sourcetype=Newspapers
V1-0615,Nunavut man shot by Winnipeg police was in 'really sad' situation  judge said days before his death,CBC,https://www.cbc.ca/news/canada/manitoba/jordan-charlie-winnipeg-police-shooting-1.7394360
V1-0436,Inquest called in death of 33-year-old fatally shot by police,CBC,https://www.cbc.ca/news/canada/manitoba/winnipeg-police-shooting-inquest-caron-1.4632963
V1-0158,Police cleared of wrongdoing in fatal shootings,Toronto Star,https://www.thestar.com/news/gta/police-cleared-of-wrongdoing-in-fatal-shootings/article_b2cfaa7d-b820-504d-bce0-ac92037ec637.html
V1-0105,NRP internal probe into Taser incident nearing end,Niagara This Week - St. Catharines,https://www.niagarathisweek.com/news/nrp-internal-probe-into-taser-incident-nearing-end/article_93851e7e-e1be-5a7d-ae33-3be527150043.html
V1-0030,Two officers cleared in shooting death,The Globe and Mail,https://www.proquest.com/canadiannews/docview/384314535/6F093E45D9374B27PQ/10?accountid=14771&sourcetype=Newspapers
V2-0837,Inquest examines why woman died after VPD arrest,Vancouver Courier,https://www.proquest.com/canadiannews/docview/1737468615/FDAF796A16DA46EDPQ/5?accountid=14771&sourcetype=Newspapers
V1-0131,Edmonton police cleared in 2006 death,CBC,https://www.cbc.ca/news/canada/edmonton/edmonton-police-cleared-in-2006-death-1.984518
V1-0092,Officers cleared in native teen's death,Toronto Star,https://www.thestar.com/news/canada/officers-cleared-in-native-teens-death/article_e2f35d71-bc45-58c8-b05f-952466d670d8.html
V1-0461,Quebec coroner investigates case of teen shot dead by provincial police in 2018,North Shore News,https://www.nsnews.com/national-news/quebec-coroner-investigates-case-of-teen-shot-dead-by-provincial-police-in-2018-5472110
V1-0200,Gunman was former employee,Ottawa Citizen,https://www.proquest.com/canadiannews/docview/241264269/FE4943DEAEF749C9PQ/7?accountid=14771&sourcetype=Newspapers
V2-0840,Inquest jury found Desmond Roberts died of brain hemorrhage while in police custody,paNOW,https://panow.com/2017/04/11/inquest-jury-found-desmond-roberts-died-of-brain-hemorrhage-while-in-police-custody/
V1-0190,N.S. RCMP call off disciplinary hearing after fatal shooting,The Globe and Mail,https://www.theglobeandmail.com/news/national/ns-rcmp-call-off-disciplinary-hearing-after-fatal-shooting/article573039/
