Title,Edition,Publisher,Publication Place,Publication Country,"Full Text
(combined)
First","Full Text
(combined)
Last","Full Text
(combined)
Gaps","Scholarly / Peer-
Reviewed","Full Text
First","Full Text
Last","Full Text
Gaps","Full
Text - PDF
First","Full
Text - PDF
Last","Full
Text - PDF
Gaps",Embargo Days,"Cit/Abs
(combined)
First","Cit/Abs
(combined)
Last","Cit/Abs
(combined)
Gaps","Other
Formats First","Other
Formats Last","Other
Formats Gaps","Peer-
Reviewed",Pub Type,Pub Language,Notes and Changes
100 Mile House Free Press,,Black Press Group Ltd.,"100 Mile House, B.C.",Canada,04-Aug-2004,04-Apr-2022,,N,04-Aug-2004,04-Apr-2022,,,,,,04-Aug-2004,04-Apr-2022,,,,,N,Newspapers,English,
100 Mile House Free Press (Online),,Black Press Group Ltd.,100 Mile House,Canada,28-Jan-2023,Current,,N,28-Jan-2023,Current,,,,,,28-Jan-2023,Current,,,,,N,"Blogs, Podcasts, & Websites",English,
The 40 - Mile County Commentator,,Postmedia Network Inc.,"Bow Island, Alta.",Canada,06-Jan-2009,Current,01-Jan-2014--31-Dec-2016,N,06-Jan-2009,Current,01-Jan-2014--31-Dec-2016,,,,1,06-Jan-2009,Current,01-Jan-2014--31-Dec-2016,,,,N,Newspapers,English,
Abbotsford Times,,Postmedia Network Inc.,"Abbotsford, B.C.",Canada,11-Jun-2002,03-Dec-2013,,N,11-Jun-2002,03-Dec-2013,,,,,,11-Jun-2002,03-Dec-2013,,,,,N,Newspapers,English,
The Agassiz - Harrison Observer,,Black Press Group Ltd.,"Agassiz, B.C.",Canada,31-Dec-1969,04-Apr-2022,01-Jan-1970--31-Dec-2003,N,31-Dec-1969,04-Apr-2022,01-Jan-1970--31-Dec-2003,,,,,31-Dec-1969,04-Apr-2022,01-Jan-1970--31-Dec-2003,,,,N,Newspapers,English,
The Agassiz-Harrison Observer (Online),,Black Press Group Ltd.,Agassiz,Canada,13-Mar-2023,Current,,N,13-Mar-2023,Current,,,,,,13-Mar-2023,Current,,,,,N,"Blogs, Podcasts, & Websites",English,
Airdrie City View,,Postmedia Network Inc.,"Airdrie, Alta.",Canada,03-Apr-2009,12-Dec-2019,,N,03-Apr-2009,12-Dec-2019,,,,,,03-Apr-2009,12-Dec-2019,,,,,N,Newspapers,English,
Airdrie Echo,,Postmedia Network Inc.,Airdrie,Canada,26-Mar-2008,22-Feb-2023,,N,26-Mar-2008,22-Feb-2023,,,,,,26-Mar-2008,22-Feb-2023,,,,,N,Newspapers,English,
Airdrie Echo (Online),,Postmedia Network Inc.,Airdrie,Canada,14-May-2015,Current,01-Jan-2019--31-Dec-2019; 16-Apr-2021--31-Dec-2021,N,14-May-2015,Current,01-Jan-2019--31-Dec-2019; 16-Apr-2021--31-Dec-2021,,,,1,14-May-2015,Current,01-Jan-2019--31-Dec-2019; 16-Apr-2021--31-Dec-2021,,,,N,"Blogs, Podcasts, & Websites",English,
Alaska Highway News,,Postmedia Network Inc.,"Fort St. John, B.C.",Canada,09-Dec-1999,24-Mar-2022,01-Jan-2020--31-Dec-2020,N,09-Dec-1999,24-Mar-2022,01-Jan-2020--31-Dec-2020,,,,,09-Dec-1999,24-Mar-2022,01-Jan-2020--31-Dec-2020,,,,N,Newspapers,English,
Alberni Valley News (Online),,Black Press Group Ltd.,Port Alberni,Canada,23-Nov-2022,Current,,N,23-Nov-2022,Current,,,,,,23-Nov-2022,Current,,,,,N,"Blogs, Podcasts, & Websites",English,
Alberni Valley Times,,Postmedia Network Inc.,"Port Alberni, B.C.",Canada,28-Jan-2000,09-Oct-2015,,N,28-Jan-2000,09-Oct-2015,,,,,,28-Jan-2000,09-Oct-2015,,,,,N,Newspapers,English,
Alberta Business,,Sunrise Publishing Ltd.,Calgary,Canada,01-Feb-1985,01-Jul-1992,01-Nov-1990--28-Feb-1992,N,01-Feb-1985,01-Jul-1992,01-Nov-1990--28-Feb-1992,,,,,01-Feb-1985,01-Sep-1995,01-Jan-1993--31-Dec-1993; 01-Nov-1990--28-Feb-1992,,,,N,Magazines,English,
Aldergrove Star (Online),,Black Press Group Ltd.,Aldergrove,Canada,17-Mar-2023,Current,,N,17-Mar-2023,Current,,,,,,17-Mar-2023,Current,,,,,N,"Blogs, Podcasts, & Websites",English,
The Aldergrove Star,,Black Press Group Ltd.,"Aldergrove, B.C.",Canada,05-Aug-2004,02-Apr-2022,,N,05-Aug-2004,02-Apr-2022,,,,,,05-Aug-2004,02-Apr-2022,,,,,N,Newspapers,English,
The Almaguin News,,"Torstar Syndication Services, a Division of Toronto Star Newspapers Limited","Burk's Falls, Ont.",Canada,10-Feb-2010,Current,,N,10-Feb-2010,Current,,,,,,10-Feb-2010,Current,,,,,N,Newspapers,English,
Almonte/Carleton Place EMC,,Postmedia Network Inc.,"Almonte, Ont.",Canada,02-Apr-2009,08-Feb-2018,,N,02-Apr-2009,08-Feb-2018,,,,,,02-Apr-2009,08-Feb-2018,,,,,N,Newspapers,English,
Ancaster News,,"Torstar Syndication Services, a Division of Toronto Star Newspapers Limited","Ancaster, Ont.",Canada,01-Sep-1999,21-Mar-2024,,N,01-Sep-1999,21-Mar-2024,,,,,,01-Sep-1999,21-Mar-2024,,,,,N,Newspapers,English,
Arnprior Chronicle - Guide,,"Torstar Syndication Services, a Division of Toronto Star Newspapers Limited","Arnprior, Ont.",Canada,20-Sep-2011,Current,,N,20-Sep-2011,Current,,,,,,20-Sep-2011,Current,,,,,N,Newspapers,English,
Arnprior EMC,,Postmedia Network Inc.,"Arnprior, Ont.",Canada,03-Apr-2009,01-Feb-2018,,N,03-Apr-2009,01-Feb-2018,,,,,,03-Apr-2009,01-Feb-2018,,,,,N,Newspapers,English,
Arrow Lakes News,,Black Press Group Ltd.,"Nakusp, B.C.",Canada,04-Aug-2004,01-Apr-2022,,N,04-Aug-2004,01-Apr-2022,,,,,,04-Aug-2004,01-Apr-2022,,,,,N,Newspapers,English,
Arrow Lakes News (Online),,Black Press Group Ltd.,Nakusp,Canada,04-Nov-2022,Current,,N,04-Nov-2022,Current,,,,,,04-Nov-2022,Current,,,,,N,"Blogs, Podcasts, & Websites",English,
As It Happens,,Canadian Broadcasting Corporation,Toronto,Canada,12-Dec-2016,Current,,N,12-Dec-2016,Current,,,,,,12-Dec-2016,Current,,,,,N,Other Sources,English,
The Ashcroft-Cache Creek Journal (Online),,Black Press Group Ltd.,Ashcroft,Canada,28-Apr-2021,Current,01-Jan-2022--31-Dec-2022,N,28-Apr-2021,Current,01-Jan-2022--31-Dec-2022,,,,,28-Apr-2021,Current,01-Jan-2022--31-Dec-2022,,,,N,"Blogs, Podcasts, & Websites",English,
BC Business,,Canada Wide Magazines,Vancouver,Canada,,,,N,,,,,,,,01-Jan-1982,01-Feb-2006,01-Nov-1990--01-Jan-1992,,,,N,Trade Journals,English,
Barrie - Advance,,"Torstar Syndication Services, a Division of Toronto Star Newspapers Limited","Barrie, Ont.",Canada,16-Feb-2003,Current,,N,16-Feb-2003,Current,,,,,,16-Feb-2003,Current,,,,,N,Newspapers,English,
Bashaw Star,,Black Press Group Ltd.,Bashaw,Canada,18-Jun-2013,15-May-2024,01-Jan-2017--31-Dec-2022,N,18-Jun-2013,15-May-2024,01-Jan-2017--31-Dec-2022,,,,,18-Jun-2013,15-May-2024,01-Jan-2017--31-Dec-2022,,,,N,Newspapers,English,
Bashaw Star (Online),,Black Press Group Ltd.,Bashaw,Canada,16-Mar-2023,13-May-2024,,N,16-Mar-2023,13-May-2024,,,,,,16-Mar-2023,13-May-2024,,,,,N,"Blogs, Podcasts, & Websites",English,
The Bassano Times,,Postmedia Network Inc.,"Bassano, Alta.",Canada,31-Mar-2009,Current,,N,31-Mar-2009,Current,,,,,1,31-Mar-2009,Current,,,,,N,Newspapers,English,
The Beacon Herald (Online),,Postmedia Network Inc.,Stratford,Canada,15-May-2015,Current,27-Sep-2021--28-Mar-2022,N,15-May-2015,Current,27-Sep-2021--28-Mar-2022,,,,1,15-May-2015,Current,27-Sep-2021--28-Mar-2022,,,,N,"Blogs, Podcasts, & Websites",English,
The Beacon Herald,,Postmedia Network Inc.,Stratford,Canada,30-Apr-2007,Current,,N,30-Apr-2007,Current,,,,,1,30-Apr-2007,Current,,,,,N,Newspapers,English,
Beaumont News,,Postmedia Network Inc.,Beaumont,Canada,01-May-2015,Current,,N,01-May-2015,Current,,,,,1,01-May-2015,Current,,,,,N,Newspapers,English,
Beaverlodge Advertiser,,Alberta Weekly Newspapers Association,"Beaverlodge, Alta.",Canada,08-Apr-2009,18-Dec-2013,,N,08-Apr-2009,18-Dec-2013,,,,,,08-Apr-2009,18-Dec-2013,,,,,N,Newspapers,English,
Beaverlodge West County News,,Postmedia Network Inc.,"Beaverlodge, Alta.",Canada,16-Mar-2012,30-Jan-2014,,N,16-Mar-2012,30-Jan-2014,,,,,,16-Mar-2012,30-Jan-2014,,,,,N,Newspapers,English,
Belleville EMC,,Postmedia Network Inc.,"Belleville, Ont.",Canada,03-Apr-2009,23-Nov-2017,,N,03-Apr-2009,23-Nov-2017,,,,,,03-Apr-2009,23-Nov-2017,,,,,N,Newspapers,English,
Bloor West Villager,,"Torstar Syndication Services, a Division of Toronto Star Newspapers Limited","Toronto, Ont.",Canada,02-May-2003,17-Jul-2023,,N,02-May-2003,17-Jul-2023,,,,,,02-May-2003,17-Jul-2023,,,,,N,Newspapers,English,
The Blue Mountains Courier - Herald,,"Torstar Syndication Services, a Division of Toronto Star Newspapers Limited","Meaford, Ont.",Canada,26-Jan-2010,19-Jun-2014,,N,26-Jan-2010,19-Jun-2014,,,,,,26-Jan-2010,19-Jun-2014,,,,,N,Newspapers,English,
The Boundary Creek Times (Online),,Black Press Group Ltd.,Grand Forks,Canada,10-Apr-2023,Current,,N,10-Apr-2023,Current,,,,,,10-Apr-2023,Current,,,,,N,"Blogs, Podcasts, & Websites",English,
Bow Valley Crag & Canyon,,Postmedia Network Inc.,Banff,Canada,25-Mar-2008,22-Feb-2023,,N,25-Mar-2008,22-Feb-2023,,,,,,25-Mar-2008,22-Feb-2023,,,,,N,Newspapers,English,
Bow Valley Crag & Canyon (Online),,Postmedia Network Inc.,Banff,Canada,15-May-2015,Current,01-Jan-2019--31-Dec-2019; 14-Apr-2021--28-Mar-2022,N,15-May-2015,Current,01-Jan-2019--31-Dec-2019; 14-Apr-2021--28-Mar-2022,,,,1,15-May-2015,Current,01-Jan-2019--31-Dec-2019; 14-Apr-2021--28-Mar-2022,,,,N,Newspapers,English,
Bowen Island Undercurrent,,"Torstar Syndication Services, a Division of Toronto Star Newspapers Limited","Bowen Island, B.C.",Canada,,,,N,,,,,,,,06-Aug-2004,21-Jun-2014,,,,,N,Newspapers,English,
Bracebridge Examiner,,"Torstar Syndication Services, a Division of Toronto Star Newspapers Limited","Bracebridge, Ont.",Canada,18-Jun-2010,Current,,N,18-Jun-2010,Current,,,,,,18-Jun-2010,Current,,,,,N,Newspapers,English,
The Brampton Guardian,,"Torstar Syndication Services, a Division of Toronto Star Newspapers Limited","Brampton, Ont.",Canada,25-Apr-2003,Current,,N,25-Apr-2003,Current,,,,,,25-Apr-2003,Current,,,,,N,Newspapers,English,
The Brandon Sun (Online),,FP Canadian Newspapers Limited Partnership,Brandon,Canada,02-Jan-2011,Current,,N,02-Jan-2011,Current,,,,,,02-Jan-2011,Current,,,,,N,Newspapers,English,
The Brandon Sun,,FP Canadian Newspapers Limited Partnership,"Brandon, Man.",Canada,28-Nov-2007,Current,,N,28-Nov-2007,Current,,,,,,28-Nov-2007,Current,,,,,N,Newspapers,English,
The Brighton Independent,,"Torstar Syndication Services, a Division of Toronto Star Newspapers Limited","Brighton, Ont.",Canada,25-Jan-2010,Current,,N,25-Jan-2010,Current,,,,,,25-Jan-2010,Current,,,,,N,Newspapers,English,
Brock Citizen,,"Torstar Syndication Services, a Division of Toronto Star Newspapers Limited","Beaverton, Ont.",Canada,20-Jan-2010,Current,,N,20-Jan-2010,Current,,,,,,20-Jan-2010,Current,,,,,N,Newspapers,English,
The Brooks & County Chronicle,,Alberta Weekly Newspapers Association,Brooks,Canada,23-Jun-2013,16-Aug-2015,,N,23-Jun-2013,16-Aug-2015,,,,,,23-Jun-2013,16-Aug-2015,,,,,N,Newspapers,English,
The Brooks Bulletin,,Postmedia Network Inc.,"Brooks, Alta.",Canada,31-Mar-2009,Current,,N,31-Mar-2009,Current,,,,,1,31-Mar-2009,Current,,,,,N,Newspapers,English,
The Bugle-Observer,,Postmedia Network Inc.,"Woodstock, N.B.",Canada,25-Apr-2008,22-Dec-2020,,N,25-Apr-2008,22-Dec-2020,,,,,,25-Apr-2008,08-Feb-2024,,,,,N,Newspapers,English,
Burnaby News Leader,,"Torstar Syndication Services, a Division of Toronto Star Newspapers Limited","Burnaby, B.C.",Canada,,,,N,,,,,,,,03-Aug-2004,13-May-2015,,,,,N,Newspapers,English,
Burnaby Now,,Postmedia Network Inc.,"Burnaby, B.C.",Canada,12-Jun-2002,10-Aug-2023,29-Apr-2021--23-Sep-2021,N,12-Jun-2002,10-Aug-2023,29-Apr-2021--23-Sep-2021,,,,,12-Jun-2002,10-Aug-2023,29-Apr-2021--23-Sep-2021,,,,N,Newspapers,English,
Burns Lake Lakes District News (Online),,Black Press Group Ltd.,Burns Lake,Canada,11-Nov-2020,Current,01-Jan-2021--31-Dec-2022,N,11-Nov-2020,Current,01-Jan-2021--31-Dec-2022,,,,,11-Nov-2020,Current,01-Jan-2021--31-Dec-2022,,,,N,"Blogs, Podcasts, & Websites",English,
Business Examiner,North Island ed.,Invest Northwest Publishing Ltd.,"Victoria, B.C.",Canada,08-Sep-2004,05-Feb-2007,,N,08-Sep-2004,05-Feb-2007,,,,,,08-Sep-2004,05-Feb-2007,,,,,N,Newspapers,English,
Business Examiner,South Island ed.,Invest Northwest Publishing Ltd.,"Victoria, B.C.",Canada,08-Sep-2004,20-Dec-2007,,N,08-Sep-2004,20-Dec-2007,,,,,,08-Sep-2004,20-Dec-2007,,,,,N,Newspapers,English,
Business Examiner,Fraser Valley ed.,Invest Northwest Publishing Ltd.,"Surrey, B.C.",Canada,05-Mar-2007,08-Oct-2008,,N,05-Mar-2007,08-Oct-2008,,,,,,05-Mar-2007,08-Oct-2008,,,,,N,Newspapers,English,
Business Examiner,Thompson Okanagan ed.,Invest Northwest Publishing Ltd.,"Kelowna, B.C.",Canada,25-Apr-2007,09-Apr-2009,,N,25-Apr-2007,09-Apr-2009,,,,,,25-Apr-2007,09-Apr-2009,,,,,N,Newspapers,English,
CBC News,,Canadian Broadcasting Corporation,Toronto,Canada,21-Mar-2024,Current,,N,21-Mar-2024,Current,,,,,,21-Mar-2024,Current,,,,,N,Wire Feeds,English,
CBC News (French),,Canadian Broadcasting Corporation,Toronto,Canada,17-Sep-2016,Current,01-Jan-2017--31-Dec-2017; 01-Jan-2020--31-Dec-2020,N,17-Sep-2016,Current,01-Jan-2017--31-Dec-2017; 01-Jan-2020--31-Dec-2020,,,,,17-Sep-2016,Current,01-Jan-2017--31-Dec-2017; 01-Jan-2020--31-Dec-2020,,,,N,Wire Feeds,French,
CTV National News - CTV Television,,"CTV Television, Inc.",Scarborough,Canada,06-Jun-1997,Current,01-Jan-2003--26-Jul-2004; 17-Nov-1997--30-Dec-1999,N,06-Jun-1997,Current,01-Jan-2003--26-Jul-2004; 17-Nov-1997--30-Dec-1999,,,,,06-Jun-1997,Current,01-Jan-2003--26-Jul-2004; 17-Nov-1997--30-Dec-1999,,,,N,Newspapers,English,
Caledon Enterprise,,"Torstar Syndication Services, a Division of Toronto Star Newspapers Limited","Caledon, Ont.",Canada,04-Oct-2006,Current,,N,04-Oct-2006,Current,,,,,,04-Oct-2006,Current,,,,,N,Newspapers,English,
Caledonia Courier (Online),,Black Press Group Ltd.,Vanderhoof,Canada,04-Apr-2023,Current,,N,04-Apr-2023,Current,,,,,,04-Apr-2023,Current,,,,,N,"Blogs, Podcasts, & Websites",English,
The Caledonia Courier,,Black Press Group Ltd.,"Vanderhoof, B.C.",Canada,04-Aug-2004,29-Mar-2022,,N,04-Aug-2004,29-Mar-2022,,,,,,04-Aug-2004,29-Mar-2022,,,,,N,Newspapers,English,
Calgary Herald,,Postmedia Network Inc.,"Calgary, Alta.",Canada,07-Dec-1988,Current,,N,07-Dec-1988,Current,,,,,1,07-Dec-1988,Current,,,,,N,Newspapers,English,
Calgary Herald (Online),,Postmedia Network Inc.,Calgary,Canada,30-Nov-2017,Current,,N,30-Nov-2017,Current,,,,,1,30-Nov-2017,Current,,,,,N,"Blogs, Podcasts, & Websites",English,
The Calgary Sun (Online),,Postmedia Network Inc.,Calgary,Canada,15-May-2015,Current,,N,15-May-2015,Current,,,,,1,15-May-2015,Current,,,,,N,"Blogs, Podcasts, & Websites",English,
The Calgary Sun,,Postmedia Network Inc.,Calgary,Canada,23-Mar-2018,Current,,N,23-Mar-2018,Current,,,,,1,23-Mar-2018,Current,,,,,N,Newspapers,,
Cambridge Reporter,,"Torstar Syndication Services, a Division of Toronto Star Newspapers Limited","Cambridge, Ont.",Canada,01-Dec-1999,19-Sep-2003,,N,01-Dec-1999,19-Sep-2003,,,,,,01-Dec-1999,19-Sep-2003,,,,,N,Newspapers,English,
Cambridge Reporter (Online),,"Torstar Syndication Services, a Division of Toronto Star Newspapers Limited","Cambridge, Ont.",Canada,27-May-2010,30-Apr-2012,,N,27-May-2010,30-Apr-2012,,,,,,27-May-2010,30-Apr-2012,,,,,N,Newspapers,English,
Campbell River Mirror,,Black Press Group Ltd.,"Campbell River, B.C.",Canada,04-Aug-2004,04-Apr-2022,,N,04-Aug-2004,04-Apr-2022,,,,,,04-Aug-2004,04-Apr-2022,,,,,N,Newspapers,English,
Campbell River Mirror (Online),,Black Press Group Ltd.,Campbell River,Canada,17-May-2017,Current,01-Jan-2022--31-Dec-2022,N,17-May-2017,Current,01-Jan-2022--31-Dec-2022,,,,,17-May-2017,Current,01-Jan-2022--31-Dec-2022,,,,N,"Blogs, Podcasts, & Websites",English,
Campbellford EMC,,Postmedia Network Inc.,"Campbellford, Ont.",Canada,03-Apr-2009,19-May-2016,,N,03-Apr-2009,19-May-2016,,,,,,03-Apr-2009,19-May-2016,,,,,N,Newspapers,English,
The Camrose Canadian (Online),,Postmedia Network Inc.,Camrose,Canada,14-May-2015,26-Jul-2018,,N,14-May-2015,26-Jul-2018,,,,,,14-May-2015,26-Jul-2018,,,,,N,"Blogs, Podcasts, & Websites",English,
The Camrose Canadian,,Postmedia Network Inc.,Camrose,Canada,19-May-2011,09-Aug-2018,,N,19-May-2011,09-Aug-2018,,,,,,19-May-2011,09-Aug-2018,,,,,N,Newspapers,English,
Canada AM - CTV Television,,"CTV Television, Inc.",Toronto,Canada,03-Jan-1994,03-Jun-2016,01-Jan-2003--31-Dec-2003,N,03-Jan-1994,03-Jun-2016,01-Jan-2003--31-Dec-2003,,,,,03-Jan-1994,03-Jun-2016,01-Jan-2003--31-Dec-2003,,,,N,Other Sources,English,
Canada NewsWire,,PR Newswire Association LLC,Ottawa,United States,01-Jan-1999,Current,,N,01-Jan-1999,Current,,,,,,01-Jan-1999,Current,01-Jan-2018--31-Dec-2023,,,,N,Wire Feeds,English,
Canadian Business,,St. Joseph Communications,Toronto,Canada,01-Jan-1993,01-Jan-2017,,N,01-Jan-1993,01-Jan-2017,,,,,,01-Feb-1972,01-Jan-2017,,,,,N,Magazines,English,
Canadian Business (Online),,St. Joseph Communications,Toronto,Canada,08-Jun-2018,Current,,N,08-Jun-2018,Current,,,,,,08-Jun-2018,Current,,,,,N,Magazines,English,
Canadian Business Review,,Conference Board of Canada,Ottawa,Canada,01-Jan-1987,01-Jul-1996,,N,01-Jan-1992,01-Jul-1996,,01-Jan-1987,01-Jul-1996,,,01-Jan-1974,01-Jul-1996,,,,,N,Trade Journals,English,
The Canadian Champion,,"Torstar Syndication Services, a Division of Toronto Star Newspapers Limited","Milton, Ont.",Canada,27-Jun-2003,Current,,N,27-Jun-2003,Current,,,,,,27-Jun-2003,Current,,,,,N,Newspapers,English,
Canadian Evergreen (Online),,Black Press Group Ltd.,Surrey,Canada,13-Oct-2020,Current,01-Jan-2021--31-Dec-2022,N,13-Oct-2020,Current,01-Jan-2021--31-Dec-2022,,,,,13-Oct-2020,Current,01-Jan-2021--31-Dec-2022,,,,N,"Blogs, Podcasts, & Websites",English,
The Canadian Press -- Broadcast Wire,,Canadian Press Enterprises Inc.,Toronto,Canada,30-Apr-2010,06-Oct-2010,,N,30-Apr-2010,06-Oct-2010,,,,,,30-Apr-2010,06-Oct-2010,,,,,N,Wire Feeds,English,
The Canadian Press,,Canadian Press Enterprises Inc.,Toronto,Canada,01-Jul-1994,Current,,N,01-Jul-1994,Current,,,,,,01-Jul-1994,Current,,,,,N,Wire Feeds,English,
Cape Breton Post,,Postmedia Network Inc.,"Cape Breton, N.S.",Canada,,,,N,,,,,,,,05-Apr-1999,27-Apr-2007,,,,,N,Newspapers,English,
The Capital,,Postmedia Network Inc.,"Three Hills, Alta.",Canada,11-Mar-2009,Current,,N,11-Mar-2009,Current,,,,,1,11-Mar-2009,Current,,,,,N,Newspapers,English,
Cardston Temple City Star,,Postmedia Network Inc.,"Cardston, Alta.",Canada,02-Apr-2009,Current,,N,02-Apr-2009,Current,,,,,1,02-Apr-2009,Current,,,,,N,Newspapers,English,
Carleton Place / Almonte Canadian Gazette,,"Torstar Syndication Services, a Division of Toronto Star Newspapers Limited","Carleton Place, Ont.",Canada,14-Sep-2011,Current,,N,14-Sep-2011,Current,,,,,,14-Sep-2011,Current,,,,,N,Newspapers,English,
Castlegar News,,Black Press Group Ltd.,"Castlegar, B.C.",Canada,28-Jul-2004,04-Apr-2022,,N,28-Jul-2004,04-Apr-2022,,,,,,28-Jul-2004,04-Apr-2022,,,,,N,Newspapers,English,
Castlegar News (Online),,Black Press Group Ltd.,Castlegar,Canada,15-Mar-2023,Current,,N,15-Mar-2023,Current,,,,,,15-Mar-2023,Current,,,,,N,"Blogs, Podcasts, & Websites",English,
The Castor Advance (Online),,Black Press Group Ltd.,Castor,Canada,29-Nov-2022,13-May-2024,,N,29-Nov-2022,13-May-2024,,,,,,29-Nov-2022,13-May-2024,,,,,N,"Blogs, Podcasts, & Websites",English,
The Castor Advance,,Black Press Group Ltd.,Castor,Canada,20-Jun-2013,16-Jun-2016,,N,20-Jun-2013,16-Jun-2016,,,,,,20-Jun-2013,16-Jun-2016,,,,,N,Newspapers,English,
Central Alberta Life,,Black Press Group Ltd.,Red Deer,Canada,16-Mar-2023,Current,,N,16-Mar-2023,Current,,,,,,16-Mar-2023,Current,,,,,N,Newspapers,English,
Central Plains Herald-Leader,,Postmedia Network Inc.,Portage La Prairie,Canada,28-May-2011,16-Jul-2020,,N,28-May-2011,16-Jul-2020,,,,,,28-May-2011,16-Jul-2020,,,,,N,Newspapers,English,
Chatham Daily News,,Postmedia Network Inc.,"Chatham, Ont.",Canada,10-Feb-1999,Current,,N,10-Feb-1999,Current,,,,,1,10-Feb-1999,Current,,,,,N,Newspapers,English,
The Chatham Daily News (Online),,Postmedia Network Inc.,Chatham,Canada,25-Jul-2007,Current,01-Jan-2009--31-Dec-2014; 18-Apr-2021--20-Mar-2022,N,25-Jul-2007,Current,01-Jan-2009--31-Dec-2014; 18-Apr-2021--20-Mar-2022,,,,1,25-Jul-2007,Current,01-Jan-2009--31-Dec-2014; 18-Apr-2021--20-Mar-2022,,,,N,"Blogs, Podcasts, & Websites",English,
Chatham This Week,,Postmedia Network Inc.,Chatham,Canada,17-Jan-2007,Current,,N,17-Jan-2007,Current,,,,,1,17-Jan-2007,Current,,,,,N,Newspapers,English,
Chemainus Valley Courier (Online),,Black Press Group Ltd.,Chemainus,Canada,19-Nov-2022,Current,,N,19-Nov-2022,Current,,,,,,19-Nov-2022,Current,,,,,N,"Blogs, Podcasts, & Websites",English,
The Chilliwack Progress (Online),,Black Press Group Ltd.,Chilliwack,Canada,19-May-2022,Current,,N,19-May-2022,Current,,,,,,19-May-2022,Current,,,,,N,"Blogs, Podcasts, & Websites",,
The Chilliwack Progress,,Black Press Group Ltd.,"Chilliwack, B.C.",Canada,01-Aug-2004,04-Apr-2022,,N,01-Aug-2004,04-Apr-2022,,,,,,01-Aug-2004,04-Apr-2022,,,,,N,Newspapers,English,
Chilliwack Times,,Postmedia Network Inc.,"Chilliwack, B.C.",Canada,17-May-2002,29-Dec-2016,,N,17-May-2002,29-Dec-2016,,,,,,17-May-2002,29-Dec-2016,,,,,N,Newspapers,English,
ChrisD.ca - Winnipeg News,,Newstex,,United States,20-Jul-2021,Current,,N,20-Jul-2021,Current,,,,,,20-Jul-2021,Current,,,,,N,"Blogs, Podcasts, & Websites",English,
Chronicle - Herald,,CNW Group Ltd.,"Halifax, N.S.",Canada,02-Jan-2014,Current,,N,02-Jan-2014,Current,,,,,,02-Jan-1982,Current,01-Jan-1997--31-Dec-2013; 01-Jan-2002--31-Dec-2013,,,,N,Newspapers,English,
The City Centre Mirror,,"Torstar Syndication Services, a Division of Toronto Star Newspapers Limited","Willowdale, Ont.",Canada,22-Mar-2010,12-Dec-2023,,N,22-Mar-2010,12-Dec-2023,,,,,,22-Mar-2010,12-Dec-2023,,,,,N,Newspapers,English,
Claresholm Local Press,,Postmedia Network Inc.,"Claresholm, Alta.",Canada,01-Apr-2009,Current,,N,01-Apr-2009,Current,,,,,1,01-Apr-2009,Current,,,,,N,Newspapers,English,
Clearwater Times (Online),,Black Press Group Ltd.,Clearwater,Canada,16-Mar-2023,Current,,N,16-Mar-2023,Current,,,,,,16-Mar-2023,Current,,,,,N,"Blogs, Podcasts, & Websites",English,
Clinton News-Record,,Postmedia Network Inc.,Clinton,Canada,25-Apr-2018,Current,,N,25-Apr-2018,Current,,,,,1,25-Apr-2018,Current,,,,,N,Newspapers,English,
Clinton News-Record (Online),,Postmedia Network Inc.,Clinton,Canada,14-May-2015,Current,01-Jan-2019--31-Dec-2019; 08-Apr-2021--22-Mar-2022,N,14-May-2015,Current,01-Jan-2019--31-Dec-2019; 08-Apr-2021--22-Mar-2022,,,,1,14-May-2015,Current,01-Jan-2019--31-Dec-2019; 08-Apr-2021--22-Mar-2022,,,,N,"Blogs, Podcasts, & Websites",English,
The Cloverdale Reporter (Online),,Black Press Group Ltd.,Surrey,Canada,11-Apr-2022,Current,,N,11-Apr-2022,Current,,,,,,11-Apr-2022,Current,,,,,N,"Blogs, Podcasts, & Websites",English,
Coast Mountain News (Online),,Black Press Group Ltd.,Bella Coola,Canada,15-Mar-2023,Current,,N,15-Mar-2023,Current,,,,,,15-Mar-2023,Current,,,,,N,"Blogs, Podcasts, & Websites",English,
Cobourg Daily Star,,Postmedia Network Inc.,"Cobourg, Ont.",Canada,27-Mar-2000,31-May-2006,,N,27-Mar-2000,31-May-2006,,,,,,27-Mar-2000,31-May-2006,,,,,N,Newspapers,English,
Cochrane Times,,Postmedia Network Inc.,Cochrane,Canada,26-Mar-2008,22-Feb-2023,,N,26-Mar-2008,22-Feb-2023,,,,,,26-Mar-2008,22-Feb-2023,,,,,N,Newspapers,English,
Cochrane Times (Online),,Postmedia Network Inc.,Cochrane,Canada,14-May-2015,Current,15-Apr-2021--22-Mar-2022,N,14-May-2015,Current,15-Apr-2021--22-Mar-2022,,,,1,14-May-2015,Current,15-Apr-2021--22-Mar-2022,,,,N,Newspapers,English,
Cochrane Times-Post,,Postmedia Network Inc.,Cochrane,Canada,23-Apr-2015,Current,,N,23-Apr-2015,Current,,,,,1,23-Apr-2015,Current,,,,,N,Newspapers,English,
Cochrane Times-Post (Online),,Postmedia Network Inc.,Cochrane,Canada,14-May-2015,Current,16-Apr-2021--22-Mar-2022,N,14-May-2015,Current,16-Apr-2021--22-Mar-2022,,,,1,14-May-2015,Current,16-Apr-2021--22-Mar-2022,,,,N,Newspapers,English,
Colborne Chronicle,,Postmedia Network Inc.,"Colborne, Ont.",Canada,23-Mar-2000,25-May-2006,,N,23-Mar-2000,25-May-2006,,,,,,23-Mar-2000,25-May-2006,,,,,N,Newspapers,English,
Cold Lake Sun,,Postmedia Network Inc.,Cold Lake,Canada,17-May-2011,21-Feb-2023,,N,17-May-2011,21-Feb-2023,,,,,,17-May-2011,21-Feb-2023,,,,,N,Newspapers,English,
Cold Lake Sun (Online),,Postmedia Network Inc.,Cold Lake,Canada,14-May-2015,Current,01-Jan-2019--31-Dec-2019; 01-Jan-2024--31-Dec-2024; 18-Apr-2021--13-Mar-2022,N,14-May-2015,Current,01-Jan-2019--31-Dec-2019; 01-Jan-2024--31-Dec-2024; 18-Apr-2021--13-Mar-2022,,,,1,14-May-2015,Current,01-Jan-2019--31-Dec-2019; 01-Jan-2024--31-Dec-2024; 18-Apr-2021--13-Mar-2022,,,,N,"Blogs, Podcasts, & Websites",English,
The Collingwood Connection,,"Torstar Syndication Services, a Division of Toronto Star Newspapers Limited","Collingwood, Ont.",Canada,18-Feb-2003,Current,,N,18-Feb-2003,Current,,,,,,18-Feb-2003,Current,,,,,N,Newspapers,English,
Commerce News,,Edmonton Chamber of Commerce,Edmonton,Canada,01-Mar-1992,01-Nov-1996,,N,01-Mar-1992,01-Nov-1996,,,,,,01-Mar-1992,01-Nov-1996,,,,,N,Trade Journals,English,
Community Press,,Postmedia Network Inc.,Stirling,Canada,30-Apr-2015,Current,,N,30-Apr-2015,Current,,,,,1,30-Apr-2015,Current,,,,,N,Newspapers,English,
The Community Press,,Postmedia Network Inc.,"Sedgewick, Alta.",Canada,07-Apr-2009,Current,,N,07-Apr-2009,Current,,,,,1,07-Apr-2009,Current,,,,,N,Newspapers,English,
Comox Valley Record (Online),,Black Press Group Ltd.,Courtenay,Canada,22-Dec-2022,Current,,N,22-Dec-2022,Current,,,,,,22-Dec-2022,Current,,,,,N,"Blogs, Podcasts, & Websites",English,
Connect,,Alberta Weekly Newspapers Association,Fort McMurray,Canada,21-Jun-2013,23-Jun-2016,,N,21-Jun-2013,23-Jun-2016,,,,,,21-Jun-2013,23-Jun-2016,,,,,N,Newspapers,English,
Consort Enterprise,,Postmedia Network Inc.,"Consort, Alta.",Canada,01-Apr-2009,Current,,N,01-Apr-2009,Current,,,,,1,01-Apr-2009,Current,,,,,N,Newspapers,English,
Countdown,,"CTV Television, Inc.",Scarborough,Canada,26-Sep-2005,19-Dec-2008,,N,26-Sep-2005,19-Dec-2008,,,,,,26-Sep-2005,19-Dec-2008,,,,,N,Reports,English,
Courier - Islander,,Postmedia Network Inc.,"Campbell River, B.C.",Canada,01-Feb-2000,27-Mar-2015,,N,01-Feb-2000,27-Mar-2015,,,,,,01-Feb-2000,27-Mar-2015,,,,,N,Newspapers,English,
The Courier Press (Online),,Postmedia Network Inc.,Wallaceburg,Canada,15-May-2015,Current,16-Apr-2021--20-Mar-2022,N,15-May-2015,Current,16-Apr-2021--20-Mar-2022,,,,1,15-May-2015,Current,16-Apr-2021--20-Mar-2022,,,,N,"Blogs, Podcasts, & Websites",English,
The Courier Press,,Postmedia Network Inc.,Wallaceburg,Canada,22-Apr-2010,Current,01-Jan-2016--31-Dec-2017,N,22-Apr-2010,Current,01-Jan-2016--31-Dec-2017,,,,1,22-Apr-2010,Current,01-Jan-2016--31-Dec-2017,,,,N,Newspapers,English,
The Courtenay Comox Valley Record,,Black Press Group Ltd.,"Courtenay, B.C.",Canada,04-Aug-2004,04-Apr-2022,,N,04-Aug-2004,04-Apr-2022,,,,,,04-Aug-2004,04-Apr-2022,,,,,N,Newspapers,English,
Cowichan News Leader,,"Torstar Syndication Services, a Division of Toronto Star Newspapers Limited","Duncan, B.C.",Canada,04-Aug-2004,09-Sep-2008,,N,04-Aug-2004,09-Sep-2008,,,,,,04-Aug-2004,09-Sep-2008,,,,,N,Newspapers,English,
Cowichan News Leader Pictorial,,"Torstar Syndication Services, a Division of Toronto Star Newspapers Limited","Duncan, B.C.",Canada,10-Sep-2008,18-Mar-2015,,N,10-Sep-2008,18-Mar-2015,,,,,,10-Sep-2008,18-Mar-2015,,,,,N,Newspapers,English,
Cowichan Valley Citizen,,Black Press Group Ltd.,"Duncan, B.C.",Canada,23-Jan-2000,18-Sep-2015,,N,23-Jan-2000,18-Sep-2015,,,,,,23-Jan-2000,18-Sep-2015,,,,,N,Newspapers,English,
Cowichan Valley Citizen (Online),,Black Press Group Ltd.,Duncan,Canada,07-Apr-2021,Current,,N,07-Apr-2021,Current,,,,,,07-Apr-2021,Current,,,,,N,"Blogs, Podcasts, & Websites",English,
Cranbrook Townsman (Online),,Black Press Group Ltd.,Cranbrook,Canada,15-Mar-2023,Current,,N,15-Mar-2023,Current,,,,,,15-Mar-2023,Current,,,,,N,"Blogs, Podcasts, & Websites",English,
Creston Valley Advance (Online),,Black Press Group Ltd.,Creston,Canada,17-Mar-2023,Current,,N,17-Mar-2023,Current,,,,,,17-Mar-2023,Current,,,,,N,"Blogs, Podcasts, & Websites",English,
Crowsnest Pass Herald,,Postmedia Network Inc.,"Blairmore, Alta.",Canada,23-Jun-2009,Current,,N,23-Jun-2009,Current,,,,,1,23-Jun-2009,Current,,,,,N,Newspapers,English,
The Current,,Canadian Broadcasting Corporation,Toronto,Canada,01-Feb-2016,Current,,N,01-Feb-2016,Current,,,,,,01-Feb-2016,Current,,,,,N,Other Sources,English,
Daily Bulletin,,Postmedia Network Inc.,"Kimberley, B.C.",Canada,01-Sep-1999,02-Feb-2018,,N,01-Sep-1999,02-Feb-2018,,,,,,01-Sep-1999,02-Feb-2018,,,,,N,Newspapers,English,
Daily Gleaner,,Postmedia Network Inc.,"Fredericton, N.B.",Canada,02-Jan-1998,Current,,N,02-Jan-1998,Current,,,,,1,02-Jan-1998,Current,,,,,N,Newspapers,English,
The Daily Graphic (Online),,Postmedia Network Inc.,Portage La Prarie,Canada,14-May-2015,Current,01-Jan-2019--31-Dec-2019; 18-Apr-2021--28-Mar-2022,N,14-May-2015,Current,01-Jan-2019--31-Dec-2019; 18-Apr-2021--28-Mar-2022,,,,1,14-May-2015,Current,01-Jan-2019--31-Dec-2019; 18-Apr-2021--28-Mar-2022,,,,N,"Blogs, Podcasts, & Websites",English,
The Daily Graphic,,Postmedia Network Inc.,Portage La Prarie,Canada,28-Apr-2007,Current,,N,28-Apr-2007,Current,,,,,1,28-Apr-2007,Current,,,,,N,Newspapers,English,
The Daily Herald-Tribune (Online),,Postmedia Network Inc.,Grand Prairie,Canada,14-May-2015,Current,01-Jan-2019--31-Dec-2019; 02-Sep-2021--31-Dec-2021,N,14-May-2015,Current,01-Jan-2019--31-Dec-2019; 02-Sep-2021--31-Dec-2021,,,,1,14-May-2015,Current,01-Jan-2019--31-Dec-2019; 02-Sep-2021--31-Dec-2021,,,,N,"Blogs, Podcasts, & Websites",English,
The Daily Herald-Tribune,,Postmedia Network Inc.,Grande Prairie,Canada,24-Apr-2007,30-Apr-2021,,N,24-Apr-2007,30-Apr-2021,,,,,,24-Apr-2007,30-Apr-2021,,,,,N,Newspapers,English,
Daily Miner and News,,Postmedia Network Inc.,Kenora,Canada,27-Apr-2007,Current,,N,27-Apr-2007,Current,,,,,1,27-Apr-2007,Current,,,,,N,Newspapers,English,
Daily News,,Postmedia Network Inc.,"Halifax, N.S.",Canada,,,,N,,,,,,,,22-Oct-1990,27-Apr-2007,,,,,N,Newspapers,English,
Daily News,,Postmedia Network Inc.,"Truro, N.S.",Canada,,,,N,,,,,,,,03-May-1999,27-Apr-2007,,,,,N,Newspapers,English,
Daily News,,Postmedia Network Inc.,"Prince Rupert, B.C.",Canada,12-Oct-1999,16-Jul-2010,,N,12-Oct-1999,16-Jul-2010,,,,,,12-Oct-1999,16-Jul-2010,,,,,N,Newspapers,English,
Daily Press,,Postmedia Network Inc.,"Timmins, Ont.",Canada,04-May-1999,Current,,N,04-May-1999,Current,,,,,1,04-May-1999,Current,,,,,N,Newspapers,English,
The Daily Press (Online),,Postmedia Network Inc.,Timmins,Canada,15-May-2015,Current,18-Apr-2021--28-Mar-2022,N,15-May-2015,Current,18-Apr-2021--28-Mar-2022,,,,1,15-May-2015,Current,18-Apr-2021--28-Mar-2022,,,,N,"Blogs, Podcasts, & Websites",English,
The Daily Sentinel Review (Online),,Postmedia Network Inc.,Woodstock,Canada,15-May-2015,Current,24-Sep-2021--27-Mar-2022,N,15-May-2015,Current,24-Sep-2021--27-Mar-2022,,,,1,15-May-2015,Current,24-Sep-2021--27-Mar-2022,,,,N,"Blogs, Podcasts, & Websites",English,
The Daily Sentinel Review,,Postmedia Network Inc.,Woodstock,Canada,30-Apr-2007,Current,,N,30-Apr-2007,Current,,,,,1,30-Apr-2007,Current,,,,,N,Newspapers,English,
Daily Townsman,,Postmedia Network Inc.,"Cranbrook, B.C.",Canada,01-Sep-1999,04-Feb-2018,,N,01-Sep-1999,04-Feb-2018,,,,,,01-Sep-1999,04-Feb-2018,,,,,N,Newspapers,English,
Dawson Creek Daily News,,Postmedia Network Inc.,"Dawson Creek, B.C.",Canada,,,,N,,,,,,,,13-Oct-1999,31-Jan-2014,,,,,N,Newspapers,English,
Delhi News-Record,,Postmedia Network Inc.,Oakville,Canada,18-May-2011,23-Jul-2020,,N,18-May-2011,23-Jul-2020,,,,,,18-May-2011,23-Jul-2020,,,,,N,Newspapers,English,
Delhi News-Record (Online),,Postmedia Network Inc.,Oakville,Canada,14-May-2015,28-Jul-2020,01-Jan-2016--31-Dec-2016; 01-Jan-2019--31-Dec-2019,N,14-May-2015,28-Jul-2020,01-Jan-2016--31-Dec-2016; 01-Jan-2019--31-Dec-2019,,,,,14-May-2015,28-Jul-2020,01-Jan-2016--31-Dec-2016; 01-Jan-2019--31-Dec-2019,,,,N,"Blogs, Podcasts, & Websites",English,
Delta Optimist,,Postmedia Network Inc.,"Delta, B.C.",Canada,24-Apr-2002,Current,,N,24-Apr-2002,Current,,,,,1,24-Apr-2002,Current,,,,,N,Newspapers,English,
Devon Dispatch News,,Postmedia Network Inc.,Devon,Canada,01-May-2015,Current,,N,01-May-2015,Current,,,,,1,01-May-2015,Current,,,,,N,Newspapers,English,
District Weekender,,"Torstar Syndication Services, a Division of Toronto Star Newspapers Limited","Bracebridge, Ont.",Canada,14-Oct-2011,13-Jun-2013,,N,14-Oct-2011,13-Jun-2013,,,,,,14-Oct-2011,13-Jun-2013,,,,,N,Newspapers,English,
Drayton Valley Western Review,,Postmedia Network Inc.,Drayton Valley,Canada,21-Apr-2015,21-Feb-2023,,N,21-Apr-2015,21-Feb-2023,,,,,,21-Apr-2015,21-Feb-2023,,,,,N,Newspapers,English,
Drayton Valley Western Review (Online),,Postmedia Network Inc.,Drayton Valley,Canada,14-May-2015,Current,01-Jan-2019--31-Dec-2019; 08-Apr-2021--14-Mar-2022,N,14-May-2015,Current,01-Jan-2019--31-Dec-2019; 08-Apr-2021--14-Mar-2022,,,,1,14-May-2015,Current,01-Jan-2019--31-Dec-2019; 08-Apr-2021--14-Mar-2022,,,,N,"Blogs, Podcasts, & Websites",English,
The Drumheller Mail,,Alberta Weekly Newspapers Association,Drumheller,Canada,19-Jun-2013,22-Jun-2016,,N,19-Jun-2013,22-Jun-2016,,,,,,19-Jun-2013,22-Jun-2016,,,,,N,Newspapers,English,
Dundas Star News,,"Torstar Syndication Services, a Division of Toronto Star Newspapers Limited","Dundas, Ont.",Canada,15-Sep-1999,01-Apr-2024,,N,15-Sep-1999,01-Apr-2024,,,,,,15-Sep-1999,01-Apr-2024,,,,,N,Newspapers,English,
Dunnville Chronicle,,Postmedia Network Inc.,"Dunnville, Ont.",Canada,05-Jun-2002,31-May-2006,,N,05-Jun-2002,31-May-2006,,,,,,05-Jun-2002,31-May-2006,,,,,N,Newspapers,English,
DurhamRegion.com,,"Torstar Syndication Services, a Division of Toronto Star Newspapers Limited",Oshawa,Canada,23-Aug-2023,Current,,N,23-Aug-2023,Current,,,,,,22-Aug-2023,Current,,,,,N,"Blogs, Podcasts, & Websites",English,
Eagle Valley News,,Black Press Group Ltd.,"Sicamous, B.C.",Canada,01-Aug-2004,04-Apr-2022,,N,01-Aug-2004,04-Apr-2022,,,,,,01-Aug-2004,04-Apr-2022,,,,,N,Newspapers,English,
Eagle Valley News (Online),,Black Press Group Ltd.,Sicamous,Canada,14-Mar-2023,Current,,N,14-Mar-2023,Current,,,,,,14-Mar-2023,Current,,,,,N,"Blogs, Podcasts, & Websites",English,
East Central Alberta Review,,Postmedia Network Inc.,"Coronation, Alta.",Canada,26-Mar-2009,Current,,N,26-Mar-2009,Current,,,,,1,26-Mar-2009,Current,,,,,N,Newspapers,English,
East Gwillimbury Express,,"Torstar Syndication Services, a Division of Toronto Star Newspapers Limited",Kawartha Lakes,Canada,02-Nov-2023,Current,,N,02-Nov-2023,Current,,,,,,20-Oct-2021,Current,,,,,N,Newspapers,English,
East Kootenay eXtra,,Black Press Group Ltd.,East Kootenay,Canada,13-Jan-2022,Current,,N,13-Jan-2022,Current,,,,,,13-Jan-2022,Current,,,,,N,Newspapers,English,
The East York Mirror,,"Torstar Syndication Services, a Division of Toronto Star Newspapers Limited","East York, Ont.",Canada,02-May-2003,01-Dec-2023,,N,02-May-2003,01-Dec-2023,,,,,,02-May-2003,01-Dec-2023,,,,,N,Newspapers,English,
Eckville Echo,,Postmedia Network Inc.,"Sylvan Lake, Alta.",Canada,03-Apr-2009,26-Mar-2020,,N,03-Apr-2009,26-Mar-2020,,,,,,03-Apr-2009,26-Mar-2020,,,,,N,Newspapers,English,
Eckville Echo (Online),,Black Press Group Ltd.,Sylvan Lake,Canada,01-Aug-2023,Current,,N,01-Aug-2023,Current,,,,,,01-Aug-2023,Current,,,,,N,"Blogs, Podcasts, & Websites",English,
Edmonton Examiner,,Postmedia Network Inc.,Edmonton,Canada,25-Apr-2007,30-Apr-2020,,N,25-Apr-2007,30-Apr-2020,,,,,,25-Apr-2007,30-Apr-2020,,,,,N,Newspapers,English,
Edmonton Examiner (Online),,Postmedia Network Inc.,Edmonton,Canada,14-May-2015,Current,01-Jan-2019--31-Dec-2019; 14-Apr-2021--21-Mar-2022,N,14-May-2015,Current,01-Jan-2019--31-Dec-2019; 14-Apr-2021--21-Mar-2022,,,,1,14-May-2015,Current,01-Jan-2019--31-Dec-2019; 14-Apr-2021--21-Mar-2022,,,,N,"Blogs, Podcasts, & Websites",English,
Edmonton Journal,,Postmedia Network Inc.,"Edmonton, Alta.",Canada,10-Mar-1989,Current,,N,10-Mar-1989,Current,,,,,1,10-Mar-1989,Current,,,,,N,Newspapers,English,
Edmonton Journal (Online),,Postmedia Network Inc.,Edmonton,Canada,30-Nov-2017,Current,,N,30-Nov-2017,Current,,,,,1,30-Nov-2017,Current,,,,,N,"Blogs, Podcasts, & Websites",English,
The Edmonton Sun (Online),,Postmedia Network Inc.,Edmonton,Canada,14-May-2015,Current,,N,14-May-2015,Current,,,,,1,14-May-2015,Current,,,,,N,"Blogs, Podcasts, & Websites",English,
The Edmonton Sun,,Postmedia Network Inc.,Edmonton,Canada,23-Apr-2007,Current,,N,23-Apr-2007,Current,,,,,1,23-Apr-2007,Current,,,,,N,Newspapers,English,
Edson Leader,,Postmedia Network Inc.,Edson,Canada,23-May-2011,13-Jan-2020,,N,23-May-2011,13-Jan-2020,,,,,,23-May-2011,13-Jan-2020,,,,,N,Newspapers,English,
Edson Leader (Online),,Postmedia Network Inc.,Edson,Canada,14-May-2015,01-Aug-2018,,N,14-May-2015,01-Aug-2018,,,,,,14-May-2015,01-Aug-2018,,,,,N,"Blogs, Podcasts, & Websites",English,
Enquête,,Canadian Broadcasting Corporation,Montreal,Canada,26-Sep-2013,Current,01-Jan-2017--31-Dec-2021,N,26-Sep-2013,Current,01-Jan-2017--31-Dec-2021,,,,,26-Sep-2013,Current,01-Jan-2017--31-Dec-2021,,,,N,Other Sources,French,
Enterprise - Bulletin,,Postmedia Network Inc.,"Collingwood, Ont.",Canada,25-Feb-2000,31-May-2006,,N,25-Feb-2000,31-May-2006,,,,,,25-Feb-2000,31-May-2006,,,,,N,Newspapers,English,
The Enterprise-Bulletin (Online),,Postmedia Network Inc.,Collingwood,Canada,15-May-2015,07-Jun-2018,,N,15-May-2015,07-Jun-2018,,,,,,15-May-2015,07-Jun-2018,,,,,N,"Blogs, Podcasts, & Websites",English,
Equity,,Canada Wide Magazines,Vancouver,Canada,,,,N,,,,,,,,01-Sep-1988,01-Jun-1996,,,,,N,Trade Journals,English,
Era - Banner,,"Torstar Syndication Services, a Division of Toronto Star Newspapers Limited","Newmarket, Ont.",Canada,10-Feb-2003,Current,,N,10-Feb-2003,Current,,,,,,10-Feb-2003,Current,,,,,N,Newspapers,English,
Etobicoke Guardian,,"Torstar Syndication Services, a Division of Toronto Star Newspapers Limited","Etobicoke, Ont.",Canada,27-Apr-2003,Current,01-Jan-2024--31-Dec-2024,N,27-Apr-2003,Current,01-Jan-2024--31-Dec-2024,,,,,27-Apr-2003,Current,01-Jan-2024--31-Dec-2024,,,,N,Newspapers,English,
L'Etoile Cataracte,,Postmedia Network Inc.,"Grand Falls, N.B.",Canada,25-Apr-2008,21-Jan-2015,,N,25-Apr-2008,21-Jan-2015,,,,,,25-Apr-2008,21-Jan-2015,,,,,N,Newspapers,French,
L'Etoile Chaleur,,Postmedia Network Inc.,"Bathurst, N.B.",Canada,04-Jul-2008,23-Jan-2020,,N,04-Jul-2008,23-Jan-2020,,,,,,04-Jul-2008,23-Jan-2020,,,,,N,Newspapers,,
L'Étoile Kent,,Postmedia Network Inc.,"Richibucto, N.B.",Canada,26-Apr-2008,23-Jan-2020,,N,26-Apr-2008,23-Jan-2020,,,,,,26-Apr-2008,23-Jan-2020,,,,,N,Newspapers,French,
L'Étoile Shediac,,Postmedia Network Inc.,"Richibucto, N.B.",Canada,26-Apr-2008,16-Apr-2015,,N,26-Apr-2008,16-Apr-2015,,,,,,26-Apr-2008,16-Apr-2015,,,,,N,Newspapers,French,
Evening Guide,,Postmedia Network Inc.,"Port Hope, Ont.",Canada,27-Mar-2000,31-May-2006,,N,27-Mar-2000,31-May-2006,,,,,,27-Mar-2000,31-May-2006,,,,,N,Newspapers,English,
Evening News,,Postmedia Network Inc.,"New Glasgow, N.S.",Canada,,,,N,,,,,,,,12-Apr-1999,27-Apr-2007,,,,,N,Newspapers,English,
Examiner,,Postmedia Network Inc.,"Barrie, Ont.",Canada,08-Feb-2000,31-May-2006,,N,08-Feb-2000,31-May-2006,,,,,,08-Feb-2000,31-May-2006,,,,,N,Newspapers,English,
The Examiner (Online),,Postmedia Network Inc.,Barrie,Canada,15-May-2015,07-Jun-2018,,N,15-May-2015,07-Jun-2018,,,,,,15-May-2015,16-Jul-2018,,,,,N,"Blogs, Podcasts, & Websites",English,
Expositor,,Postmedia Network Inc.,"Brantford, Ont.",Canada,02-Jan-1999,Current,,N,02-Jan-1999,Current,,,,,1,02-Jan-1999,Current,,,,,N,Newspapers,English,
The Expositor (Online),,Postmedia Network Inc.,Brantford,Canada,14-May-2015,Current,01-Jan-2019--31-Dec-2019; 19-Apr-2021--28-Mar-2022,N,14-May-2015,Current,01-Jan-2019--31-Dec-2019; 19-Apr-2021--28-Mar-2022,,,,1,14-May-2015,Current,01-Jan-2019--31-Dec-2019; 19-Apr-2021--28-Mar-2022,,,,N,"Blogs, Podcasts, & Websites",English,
La Facture,,Canadian Broadcasting Corporation,Toronto,Canada,08-Sep-2009,Current,,N,08-Sep-2009,Current,,,,,,08-Sep-2009,Current,,,,,N,Other Sources,French,
Fairview Post,,Postmedia Network Inc.,Fairview,Canada,18-May-2011,23-Aug-2023,,N,18-May-2011,23-Aug-2023,,,,,,18-May-2011,23-Aug-2023,,,,,N,Newspapers,English,
Fairview Post (Online),,Postmedia Network Inc.,Fairview,Canada,14-May-2015,Current,01-Jan-2019--31-Dec-2019; 16-Apr-2021--06-Mar-2022,N,14-May-2015,Current,01-Jan-2019--31-Dec-2019; 16-Apr-2021--06-Mar-2022,,,,1,14-May-2015,Current,01-Jan-2019--31-Dec-2019; 16-Apr-2021--06-Mar-2022,,,,N,"Blogs, Podcasts, & Websites",English,
Farm 'n' Friends,,Alberta Weekly Newspapers Association,Lamont,Canada,21-Jun-2013,24-Jun-2016,,N,21-Jun-2013,24-Jun-2016,,,,,,21-Jun-2013,24-Jun-2016,,,,,N,Newspapers,English,
Fever,,Postmedia Network Inc.,"Wabasca, Alta.",Canada,02-Apr-2009,Current,,N,02-Apr-2009,Current,,,,,1,02-Apr-2009,Current,,,,,N,Newspapers,English,
Financial Post,,The Financial Times Limited,"Toronto, Ont.",United Kingdom,,,,N,,,,,,,,05-Jan-1985,24-Oct-1998,,,,,N,Newspapers,English,
The Fitzhugh,,Alberta Weekly Newspapers Association,Jasper,Canada,20-Jun-2013,22-Jun-2016,,N,20-Jun-2013,22-Jun-2016,,,,,,20-Jun-2013,22-Jun-2016,,,,,N,Newspapers,English,
Flamborough Review,,"Torstar Syndication Services, a Division of Toronto Star Newspapers Limited","Waterdown, Ont.",Canada,05-Jan-2000,Current,15-Jan-2010--09-Feb-2012,N,05-Jan-2000,Current,15-Jan-2010--09-Feb-2012,,,,,05-Jan-2000,Current,15-Jan-2010--09-Feb-2012,,,,N,Newspapers,English,
Focus,,Postmedia Network Inc.,Strathroy,Canada,10-Dec-2015,20-Dec-2018,,N,10-Dec-2015,20-Dec-2018,,,,,,10-Dec-2015,20-Dec-2018,,,,,N,Newspapers,English,
Focus,,Postmedia Network Inc.,Goderich,Canada,10-Dec-2015,Current,,N,10-Dec-2015,Current,,,,,1,10-Dec-2015,Current,,,,,N,Newspapers,English,
The Forester,,"Torstar Syndication Services, a Division of Toronto Star Newspapers Limited","Huntsville, Ont.",Canada,10-Feb-2010,Current,,N,10-Feb-2010,Current,,,,,,10-Feb-2010,Current,,,,,N,Newspapers,English,
Fort Erie Post,,"Torstar Syndication Services, a Division of Toronto Star Newspapers Limited","Thorold, Ont.",Canada,12-Sep-2013,Current,,N,12-Sep-2013,Current,,,,,,12-Sep-2013,Current,01-Jan-2017--31-Dec-2017,,,,N,Newspapers,English,
Fort McMurray Today,,Postmedia Network Inc.,Fort McMurray,Canada,20-Apr-2007,23-Feb-2023,,N,20-Apr-2007,23-Feb-2023,,,,,,20-Apr-2007,23-Feb-2023,,,,,N,Newspapers,English,
Fort McMurray Today (Online),,Postmedia Network Inc.,Fort McMurray,Canada,14-May-2015,Current,18-Apr-2021--23-Mar-2022,N,14-May-2015,Current,18-Apr-2021--23-Mar-2022,,,,1,14-May-2015,Current,18-Apr-2021--23-Mar-2022,,,,N,"Blogs, Podcasts, & Websites",English,
Fort Saskatchewan Record,,Postmedia Network Inc.,Fort Saskatchewan,Canada,20-Apr-2007,Current,,N,20-Apr-2007,Current,,,,,1,20-Apr-2007,Current,,,,,N,Newspapers,English,
Fort Saskatchewan Record (Online),,Postmedia Network Inc.,Fort Saskatchewan,Canada,14-May-2015,Current,01-Jan-2019--31-Dec-2019; 15-Apr-2021--23-Mar-2022,N,14-May-2015,Current,01-Jan-2019--31-Dec-2019; 15-Apr-2021--23-Mar-2022,,,,1,14-May-2015,Current,01-Jan-2019--31-Dec-2019; 15-Apr-2021--23-Mar-2022,,,,N,"Blogs, Podcasts, & Websites",English,
Fox Creek Times,,Alberta Weekly Newspapers Association,"Fox Creek, Alta.",Canada,01-Apr-2009,01-Dec-2015,,N,01-Apr-2009,01-Dec-2015,,,,,,01-Apr-2009,01-Dec-2015,,,,,N,Newspapers,English,
Free Press,,Postmedia Network Inc.,"Midland, Ont.",Canada,29-Feb-2000,24-May-2006,,N,29-Feb-2000,24-May-2006,,,,,,29-Feb-2000,24-May-2006,,,,,N,Newspapers,English,
The Free Press (Online),,Black Press Group Ltd.,Fernie,Canada,06-Nov-2021,Current,,N,06-Nov-2021,Current,,,,,,06-Nov-2021,Current,,,,,N,"Blogs, Podcasts, & Websites",English,
The Free Press,,Alberta Weekly Newspapers Association,Morinville,Canada,18-Jun-2013,28-Jun-2016,,N,18-Jun-2013,28-Jun-2016,,,,,,18-Jun-2013,28-Jun-2016,,,,,N,Newspapers,English,
Front Burner,,Canadian Broadcasting Corporation,Toronto,Canada,01-Mar-2023,Current,,N,01-Mar-2023,Current,,,,,,01-Mar-2023,Current,,,,,N,Other Sources,English,
The Frontenac Gazette EMC,,Postmedia Network Inc.,"Kingston, Ont.",Canada,02-Apr-2009,22-Nov-2017,,N,02-Apr-2009,22-Nov-2017,,,,,,02-Apr-2009,22-Nov-2017,,,,,N,Newspapers,English,
The Gananoque Reporter (Online),,Postmedia Network Inc.,Gananoque,Canada,14-May-2015,Current,15-Apr-2021--04-Apr-2022,N,14-May-2015,Current,15-Apr-2021--04-Apr-2022,,,,1,14-May-2015,Current,15-Apr-2021--04-Apr-2022,,,,N,"Blogs, Podcasts, & Websites",English,
The Gananoque Reporter,,Postmedia Network Inc.,Gananoque,Canada,30-Apr-2015,Current,,N,30-Apr-2015,Current,,,,,1,30-Apr-2015,Current,,,,,N,Newspapers,English,
The Georgina Advocate,,"Torstar Syndication Services, a Division of Toronto Star Newspapers Limited","Keswick, Ont.",Canada,25-Apr-2007,Current,,N,25-Apr-2007,Current,,,,,,25-Apr-2007,Current,,,,,N,Newspapers,English,
The Globe and Mail (Online),,The Globe and Mail,Toronto,Canada,01-Jan-2000,Current,,N,01-Jan-2000,Current,,,,,,01-Jan-2000,Current,,,,,N,"Blogs, Podcasts, & Websites",English,
The Globe and Mail,,The Globe and Mail,"Toronto, Ont.",Canada,14-Nov-1977,Current,,N,14-Nov-1977,Current,,,,,,14-Nov-1977,Current,,,,,N,Newspapers,English,
Goderich Signal Star,,Postmedia Network Inc.,Goderich,Canada,29-Apr-2015,Current,,N,29-Apr-2015,Current,,,,,1,29-Apr-2015,Current,,,,,N,Newspapers,English,
Goderich Signal Star (Online),,Postmedia Network Inc.,Goderich,Canada,15-May-2015,Current,01-Jan-2019--31-Dec-2019; 16-Apr-2021--08-Mar-2022,N,15-May-2015,Current,01-Jan-2019--31-Dec-2019; 16-Apr-2021--08-Mar-2022,,,,1,15-May-2015,Current,01-Jan-2019--31-Dec-2019; 16-Apr-2021--08-Mar-2022,,,,N,"Blogs, Podcasts, & Websites",English,
The Golden Star (Online),,Black Press Group Ltd.,Golden,Canada,08-Feb-2023,Current,,N,08-Feb-2023,Current,,,,,,08-Feb-2023,Current,,,,,N,"Blogs, Podcasts, & Websites",English,
The Golden Star,,Black Press Group Ltd.,"Golden, B.C.",Canada,04-Aug-2004,04-Apr-2022,,N,04-Aug-2004,04-Apr-2022,,,,,,04-Aug-2004,04-Apr-2022,,,,,N,Newspapers,English,
Goldstream Gazette,,Black Press Group Ltd.,"Langford, B.C.",Canada,04-Aug-2004,04-Apr-2022,,N,04-Aug-2004,04-Apr-2022,,,,,,04-Aug-2004,04-Apr-2022,,,,,N,Newspapers,English,
Goldstream News Gazette (Online),,Black Press Group Ltd.,Victoria,Canada,27-Jun-2022,Current,,N,27-Jun-2022,Current,,,,,,27-Jun-2022,Current,,,,,N,"Blogs, Podcasts, & Websites",English,
Grand Bend Lakeshore Advance,,Postmedia Network Inc.,Grand Bend,Canada,29-Apr-2015,01-Dec-2021,,N,29-Apr-2015,01-Dec-2021,,,,,,29-Apr-2015,27-Aug-2025,,,,,N,Newspapers,English,
Grand Bend Lakeshore Advance (Online),,Postmedia Network Inc.,Grand Bend,Canada,14-May-2015,Current,01-Jan-2019--31-Dec-2019; 16-Apr-2021--22-Mar-2022,N,14-May-2015,Current,01-Jan-2019--31-Dec-2019; 16-Apr-2021--22-Mar-2022,,,,1,14-May-2015,Current,01-Jan-2019--31-Dec-2019; 16-Apr-2021--22-Mar-2022,,,,N,"Blogs, Podcasts, & Websites",English,
Grand Forks Gazette (Online),,Black Press Group Ltd.,Grand Forks,Canada,15-Mar-2023,Current,,N,15-Mar-2023,Current,,,,,,15-Mar-2023,Current,,,,,N,"Blogs, Podcasts, & Websites",English,
Grande Cache Mountaineer,,Postmedia Network Inc.,"Grand Cache, Alta.",Canada,07-Apr-2009,20-Dec-2018,,N,07-Apr-2009,20-Dec-2018,,,,,,07-Apr-2009,20-Dec-2018,,,,,N,Newspapers,English,
Gravenhurst Banner,,"Torstar Syndication Services, a Division of Toronto Star Newspapers Limited","Gravenhurst, Ont.",Canada,26-Jan-2011,Current,,N,26-Jan-2011,Current,,,,,,26-Jan-2011,Current,,,,,N,Newspapers,English,
Grey Bruce This Week,,Postmedia Network Inc.,Toronto,Canada,10-Feb-2022,Current,,N,10-Feb-2022,Current,,,,,1,10-Feb-2022,Current,,,,,N,Newspapers,English,
Grimsby Lincoln News,,"Torstar Syndication Services, a Division of Toronto Star Newspapers Limited","Thorold, Ont.",Canada,08-Sep-2013,Current,,N,08-Sep-2013,Current,,,,,,08-Sep-2013,Current,,,,,N,Newspapers,English,
Grizzly Gazette,,Postmedia Network Inc.,"Swan Hills, Alta.",Canada,07-Apr-2009,Current,,N,07-Apr-2009,Current,,,,,1,07-Apr-2009,Current,,,,,N,Newspapers,English,
Guardian,,Postmedia Network Inc.,"Charlottetown, P.E.I.",Canada,,,,N,,,,,,,,17-Mar-1997,27-Apr-2007,,,,,N,Newspapers,English,
The Guelph Mercury,,"Torstar Syndication Services, a Division of Toronto Star Newspapers Limited","Guelph, Ont.",Canada,15-Sep-1999,29-Jan-2016,,N,15-Sep-1999,29-Jan-2016,,,,,,15-Sep-1999,29-Jan-2016,,,,,N,Newspapers,English,
Guelph Mercury Tribune,,"Torstar Syndication Services, a Division of Toronto Star Newspapers Limited",Guelph,Canada,07-Jun-2007,Current,01-Jan-2009--31-Dec-2010; 01-Jan-2013--31-Dec-2016,N,07-Jun-2007,Current,01-Jan-2009--31-Dec-2010; 01-Jan-2013--31-Dec-2016,,,,,07-Jun-2007,Current,01-Jan-2009--31-Dec-2010; 01-Jan-2013--31-Dec-2016,,,,N,"Blogs, Podcasts, & Websites",English,
Gulf Islands Driftwood,,Black Press Group Ltd.,Ganges,Canada,15-Mar-2023,Current,,N,15-Mar-2023,Current,,,,,,15-Mar-2023,Current,,,,,N,Newspapers,English,
Haida Gwaii Observer (Online),,Black Press Group Ltd.,Prince Rupert,Canada,13-Mar-2023,Current,,N,13-Mar-2023,Current,,,,,,13-Mar-2023,Current,,,,,N,"Blogs, Podcasts, & Websites",English,
"Hamilton News, Mountain Edition",,"Torstar Syndication Services, a Division of Toronto Star Newspapers Limited","Hamilton, Ont.",Canada,01-Sep-1999,Current,,N,01-Sep-1999,Current,,,,,,01-Sep-1999,Current,,,,,N,Newspapers,English,
The Hamilton Spectator (Online),,"Torstar Syndication Services, a Division of Toronto Star Newspapers Limited",Hamilton,Canada,07-Dec-2016,Current,01-Jan-1994--31-Dec-2001,N,07-Dec-2016,Current,01-Jan-1994--31-Dec-2001,,,,,07-Dec-2016,Current,01-Jan-1994--31-Dec-2001,,,,N,"Blogs, Podcasts, & Websites",English,
Hanna Herald,,Postmedia Network Inc.,Hanna,Canada,18-May-2011,22-Feb-2023,,N,18-May-2011,22-Feb-2023,,,,,,18-May-2011,22-Feb-2023,,,,,N,Newspapers,English,
Hanna Herald (Online),,Postmedia Network Inc.,Hanna,Canada,14-May-2015,Current,01-Jan-2024--31-Dec-2024; 19-Apr-2021--24-Mar-2022,N,14-May-2015,Current,01-Jan-2024--31-Dec-2024; 19-Apr-2021--24-Mar-2022,,,,1,14-May-2015,Current,01-Jan-2024--31-Dec-2024; 19-Apr-2021--24-Mar-2022,,,,N,"Blogs, Podcasts, & Websites",English,
Hanover Post,,Postmedia Network Inc.,"Hanover, Ont.",Canada,15-Feb-2000,Current,01-Jan-2006--31-Dec-2006,N,15-Feb-2000,Current,01-Jan-2006--31-Dec-2006,,,,1,15-Feb-2000,Current,01-Jan-2006--31-Dec-2006,,,,N,Newspapers,English,
The Hanover Post (Online),,Postmedia Network Inc.,Hanover,Canada,15-May-2015,Current,15-Apr-2021--04-Apr-2022,N,15-May-2015,Current,15-Apr-2021--04-Apr-2022,,,,1,15-May-2015,Current,15-Apr-2021--04-Apr-2022,,,,N,"Blogs, Podcasts, & Websites",English,
Harbour City Star,,Postmedia Network Inc.,"Nanaimo, B.C.",Canada,26-Jan-2002,10-Apr-2015,,N,26-Jan-2002,10-Apr-2015,,,,,,26-Jan-2002,10-Apr-2015,,,,,N,Newspapers,English,
Herald,,"Torstar Syndication Services, a Division of Toronto Star Newspapers Limited","Alliston, Ont.",Canada,16-Feb-2003,Current,,N,16-Feb-2003,Current,,,,,,16-Feb-2003,Current,,,,,N,Newspapers,English,
Here,Moncton ed.,Postmedia Network Inc.,"Moncton, N.B.",Canada,04-Jul-2008,23-Jul-2009,,N,04-Jul-2008,23-Jul-2009,,,,,,04-Jul-2008,23-Jul-2009,,,,,N,Newspapers,English,
Here,,Postmedia Network Inc.,"Saint John, N.B.",Canada,04-Jul-2008,23-Jul-2009,,N,04-Jul-2008,23-Jul-2009,,,,,,04-Jul-2008,23-Jul-2009,,,,,N,Newspapers,English,
Here,"Saint John, Fredericton and Moncton edition",Postmedia Network Inc.,"St. John, N.B.",Canada,04-Jul-2008,28-Aug-2014,,N,04-Jul-2008,28-Aug-2014,,,,,,04-Jul-2008,28-Aug-2014,,,,,N,Newspapers,English,
The High River Times (Online),,Postmedia Network Inc.,High River,Canada,14-May-2015,Current,01-Jan-2019--31-Dec-2019; 22-Sep-2021--15-Mar-2022,N,14-May-2015,Current,01-Jan-2019--31-Dec-2019; 22-Sep-2021--15-Mar-2022,,,,1,14-May-2015,Current,01-Jan-2019--31-Dec-2019; 22-Sep-2021--15-Mar-2022,,,,N,"Blogs, Podcasts, & Websites",English,
The High River Times,,Postmedia Network Inc.,High River,Canada,21-Apr-2015,Current,,N,21-Apr-2015,Current,,,,,1,21-Apr-2015,Current,,,,,N,Newspapers,English,
The Hinton Parklander (Online),,Postmedia Network Inc.,Hinton,Canada,14-May-2015,27-Jul-2018,,N,14-May-2015,27-Jul-2018,,,,,,14-May-2015,10-Jan-2020,,,,,N,"Blogs, Podcasts, & Websites",English,
The Hinton Parklander,,Postmedia Network Inc.,Hinton,Canada,23-May-2011,13-Jan-2020,,N,23-May-2011,13-Jan-2020,,,,,,23-May-2011,13-Jan-2020,,,,,N,Newspapers,English,
The Hope Standard (Online),,Black Press Group Ltd.,Hope,Canada,10-Mar-2023,Current,,N,10-Mar-2023,Current,,,,,,10-Mar-2023,Current,,,,,N,"Blogs, Podcasts, & Websites",English,
The House,,Canadian Broadcasting Corporation,Toronto,Canada,06-Jun-2009,Current,,N,06-Jun-2009,Current,,,,,,06-Jun-2009,Current,,,,,N,Other Sources,English,
Houston Today,,Black Press Group Ltd.,"Houston, B.C.",Canada,31-Dec-1969,04-Apr-2022,01-Jan-1970--31-Dec-2004,N,31-Dec-1969,04-Apr-2022,01-Jan-1970--31-Dec-2004,,,,,31-Dec-1969,04-Apr-2022,01-Jan-1970--31-Dec-2004,,,,N,Newspapers,English,
Houston Today (Online),,Black Press Group Ltd.,Houston,Canada,15-Mar-2023,Current,,N,15-Mar-2023,Current,,,,,,15-Mar-2023,Current,,,,,N,"Blogs, Podcasts, & Websites",English,
The Hub,,Northern News Services Limited,"Hay River, N.T.",Canada,15-Mar-2023,Current,,N,15-Mar-2023,Current,,,,,,01-Apr-2009,Current,01-Jan-2014--31-Dec-2022,,,,N,Newspapers,English,
The Independent & Free Press,,"Torstar Syndication Services, a Division of Toronto Star Newspapers Limited","Georgetown, Ont.",Canada,01-Oct-2003,Current,,N,01-Oct-2003,Current,,,,,,01-Oct-2003,Current,,,,,N,Newspapers,English,
The Ingersoll Times (Online),,Postmedia Network Inc.,Ingersoll,Canada,14-May-2015,16-Jul-2018,,N,14-May-2015,16-Jul-2018,,,,,,14-May-2015,16-Jul-2018,,,,,N,"Blogs, Podcasts, & Websites",English,
The Ingersoll Times,,Postmedia Network Inc.,Ingersoll,Canada,18-May-2011,11-Jul-2018,,N,18-May-2011,11-Jul-2018,,,,,,18-May-2011,11-Jul-2018,,,,,N,Newspapers,English,
Innisfil Journal,,"Torstar Syndication Services, a Division of Toronto Star Newspapers Limited","Innisfil, Ont.",Canada,22-Jan-2010,Current,,N,22-Jan-2010,Current,,,,,,22-Jan-2010,Current,,,,,N,Newspapers,English,
Inside Drumheller,,Alberta Weekly Newspapers Association,Drumheller,Canada,21-Jun-2013,17-Jun-2016,,N,21-Jun-2013,17-Jun-2016,,,,,,21-Jun-2013,17-Jun-2016,,,,,N,Newspapers,English,
InsideHalton.com,,"Torstar Syndication Services, a Division of Toronto Star Newspapers Limited",Burlington,Canada,23-Aug-2023,Current,,N,23-Aug-2023,Current,,,,,,22-Aug-2023,Current,,,,,N,Newspapers,English,
InsideOttawaValley.com,,"Torstar Syndication Services, a Division of Toronto Star Newspapers Limited",Ottawa,Canada,23-Aug-2023,Current,,N,23-Aug-2023,Current,,,,,,22-Aug-2023,Current,,,,,N,"Blogs, Podcasts, & Websites",English,
InsideToronto.com,,"Torstar Syndication Services, a Division of Toronto Star Newspapers Limited",Toronto,Canada,23-Aug-2023,Current,,N,23-Aug-2023,Current,,,,,,23-Aug-2023,Current,,,,,N,"Blogs, Podcasts, & Websites",English,
The Intelligencer (Online),,Postmedia Network Inc.,Belleville,Canada,14-May-2015,Current,01-Jan-2019--31-Dec-2019; 18-Apr-2021--28-Mar-2022,N,14-May-2015,Current,01-Jan-2019--31-Dec-2019; 18-Apr-2021--28-Mar-2022,,,,1,14-May-2015,Current,01-Jan-2019--31-Dec-2019; 18-Apr-2021--28-Mar-2022,,,,N,"Blogs, Podcasts, & Websites",English,
The Intelligencer,,Postmedia Network Inc.,"Belleville, Ont.",Canada,16-Jul-2005,Current,,N,16-Jul-2005,Current,,,,,1,16-Jul-2005,Current,,,,,N,Newspapers,English,
The Interior News (Online),,Black Press Group Ltd.,Smithers,Canada,26-Mar-2022,Current,,N,26-Mar-2022,Current,,,,,,26-Mar-2022,Current,,,,,N,"Blogs, Podcasts, & Websites",English,
The Interior News,,Black Press Group Ltd.,"Smithers, B.C.",Canada,12-Aug-2004,04-Apr-2022,,N,12-Aug-2004,04-Apr-2022,,,,,,12-Aug-2004,04-Apr-2022,,,,,N,Newspapers,English,
The Interlake Spectator (Online),,Postmedia Network Inc.,Interlake,Canada,14-May-2015,01-Aug-2018,,N,14-May-2015,01-Aug-2018,,,,,,14-May-2015,01-Aug-2018,,,,,N,"Blogs, Podcasts, & Websites",English,
The Interlake Spectator,,Postmedia Network Inc.,Interlake,Canada,01-Dec-2011,07-May-2020,,N,01-Dec-2011,07-May-2020,,,,,,01-Dec-2011,07-May-2020,,,,,N,Newspapers,English,
Inuvik Drum,,Northern News Services Limited,Yellowknife,Canada,16-Mar-2023,Current,,N,16-Mar-2023,Current,,,,,,16-Mar-2023,Current,,,,,N,Newspapers,English,
Journal - Pioneer,,Postmedia Network Inc.,"Summerside, P.E.I.",Canada,,,,N,,,,,,,,09-Apr-1999,26-Apr-2007,,,,,N,Newspapers,English,
The Journal,,Black Press Group Ltd.,"Ashcroft, B.C.",Canada,03-Aug-2004,04-Apr-2022,,N,03-Aug-2004,04-Apr-2022,,,,,,03-Aug-2004,04-Apr-2022,,,,,N,Newspapers,English,
Kamloops Daily News,,Postmedia Network Inc.,"Kamloops, B.C.",Canada,16-Aug-1999,11-Jan-2014,,N,16-Aug-1999,11-Jan-2014,,,,,,16-Aug-1999,11-Jan-2014,,,,,N,Newspapers,English,
Kamloops This Week,,"Torstar Syndication Services, a Division of Toronto Star Newspapers Limited","Kamloops, B.C.",Canada,,,,N,,,,,,,,04-Aug-2004,23-Oct-2013,,,,,N,Newspapers,English,
Kanata EMC,,Postmedia Network Inc.,"Kanata, Ont.",Canada,03-Apr-2009,11-Jan-2018,,N,03-Apr-2009,11-Jan-2018,,,,,,03-Apr-2009,11-Jan-2018,,,,,N,Newspapers,English,
Kanata Kourier - Standard,,Postmedia Network Inc.,"Nepean, Ont.",Canada,20-Sep-2011,05-Jan-2018,,N,20-Sep-2011,05-Jan-2018,,,,,,20-Sep-2011,05-Jan-2018,,,,,N,Newspapers,English,
Kawartha Lakes This Week,,"Torstar Syndication Services, a Division of Toronto Star Newspapers Limited","Lindsay, Ont.",Canada,21-Mar-2003,Current,,N,21-Mar-2003,Current,,,,,,21-Mar-2003,Current,,,,,N,Newspapers,English,
Kelowna Capital News,,Black Press Group Ltd.,"Kelowna, B.C.",Canada,26-Sep-2004,04-Apr-2022,,N,26-Sep-2004,04-Apr-2022,,,,,,26-Sep-2004,04-Apr-2022,,,,,N,Newspapers,English,
Kelowna Capital News (Online),,Black Press Group Ltd.,Kelowna,Canada,02-Mar-2022,Current,,N,02-Mar-2022,Current,,,,,,02-Mar-2022,Current,,,,,N,"Blogs, Podcasts, & Websites",English,
Kemptville Advance,,CNW Group Ltd.,"Kemptville, Ont.",Canada,21-Sep-2011,Current,,N,21-Sep-2011,Current,,,,,,21-Sep-2011,Current,,,,,N,Newspapers,English,
Kemptville EMC,,Postmedia Network Inc.,"Kemptville, Ont.",Canada,02-Apr-2009,08-Feb-2018,,N,02-Apr-2009,08-Feb-2018,,,,,,02-Apr-2009,08-Feb-2018,,,,,N,Newspapers,English,
Kenora Daily Miner and News (Online),,Postmedia Network Inc.,Kenora,Canada,14-May-2015,Current,19-Apr-2021--22-Mar-2022,N,14-May-2015,Current,19-Apr-2021--22-Mar-2022,,,,1,14-May-2015,Current,19-Apr-2021--22-Mar-2022,,,,N,"Blogs, Podcasts, & Websites",English,
Kimberley Bulletin (Online),,Black Press Group Ltd.,Kimberley,Canada,14-Mar-2023,Current,,N,14-Mar-2023,Current,,,,,,14-Mar-2023,Current,,,,,N,"Blogs, Podcasts, & Websites",English,
The Kincardine News (Online),,Postmedia Network Inc.,Kincardine,Canada,14-May-2015,Current,01-Jan-2019--31-Dec-2019,N,14-May-2015,Current,01-Jan-2019--31-Dec-2019,,,,1,14-May-2015,Current,01-Jan-2019--31-Dec-2019,,,,N,"Blogs, Podcasts, & Websites",English,
The Kincardine News,,Postmedia Network Inc.,Kincardine,Canada,24-May-2011,Current,,N,24-May-2011,Current,,,,,1,24-May-2011,Current,,,,,N,Newspapers,English,
King Connection,,"Torstar Syndication Services, a Division of Toronto Star Newspapers Limited",Toronto,Canada,31-Dec-2023,Current,,N,31-Dec-2023,Current,,,,,,18-Oct-2021,Current,,,,,N,Newspapers,English,
Kings County Record,,Postmedia Network Inc.,"Sussex, N.B.",Canada,22-Apr-2008,29-Dec-2020,,N,22-Apr-2008,29-Dec-2020,,,,,,22-Apr-2008,Current,,,,,N,Newspapers,English,
The Kingston Heritage EMC,,Postmedia Network Inc.,"Kingston, Ont.",Canada,02-Apr-2009,22-Nov-2017,,N,02-Apr-2009,22-Nov-2017,,,,,,02-Apr-2009,22-Nov-2017,,,,,N,Newspapers,English,
Kingston Whig - Standard,,Postmedia Network Inc.,"Kingston, Ont.",Canada,14-Jan-1985,Current,01-Jan-1993--20-Mar-1994; 15-Jan-1985--15-Apr-1985,N,14-Jan-1985,Current,01-Jan-1993--20-Mar-1994; 15-Jan-1985--15-Apr-1985,,,,1,14-Jan-1985,Current,01-Jan-1993--20-Mar-1994; 15-Jan-1985--15-Apr-1985,,,,N,Newspapers,English,
The Kingston Whig-Standard (Online),,Postmedia Network Inc.,Kingston,Canada,27-Apr-2007,Current,01-Jan-2009--31-Dec-2014,N,27-Apr-2007,Current,01-Jan-2009--31-Dec-2014,,,,1,27-Apr-2007,Current,01-Jan-2009--31-Dec-2014,,,,N,"Blogs, Podcasts, & Websites",English,
Kingsville Reporter,,Postmedia Network Inc.,Kingsville,Canada,30-Sep-2014,05-May-2020,,N,30-Sep-2014,05-May-2020,,,,,,30-Sep-2014,05-May-2020,,,,,N,Newspapers,English,
Kivalliq News,,Northern News Services Limited,Rankin Inlet,Canada,15-Mar-2023,Current,,N,15-Mar-2023,Current,,,,,,15-Mar-2023,Current,,,,,N,Newspapers,English|Inuktitut,
The Kootenay Advertiser,,"Torstar Syndication Services, a Division of Toronto Star Newspapers Limited","Cranbrook, B.C.",Canada,02-Aug-2004,03-Mar-2017,,N,02-Aug-2004,03-Mar-2017,,,,,,02-Aug-2004,03-Mar-2017,,,,,N,Newspapers,English,
L'Étoile Sud-Est,,Postmedia Network Inc.,Richibucto,Canada,26-Apr-2008,23-Jan-2020,,N,26-Apr-2008,23-Jan-2020,,,,,,26-Apr-2008,23-Jan-2020,,,,,N,Newspapers,,
LaSalle Post,,Postmedia Network Inc.,LaSalle,Canada,03-Oct-2014,08-May-2020,,N,03-Oct-2014,08-May-2020,,,,,,03-Oct-2014,08-May-2020,,,,,N,Newspapers,English,
Lacombe Express (Online),,Black Press Group Ltd.,Lacombe,Canada,24-Dec-2021,Current,01-Jan-2022--31-Dec-2022,N,24-Dec-2021,Current,01-Jan-2022--31-Dec-2022,,,,,24-Dec-2021,Current,01-Jan-2022--31-Dec-2022,,,,N,"Blogs, Podcasts, & Websites",English,
The Lacombe Globe (Online),,Postmedia Network Inc.,Lacombe,Canada,14-May-2015,13-Jun-2018,,N,14-May-2015,13-Jun-2018,,,,,,14-May-2015,07-Jan-2020,,,,,N,"Blogs, Podcasts, & Websites",English,
The Lacombe Globe,,Postmedia Network Inc.,Lacombe,Canada,19-May-2011,16-Jan-2020,,N,19-May-2011,16-Jan-2020,,,,,,19-May-2011,16-Jan-2020,,,,,N,Newspapers,English,
The Ladysmith - Chemainus Chronicle,,Black Press Group Ltd.,"Ladysmith, B.C.",Canada,03-Aug-2004,04-Apr-2022,,N,03-Aug-2004,04-Apr-2022,,,,,,03-Aug-2004,04-Apr-2022,,,,,N,Newspapers,English,
Ladysmith Chemainus Chronicle,,Black Press Group Ltd.,Ladysmith,Canada,16-Mar-2023,Current,,N,16-Mar-2023,Current,,,,,,16-Mar-2023,Current,,,,,N,"Blogs, Podcasts, & Websites",English,
Lake Country Calendar (Online),,Black Press Group Ltd.,Kelowna,Canada,06-Apr-2022,Current,,N,06-Apr-2022,Current,,,,,,06-Apr-2022,Current,,,,,N,"Blogs, Podcasts, & Websites",English,
Lake Cowichan Gazette,,Black Press Group Ltd.,"Lake Cowichan, B.C.",Canada,04-Aug-2004,03-Apr-2022,,N,04-Aug-2004,03-Apr-2022,,,,,,04-Aug-2004,03-Apr-2022,,,,,N,Newspapers,English,
The Lake Cowichan Gazette (Online),,Black Press Group Ltd.,Duncan,Canada,15-Mar-2023,Current,,N,15-Mar-2023,Current,,,,,,15-Mar-2023,Current,,,,,N,"Blogs, Podcasts, & Websites",English,
The Lake Windermere Valley Echo,,"Torstar Syndication Services, a Division of Toronto Star Newspapers Limited","Invermere, B.C.",Canada,,,,N,,,,,,,,04-Aug-2004,12-Jul-2017,,,,,N,Newspapers,English,
Lake of the Woods Enterprise,,Postmedia Network Inc.,Kenora,Canada,28-May-2011,23-Jan-2020,,N,28-May-2011,23-Jan-2020,,,,,,28-May-2011,23-Jan-2020,,,,,N,Newspapers,English,
Lakes District News,,"Torstar Syndication Services, a Division of Toronto Star Newspapers Limited","Burns Lake, B.C.",Canada,04-Aug-2004,04-Apr-2022,,N,04-Aug-2004,04-Apr-2022,,,,,,04-Aug-2004,04-Apr-2022,,,,,N,Newspapers,English,
Lakeshore News,,Postmedia Network Inc.,Tecumseh,Canada,18-Feb-2011,08-May-2020,,N,18-Feb-2011,08-May-2020,,,,,,18-Feb-2011,08-May-2020,,,,,N,Newspapers,English,
The Lakeside Leader,,Postmedia Network Inc.,"Slave Lake, Alta.",Canada,24-Jun-2009,Current,,N,24-Jun-2009,Current,,,,,1,24-Jun-2009,Current,,,,,N,Newspapers,English,
The Lamont Leader,,Alberta Weekly Newspapers Association,Lamont,Canada,18-Jun-2013,21-Jun-2016,,N,18-Jun-2013,21-Jun-2016,,,,,,18-Jun-2013,21-Jun-2016,,,,,N,Newspapers,English,
Langley Advance,,Postmedia Network Inc.,"Langley, B.C.",Canada,19-Apr-2002,13-Dec-2019,,N,19-Apr-2002,13-Dec-2019,,,,,,19-Apr-2002,13-Dec-2019,,,,,N,Newspapers,English,
Langley Advance Times (Online),,Black Press Group Ltd.,Langley,Canada,04-Nov-2019,Current,01-Jan-2020--31-Dec-2020,N,04-Nov-2019,Current,01-Jan-2020--31-Dec-2020,,,,,04-Nov-2019,Current,01-Jan-2020--31-Dec-2020,,,,N,"Blogs, Podcasts, & Websites",English,
Langley Times,,Black Press Group Ltd.,"Langley, B.C.",Canada,31-Dec-1969,01-May-2019,01-Jan-1970--31-Dec-2003,N,31-Dec-1969,01-May-2019,01-Jan-1970--31-Dec-2003,,,,,31-Dec-1969,01-May-2019,01-Jan-1970--31-Dec-2003,,,,N,Newspapers,English,
Le Parisien,,Le Parisien Libéré,Paris,France,31-Dec-2001,11-Aug-2020,,N,31-Dec-2001,11-Aug-2020,,,,,,31-Dec-2001,11-Aug-2020,,,,,N,Newspapers,French,
Leader Post,,Postmedia Network Inc.,"Regina, Sask.",Canada,01-Jan-2000,Current,,N,01-Jan-2000,Current,,,,,1,01-Jan-2000,Current,,,,,N,Newspapers,English,
The Leader Post (Online),,Postmedia Network Inc.,Regina,Canada,30-Nov-2017,Current,,N,30-Nov-2017,Current,,,,,1,30-Nov-2017,Current,,,,,N,"Blogs, Podcasts, & Websites",English,
The Leader,,"Torstar Syndication Services, a Division of Toronto Star Newspapers Limited","Surrey, B.C.",Canada,01-Aug-2004,27-Mar-2017,,N,01-Aug-2004,27-Mar-2017,,,,,,01-Aug-2004,27-Mar-2017,,,,,N,Newspapers,English,
The Leduc Representative (Online),,Postmedia Network Inc.,Leduc,Canada,14-May-2015,Current,01-Jan-2019--31-Dec-2019; 14-Apr-2021--24-Mar-2022,N,14-May-2015,Current,01-Jan-2019--31-Dec-2019; 14-Apr-2021--24-Mar-2022,,,,1,14-May-2015,Current,01-Jan-2019--31-Dec-2019; 14-Apr-2021--24-Mar-2022,,,,N,Newspapers,English,
The Leduc Representative,,Postmedia Network Inc.,Leduc,Canada,27-Apr-2007,Current,,N,27-Apr-2007,Current,,,,,1,27-Apr-2007,Current,,,,,N,Newspapers,English,
Les coulisses du pouvoir,,Canadian Broadcasting Corporation,Ottawa,Canada,15-Sep-2013,Current,,N,15-Sep-2013,Current,,,,,,15-Sep-2013,Current,,,,,N,Other Sources,French,
The Lethbridge Herald,,Postmedia Network Inc.,"Lethbridge, Alta.",Canada,02-Mar-2017,Current,,N,02-Mar-2017,Current,,,,,1,02-Mar-2017,Current,,,,,N,Newspapers,English,
The Liberal,,"Torstar Syndication Services, a Division of Toronto Star Newspapers Limited","Richmond Hill, Ont.",Canada,10-Feb-2003,Current,,N,10-Feb-2003,Current,,,,,,10-Feb-2003,Current,,,,,N,Newspapers,English,
Lindsay Daily Post,,Postmedia Network Inc.,"Lindsay, Ont.",Canada,04-Apr-2000,31-May-2006,,N,04-Apr-2000,31-May-2006,,,,,,04-Apr-2000,31-May-2006,,,,,N,Newspapers,English,
Listowel Banner,,"Torstar Syndication Services, a Division of Toronto Star Newspapers Limited","Listowel, Ont.",Canada,06-Jun-2003,08-Nov-2003,,N,06-Jun-2003,08-Nov-2003,,,,,,06-Jun-2003,08-Nov-2003,,,,,N,Newspapers,English,
Lloydminster Meridian Booster (Online),,Postmedia Network Inc.,Lloydminster,Canada,14-May-2015,24-May-2018,,N,14-May-2015,24-May-2018,,,,,,14-May-2015,24-May-2018,,,,,N,"Blogs, Podcasts, & Websites",English,
Lloydminster Source,,Alberta Weekly Newspapers Association,Lloydminster,Canada,18-Jun-2013,23-Jun-2016,,N,18-Jun-2013,23-Jun-2016,,,,,,18-Jun-2013,23-Jun-2016,,,,,N,Newspapers,English,
The Logic,,The Logic Inc.,Toronto,Canada,12-Jun-2018,Current,,N,12-Jun-2018,Current,,,,,,12-Jun-2018,Current,,,,,N,"Blogs, Podcasts, & Websites",English,
The London Free Press (Online),,Postmedia Network Inc.,London,Canada,14-May-2015,Current,,N,14-May-2015,Current,,,,,1,14-May-2015,Current,,,,,N,"Blogs, Podcasts, & Websites",English,
The London Free Press,,Postmedia Network Inc.,London,Canada,27-Apr-2007,Current,,N,27-Apr-2007,Current,,,,,1,27-Apr-2007,Current,,,,,N,Newspapers,English,
Londoner,,Postmedia Network Inc.,London,Canada,22-Apr-2010,Current,,N,22-Apr-2010,Current,,,,,1,22-Apr-2010,Current,,,,,N,Newspapers,English,
Londoner (Online),,Postmedia Network Inc.,London,Canada,15-May-2015,Current,23-Sep-2021--27-Mar-2022,N,15-May-2015,Current,23-Sep-2021--27-Mar-2022,,,,1,15-May-2015,Current,23-Sep-2021--27-Mar-2022,,,,N,"Blogs, Podcasts, & Websites",English,
Lucknow Sentinel (Online),,Postmedia Network Inc.,Lucknow,Canada,14-May-2015,Current,24-Sep-2021--17-Mar-2022,N,14-May-2015,Current,24-Sep-2021--17-Mar-2022,,,,1,14-May-2015,Current,24-Sep-2021--17-Mar-2022,,,,N,"Blogs, Podcasts, & Websites",English,
The Lucknow Sentinel,,Postmedia Network Inc.,Lucknow,Canada,29-Apr-2015,Current,,N,29-Apr-2015,Current,,,,,1,29-Apr-2015,Current,,,,,N,Newspapers,English,
The Macleod Gazette,,Postmedia Network Inc.,"Fort Macleod, Alta.",Canada,01-Apr-2009,Current,,N,01-Apr-2009,Current,,,,,1,01-Apr-2009,Current,,,,,N,Newspapers,English,
Le Madawaska,,Postmedia Network Inc.,"Edmundston, N.B.",Canada,25-Apr-2008,21-Apr-2018,,N,25-Apr-2008,21-Apr-2018,,,,,,25-Apr-2008,21-Apr-2018,,,,,N,Newspapers,French,
Manitoba Business,,Manitoba Business,Winnipeg,Canada,01-Feb-1985,01-Jan-2009,01-Nov-1990--01-Dec-1991,N,01-Feb-1985,01-Jan-2009,01-Nov-1990--01-Dec-1991,01-Jul-2002,01-Jan-2009,,,01-Jan-1982,01-Jan-2009,01-Nov-1990--01-Dec-1991,,,,N,Trade Journals,English,
Manotick/Winchester EMC,,Postmedia Network Inc.,"Manotick, Ont.",Canada,03-Apr-2009,08-Sep-2016,,N,03-Apr-2009,08-Sep-2016,,,,,,03-Apr-2009,08-Sep-2016,,,,,N,Newspapers,English,
Mansbridge One on One,,Canadian Broadcasting Corporation,Toronto,Canada,21-Nov-2009,02-Jul-2017,,N,21-Nov-2009,02-Jul-2017,,,,,,21-Nov-2009,02-Jul-2017,,,,,N,Other Sources,English,
Maple Creek & Southwest Advance Times,,Postmedia Network Inc.,"Maple Creek, Sask.",Canada,05-Jan-2017,Current,,N,05-Jan-2017,Current,,,,,1,05-Jan-2017,Current,,,,,N,Newspapers,English,
Maple Creek News,,Postmedia Network Inc.,"Maple Creek, Sask.",Canada,12-Jan-2017,Current,,N,12-Jan-2017,Current,,,,,1,12-Jan-2017,Current,,,,,N,Newspapers,English,
"Maple Ridge, Pitt Meadows Times",,Postmedia Network Inc.,"Maple Ridge, B.C.",Canada,28-May-2002,27-Oct-2016,,N,28-May-2002,27-Oct-2016,,,,,,28-May-2002,27-Oct-2016,,,,,N,Newspapers,English,
Markham Economist & Sun,,"Torstar Syndication Services, a Division of Toronto Star Newspapers Limited","Markham, Ont.",Canada,10-Feb-2003,Current,,N,10-Feb-2003,Current,,,,,,10-Feb-2003,Current,,,,,N,Newspapers,English,
The Mayerthorpe Freelancer (Online),,Postmedia Network Inc.,Mayerthorpefreelancer,Canada,14-May-2015,Current,01-Jan-2019--31-Dec-2019; 16-Apr-2021--10-Feb-2022,N,14-May-2015,Current,01-Jan-2019--31-Dec-2019; 16-Apr-2021--10-Feb-2022,,,,1,14-May-2015,Current,01-Jan-2019--31-Dec-2019; 16-Apr-2021--10-Feb-2022,,,,N,"Blogs, Podcasts, & Websites",English,
The Mayerthorpe Freelancer,,Postmedia Network Inc.,Mayerthorpe,Canada,18-May-2011,23-Aug-2023,,N,18-May-2011,23-Aug-2023,,,,,,18-May-2011,23-Aug-2023,,,,,N,Newspapers,English,
Meaford Express,,"Torstar Syndication Services, a Division of Toronto Star Newspapers Limited","Meaford, Ont.",Canada,26-Jan-2010,13-Apr-2023,01-Jan-2018--31-Dec-2022,N,26-Jan-2010,13-Apr-2023,01-Jan-2018--31-Dec-2022,,,,,26-Jan-2010,13-Apr-2023,01-Jan-2018--31-Dec-2022,,,,N,Newspapers,English,
The Medicine Hat News,,Postmedia Network Inc.,"Medicine Hat, Alta.",Canada,26-Jan-2017,Current,,N,26-Jan-2017,Current,,,,,1,26-Jan-2017,Current,,,,,N,Newspapers,English,
Melfort Journal,,Postmedia Network Inc.,Melfort,Canada,17-May-2011,24-Jul-2019,,N,17-May-2011,24-Jul-2019,,,,,,17-May-2011,24-Jul-2019,,,,,N,Newspapers,English,
Melfort Journal (Online),,Postmedia Network Inc.,Melfort,Canada,14-May-2015,Current,16-Apr-2021--21-Mar-2022,N,14-May-2015,Current,16-Apr-2021--21-Mar-2022,,,,1,14-May-2015,Current,16-Apr-2021--21-Mar-2022,,,,N,"Blogs, Podcasts, & Websites",English,
The Merritt Herald,,"Torstar Syndication Services, a Division of Toronto Star Newspapers Limited","Merritt, B.C.",Canada,,,,N,,,,,,,,04-Aug-2004,12-Sep-2013,,,,,N,Newspapers,English,
The Mid-North Monitor (Online),,Postmedia Network Inc.,Espanola,Canada,14-May-2015,Current,01-Jan-2019--31-Dec-2019; 15-Apr-2021--16-Mar-2022,N,14-May-2015,Current,01-Jan-2019--31-Dec-2019; 15-Apr-2021--16-Mar-2022,,,,1,14-May-2015,Current,01-Jan-2019--31-Dec-2019; 15-Apr-2021--16-Mar-2022,,,,N,"Blogs, Podcasts, & Websites",English,
The Mid-North Monitor,,Postmedia Network Inc.,Espanola,Canada,13-Mar-2013,Current,,N,13-Mar-2013,Current,,,,,1,13-Mar-2013,Current,,,,,N,Newspapers,English,
The Midland - Penetanguishene Mirror,,"Torstar Syndication Services, a Division of Toronto Star Newspapers Limited","Midland, Ont.",Canada,17-Feb-2003,Current,,N,17-Feb-2003,Current,,,,,,17-Feb-2003,Current,,,,,N,Newspapers,English,
The Midweek Banner,,"Torstar Syndication Services, a Division of Toronto Star Newspapers Limited","Orangeville, Ont.",Canada,04-Feb-2000,Current,08-Jun-2005--25-Apr-2012,N,04-Feb-2000,Current,08-Jun-2005--25-Apr-2012,,,,,04-Feb-2000,Current,08-Jun-2005--25-Apr-2012,,,,N,Newspapers,English,
Miramichi Leader,,Postmedia Network Inc.,"Miramichi, N.B.",Canada,11-Apr-2008,Current,,N,11-Apr-2008,Current,,,,,1,11-Apr-2008,Current,,,,,N,Newspapers,English,
Mission City Record,,Black Press Group Ltd.,"Mission, B.C.",Canada,05-Aug-2004,04-Apr-2022,,N,05-Aug-2004,04-Apr-2022,,,,,,05-Aug-2004,04-Apr-2022,,,,,N,Newspapers,English,
Mission Record,,Black Press Group Ltd.,"Mission, B.C.",Canada,14-Jan-2022,Current,,N,14-Jan-2022,Current,,,,,,14-Jan-2022,Current,,,,,N,"Blogs, Podcasts, & Websites",English,
Mississauga News,,"Torstar Syndication Services, a Division of Toronto Star Newspapers Limited","Mississauga, Ont.",Canada,02-Feb-2003,Current,,N,02-Feb-2003,Current,,,,,,02-Feb-2003,Current,,,,,N,Newspapers,English,
The Mitchell Advocate (Online),,Postmedia Network Inc.,West Perth,Canada,14-May-2015,Current,14-Apr-2021--15-Mar-2022,N,14-May-2015,Current,14-Apr-2021--15-Mar-2022,,,,1,14-May-2015,Current,14-Apr-2021--15-Mar-2022,,,,N,"Blogs, Podcasts, & Websites",English,
The Mitchell Advocate,,Postmedia Network Inc.,West Perth,Canada,29-Apr-2015,Current,,N,29-Apr-2015,Current,,,,,1,29-Apr-2015,Current,,,,,N,Newspapers,English,
Monday Magazine (Online),,Black Press Group Ltd.,Victoria,Canada,25-Jan-2023,Current,,N,25-Jan-2023,Current,,,,,,25-Jan-2023,Current,,,,,N,"Blogs, Podcasts, & Websites",English,
Le Monde,,La Société Editrice du Monde,Paris,France,01-Jan-2001,Current,,N,01-Jan-2001,Current,,,,,,01-Jan-2001,Current,01-Jan-2015--31-Dec-2016,,,,N,Newspapers,French,
Le Monde Diplomatique,French ed.,La Société Editrice du Monde,,France,,,,N,,,,,,,,01-Jan-2011,01-Sep-2020,,,,,N,Newspapers,French,
Montage,,Directors Guild of Canada,Toronto,Canada,,,,N,,,,,,,,01-Jul-2002,01-Oct-2014,01-Jan-2013--31-Dec-2013,,,,N,Magazines,English,
Montreal Gazette,,Postmedia Network Inc.,"Montreal, Que.",Canada,02-Jan-1985,Current,,N,02-Jan-1985,Current,,,,,1,02-Jan-1985,Current,01-Jan-2019--31-Dec-2022,,,,N,Newspapers,English,
The Montreal Gazette (Online),,Postmedia Network Inc.,Montreal,Canada,30-Nov-2017,Current,,N,30-Nov-2017,Current,,,,,1,30-Nov-2017,Current,,,,,N,"Blogs, Podcasts, & Websites",English,
Moose Jaw Times Herald,,CNW Group Ltd.,"Moose Jaw, Sask.",Canada,29-Jul-1999,06-Dec-2017,01-Jan-2009--31-Dec-2009,N,29-Jul-1999,06-Dec-2017,01-Jan-2009--31-Dec-2009,,,,,29-Jul-1999,06-Dec-2017,01-Jan-2009--31-Dec-2009,,,,N,Newspapers,English,
The Morden Times,,Postmedia Network Inc.,Morden,Canada,01-Dec-2011,07-May-2020,,N,01-Dec-2011,07-May-2020,,,,,,01-Dec-2011,07-May-2020,,,,,N,Newspapers,English,
The Morning Star (Online),,Black Press Group Ltd.,North Okanagan,Canada,14-Jun-2021,Current,,N,14-Jun-2021,Current,,,,,,14-Jun-2021,Current,,,,,N,"Blogs, Podcasts, & Websites",English,
The Morning Star,,Black Press Group Ltd.,"Vernon, B.C.",Canada,01-Aug-2004,04-Apr-2022,,N,01-Aug-2004,04-Apr-2022,,,,,,01-Aug-2004,04-Apr-2022,,,,,N,Newspapers,English,
The Mountaineer,,Postmedia Network Inc.,"Rocky Mountain House, Alta.",Canada,24-Mar-2009,Current,,N,24-Mar-2009,Current,,,,,1,24-Mar-2009,Current,,,,,N,Newspapers,English,
The Muskoka Sun,,"Torstar Syndication Services, a Division of Toronto Star Newspapers Limited","Bracebridge, Ont.",Canada,14-Oct-2011,06-Jun-2013,,N,14-Oct-2011,06-Jun-2013,,,,,,14-Oct-2011,06-Jun-2013,,,,,N,Newspapers,English,
MuskokaRegion.com,,"Torstar Syndication Services, a Division of Toronto Star Newspapers Limited",Muskoka,Canada,21-Oct-2023,Current,,N,21-Oct-2023,Current,,,,,,16-Jun-2021,Current,,,,,N,"Blogs, Podcasts, & Websites",English,
The Muskokan,,"Torstar Syndication Services, a Division of Toronto Star Newspapers Limited","Bracebridge, Ont.",Canada,14-Oct-2011,27-Jul-2023,01-Jan-2021--31-Dec-2021,N,14-Oct-2011,27-Jul-2023,01-Jan-2021--31-Dec-2021,,,,,14-Oct-2011,27-Jul-2023,01-Jan-2017--31-Dec-2017; 01-Jan-2021--31-Dec-2021,,,,N,Newspapers,English,
MyKawartha.com,,"Torstar Syndication Services, a Division of Toronto Star Newspapers Limited",Toronto,Canada,23-Aug-2023,Current,,N,23-Aug-2023,Current,,,,,,22-Aug-2023,Current,,,,,N,"Blogs, Podcasts, & Websites",English,
NNSL Media (web site),,Northern News Services Limited,Yellowknife,Canada,30-Nov-2022,Current,,N,30-Nov-2022,Current,,,,,,30-Nov-2022,Current,,,,,N,"Blogs, Podcasts, & Websites",English,
Nanaimo Daily News,,Postmedia Network Inc.,"Nanaimo, B.C.",Canada,14-Oct-1998,29-Jan-2016,,N,14-Oct-1998,29-Jan-2016,,,,,,14-Oct-1998,29-Jan-2016,,,,,N,Newspapers,English,
Nanaimo News Bulletin,,"Torstar Syndication Services, a Division of Toronto Star Newspapers Limited","Nanaimo, B.C.",Canada,03-Aug-2004,04-Apr-2022,,N,03-Aug-2004,04-Apr-2022,,,,,,03-Aug-2004,04-Apr-2022,,,,,N,Newspapers,English,
Nanaimo News Bulletin (Online),,Black Press Group Ltd.,Nanaimo,Canada,30-Apr-2022,Current,,N,30-Apr-2022,Current,,,,,,30-Apr-2022,Current,,,,,N,"Blogs, Podcasts, & Websites",English,
The Nanton News (Online),,Postmedia Network Inc.,Nanton,Canada,14-May-2015,Current,01-Jan-2019--31-Dec-2019; 16-Apr-2021--17-Mar-2022,N,14-May-2015,Current,01-Jan-2019--31-Dec-2019; 16-Apr-2021--17-Mar-2022,,,,1,14-May-2015,Current,01-Jan-2019--31-Dec-2019; 16-Apr-2021--17-Mar-2022,,,,N,Newspapers,English,
The Nanton News,,Postmedia Network Inc.,Nanton,Canada,11-May-2011,23-Aug-2023,,N,11-May-2011,23-Aug-2023,,,,,,11-May-2011,23-Aug-2023,,,,,N,Newspapers,English,
The Napanee Guide (Online),,Postmedia Network Inc.,Napanee,Canada,14-May-2015,Current,01-Jan-2019--31-Dec-2019; 05-Apr-2021--15-Mar-2022,N,14-May-2015,Current,01-Jan-2019--31-Dec-2019; 05-Apr-2021--15-Mar-2022,,,,1,14-May-2015,Current,01-Jan-2019--31-Dec-2019; 05-Apr-2021--15-Mar-2022,,,,N,"Blogs, Podcasts, & Websites",English,
The Napanee Guide,,Postmedia Network Inc.,Napanee,Canada,30-Apr-2015,07-May-2020,,N,30-Apr-2015,07-May-2020,,,,,,30-Apr-2015,07-May-2020,,,,,N,Newspapers,English,
The National - CBC Television,,Canadian Broadcasting Corporation,Toronto,Canada,04-Sep-1995,Current,,N,04-Sep-1995,Current,,,,,,04-Sep-1995,Current,,,,,N,Other Sources,English,
National Post,,Postmedia Network Inc.,"Don Mills, Ont.",Canada,27-Oct-1998,Current,,N,27-Oct-1998,Current,,,,,1,27-Oct-1998,Current,01-Jan-2018--31-Dec-2024,,,,N,Newspapers,English,
National Post (Online),,Postmedia Network Inc.,Toronto,Canada,28-Nov-2017,Current,,N,28-Nov-2017,Current,,,,,1,28-Nov-2017,Current,,,,,N,"Blogs, Podcasts, & Websites",English,
Nelson Daily News,,Postmedia Network Inc.,"Nelson, B.C.",Canada,09-Nov-1999,16-Jul-2010,,N,09-Nov-1999,16-Jul-2010,,,,,,09-Nov-1999,16-Jul-2010,,,,,N,Newspapers,English,
Nelson Star (Online),,Black Press Group Ltd.,Nelson,Canada,14-Oct-2021,Current,,N,14-Oct-2021,Current,,,,,,14-Oct-2021,Current,,,,,N,"Blogs, Podcasts, & Websites",English,
Nepean Barrhaven EMC,,Postmedia Network Inc.,"Nepean, Ont.",Canada,03-Apr-2009,11-Jan-2018,,N,03-Apr-2009,11-Jan-2018,,,,,,03-Apr-2009,11-Jan-2018,,,,,N,Newspapers,English,
New Hamburg Independent,,"Torstar Syndication Services, a Division of Toronto Star Newspapers Limited","New Hamburg, Ont.",Canada,08-Sep-1999,Current,19-Nov-2008--26-May-2010,N,08-Sep-1999,Current,19-Nov-2008--26-May-2010,,,,,08-Sep-1999,Current,19-Nov-2008--26-May-2010,,,,N,Newspapers,English,
The News (Online),,Black Press Group Ltd.,Abbotsford,Canada,22-Dec-2020,Current,,N,22-Dec-2020,Current,,,,,,22-Dec-2020,Current,,,,,N,"Blogs, Podcasts, & Websites",English,
The News (Online),,Black Press Group Ltd.,Maple Ridge,Canada,09-Feb-2023,Current,,N,09-Feb-2023,Current,,,,,,09-Feb-2023,Current,,,,,N,"Blogs, Podcasts, & Websites",English,
The News : Esquimalt,,"Torstar Syndication Services, a Division of Toronto Star Newspapers Limited","Victoria, B.C.",Canada,04-Aug-2004,20-Jul-2007,,N,04-Aug-2004,20-Jul-2007,,,,,,04-Aug-2004,20-Jul-2007,,,,,N,Newspapers,English,
The News Advertiser,,"Torstar Syndication Services, a Division of Toronto Star Newspapers Limited","Ajax, Ont.",Canada,05-Oct-2003,Current,,N,05-Oct-2003,Current,,,,,,05-Oct-2003,Current,,,,,N,Newspapers,English,
The News,,Black Press Group Ltd.,"Abbotsford, B.C.",Canada,03-Aug-2004,04-Apr-2022,,N,03-Aug-2004,04-Apr-2022,,,,,,03-Aug-2004,04-Apr-2022,,,,,N,Newspapers,English,
The News,,Black Press Group Ltd.,"Maple Ridge, B.C.",Canada,04-Aug-2004,12-May-2020,,N,04-Aug-2004,12-May-2020,,,,,,04-Aug-2004,12-May-2020,,,,,N,Newspapers,English,
News/North,,Northern News Services Limited,Yellowknife,Canada,20-Mar-2023,Current,,N,20-Mar-2023,Current,,,,,,20-Mar-2023,Current,,,,,N,Newspapers,English,
Niagara Falls Review,,"Torstar Syndication Services, a Division of Toronto Star Newspapers Limited","Niagara Falls, Ont.",Canada,01-Feb-1999,Current,01-Jan-2007--31-Dec-2017,N,01-Feb-1999,Current,01-Jan-2007--31-Dec-2017,,,,,01-Feb-1999,Current,01-Jan-2007--31-Dec-2017,,,,N,Newspapers,English,
Niagara This Week,,"Torstar Syndication Services, a Division of Toronto Star Newspapers Limited","Thorold, Ont.",Canada,17-Sep-2004,Current,,N,17-Sep-2004,Current,,,,,,17-Sep-2004,Current,,,,,N,Newspapers,English,
Niagara-on-the-Lake Advance,,"Torstar Syndication Services, a Division of Toronto Star Newspapers Limited","Niagara-on-the-Lake, Ont.",Canada,12-Sep-2013,Current,,N,12-Sep-2013,Current,,,,,,12-Sep-2013,Current,01-Jan-2017--31-Dec-2017,,,,N,Newspapers,,
NiagaraThisWeek.com (Online),,"Torstar Syndication Services, a Division of Toronto Star Newspapers Limited",Niagara,Canada,23-Aug-2023,Current,,N,23-Aug-2023,Current,,,,,,23-Aug-2023,Current,,,,,N,"Blogs, Podcasts, & Websites",English,
Nipawin Journal,,Postmedia Network Inc.,Nipawin,Canada,18-May-2011,24-Jul-2019,,N,18-May-2011,24-Jul-2019,,,,,,18-May-2011,24-Jul-2019,,,,,N,Newspapers,English,
Nipawin Journal (Online),,Postmedia Network Inc.,Nipawin,Canada,14-May-2015,Current,01-Jan-2019--31-Dec-2019; 16-Apr-2021--16-Feb-2022,N,14-May-2015,Current,01-Jan-2019--31-Dec-2019; 16-Apr-2021--16-Feb-2022,,,,1,14-May-2015,Current,01-Jan-2019--31-Dec-2019; 16-Apr-2021--16-Feb-2022,,,,N,"Blogs, Podcasts, & Websites",English,
North Bay Nipissing News,,"Torstar Syndication Services, a Division of Toronto Star Newspapers Limited",Huntsville,Canada,22-Nov-2023,Current,,N,22-Nov-2023,Current,,,,,,28-Oct-2021,Current,,,,,N,Newspapers,English,
North Bay Nugget,,Postmedia Network Inc.,"North Bay, Ont.",Canada,02-Jan-1999,Current,,N,02-Jan-1999,Current,,,,,1,02-Jan-1999,Current,,,,,N,Newspapers,English,
The North Bay Nugget (Online),,Postmedia Network Inc.,North Bay,Canada,14-May-2015,Current,18-Apr-2021--28-Mar-2022,N,14-May-2015,Current,18-Apr-2021--28-Mar-2022,,,,1,14-May-2015,Current,18-Apr-2021--28-Mar-2022,,,,N,Newspapers,English,
North Delta Reporter (Online),,Black Press Group Ltd.,North Delta,Canada,07-May-2021,Current,,N,07-May-2021,Current,,,,,,07-May-2021,Current,,,,,N,"Blogs, Podcasts, & Websites",English,
North Island Gazette,,Black Press Group Ltd.,"Alert Bay, B.C.",Canada,03-Aug-2004,04-Apr-2022,,N,03-Aug-2004,04-Apr-2022,,,,,,03-Aug-2004,04-Apr-2022,,,,,N,Newspapers,English,
North Island Gazette (Online),,Black Press Group Ltd.,Port Hardy,Canada,03-Jan-2019,Current,,N,03-Jan-2019,Current,,,,,,03-Jan-2019,Current,,,,,N,"Blogs, Podcasts, & Websites",English,
North Island Midweek,,"Torstar Syndication Services, a Division of Toronto Star Newspapers Limited","Campbell River, B.C.",Canada,07-Aug-2004,06-Apr-2015,,N,07-Aug-2004,06-Apr-2015,,,,,,07-Aug-2004,06-Apr-2015,,,,,N,Newspapers,English,
North Oakville Today,,"Torstar Syndication Services, a Division of Toronto Star Newspapers Limited","Oakville, Ont.",Canada,21-Sep-2011,19-Jul-2013,,N,21-Sep-2011,19-Jul-2013,,,,,,21-Sep-2011,19-Jul-2013,,,,,N,Newspapers,English,
North Shore News,,Postmedia Network Inc.,"North Vancouver, B.C.",Canada,19-Aug-2001,Current,,N,19-Aug-2001,Current,,,,,1,19-Aug-2001,Current,,,,,N,Newspapers,English,
The North Shore Outlook,,"Torstar Syndication Services, a Division of Toronto Star Newspapers Limited","North Vancouver, B.C.",Canada,,,,N,,,,,,,,05-Aug-2004,20-Mar-2014,,,,,N,Newspapers,English,
North Thompson Journal,,Black Press Group Ltd.,"Barriere, B.C.",Canada,02-Aug-2004,02-Apr-2022,,N,02-Aug-2004,02-Apr-2022,,,,,,02-Aug-2004,02-Apr-2022,,,,,N,Newspapers,English,
North Thompson Star/Journal (Online),,Black Press Group Ltd.,Barriere,Canada,16-Mar-2023,Current,,N,16-Mar-2023,Current,,,,,,16-Mar-2023,Current,,,,,N,"Blogs, Podcasts, & Websites",English,
The North Thompson Times,,Black Press Group Ltd.,Clearwater,Canada,16-Mar-2023,Current,,N,16-Mar-2023,Current,,,,,,16-Mar-2023,Current,,,,,N,Newspapers,English,
The North York Mirror,,"Torstar Syndication Services, a Division of Toronto Star Newspapers Limited","North York, Ont.",Canada,01-Jun-2003,29-Dec-2023,,N,01-Jun-2003,29-Dec-2023,,,,,,01-Jun-2003,29-Dec-2023,,,,,N,Newspapers,English,
NorthBayNipissing.com (Online),,"Torstar Syndication Services, a Division of Toronto Star Newspapers Limited",Toronto,Canada,14-Nov-2023,Current,,N,14-Nov-2023,Current,,,,,,03-Sep-2023,Current,,,,,N,"Blogs, Podcasts, & Websites",English,
Northeast Sun,,Postmedia Network Inc.,Melfort,Canada,20-May-2011,01-Jan-2021,,N,20-May-2011,01-Jan-2021,,,,,,20-May-2011,10-Jun-2022,,,,,N,Newspapers,English,
Northern Journal,,Alberta Weekly Newspapers Association,"Fort Smith, Alta.",Canada,21-Apr-2009,02-Mar-2016,,N,21-Apr-2009,02-Mar-2016,,,,,,21-Apr-2009,02-Mar-2016,,,,,N,Newspapers,English,
The Northern Light,,Postmedia Network Inc.,"Bathurst, N.B.",Canada,10-Jun-2008,Current,,N,10-Jun-2008,Current,,,,,1,10-Jun-2008,Current,,,,,N,Newspapers,English,
Northern News This Week,,Postmedia Network Inc.,"Kirkland Lake, Ont.",Canada,02-Jan-2002,Current,,N,02-Jan-2002,Current,,,,,1,02-Jan-2002,Current,,,,,N,Newspapers,,
Northern Ontario Business,,Northern Ontario Business,Sudbury,Canada,01-Jan-2002,01-Jan-2020,,N,01-Jan-2002,01-Aug-2006,,01-Jul-2002,01-Jan-2020,,,01-Jan-1984,01-Jan-2020,01-Nov-1990--01-Dec-1991; 01-Nov-1999--01-Dec-2001; 01-Sep-2006--01-Oct-2008,,,,N,Trade Journals,English,
Northern Sentinel (Online),,Black Press Group Ltd.,Kitimat,Canada,16-Mar-2023,Current,,N,16-Mar-2023,Current,,,,,,16-Mar-2023,Current,,,,,N,"Blogs, Podcasts, & Websites",English,
The Northern Sentinel,,Black Press Group Ltd.,"Kitimat, B.C.",Canada,04-Aug-2004,03-Apr-2022,,N,04-Aug-2004,03-Apr-2022,,,,,,04-Aug-2004,03-Apr-2022,,,,,N,Newspapers,English,
The Northern Times (Online),,Postmedia Network Inc.,Kapuskasing,Canada,14-May-2015,10-Jul-2018,,N,14-May-2015,10-Jul-2018,,,,,,14-May-2015,10-Jul-2018,,,,,N,"Blogs, Podcasts, & Websites",English,
The Northern Times,,Postmedia Network Inc.,Kapuskasing,Canada,10-Dec-2015,26-Jul-2018,,N,10-Dec-2015,26-Jul-2018,,,,,,10-Dec-2015,26-Jul-2018,,,,,N,Newspapers,English,
The Northern View (Online),,Black Press Group Ltd.,Prince Rupert,Canada,07-Jun-2017,Current,01-Jan-2018--31-Dec-2021,N,07-Jun-2017,Current,01-Jan-2018--31-Dec-2021,,,,,07-Jun-2017,Current,01-Jan-2018--31-Dec-2021,,,,N,"Blogs, Podcasts, & Websites",,
Northumberland News,,"Torstar Syndication Services, a Division of Toronto Star Newspapers Limited","Cobourg, Ont.",Canada,07-Apr-2000,Current,27-May-2006--25-Jan-2010,N,07-Apr-2000,Current,27-May-2006--25-Jan-2010,,,,,07-Apr-2000,Current,27-May-2006--25-Jan-2010,,,,N,Newspapers,English,
Norwich Gazette,,Postmedia Network Inc.,Norwich,Canada,18-May-2011,11-Jul-2018,,N,18-May-2011,11-Jul-2018,,,,,,18-May-2011,11-Jul-2018,,,,,N,Newspapers,English,
Norwich Gazette (Online),,Postmedia Network Inc.,Norwich,Canada,14-May-2015,16-Jul-2018,,N,14-May-2015,16-Jul-2018,,,,,,14-May-2015,16-Jul-2018,,,,,N,Newspapers,English,
Nothing is Foreign,,Canadian Broadcasting Corporation,Toronto,Canada,02-Mar-2023,22-Jun-2023,,N,02-Mar-2023,22-Jun-2023,,,,,,02-Mar-2023,22-Jun-2023,,,,,N,Other Sources,English,
Oak Bay News,,Black Press Group Ltd.,"Victoria, B.C.",Canada,31-Dec-1969,04-Apr-2022,01-Jan-1970--31-Dec-2003,N,31-Dec-1969,04-Apr-2022,01-Jan-1970--31-Dec-2003,,,,,31-Dec-1969,04-Apr-2022,01-Jan-1970--31-Dec-2003,,,,N,Newspapers,English,
Oak Bay News (Online),,Black Press Group Ltd.,Victoria,Canada,15-Feb-2021,Current,,N,15-Feb-2021,Current,,,,,,15-Feb-2021,Current,,,,,N,Newspapers,English,
Oakville Beaver,,"Torstar Syndication Services, a Division of Toronto Star Newspapers Limited","Oakville, Ont.",Canada,25-Jun-2003,Current,,N,25-Jun-2003,Current,,,,,,25-Jun-2003,Current,,,,,N,Newspapers,English,
Observer,,Postmedia Network Inc.,"Sarnia, Ont.",Canada,21-May-1999,Current,01-Jan-2016--31-Dec-2017,N,21-May-1999,Current,01-Jan-2016--31-Dec-2017,,,,1,21-May-1999,Current,01-Jan-2016--31-Dec-2017,,,,N,Newspapers,English,
Omineca Express,,Black Press Group Ltd.,"Vanderhoof, B.C.",Canada,04-Aug-2004,04-Apr-2022,,N,04-Aug-2004,04-Apr-2022,,,,,,04-Aug-2004,04-Apr-2022,,,,,N,Newspapers,English,
Omineca Express (Online),,Black Press Group Ltd.,Vanderhoof,Canada,16-Mar-2023,Current,,N,16-Mar-2023,Current,,,,,,16-Mar-2023,Current,,,,,N,"Blogs, Podcasts, & Websites",English,
Orillia Today,,"Torstar Syndication Services, a Division of Toronto Star Newspapers Limited","Orillia, Ont.",Canada,17-Feb-2003,Current,,N,17-Feb-2003,Current,,,,,,17-Feb-2003,Current,,,,,N,Newspapers,English,
Orleans EMC,,Postmedia Network Inc.,"Orleans, Ont.",Canada,03-Apr-2009,11-Jan-2018,,N,03-Apr-2009,11-Jan-2018,,,,,,03-Apr-2009,11-Jan-2018,,,,,N,Newspapers,English,
Ottawa Business Quarterly,,Pegasus Publishing Inc.,Ottawa,Canada,01-Jan-1992,01-Jul-1995,01-Jan-1993--31-Dec-1993,N,01-Jan-1992,01-Jul-1995,01-Jan-1993--31-Dec-1993,,,,,01-Jan-1987,01-Jul-1995,01-Jan-1993--31-Dec-1993,,,,N,Trade Journals,English,
The Ottawa Citizen (Online),,Postmedia Network Inc.,Ottawa,Canada,30-Nov-2017,Current,,N,30-Nov-2017,Current,,,,,1,30-Nov-2017,Current,,,,,N,"Blogs, Podcasts, & Websites",English,
The Ottawa Citizen,,Postmedia Network Inc.,"Ottawa, Ont.",Canada,03-Sep-1985,Current,,N,03-Sep-1985,Current,,,,,1,03-Sep-1985,Current,01-Jan-2019--31-Dec-2022,,,,N,Newspapers,English,
Ottawa East EMC,,Postmedia Network Inc.,"Ottawa, Ont.",Canada,03-Apr-2009,11-Jan-2018,,N,03-Apr-2009,11-Jan-2018,,,,,,03-Apr-2009,11-Jan-2018,,,,,N,Newspapers,English,
Ottawa South EMC,,Postmedia Network Inc.,"Ottawa, Ont.",Canada,03-Apr-2009,11-Jan-2018,,N,03-Apr-2009,11-Jan-2018,,,,,,03-Apr-2009,11-Jan-2018,,,,,N,Newspapers,English,
The Ottawa Sun (Online),,Postmedia Network Inc.,Ottawa,Canada,14-May-2015,Current,,N,14-May-2015,Current,,,,,1,14-May-2015,Current,,,,,N,"Blogs, Podcasts, & Websites",English,
The Ottawa Sun,,Postmedia Network Inc.,Ottawa,Canada,28-Apr-2007,Current,,N,28-Apr-2007,Current,,,,,1,28-Apr-2007,Current,,,,,N,Newspapers,English,
Ottawa West EMC,,Postmedia Network Inc.,"Ottawa, Ont.",Canada,03-Apr-2009,11-Jan-2018,,N,03-Apr-2009,11-Jan-2018,,,,,,03-Apr-2009,11-Jan-2018,,,,,N,Newspapers,English,
Ottawa this Week,,"Torstar Syndication Services, a Division of Toronto Star Newspapers Limited","Nepean, Ont.",Canada,21-Sep-2011,21-Jun-2013,,N,21-Sep-2011,21-Jun-2013,,,,,,21-Sep-2011,21-Jun-2013,,,,,N,Newspapers,English,
Oxford Review,,Postmedia Network Inc.,Woodstock,Canada,28-May-2011,Current,,N,28-May-2011,Current,,,,,1,28-May-2011,Current,,,,,N,Newspapers,English,
The Oyen Echo,,Alberta Weekly Newspapers Association,Oyen,Canada,18-Jun-2013,28-Jun-2016,,N,18-Jun-2013,28-Jun-2016,,,,,,18-Jun-2013,28-Jun-2016,,,,,N,Newspapers,English,
Packet and Times,,Postmedia Network Inc.,"Orillia, Ont.",Canada,29-Jan-2000,31-May-2006,,N,29-Jan-2000,31-May-2006,,,,,,29-Jan-2000,31-May-2006,,,,,N,Newspapers,English,
The Paris Star (Online),,Postmedia Network Inc.,Paris,Canada,14-May-2015,Current,11-Apr-2021--15-Mar-2022,N,14-May-2015,Current,11-Apr-2021--15-Mar-2022,,,,1,14-May-2015,Current,11-Apr-2021--15-Mar-2022,,,,N,"Blogs, Podcasts, & Websites",English,
The Paris Star,,Postmedia Network Inc.,Paris,Canada,23-Apr-2015,07-May-2020,,N,23-Apr-2015,07-May-2020,,,,,,23-Apr-2015,07-May-2020,,,,,N,Newspapers,English,
The Parkdale Villager,,"Torstar Syndication Services, a Division of Toronto Star Newspapers Limited","Toronto, Ont.",Canada,27-May-2010,11-Jul-2023,,N,27-May-2010,11-Jul-2023,,,,,,27-May-2010,11-Jul-2023,,,,,N,Newspapers,English,
Parksville - Qualicum News,,Black Press Group Ltd.,"Parksville, B.C.",Canada,31-Dec-1969,04-Apr-2022,01-Jan-1970--31-Dec-2003,N,31-Dec-1969,04-Apr-2022,01-Jan-1970--31-Dec-2003,,,,,31-Dec-1969,04-Apr-2022,01-Jan-1970--31-Dec-2003,,,,N,Newspapers,English,
The Parksville Qualicum Beach News (Online),,Black Press Group Ltd.,Parksville,Canada,19-Nov-2022,Current,,N,19-Nov-2022,Current,,,,,,19-Nov-2022,Current,,,,,N,"Blogs, Podcasts, & Websites",English,
Parry Sound North Star,,"Torstar Syndication Services, a Division of Toronto Star Newspapers Limited",Oakville,Canada,21-Oct-2023,Current,,N,21-Oct-2023,Current,,,,,,08-Dec-2016,Current,,,,,N,Newspapers,English,
Peace Arch News (Online),,Black Press Group Ltd.,White Rock,Canada,08-Jan-2023,Current,,N,08-Jan-2023,Current,,,,,,08-Jan-2023,Current,,,,,N,"Blogs, Podcasts, & Websites",English,
The Peace Arch News,,Black Press Group Ltd.,"White Rock, B.C.",Canada,03-Aug-2004,04-Apr-2022,,N,03-Aug-2004,04-Apr-2022,,,,,,03-Aug-2004,04-Apr-2022,,,,,N,Newspapers,English,
The Peace Country Sun (Online),,Postmedia Network Inc.,Grand Prairie,Canada,14-May-2015,Current,01-Jan-2019--31-Dec-2019; 16-Apr-2021--09-Feb-2022,N,14-May-2015,Current,01-Jan-2019--31-Dec-2019; 16-Apr-2021--09-Feb-2022,,,,1,14-May-2015,Current,01-Jan-2019--31-Dec-2019; 16-Apr-2021--09-Feb-2022,,,,N,"Blogs, Podcasts, & Websites",English,
The Peace Country Sun,,Postmedia Network Inc.,Grand Prairie,Canada,20-May-2011,24-Feb-2023,,N,20-May-2011,24-Feb-2023,,,,,,20-May-2011,24-Feb-2023,,,,,N,Newspapers,English,
Pembroke News,,Postmedia Network Inc.,Pembroke,Canada,31-May-2008,Current,01-Jan-2009--31-Dec-2014,N,31-May-2008,Current,01-Jan-2009--31-Dec-2014,,,,1,31-May-2008,Current,01-Jan-2009--31-Dec-2014,,,,N,Newspapers,English,
Pembroke Observer,,Postmedia Network Inc.,"Pembroke, Ont.",Canada,06-Apr-2000,09-Jul-2019,,N,06-Apr-2000,09-Jul-2019,,,,,,06-Apr-2000,09-Jul-2019,,,,,N,Newspapers,English,
Pembroke Observer (Online),,Postmedia Network Inc.,Pembroke,Canada,15-May-2015,Current,17-Apr-2021--27-Mar-2022,N,15-May-2015,Current,17-Apr-2021--27-Mar-2022,,,,1,15-May-2015,Current,17-Apr-2021--27-Mar-2022,,,,N,"Blogs, Podcasts, & Websites",English,
Peninsula News Review,,Black Press Group Ltd.,"Sidney, B.C.",Canada,04-Aug-2004,04-Apr-2022,,N,04-Aug-2004,04-Apr-2022,,,,,,04-Aug-2004,04-Apr-2022,,,,,N,Newspapers,English,
Peninsula News Review (Online),,Black Press Group Ltd.,Sidney,Canada,22-Feb-2021,Current,01-Jan-2022--31-Dec-2022,N,22-Feb-2021,Current,01-Jan-2022--31-Dec-2022,,,,,22-Feb-2021,Current,01-Jan-2022--31-Dec-2022,,,,N,"Blogs, Podcasts, & Websites",English,
Penticton Western News,,Black Press Group Ltd.,"Penticton, B.C.",Canada,03-Aug-2004,04-Apr-2022,,N,03-Aug-2004,04-Apr-2022,,,,,,03-Aug-2004,04-Apr-2022,,,,,N,Newspapers,English,
Penticton Western News (Online),,Black Press Group Ltd.,Penticton,Canada,18-Feb-2023,Current,,N,18-Feb-2023,Current,,,,,,18-Feb-2023,Current,,,,,N,"Blogs, Podcasts, & Websites",English,
The Perth Courier,,"Torstar Syndication Services, a Division of Toronto Star Newspapers Limited","Perth, Ont.",Canada,03-Nov-2011,Current,,N,03-Nov-2011,Current,,,,,,03-Nov-2011,Current,,,,,N,Newspapers,English,
Perth EMC,,Postmedia Network Inc.,"Perth, Ont.",Canada,02-Apr-2009,08-Feb-2018,,N,02-Apr-2009,08-Feb-2018,,,,,,02-Apr-2009,08-Feb-2018,,,,,N,Newspapers,English,
Peterborough Examiner,,"Torstar Syndication Services, a Division of Toronto Star Newspapers Limited","Peterborough, Ont.",Canada,27-Mar-2000,Current,01-Jan-2007--31-Dec-2017,N,27-Mar-2000,Current,01-Jan-2007--31-Dec-2017,,,,,27-Mar-2000,Current,01-Jan-2007--31-Dec-2017,,,,N,Newspapers,English,
Peterborough This Week,,"Torstar Syndication Services, a Division of Toronto Star Newspapers Limited","Peterborough, Ont.",Canada,21-Mar-2003,Current,,N,21-Mar-2003,Current,,,,,,21-Mar-2003,Current,,,,,N,Newspapers,English,
Petrolia Topic,,Postmedia Network Inc.,Petrolia,Canada,29-Apr-2015,04-Apr-2018,,N,29-Apr-2015,04-Apr-2018,,,,,,29-Apr-2015,11-Jul-2018,,,,,N,Newspapers,English,
Petrolia Topic (Online),,Postmedia Network Inc.,Petrolia,Canada,14-May-2015,04-May-2020,01-Jan-2019--31-Dec-2019,N,14-May-2015,04-May-2020,01-Jan-2019--31-Dec-2019,,,,,14-May-2015,04-May-2020,01-Jan-2019--31-Dec-2019,,,,N,"Blogs, Podcasts, & Websites",English,
Pincher Creek Echo,,Postmedia Network Inc.,Pincher Creek,Canada,20-May-2011,22-Feb-2023,,N,20-May-2011,22-Feb-2023,,,,,,20-May-2011,22-Feb-2023,,,,,N,Newspapers,English,
Pincher Creek Echo (Online),,Postmedia Network Inc.,Pincher Creek,Canada,14-May-2015,Current,01-Jan-2019--31-Dec-2019; 17-Apr-2021--15-Mar-2022,N,14-May-2015,Current,01-Jan-2019--31-Dec-2019; 17-Apr-2021--15-Mar-2022,,,,1,14-May-2015,Current,01-Jan-2019--31-Dec-2019; 17-Apr-2021--15-Mar-2022,,,,N,"Blogs, Podcasts, & Websites",English,
The Pipestone Flyer (Online),,Black Press Group Ltd.,Wetaskiwin,Canada,18-Jul-2022,Current,,N,18-Jul-2022,Current,,,,,,18-Jul-2022,Current,,,,,N,"Blogs, Podcasts, & Websites",English,
The Pipestone Flyer,,Postmedia Network Inc.,"Millet, Alta.",Canada,12-Mar-2009,Current,,N,12-Mar-2009,Current,,,,,1,12-Mar-2009,Current,,,,,N,Newspapers,English,
Ponoka News,,Black Press Group Ltd.,Ponoka,Canada,19-Jun-2013,Current,01-Jan-2017--31-Dec-2018,N,19-Jun-2013,Current,01-Jan-2017--31-Dec-2018,,,,1,19-Jun-2013,Current,01-Jan-2017--31-Dec-2018,,,,N,Newspapers,English,
Ponoka News (Online),,Black Press Group Ltd.,Ponoka,Canada,05-Dec-2020,Current,01-Jan-2021--31-Dec-2021,N,05-Dec-2020,Current,01-Jan-2021--31-Dec-2021,,,,,05-Dec-2020,Current,01-Jan-2021--31-Dec-2021,,,,N,"Blogs, Podcasts, & Websites",English,
Port Colborne Leader,,"Torstar Syndication Services, a Division of Toronto Star Newspapers Limited","Port Colborne, Ont.",Canada,09-May-2012,Current,,N,09-May-2012,Current,,,,,,09-May-2012,Current,01-Jan-2017--31-Dec-2017,,,,N,Newspapers,English,
Port Perry Star,,"Torstar Syndication Services, a Division of Toronto Star Newspapers Limited","Port Perry, Ont.",Canada,26-Aug-2011,Current,,N,26-Aug-2011,Current,,,,,,26-Aug-2011,Current,,,,,N,Newspapers,English,
The Post,,"Torstar Syndication Services, a Division of Toronto Star Newspapers Limited","Burlington, Ont.",Canada,25-Jun-2003,Current,,N,25-Jun-2003,Current,,,,,,25-Jun-2003,Current,,,,,N,Newspapers,English,
Power & Politics,,Canadian Broadcasting Corporation,Toronto,Canada,17-Jan-2014,Current,,N,17-Jan-2014,Current,,,,,,17-Jan-2014,Current,,,,,N,Other Sources,English,
Power Play with Evan Solomon,,"CTV Television, Inc.",Toronto,Canada,12-Jan-2009,Current,,N,12-Jan-2009,Current,,,,,,12-Jan-2009,Current,,,,,N,Other Sources,,
Prairie Post East,,Postmedia Network Inc.,"Swift Current, Sask.",Canada,06-Jan-2017,Current,,N,06-Jan-2017,Current,,,,,1,06-Jan-2017,Current,,,,,N,Newspapers,English,
Prairie Post West,,Postmedia Network Inc.,"Swift Current, Sask.",Canada,06-Jan-2017,25-Nov-2022,,N,06-Jan-2017,25-Nov-2022,,,,,,06-Jan-2017,25-Nov-2022,,,,,N,Newspapers,English,
La Presse Canadienne -- Le Fil Radio,,Canadian Press Enterprises Inc.,Montréal,Canada,30-Apr-2010,06-Oct-2010,,N,30-Apr-2010,06-Oct-2010,,,,,,30-Apr-2010,06-Oct-2010,,,,,N,Wire Feeds,French,
La Presse Canadienne,,Canadian Press Enterprises Inc.,Montréal,Canada,07-May-2010,Current,,N,07-May-2010,Current,,,,,,07-May-2010,Current,,,,,N,Wire Feeds,French,
Prince Albert Daily Herald,,"FolioJumpline Publishing, Inc.","Prince Albert, Sask.",Canada,03-Aug-1999,09-May-2019,01-Jan-2009--31-Dec-2009,N,03-Aug-1999,09-May-2019,01-Jan-2009--31-Dec-2009,,,,,03-Aug-1999,09-May-2019,01-Jan-2009--31-Dec-2009,,,,N,Newspapers,English,
Prince George Citizen,,Postmedia Network Inc.,"Prince George, B.C.",Canada,17-Aug-1999,Current,,N,17-Aug-1999,Current,,,,,1,17-Aug-1999,Current,,,,,N,Newspapers,English,
The Prince George Free Press,,"Torstar Syndication Services, a Division of Toronto Star Newspapers Limited","Prince George, B.C.",Canada,,,,N,,,,,,,,01-Aug-2004,15-Oct-2013,,,,,N,Newspapers,English,
Profit,,St. Joseph Communications,Toronto,Canada,01-Oct-1991,01-Dec-2013,,N,01-Oct-1991,01-Dec-2013,,,,,,01-Apr-1982,01-Dec-2013,,,,,N,Magazines,English,
Project Syndicate,,Project Syndicate,Prague,Czech Republic,02-Nov-2015,31-Oct-2018,,N,02-Nov-2015,31-Oct-2018,,,,,,02-Nov-2015,31-Oct-2018,,,,,N,Wire Feeds,English,
The Province (Online),,Postmedia Network Inc.,Vancouver,Canada,30-Nov-2017,Current,,N,30-Nov-2017,Current,,,,,1,30-Nov-2017,Current,,,,,N,"Blogs, Podcasts, & Websites",English,
The Province,,Postmedia Network Inc.,"Vancouver, B.C.",Canada,20-Mar-1989,Current,,N,20-Mar-1989,Current,,,,,1,20-Mar-1989,Current,01-Jan-2019--31-Dec-2024,,,,N,Newspapers,English,
The Provost News,,Postmedia Network Inc.,"Provost, Alta.",Canada,08-Apr-2009,Current,,N,08-Apr-2009,Current,,,,,1,08-Apr-2009,Current,,,,,N,Newspapers,English,
Quesnel Cariboo Observer,,Black Press Group Ltd.,"Quesnel, B.C.",Canada,01-Aug-2004,04-Apr-2022,,N,01-Aug-2004,04-Apr-2022,,,,,,01-Aug-2004,04-Apr-2022,,,,,N,Newspapers,English,
Quesnel Cariboo Observer (Online),,Black Press Group Ltd.,Quesnel,Canada,08-Mar-2023,Current,,N,08-Mar-2023,Current,,,,,,08-Mar-2023,Current,,,,,N,"Blogs, Podcasts, & Websites",English,
Question Period - CTV Television,,"CTV Television, Inc.",Scarborough,Canada,02-Jan-1994,Current,15-Jun-1997--09-Sep-2001; 29-Dec-2002--12-Sep-2004,N,02-Jan-1994,Current,15-Jun-1997--09-Sep-2001; 29-Dec-2002--12-Sep-2004,,,,,02-Jan-1994,Current,15-Jun-1997--09-Sep-2001; 29-Dec-2002--12-Sep-2004,,,,N,Newspapers,English,
Quinte EMC,,Postmedia Network Inc.,"Quinte West, Ont.",Canada,03-Apr-2009,23-Nov-2017,,N,03-Apr-2009,23-Nov-2017,,,,,,03-Apr-2009,23-Nov-2017,,,,,N,Newspapers,English,
RFI,English ed.,"Disco Digital Media, Inc.",Paris,United States,02-Jun-2010,02-Feb-2025,,N,02-Jun-2010,02-Feb-2025,,,,,,02-Jun-2010,02-Feb-2025,,,,,N,Other Sources,English,
RadioJournal,,Canadian Broadcasting Corporation,Montreal,Canada,24-Jun-2013,Current,01-Jan-2017--31-Dec-2021,N,24-Jun-2013,Current,01-Jan-2017--31-Dec-2021,,,,,24-Jun-2013,Current,01-Jan-2017--31-Dec-2021,,,,N,Other Sources,French,
RadioJournal Weekend,,Canadian Broadcasting Corporation,Montreal,Canada,29-Jun-2013,30-Oct-2016,,N,29-Jun-2013,30-Oct-2016,,,,,,29-Jun-2013,30-Oct-2016,,,,,N,Other Sources,French,
Record,,Postmedia Network Inc.,"Sherbrooke, Que.",Canada,29-Nov-1999,Current,,N,29-Nov-1999,Current,,,,,1,29-Nov-1999,Current,,,,,N,Newspapers,English,
The Record,,Postmedia Network Inc.,"New Westminster, B.C.",Canada,16-Oct-2002,10-Aug-2023,,N,16-Oct-2002,10-Aug-2023,,,,,,16-Oct-2002,10-Aug-2023,,,,,N,Newspapers,English,
Record-Gazette,,Postmedia Network Inc.,Peace River,Canada,18-May-2011,23-Aug-2023,,N,18-May-2011,23-Aug-2023,,,,,,18-May-2011,23-Aug-2023,,,,,N,Newspapers,English,
Record-Gazette (Online),,Postmedia Network Inc.,Peace River,Canada,14-May-2015,Current,01-Jan-2019--31-Dec-2019; 13-Apr-2021--20-Mar-2022,N,14-May-2015,Current,01-Jan-2019--31-Dec-2019; 13-Apr-2021--20-Mar-2022,,,,1,14-May-2015,Current,01-Jan-2019--31-Dec-2019; 13-Apr-2021--20-Mar-2022,,,,N,"Blogs, Podcasts, & Websites",English,
The Recorder and Times (Online),,Postmedia Network Inc.,Brockville,Canada,14-May-2015,Current,01-Jan-2019--31-Dec-2019; 18-Apr-2021--27-Mar-2022,N,14-May-2015,Current,01-Jan-2019--31-Dec-2019; 18-Apr-2021--27-Mar-2022,,,,1,14-May-2015,Current,01-Jan-2019--31-Dec-2019; 18-Apr-2021--27-Mar-2022,,,,N,"Blogs, Podcasts, & Websites",,
The Recorder and Times,,Postmedia Network Inc.,Brockville,Canada,23-Apr-2007,Current,,N,23-Apr-2007,Current,,,,,1,23-Apr-2007,Current,,,,,N,Newspapers,English,
Red Deer Express,,Alberta Weekly Newspapers Association,Red Deer,Canada,19-Jun-2013,08-Jun-2016,,N,19-Jun-2013,08-Jun-2016,,,,,,19-Jun-2013,08-Jun-2016,,,,,N,Newspapers,English,
Red River Valley Echo,,Postmedia Network Inc.,Altona,Canada,01-Dec-2011,07-May-2020,,N,01-Dec-2011,07-May-2020,,,,,,01-Dec-2011,07-May-2020,,,,,N,Newspapers,English,
Redwater Review,,Alberta Weekly Newspapers Association,Redwater,Canada,18-Jun-2013,28-Jun-2016,,N,18-Jun-2013,28-Jun-2016,,,,,,18-Jun-2013,28-Jun-2016,,,,,N,Newspapers,English,
The Renfrew Mercury Weekender,,"Torstar Syndication Services, a Division of Toronto Star Newspapers Limited","Renfrew, Ont.",Canada,30-Nov-2016,07-Dec-2016,,N,30-Nov-2016,07-Dec-2016,,,,,,30-Nov-2016,07-Dec-2016,,,,,N,Newspapers,English,
The Renfrew Mercury,,"Torstar Syndication Services, a Division of Toronto Star Newspapers Limited","Renfrew, Ont.",Canada,21-Sep-2011,Current,,N,21-Sep-2011,Current,,,,,,21-Sep-2011,Current,,,,,N,Newspapers,English,
Revelstoke Review (Online),,Black Press Group Ltd.,Revelstoke,Canada,14-Mar-2023,Current,,N,14-Mar-2023,Current,,,,,,14-Mar-2023,Current,,,,,N,"Blogs, Podcasts, & Websites",English,
Revelstoke Times Review,,Black Press Group Ltd.,"Revelstoke, B.C.",Canada,04-Aug-2004,04-Apr-2022,,N,04-Aug-2004,04-Apr-2022,,,,,,04-Aug-2004,04-Apr-2022,,,,,N,Newspapers,English,
The Review (Online),,Black Press Group Ltd.,Keremeos,Canada,15-Mar-2023,Current,,N,15-Mar-2023,Current,,,,,,15-Mar-2023,Current,,,,,N,"Blogs, Podcasts, & Websites",English,
The Review,,"Torstar Syndication Services, a Division of Toronto Star Newspapers Limited","Richmond, B.C.",Canada,03-Aug-2004,12-May-2015,,N,03-Aug-2004,12-May-2015,,,,,,03-Aug-2004,12-May-2015,,,,,N,Newspapers,English,
Richmond News,,Postmedia Network Inc.,"Richmond, B.C.",Canada,10-Apr-2002,Current,,N,10-Apr-2002,Current,,,,,1,10-Apr-2002,Current,,,,,N,Newspapers,English,
Rimbey Review,,Postmedia Network Inc.,Rimbey,Canada,18-Jun-2013,Current,01-Jan-2017--31-Dec-2018,N,18-Jun-2013,Current,01-Jan-2017--31-Dec-2018,,,,1,18-Jun-2013,Current,01-Jan-2017--31-Dec-2018,,,,N,Newspapers,English,
Rimbey Review (Online),,Black Press Group Ltd.,Rimbey,Canada,14-Mar-2023,Current,,N,14-Mar-2023,Current,,,,,,14-Mar-2023,Current,,,,,N,"Blogs, Podcasts, & Websites",English,
Rocky Mountain Outlook,,Postmedia Network Inc.,"Canmore, Alta.",Canada,26-Mar-2009,12-Dec-2019,,N,26-Mar-2009,12-Dec-2019,,,,,,26-Mar-2009,12-Dec-2019,,,,,N,Newspapers,English,
Rossland News (Online),,Black Press Group Ltd.,Rossland,Canada,14-Mar-2023,Current,,N,14-Mar-2023,Current,,,,,,14-Mar-2023,Current,,,,,N,"Blogs, Podcasts, & Websites",English,
Saanich News,,Black Press Group Ltd.,"Victoria, B.C.",Canada,04-Aug-2004,04-Apr-2022,,N,04-Aug-2004,04-Apr-2022,,,,,,04-Aug-2004,04-Apr-2022,,,,,N,Newspapers,English,
Saanich News (Online),,Black Press Group Ltd.,Victoria,Canada,14-Mar-2023,Current,,N,14-Mar-2023,Current,,,,,,14-Mar-2023,Current,,,,,N,"Blogs, Podcasts, & Websites",English,
The Sachem / Glanbrook Gazette,,"Torstar Syndication Services, a Division of Toronto Star Newspapers Limited","Caledonia, Ont.",Canada,02-Jun-2010,Current,,N,02-Jun-2010,Current,,,,,,02-Jun-2010,Current,,,,,N,Newspapers,English,
Saint City News,,Postmedia Network Inc.,"Saint Albert, Alta.",Canada,03-Apr-2009,10-Jun-2011,,N,03-Apr-2009,10-Jun-2011,,,,,,03-Apr-2009,24-Jun-2011,,,,,N,Newspapers,English,
Salmon Arm Observer,,Black Press Group Ltd.,"Salmon Arm, B.C.",Canada,04-Aug-2004,04-Apr-2022,,N,04-Aug-2004,04-Apr-2022,,,,,,04-Aug-2004,04-Apr-2022,,,,,N,Newspapers,English,
Salmon Arm Observer (Online),,Black Press Group Ltd.,Salmon Arm,Canada,16-Feb-2023,Current,,N,16-Feb-2023,Current,,,,,,16-Feb-2023,Current,,,,,N,"Blogs, Podcasts, & Websites",English,
Sarnia Observer (Online),,Postmedia Network Inc.,Sarnia,Canada,15-May-2015,Current,26-Sep-2021--27-Mar-2022,N,15-May-2015,Current,26-Sep-2021--27-Mar-2022,,,,1,15-May-2015,Current,26-Sep-2021--27-Mar-2022,,,,N,Newspapers,,
Sarnia This Week,,Postmedia Network Inc.,Sarnia,Canada,10-Feb-2022,Current,,N,10-Feb-2022,Current,,,,,1,10-Feb-2022,Current,,,,,N,"Blogs, Podcasts, & Websites",English,
Saskbusiness,,Sunrise Publishing Ltd.,Saskatoon,Canada,01-Jan-1997,01-Apr-2011,,N,01-Jan-1997,01-Jun-2006,,01-Jun-2002,01-Apr-2011,,,01-Jan-1982,01-Jul-2011,01-Jan-1993--31-Dec-1993,,,,N,Trade Journals,English,
Saturday Report - CBC Television,,Canadian Broadcasting Corporation,Toronto,Canada,05-Feb-1994,29-Aug-2009,,N,05-Feb-1994,29-Aug-2009,,,,,,05-Feb-1994,29-Aug-2009,,,,,N,Other Sources,English,
Sault Star,,Postmedia Network Inc.,"Sault Ste. Marie, Ont.",Canada,02-Jan-1997,Current,,N,02-Jan-1997,Current,,,,,1,02-Jan-1997,Current,,,,,N,Newspapers,English,
The Sault Star (Online),,Postmedia Network Inc.,Sault Ste. Marie,Canada,15-May-2015,Current,19-Apr-2021--28-Mar-2022,N,15-May-2015,Current,19-Apr-2021--28-Mar-2022,,,,1,15-May-2015,Current,19-Apr-2021--28-Mar-2022,,,,N,"Blogs, Podcasts, & Websites",English,
Sault This Week,,Postmedia Network Inc.,Toronto,Canada,10-Feb-2022,Current,,N,10-Feb-2022,Current,,,,,1,10-Feb-2022,Current,,,,,N,"Blogs, Podcasts, & Websites",English,
The Scarborough Mirror,,"Torstar Syndication Services, a Division of Toronto Star Newspapers Limited","Scarborough, Ont.",Canada,27-Apr-2003,28-Dec-2023,,N,27-Apr-2003,28-Dec-2023,,,,,,27-Apr-2003,28-Dec-2023,,,,,N,Newspapers,English,
Scope Newspaper,,Alberta Weekly Newspapers Association,"Slave Lake, Alta.",Canada,28-Mar-2009,19-Dec-2015,,N,28-Mar-2009,19-Dec-2015,,,,,,28-Mar-2009,19-Dec-2015,,,,,N,Newspapers,English,
Seaforth Huron Expositor,,Postmedia Network Inc.,Seaforth,Canada,18-May-2011,Current,,N,18-May-2011,Current,,,,,1,18-May-2011,Current,,,,,N,Newspapers,English,
Seaforth Huron Expositor (Online),,Postmedia Network Inc.,Seaforth,Canada,14-May-2015,Current,08-Apr-2021--08-Feb-2022,N,14-May-2015,Current,08-Apr-2021--08-Feb-2022,,,,1,14-May-2015,Current,08-Apr-2021--08-Feb-2022,,,,N,"Blogs, Podcasts, & Websites",English,
Selkirk Journal,,Postmedia Network Inc.,Selkirk,Canada,27-Apr-2007,07-May-2020,,N,27-Apr-2007,07-May-2020,,,,,,27-Apr-2007,07-May-2020,,,,,N,Newspapers,English,
The Shaunavon Standard,,Postmedia Network Inc.,"Shaunavon, Sask.",Canada,04-Jan-2017,Current,,N,04-Jan-2017,Current,,,,,1,04-Jan-2017,Current,,,,,N,Newspapers,English,
Sherwood Park News,,Postmedia Network Inc.,Sherwood Park,Canada,25-Apr-2007,Current,,N,25-Apr-2007,Current,,,,,1,25-Apr-2007,Current,,,,,N,Newspapers,English,
Sherwood Park News (Online),,Postmedia Network Inc.,Sherwood Park,Canada,14-May-2015,Current,01-Jan-2019--31-Dec-2019; 16-Apr-2021--28-Mar-2022,N,14-May-2015,Current,01-Jan-2019--31-Dec-2019; 16-Apr-2021--28-Mar-2022,,,,1,14-May-2015,Current,01-Jan-2019--31-Dec-2019; 16-Apr-2021--28-Mar-2022,,,,N,"Blogs, Podcasts, & Websites",English,
Shoreline Beacon,,Postmedia Network Inc.,Port Elgin,Canada,25-Apr-2007,Current,,N,25-Apr-2007,Current,,,,,1,25-Apr-2007,Current,,,,,N,Newspapers,English,
Shoreline Beacon (Online),,Postmedia Network Inc.,Port Elgin,Canada,14-May-2015,Current,24-Sep-2021--27-Mar-2022,N,14-May-2015,Current,24-Sep-2021--27-Mar-2022,,,,1,14-May-2015,Current,24-Sep-2021--27-Mar-2022,,,,N,"Blogs, Podcasts, & Websites",English,
Shuswap Market News (Online),,Black Press Group Ltd.,Salmon Arm,Canada,17-Mar-2023,Current,,N,17-Mar-2023,Current,,,,,,17-Mar-2023,Current,,,,,N,"Blogs, Podcasts, & Websites",English,
The Signal,,Postmedia Network Inc.,"Rycroft, Alta.",Canada,07-Apr-2009,Current,,N,07-Apr-2009,Current,,,,,1,07-Apr-2009,Current,,,,,N,Newspapers,English,
The Simcoe Reformer (Online),,Postmedia Network Inc.,Simcoe,Canada,14-May-2015,Current,18-Apr-2021--27-Mar-2022,N,14-May-2015,Current,18-Apr-2021--27-Mar-2022,,,,1,14-May-2015,Current,18-Apr-2021--27-Mar-2022,,,,N,"Blogs, Podcasts, & Websites",English,
The Simcoe Reformer,,Postmedia Network Inc.,Calgary,Canada,30-Apr-2007,Current,,N,30-Apr-2007,Current,,,,,1,30-Apr-2007,Current,,,,,N,Newspapers,English,
Similkameen Spotlight,,Black Press Group Ltd.,"Princeton, B.C.",Canada,13-Aug-2004,31-Mar-2022,,N,13-Aug-2004,31-Mar-2022,,,,,,13-Aug-2004,31-Mar-2022,,,,,N,Newspapers,English,
Similkameen Spotlight (Online),,Black Press Group Ltd.,Princeton,Canada,05-Jan-2023,Current,,N,05-Jan-2023,Current,,,,,,05-Jan-2023,Current,,,,,N,"Blogs, Podcasts, & Websites",English,
Smiths Falls EMC,,Postmedia Network Inc.,"Smith Falls, Ont.",Canada,02-Apr-2009,08-Feb-2018,,N,02-Apr-2009,08-Feb-2018,,,,,,02-Apr-2009,08-Feb-2018,,,,,N,Newspapers,English,
Smiths Falls Record News,,"Torstar Syndication Services, a Division of Toronto Star Newspapers Limited",Smiths Falls,Canada,24-Oct-2023,Current,,N,24-Oct-2023,Current,,,,,,20-Sep-2018,Current,,,,,N,Newspapers,English,
Smoky Lake Signal,,Postmedia Network Inc.,"Smoky Lake, Alta.",Canada,01-Apr-2009,19-Dec-2019,,N,01-Apr-2009,19-Dec-2019,,,,,,01-Apr-2009,19-Dec-2019,,,,,N,Newspapers,English,
Smoky River Express,,Postmedia Network Inc.,"Falher, Alta.",Canada,08-Apr-2009,15-Dec-2020,,N,08-Apr-2009,15-Dec-2020,,,,,,08-Apr-2009,10-Aug-2021,,,,,N,Newspapers,English,
The Sooke Mirror,,Black Press Group Ltd.,"Sooke, B.C.",Canada,04-Aug-2004,04-Apr-2022,,N,04-Aug-2004,04-Apr-2022,,,,,,04-Aug-2004,04-Apr-2022,,,,,N,Newspapers,English,
Sooke News Mirror (Online),,Black Press Group Ltd.,Sooke,Canada,15-Mar-2023,Current,,N,15-Mar-2023,Current,,,,,,15-Mar-2023,Current,,,,,N,"Blogs, Podcasts, & Websites",English,
South Asian Focus,,CNW Group Ltd.,"Brampton, Ont.",Canada,22-Jan-2010,28-Jun-2018,01-Jan-2017--31-Dec-2017,N,22-Jan-2010,28-Jun-2018,01-Jan-2017--31-Dec-2017,,,,,22-Jan-2010,28-Jun-2018,01-Jan-2017--31-Dec-2017,,,,N,Newspapers,English,
South Delta Leader,,"Torstar Syndication Services, a Division of Toronto Star Newspapers Limited","Delta, B.C.",Canada,,,,N,,,,,,,,06-Aug-2004,12-Mar-2015,,,,,N,Newspapers,English,
The South Peace News,,Postmedia Network Inc.,"High Prairie, Alta.",Canada,01-Apr-2009,Current,,N,01-Apr-2009,Current,,,,,1,01-Apr-2009,Current,,,,,N,Newspapers,English,
The Spectator,,"Torstar Syndication Services, a Division of Toronto Star Newspapers Limited","Hamilton, Ont.",Canada,07-Oct-1991,Current,,N,07-Oct-1991,Current,,,,,,07-Oct-1991,Current,,,,,N,Newspapers,English,
Spruce Grove Examiner,,Postmedia Network Inc.,Spruce Grove,Canada,27-Apr-2007,Current,,N,27-Apr-2007,Current,,,,,1,27-Apr-2007,Current,,,,,N,Newspapers,English,
Spruce Grove Examiner (Online),,Postmedia Network Inc.,Spruce Grove,Canada,14-May-2015,Current,01-Jan-2019--31-Dec-2019; 18-Apr-2021--24-Mar-2022,N,14-May-2015,Current,01-Jan-2019--31-Dec-2019; 18-Apr-2021--24-Mar-2022,,,,1,14-May-2015,Current,01-Jan-2019--31-Dec-2019; 18-Apr-2021--24-Mar-2022,,,,N,"Blogs, Podcasts, & Websites",English,
St. Lawrence EMC,,Postmedia Network Inc.,"St. Lawrence, Ont.",Canada,02-Apr-2009,23-Nov-2017,,N,02-Apr-2009,23-Nov-2017,,,,,,02-Apr-2009,23-Nov-2017,,,,,N,Newspapers,English,
St. Mary's Journal - Argus,,Postmedia Network Inc.,"St. Mary's, Ont.",Canada,02-Feb-2005,22-Nov-2017,,N,02-Feb-2005,22-Nov-2017,,,,,,02-Feb-2005,22-Nov-2017,,,,,N,Newspapers,English,
St. Thomas Times-Journal,,Postmedia Network Inc.,Saint Thomas,Canada,25-May-2007,Current,,N,25-May-2007,Current,,,,,1,25-May-2007,Current,,,,,N,Newspapers,English,
St. Thomas Times-Journal (Online),,Postmedia Network Inc.,St. Thomas,Canada,15-May-2015,Current,24-Sep-2021--24-Mar-2022,N,15-May-2015,Current,24-Sep-2021--24-Mar-2022,,,,1,15-May-2015,Current,24-Sep-2021--24-Mar-2022,,,,N,"Blogs, Podcasts, & Websites",English,
Standard,,Postmedia Network Inc.,Vermilion,Canada,18-May-2011,22-Feb-2023,,N,18-May-2011,22-Feb-2023,,,,,,18-May-2011,22-Feb-2023,,,,,N,Newspapers,English,
Standard (Online),,Postmedia Network Inc.,Vermilion,Canada,15-May-2015,Current,01-Jan-2019--31-Dec-2019; 12-Apr-2021--13-Feb-2022,N,15-May-2015,Current,01-Jan-2019--31-Dec-2019; 12-Apr-2021--13-Feb-2022,,,,1,15-May-2015,Current,01-Jan-2019--31-Dec-2019; 12-Apr-2021--13-Feb-2022,,,,N,"Blogs, Podcasts, & Websites",English,
The Standard (Online),,Postmedia Network Inc.,Elliot Lake,Canada,14-May-2015,Current,01-Jan-2019--31-Dec-2019; 17-Apr-2021--23-Mar-2022,N,14-May-2015,Current,01-Jan-2019--31-Dec-2019; 17-Apr-2021--23-Mar-2022,,,,1,14-May-2015,Current,01-Jan-2019--31-Dec-2019; 17-Apr-2021--23-Mar-2022,,,,N,"Blogs, Podcasts, & Websites",English,
Standard - Freeholder,,Postmedia Network Inc.,"Cornwall, Ont.",Canada,25-Feb-1999,Current,01-Jan-2009--31-Dec-2011; 01-Jan-2014--31-Dec-2014,N,25-Feb-1999,Current,01-Jan-2009--31-Dec-2011; 01-Jan-2014--31-Dec-2014,,,,1,25-Feb-1999,Current,01-Jan-2009--31-Dec-2011; 01-Jan-2014--31-Dec-2014,,,,N,Newspapers,English,
The Standard,,"Torstar Syndication Services, a Division of Toronto Star Newspapers Limited","St. Catharines, Ont.",Canada,01-Oct-1996,Current,01-Jan-2007--31-Dec-2017,N,01-Oct-1996,Current,01-Jan-2007--31-Dec-2017,,,,,01-Oct-1996,Current,01-Jan-2007--31-Dec-2017,,,,N,Newspapers,English,
The Standard,,Black Press Group Ltd.,"Hope, B.C.",Canada,05-Aug-2004,01-Apr-2022,,N,05-Aug-2004,01-Apr-2022,,,,,,05-Aug-2004,01-Apr-2022,,,,,N,Newspapers,English,
The Standard,,Postmedia Network Inc.,Elliot Lake,Canada,13-Mar-2013,Current,,N,13-Mar-2013,Current,,,,,1,13-Mar-2013,Current,,,,,N,Newspapers,English,
Standard-Freeholder (Online),,Postmedia Network Inc.,Cornwall,Canada,25-Feb-2008,22-Jun-2022,01-Jan-2019--31-Dec-2021; 01-Jan-2022--28-Mar-2022,N,25-Feb-2008,22-Jun-2022,01-Jan-2019--31-Dec-2021; 01-Jan-2022--28-Mar-2022,,,,,25-Feb-2008,22-Jun-2022,01-Jan-2019--27-Feb-2019; 02-Jun-2019--28-Mar-2022,,,,N,"Blogs, Podcasts, & Websites",English,
Star - Phoenix,,Postmedia Network Inc.,"Saskatoon, Sask.",Canada,01-May-1996,Current,,N,01-May-1996,Current,,,,,1,01-May-1996,Current,01-Jan-2019--31-Dec-2024,,,,N,Newspapers,English,
Star - Phoenix (Online),,Postmedia Network Inc.,Saskatoon,Canada,30-Nov-2017,Current,,N,30-Nov-2017,Current,,,,,1,30-Nov-2017,Current,,,,,N,"Blogs, Podcasts, & Websites",English,
The Stayner Sun,,"Torstar Syndication Services, a Division of Toronto Star Newspapers Limited","Wasaga Beach, Ont.",Canada,26-Jan-2010,Current,01-Jan-2017--31-Dec-2017; 01-Jan-2019--31-Dec-2019; 01-Jan-2023--31-Dec-2023,N,26-Jan-2010,Current,01-Jan-2017--31-Dec-2017; 01-Jan-2019--31-Dec-2019; 01-Jan-2023--31-Dec-2023,,,,,26-Jan-2010,Current,01-Jan-2017--31-Dec-2017; 01-Jan-2019--31-Dec-2019; 01-Jan-2023--31-Dec-2023,,,,N,Newspapers,English,
Stettler Independent (Online),,Black Press Group Ltd.,Stettler,Canada,15-Mar-2023,Current,,N,15-Mar-2023,Current,,,,,,15-Mar-2023,Current,,,,,N,"Blogs, Podcasts, & Websites",English,
The Stettler Independent,,Postmedia Network Inc.,Stettler,Canada,19-Jun-2013,Current,,N,19-Jun-2013,Current,,,,,,19-Jun-2013,Current,,,,,N,Newspapers,English,
Stirling EMC,,Postmedia Network Inc.,"Stirling, Ont.",Canada,03-Apr-2009,12-Nov-2015,,N,03-Apr-2009,12-Nov-2015,,,,,,03-Apr-2009,12-Nov-2015,,,,,N,Newspapers,English,
Stittsville News,,Postmedia Network Inc.,"Nepean, Ont.",Canada,18-Jul-2013,03-Jan-2018,,N,18-Jul-2013,03-Jan-2018,,,,,,18-Jul-2013,03-Jan-2018,,,,,N,Newspapers,English,
Stittsville/Richmond EMC,,Postmedia Network Inc.,"Stittsville, Ont.",Canada,03-Apr-2009,11-Jan-2018,,N,03-Apr-2009,11-Jan-2018,,,,,,03-Apr-2009,11-Jan-2018,,,,,N,Newspapers,English,
Stonewall Argus and Teulon Times,,Postmedia Network Inc.,Stonewall,Canada,01-Dec-2011,07-May-2020,,N,01-Dec-2011,07-May-2020,,,,,,01-Dec-2011,07-May-2020,,,,,N,Newspapers,English,
Stoney Creek News,,"Torstar Syndication Services, a Division of Toronto Star Newspapers Limited","Stoney Creek, Ont.",Canada,01-Sep-1999,Current,,N,01-Sep-1999,Current,,,,,,01-Sep-1999,Current,,,,,N,Newspapers,English,
The Stony Plain Reporter (Online),,Postmedia Network Inc.,Stony Plain,Canada,05-Jan-2018,Current,01-Jan-2019--31-Dec-2019; 10-Apr-2021--19-Mar-2022,N,05-Jan-2018,Current,01-Jan-2019--31-Dec-2019; 10-Apr-2021--19-Mar-2022,,,,1,05-Jan-2018,Current,01-Jan-2019--31-Dec-2019; 10-Apr-2021--19-Mar-2022,,,,N,"Blogs, Podcasts, & Websites",English,
The Stony Plain Reporter,,Postmedia Network Inc.,Stony Plain,Canada,27-Apr-2007,Current,,N,27-Apr-2007,Current,,,,,1,27-Apr-2007,Current,,,,,N,Newspapers,English,
Stouffville Sun-Tribune,,"Torstar Syndication Services, a Division of Toronto Star Newspapers Limited","Stouffville, Ont.",Canada,06-Nov-2003,15-Aug-2023,,N,06-Nov-2003,15-Aug-2023,,,,,,06-Nov-2003,15-Aug-2023,,,,,N,Newspapers,English,
Stratford Gazette,,"Torstar Syndication Services, a Division of Toronto Star Newspapers Limited","Stratford, Ont.",Canada,03-Feb-2010,16-Nov-2017,,N,03-Feb-2010,16-Nov-2017,,,,,,03-Feb-2010,16-Nov-2017,,,,,N,Newspapers,English,
The Strathmore Standard (Online),,Postmedia Network Inc.,Strathmore,Canada,15-May-2015,04-Jul-2018,,N,15-May-2015,04-Jul-2018,,,,,,15-May-2015,04-Jul-2018,,,,,N,"Blogs, Podcasts, & Websites",English,
The Strathmore Standard,,Postmedia Network Inc.,Strathmore,Canada,18-May-2011,25-Jul-2018,,N,18-May-2011,25-Jul-2018,,,,,,18-May-2011,25-Jul-2018,,,,,N,Newspapers,English,
Strathmore Times,,Alberta Weekly Newspapers Association,Stratmore,Canada,21-Jun-2013,10-Jun-2016,,N,21-Jun-2013,10-Jun-2016,,,,,,21-Jun-2013,10-Jun-2016,,,,,N,Newspapers,English,
Strathroy Age Dispatch,,Postmedia Network Inc.,Strathroy,Canada,30-Apr-2015,Current,,N,30-Apr-2015,Current,,,,,1,30-Apr-2015,Current,,,,,N,Newspapers,English,
Strathroy Age Dispatch (Online),,Postmedia Network Inc.,Strathroy,Canada,15-May-2015,Current,01-Jan-2019--31-Dec-2019; 16-Apr-2021--22-Mar-2022,N,15-May-2015,Current,01-Jan-2019--31-Dec-2019; 16-Apr-2021--22-Mar-2022,,,,1,15-May-2015,Current,01-Jan-2019--31-Dec-2019; 16-Apr-2021--22-Mar-2022,,,,N,"Blogs, Podcasts, & Websites",English,
Stuart Nechako Advertiser,,Black Press Group Ltd.,Vanderhoof,Canada,16-Mar-2023,11-Jul-2024,,N,16-Mar-2023,11-Jul-2024,,,,,,16-Mar-2023,11-Jul-2024,,,,,N,Newspapers,English,
Sudbury Star,,Postmedia Network Inc.,"Sudbury, Ont.",Canada,08-Jul-1999,Current,,N,08-Jul-1999,Current,,,,,1,08-Jul-1999,Current,,,,,N,Newspapers,English,
The Sudbury Star (Online),,Postmedia Network Inc.,Sudbury,Canada,15-May-2015,Current,18-Apr-2021--28-Mar-2022,N,15-May-2015,Current,18-Apr-2021--28-Mar-2022,,,,1,15-May-2015,Current,18-Apr-2021--28-Mar-2022,,,,N,"Blogs, Podcasts, & Websites",English,
Summerland Review,,Black Press Group Ltd.,"Summerland, B.C.",Canada,05-Aug-2004,04-Apr-2022,,N,05-Aug-2004,04-Apr-2022,,,,,,05-Aug-2004,04-Apr-2022,,,,,N,Newspapers,English,
Summerland Review (Online),,Black Press Group Ltd.,Summerland,Canada,25-Jan-2023,Current,,N,25-Jan-2023,Current,,,,,,25-Jan-2023,Current,,,,,N,"Blogs, Podcasts, & Websites",English,
Sun Times,,Postmedia Network Inc.,"Owen Sound, Ont.",Canada,02-Mar-1998,Current,,N,02-Mar-1998,Current,,,,,1,02-Mar-1998,Current,,,,,N,Newspapers,English,
Sun Times,,Postmedia Network Inc.,"Lethbridge, Alta.",Canada,01-Apr-2009,26-Feb-2020,01-Jan-2014--31-Dec-2016,N,01-Apr-2009,26-Feb-2020,01-Jan-2014--31-Dec-2016,,,,,01-Apr-2009,26-Feb-2020,01-Jan-2014--31-Dec-2016,,,,N,Newspapers,English,
The Sun Times (Online),,Postmedia Network Inc.,Owen Sound,Canada,14-May-2015,Current,26-Sep-2021--26-Mar-2022,N,14-May-2015,Current,26-Sep-2021--26-Mar-2022,,,,1,14-May-2015,Current,26-Sep-2021--26-Mar-2022,,,,N,"Blogs, Podcasts, & Websites",English,
Sunday Night,,Canadian Broadcasting Corporation,Toronto,Canada,07-Jun-2009,13-Sep-2009,,N,07-Jun-2009,13-Sep-2009,,,,,,07-Jun-2009,13-Sep-2009,,,,,N,Other Sources,English,
Sunday Phoenix,,Postmedia Network Inc.,"Saskatoon, Sask.",Canada,16-Sep-2001,04-Jan-2015,,N,16-Sep-2001,04-Jan-2015,,,,,,16-Sep-2001,15-Nov-2015,,,,,N,Newspapers,English,
Sunday Post,,Postmedia Network Inc.,"Regina, Sask.",Canada,04-Nov-2001,26-Oct-2014,,N,04-Nov-2001,26-Oct-2014,,,,,,04-Nov-2001,15-Nov-2015,,,,,N,Newspapers,English,
The Sunny South News,,Postmedia Network Inc.,"Coaldale, Alta.",Canada,07-Apr-2009,Current,01-Jan-2014--31-Dec-2016,N,07-Apr-2009,Current,01-Jan-2014--31-Dec-2016,,,,1,07-Apr-2009,Current,01-Jan-2014--31-Dec-2016,,,,N,Newspapers,English,
Surrey Now-Leader (Online),,Black Press Group Ltd.,Surrey,Canada,22-Dec-2020,Current,,N,22-Dec-2020,Current,,,,,,22-Dec-2020,Current,,,,,N,"Blogs, Podcasts, & Websites",English,
Sylvan Lake News,,Postmedia Network Inc.,"Sylvan Lake, Alta.",Canada,03-Apr-2009,Current,,N,03-Apr-2009,Current,,,,,1,03-Apr-2009,Current,,,,,N,Newspapers,English,
Sylvan Lake News (Online),,Black Press Group Ltd.,Sylvan Lake,Canada,16-Mar-2023,Current,,N,16-Mar-2023,Current,,,,,,16-Mar-2023,Current,,,,,N,"Blogs, Podcasts, & Websites",English,
The Taber Times,,Postmedia Network Inc.,"Taber, Alta.",Canada,01-Apr-2009,05-Apr-2017,01-Jan-2014--31-Dec-2016,N,01-Apr-2009,05-Apr-2017,01-Jan-2014--31-Dec-2016,,,,,01-Apr-2009,27-Aug-2025,01-Jan-2014--31-Dec-2016,,,,N,Newspapers,English,
Telegram,,Postmedia Network Inc.,"St. John's, Nfld.",Canada,,,,N,,,,,,,,05-Apr-1997,27-Apr-2007,,,,,N,Newspapers,English,
Telegraph-Journal,,Postmedia Network Inc.,"Saint John, N.B.",Canada,02-Jan-1998,Current,,N,02-Jan-1998,Current,,,,,1,02-Jan-1998,Current,,,,,N,Newspapers,English,
Le Téléjournal,,Canadian Broadcasting Corporation,Toronto,Canada,01-Jun-2009,Current,,N,01-Jun-2009,Current,,,,,,01-Jun-2009,Current,,,,,N,Other Sources,French,
Terrace Standard,,Black Press Group Ltd.,"Terrace, B.C.",Canada,01-Aug-2004,04-Apr-2022,,N,01-Aug-2004,04-Apr-2022,,,,,,01-Aug-2004,04-Apr-2022,,,,,N,Newspapers,English,
Terrace Standard (Online),,Black Press Group Ltd.,Terrace,Canada,15-Mar-2023,Current,,N,15-Mar-2023,Current,,,,,,15-Mar-2023,Current,,,,,N,"Blogs, Podcasts, & Websites",English,
This Week,,"Torstar Syndication Services, a Division of Toronto Star Newspapers Limited","Clarington, Oshawa, Port Perry, Whitby, Ont.",Canada,26-Sep-2003,Current,,N,26-Sep-2003,Current,,,,,,26-Sep-2003,Current,,,,,N,Newspapers,English,
This Week Online,,Postmedia Network Inc.,"Moncton, N.B.",Canada,13-Jun-2008,01-Dec-2016,,N,13-Jun-2008,01-Dec-2016,,,,,,13-Jun-2008,08-Dec-2016,,,,,N,Newspapers,English,
Thunder Bay Chronicle Journal,,Postmedia Network Inc.,"Thunder Bay, Ont.",Canada,25-Feb-2017,Current,01-Jan-2020--31-Dec-2020,N,25-Feb-2017,Current,01-Jan-2020--31-Dec-2020,,,,1,25-Feb-2017,Current,01-Jan-2020--31-Dec-2020,,,,N,Newspapers,English,
The Tilbury Times,,Postmedia Network Inc.,Tilbury,Canada,30-Sep-2014,06-May-2020,,N,30-Sep-2014,06-May-2020,,,,,,30-Sep-2014,06-May-2020,,,,,N,Newspapers,English,
Tillsonburg News,,Postmedia Network Inc.,Tillsonburg,Canada,18-May-2011,Current,,N,18-May-2011,Current,,,,,1,18-May-2011,Current,,,,,N,Newspapers,English,
Tillsonburg News (Online),,Postmedia Network Inc.,Tillsonburg,Canada,15-May-2015,Current,01-Jan-2019--31-Dec-2019; 15-Apr-2021--20-Mar-2022,N,15-May-2015,Current,01-Jan-2019--31-Dec-2019; 15-Apr-2021--20-Mar-2022,,,,1,15-May-2015,Current,01-Jan-2019--31-Dec-2019; 15-Apr-2021--20-Mar-2022,,,,N,"Blogs, Podcasts, & Websites",English,
Times,,"Torstar Syndication Services, a Division of Toronto Star Newspapers Limited","Cambridge, Ont.",Canada,10-Sep-1999,Current,01-Dec-2008--13-Feb-2013,N,10-Sep-1999,Current,01-Dec-2008--13-Feb-2013,,,,,10-Sep-1999,Current,01-Dec-2008--13-Feb-2013,,,,N,Newspapers,English,
Times - Colonist,,Postmedia Network Inc.,"Victoria, B.C.",Canada,04-Jan-1993,Current,,N,04-Jan-1993,Current,,,,,1,04-Jan-1993,Current,01-Jan-2019--31-Dec-2024,,,,N,Newspapers,English,
The Times - Transcript,,Postmedia Network Inc.,"Moncton, N.B.",Canada,02-Jan-1998,Current,,N,02-Jan-1998,Current,,,,,1,02-Jan-1998,Current,,,,,N,Newspapers,English,
The Times,,"Torstar Syndication Services, a Division of Toronto Star Newspapers Limited","Clearwater, B.C.",Canada,09-Aug-2004,05-Apr-2022,,N,09-Aug-2004,05-Apr-2022,,,,,,09-Aug-2004,05-Apr-2022,,,,,N,Newspapers,English,
The Timmins Times (Online),,Postmedia Network Inc.,Timmins,Canada,15-May-2015,Current,01-Jan-2022--31-Dec-2022; 01-Jan-2024--31-Dec-2024,N,15-May-2015,Current,01-Jan-2022--31-Dec-2022; 01-Jan-2024--31-Dec-2024,,,,1,15-May-2015,Current,01-Jan-2022--31-Dec-2022; 01-Jan-2024--31-Dec-2024,,,,N,"Blogs, Podcasts, & Websites",English,
The Timmins Times,,Postmedia Network Inc.,Timmins,Canada,25-Apr-2007,Current,,N,25-Apr-2007,Current,,,,,1,25-Apr-2007,Current,,,,,N,Newspapers,English,
The Tofield Mercury,,Postmedia Network Inc.,"Tofield, Alta.",Canada,07-Apr-2009,Current,,N,07-Apr-2009,Current,,,,,1,07-Apr-2009,Current,,,,,N,Newspapers,English,
Tofino-Ucluelet Westerly News (Online),,Black Press Group Ltd.,West Coast,Canada,15-Mar-2023,Current,,N,15-Mar-2023,Current,,,,,,15-Mar-2023,Current,,,,,N,"Blogs, Podcasts, & Websites",English,
Topic,,"Torstar Syndication Services, a Division of Toronto Star Newspapers Limited","Bradford, Ont.",Canada,27-Jan-2010,Current,,N,27-Jan-2010,Current,,,,,,27-Jan-2010,Current,,,,,N,Newspapers,English,
Toronto Star,,"Torstar Syndication Services, a Division of Toronto Star Newspapers Limited","Toronto, Ont.",Canada,23-May-1985,Current,,N,23-May-1985,Current,,,,,,23-May-1985,Current,01-Jan-2018--31-Dec-2022,,,,N,Newspapers,English,
The Toronto Star (Online),,"Torstar Syndication Services, a Division of Toronto Star Newspapers Limited",Toronto,Canada,07-Dec-2016,Current,01-Jan-1974--31-Dec-1977; 01-Jan-1981--31-Dec-1983; 01-Jan-1986--31-Dec-1988; 01-Jan-1990--31-Dec-1991; 01-Jan-1994--31-Dec-1994; 01-Jan-1997--31-Dec-1997; 01-Jan-2001--31-Dec-2001; 01-Jan-2004--31-Dec-2005,N,07-Dec-2016,Current,01-Jan-1974--31-Dec-1977; 01-Jan-1981--31-Dec-1983; 01-Jan-1986--31-Dec-1988; 01-Jan-1990--31-Dec-1991; 01-Jan-1994--31-Dec-1994; 01-Jan-1997--31-Dec-1997; 01-Jan-2001--31-Dec-2001; 01-Jan-2004--31-Dec-2005,,,,,07-Dec-2016,Current,01-Jan-1974--31-Dec-1977; 01-Jan-1981--31-Dec-1983; 01-Jan-1986--31-Dec-1988; 01-Jan-1990--31-Dec-1991; 01-Jan-1994--31-Dec-1994; 01-Jan-1997--31-Dec-1997; 01-Jan-2001--31-Dec-2001; 01-Jan-2004--31-Dec-2005,,,,N,"Blogs, Podcasts, & Websites",English,
The Toronto Sun (Online),,Postmedia Network Inc.,Toronto,Canada,14-May-2015,Current,,N,14-May-2015,Current,,,,,1,14-May-2015,Current,,,,,N,"Blogs, Podcasts, & Websites",English,
The Toronto Sun,,Postmedia Network Inc.,Toronto,Canada,30-Apr-2007,Current,,N,30-Apr-2007,Current,,,,,1,30-Apr-2007,Current,,,,,N,Newspapers,English,
Toronto.com,,"Torstar Syndication Services, a Division of Toronto Star Newspapers Limited",Toronto,Canada,23-Mar-2023,Current,,N,23-Mar-2023,Current,,,,,,08-Mar-2023,Current,,,,,N,"Blogs, Podcasts, & Websites",English,
Tout le monde en parle,,Canadian Broadcasting Corporation,Montreal,Canada,02-Jul-2009,01-Sep-2015,,N,02-Jul-2009,01-Sep-2015,,,,,,02-Jul-2009,01-Sep-2015,,,,,N,Other Sources,French,
Town & Country News,,Postmedia Network Inc.,"Beaverlodge, Alta.",Canada,06-Feb-2014,18-Jun-2015,,N,06-Feb-2014,18-Jun-2015,,,,,,06-Feb-2014,21-Aug-2025,,,,,N,Newspapers,,
Trail Times,,Postmedia Network Inc.,"Trail, B.C.",Canada,01-Sep-1999,14-Feb-2018,,N,01-Sep-1999,14-Feb-2018,,,,,,01-Sep-1999,14-Feb-2018,,,,,N,Newspapers,English,
Trail Times (Online),,Black Press Group Ltd.,Trail,Canada,19-Feb-2023,Current,,N,19-Feb-2023,Current,,,,,,19-Feb-2023,Current,,,,,N,"Blogs, Podcasts, & Websites",English,
Trenton Trentonian,,Postmedia Network Inc.,Trenton,Canada,30-Apr-2015,Current,,N,30-Apr-2015,Current,,,,,1,30-Apr-2015,Current,,,,,N,Newspapers,English,
Trenton Trentonian (Online),,Postmedia Network Inc.,Trenton,Canada,23-Jul-2015,Current,,N,23-Jul-2015,Current,,,,,1,23-Jul-2015,Current,,,,,N,"Blogs, Podcasts, & Websites",English,
The Tri - Cities NOW,,Postmedia Network Inc.,"Port Moody, B.C.",Canada,03-Jul-2002,15-Oct-2015,,N,03-Jul-2002,15-Oct-2015,,,,,,03-Jul-2002,15-Oct-2015,,,,,N,Newspapers,English,
The Tri - Cities Now,,Postmedia Network Inc.,"Port Moody, B.C.",Canada,15-Jun-2002,30-Mar-2017,,N,15-Jun-2002,30-Mar-2017,,,,,,15-Jun-2002,30-Mar-2017,,,,,N,Newspapers,English,
The Tri City News,,"Torstar Syndication Services, a Division of Toronto Star Newspapers Limited","Coquitlam, B.C.",Canada,,,,N,,,,,,,,04-Aug-2004,19-May-2015,,,,,N,Newspapers,English,
Tribune,,"Torstar Syndication Services, a Division of Toronto Star Newspapers Limited","Guelph, Ont.",Canada,10-Sep-1999,14-Apr-2019,01-Dec-2008--26-May-2010,N,10-Sep-1999,14-Apr-2019,01-Dec-2008--26-May-2010,,,,,10-Sep-1999,14-Apr-2019,01-Dec-2008--26-May-2010; 01-Jan-2017--31-Dec-2017,,,,N,Newspapers,English,
Tribune,,"Torstar Syndication Services, a Division of Toronto Star Newspapers Limited","Welland, Ont.",Canada,17-Mar-1999,Current,01-Jan-2007--31-Dec-2017,N,17-Mar-1999,Current,01-Jan-2007--31-Dec-2017,,,,,17-Mar-1999,Current,01-Jan-2007--31-Dec-2017,,,,N,Newspapers,English,
The Tribune,,Postmedia Network Inc.,"Campbellton, N.B.",Canada,30-Apr-2008,Current,,N,30-Apr-2008,Current,,,,,1,30-Apr-2008,Current,,,,,N,Newspapers,English,
The Tribune,,Black Press Group Ltd.,"Williams Lake, B.C.",Canada,03-Aug-2004,04-Apr-2022,,N,03-Aug-2004,04-Apr-2022,,,,,,03-Aug-2004,04-Apr-2022,,,,,N,Newspapers,English,
Une heure sur Terre,,Canadian Broadcasting Corporation,Montreal,Canada,22-Jan-2010,07-Jul-2013,,N,22-Jan-2010,07-Jul-2013,,,,,,22-Jan-2010,07-Jul-2013,,,,,N,Other Sources,French,
Uxbridge Times - Journal,,"Torstar Syndication Services, a Division of Toronto Star Newspapers Limited","Uxbridge, Ont.",Canada,08-Oct-2003,Current,,N,08-Oct-2003,Current,,,,,,08-Oct-2003,Current,,,,,N,Newspapers,English,
The Valley Leader,,Postmedia Network Inc.,Carman,Canada,01-Dec-2011,07-May-2020,,N,01-Dec-2011,07-May-2020,,,,,,01-Dec-2011,07-May-2020,,,,,N,Newspapers,English,
The Valleyview Valley Views,,Alberta Weekly Newspapers Association,"Valleyview, Alta.",Canada,01-Apr-2009,25-Feb-2015,,N,01-Apr-2009,25-Feb-2015,,,,,,01-Apr-2009,25-Feb-2015,,,,,N,Newspapers,English,
Vancouver Courier,,Postmedia Network Inc.,"Vancouver, B.C.",Canada,15-Sep-2002,27-Jun-2023,,N,15-Sep-2002,27-Jun-2023,,,,,,15-Sep-2002,27-Jun-2023,,,,,N,Newspapers,English,
Vancouver Island Free Daily (Online),,Black Press Group Ltd.,Parksville,Canada,23-Oct-2021,Current,01-Jan-2022--31-Dec-2022,N,23-Oct-2021,Current,01-Jan-2022--31-Dec-2022,,,,,23-Oct-2021,Current,01-Jan-2022--31-Dec-2022,,,,N,"Blogs, Podcasts, & Websites",English,
The Vancouver Sun (Online),,Postmedia Network Inc.,Vancouver,Canada,30-Nov-2017,Current,,N,30-Nov-2017,Current,,,,,1,30-Nov-2017,Current,,,,,N,"Blogs, Podcasts, & Websites",English,
The Vancouver Sun,,Postmedia Network Inc.,"Vancouver, B.C.",Canada,02-Jan-1987,Current,,N,02-Jan-1987,Current,,,,,1,02-Jan-1987,Current,01-Jan-2019--31-Dec-2022,,,,N,Newspapers,English,
Vaughan Citizen,,"Torstar Syndication Services, a Division of Toronto Star Newspapers Limited","Vaughan, Ont.",Canada,26-Apr-2007,Current,,N,26-Apr-2007,Current,,,,,,26-Apr-2007,Current,,,,,N,Newspapers,English,
The Vauxhall Advance,,Postmedia Network Inc.,"Vauxhall, Alta.",Canada,02-Apr-2009,06-Apr-2017,01-Jan-2014--31-Dec-2016,N,02-Apr-2009,06-Apr-2017,01-Jan-2014--31-Dec-2016,,,,,02-Apr-2009,28-Aug-2025,01-Jan-2014--31-Dec-2016,,,,N,Newspapers,English,
Vegreville Observer,,Alberta Weekly Newspapers Association,"Vegreville, Alta.",Canada,24-Jun-2009,27-May-2015,,N,24-Jun-2009,27-May-2015,,,,,,24-Jun-2009,27-May-2015,,,,,N,Newspapers,English,
Vermilion and Area Voice,,Alberta Weekly Newspapers Association,Vermilion,Canada,24-Jun-2013,13-Jun-2016,,N,24-Jun-2013,13-Jun-2016,,,,,,24-Jun-2013,13-Jun-2016,,,,,N,Newspapers,English,
Victoria News,,Black Press Group Ltd.,"Victoria, B.C.",Canada,31-Dec-1969,04-Apr-2022,01-Jan-1970--31-Dec-2003,N,31-Dec-1969,04-Apr-2022,01-Jan-1970--31-Dec-2003,,,,,31-Dec-1969,04-Apr-2022,01-Jan-1970--31-Dec-2003,,,,N,Newspapers,English,
Victoria News (Online),,Black Press Group Ltd.,Victoria,Canada,26-Sep-2022,Current,,N,26-Sep-2022,Current,,,,,,26-Sep-2022,Current,,,,,N,"Blogs, Podcasts, & Websites",English,
The Victoria Star,,Postmedia Network Inc.,"Grand Falls, N.B.",Canada,30-Apr-2008,04-Aug-2020,,N,30-Apr-2008,04-Aug-2020,,,,,,30-Apr-2008,04-Aug-2020,,,,,N,Newspapers,English,
Victoria Weekend,,"Torstar Syndication Services, a Division of Toronto Star Newspapers Limited","Victoria, B.C.",Canada,06-Aug-2004,23-Sep-2005,,N,06-Aug-2004,23-Sep-2005,,,,,,06-Aug-2004,23-Sep-2005,,,,,N,Newspapers,English,
La Voix du Restigouche,,Postmedia Network Inc.,"Campbellton, N.B.",Canada,25-Apr-2008,23-Jan-2020,,N,25-Apr-2008,23-Jan-2020,,,,,,25-Apr-2008,23-Jan-2020,,,,,N,Newspapers,French,
Vulcan Advocate,,Postmedia Network Inc.,Vulcan,Canada,18-May-2011,23-Aug-2023,,N,18-May-2011,23-Aug-2023,,,,,,18-May-2011,23-Aug-2023,,,,,N,Newspapers,English,
Vulcan Advocate (Online),,Postmedia Network Inc.,Vulcan,Canada,15-May-2015,Current,01-Jan-2019--31-Dec-2019; 16-Apr-2021--14-Mar-2022,N,15-May-2015,Current,01-Jan-2019--31-Dec-2019; 16-Apr-2021--14-Mar-2022,,,,1,15-May-2015,Current,01-Jan-2019--31-Dec-2019; 16-Apr-2021--14-Mar-2022,,,,N,"Blogs, Podcasts, & Websites",English,
W - FIVE - CTV Television,,"CTV Television, Inc.",Toronto,Canada,06-Jan-1994,02-Mar-2024,20-Dec-2002--20-Dec-2004,N,06-Jan-1994,02-Mar-2024,20-Dec-2002--20-Dec-2004,,,,,06-Jan-1994,02-Mar-2024,20-Dec-2002--20-Dec-2004,,,,N,Newspapers,English,
The Wainwright Edge,,Alberta Weekly Newspapers Association,"Wainwright, Alta.",Canada,03-Apr-2009,25-Oct-2013,,N,03-Apr-2009,25-Oct-2013,,,,,,03-Apr-2009,25-Oct-2013,,,,,N,Newspapers,English,
The Wainwright Review,,Postmedia Network Inc.,"Wainwright, Alta.",Canada,01-Apr-2009,28-Oct-2009,,N,01-Apr-2009,28-Oct-2009,,,,,,01-Apr-2009,28-Oct-2009,,,,,N,Newspapers,English,
Wainwright Star,,Alberta Weekly Newspapers Association,"Wainwright, Alta.",Canada,10-Nov-2009,29-Oct-2013,,N,10-Nov-2009,29-Oct-2013,,,,,,10-Nov-2009,29-Oct-2013,,,,,N,Newspapers,English,
Wainwright Star Chronicle,,Postmedia Network Inc.,"Wainwright, Alta.",Canada,06-Apr-2009,03-Nov-2009,,N,06-Apr-2009,03-Nov-2009,,,,,,06-Apr-2009,03-Nov-2009,,,,,N,Newspapers,English,
Wainwright Star Edge,,Postmedia Network Inc.,"Wainwright, Alta.",Canada,01-Nov-2013,Current,,N,01-Nov-2013,Current,,,,,1,01-Nov-2013,Current,,,,,N,Newspapers,English,
Walkerton Herald Times,,"Torstar Syndication Services, a Division of Toronto Star Newspapers Limited","Walkerton, Ont.",Canada,19-Jan-2005,25-Feb-2021,01-Jan-2020--31-Dec-2020; 08-Jun-2005--25-Sep-2007,N,19-Jan-2005,25-Feb-2021,01-Jan-2020--31-Dec-2020; 08-Jun-2005--25-Sep-2007,,,,,19-Jan-2005,25-Feb-2021,01-Jan-2020--31-Dec-2020; 08-Jun-2005--25-Sep-2007,,,,N,Newspapers,English,
The Wasaga Sun,,"Torstar Syndication Services, a Division of Toronto Star Newspapers Limited","Wasaga, Ont.",Canada,26-Jan-2010,Current,,N,26-Jan-2010,Current,,,,,,26-Jan-2010,Current,,,,,N,Newspapers,English,
Waterloo Chronicle,,"Torstar Syndication Services, a Division of Toronto Star Newspapers Limited","Waterloo, Ont.",Canada,08-Sep-1999,27-Aug-2025,01-Jan-2009--31-Dec-2009,N,08-Sep-1999,27-Aug-2025,01-Jan-2009--31-Dec-2009,,,,,08-Sep-1999,27-Aug-2025,01-Jan-2009--31-Dec-2009,,,,N,Newspapers,English,
Waterloo Region Record,,"Torstar Syndication Services, a Division of Toronto Star Newspapers Limited","Kitchener, Ont.",Canada,01-Oct-1990,Current,,N,01-Oct-1990,Current,,,,,,01-Oct-1990,Current,,,,,N,Newspapers,English,
Waterloo Region Record (Online),,"Torstar Syndication Services, a Division of Toronto Star Newspapers Limited",Kitchener,Canada,06-Dec-2016,Current,,N,06-Dec-2016,Current,,,,,,06-Dec-2016,Current,,,,,N,"Blogs, Podcasts, & Websites",English,
Weekend Regional,,Postmedia Network Inc.,"Brooks, Alta.",Canada,27-Mar-2009,28-Nov-2019,,N,27-Mar-2009,28-Nov-2019,,,,,,27-Mar-2009,28-Nov-2019,,,,,N,Newspapers,English,
The Weekly Anchor,,Postmedia Network Inc.,"Edson, Alta.",Canada,06-Apr-2009,Current,,N,06-Apr-2009,Current,,,,,1,06-Apr-2009,Current,,,,,N,Newspapers,English,
The Weekly Review,,Postmedia Network Inc.,"Viking, Alta.",Canada,07-Apr-2009,Current,,N,07-Apr-2009,Current,,,,,1,07-Apr-2009,Current,,,,,N,Newspapers,English,
West Carleton EMC,,Postmedia Network Inc.,"West Carleton, Ont.",Canada,27-Mar-2009,11-Jan-2018,,N,27-Mar-2009,11-Jan-2018,,,,,,27-Mar-2009,11-Jan-2018,,,,,N,Newspapers,English,
West Carleton Review,,Postmedia Network Inc.,"Arnprior, Ont.",Canada,21-Sep-2011,05-Jan-2018,,N,21-Sep-2011,05-Jan-2018,,,,,,21-Sep-2011,05-Jan-2018,,,,,N,Newspapers,English,
West Coast Traveller (web site),,Black Press Group Ltd.,Toronto,Canada,17-Jun-2020,Current,,N,17-Jun-2020,Current,,,,,,17-Jun-2020,Current,,,,,N,"Blogs, Podcasts, & Websites",English,
West Elgin Chronicle,,Postmedia Network Inc.,West Lorne,Canada,30-Apr-2015,Current,,N,30-Apr-2015,Current,,,,,1,30-Apr-2015,Current,,,,,N,Newspapers,English,
West Elgin Chronicle (Online),,Postmedia Network Inc.,West Lorne,Canada,15-May-2015,17-Jun-2022,01-Jan-2019--31-Dec-2021,N,15-May-2015,17-Jun-2022,01-Jan-2019--31-Dec-2021,,,,,15-May-2015,17-Jun-2022,01-Jan-2019--31-Dec-2021,,,,N,"Blogs, Podcasts, & Websites",English,
West Kootenay Advertiser (Online),,Black Press Group Ltd.,Cranbrook,Canada,27-Mar-2023,Current,,N,27-Mar-2023,Current,,,,,,27-Mar-2023,Current,,,,,N,"Blogs, Podcasts, & Websites",English,
WestEnder,,"Torstar Syndication Services, a Division of Toronto Star Newspapers Limited","Vancouver, B.C.",Canada,,,,N,,,,,,,,05-Aug-2004,09-Mar-2014,,,,,N,Newspapers,English,
Western Star,,Postmedia Network Inc.,"Corner Brook, Nfld.",Canada,,,,N,,,,,,,,01-Oct-1999,27-Apr-2007,,,,,N,Newspapers,English,
The Westlock News,,Postmedia Network Inc.,"Westlock, Alta.",Canada,10-Aug-2009,10-Dec-2019,,N,10-Aug-2009,10-Dec-2019,,,,,,10-Aug-2009,10-Dec-2019,,,,,N,Newspapers,English,
Wetaskiwin Times Advertiser,,Postmedia Network Inc.,Wetaskiwin,Canada,18-May-2011,Current,,N,18-May-2011,Current,,,,,1,18-May-2011,Current,,,,,N,Newspapers,English,
Wetaskiwin Times Advertiser (Online),,Postmedia Network Inc.,Wetaskiwin,Canada,15-May-2015,Current,01-Jan-2019--31-Dec-2019,N,15-May-2015,Current,01-Jan-2019--31-Dec-2019,,,,1,15-May-2015,Current,01-Jan-2019--31-Dec-2019,,,,N,"Blogs, Podcasts, & Websites",English,
Whitecourt Star,,Postmedia Network Inc.,Whitecourt,Canada,18-May-2011,22-Feb-2023,,N,18-May-2011,22-Feb-2023,,,,,,18-May-2011,22-Feb-2023,,,,,N,Newspapers,English,
Whitecourt Star (Online),,Postmedia Network Inc.,Whitecourt,Canada,15-May-2015,Current,01-Jan-2019--31-Dec-2019; 19-Apr-2021--03-Mar-2022,N,15-May-2015,Current,01-Jan-2019--31-Dec-2019; 19-Apr-2021--03-Mar-2022,,,,1,15-May-2015,Current,01-Jan-2019--31-Dec-2019; 19-Apr-2021--03-Mar-2022,,,,N,"Blogs, Podcasts, & Websites",English,
Whitehorse Star,,Postmedia Network Inc.,"Whitehorse, Y.T.",Canada,01-Nov-1999,17-May-2024,,N,01-Nov-1999,17-May-2024,,,,,,01-Nov-1999,17-May-2024,,,,,N,Newspapers,English,
Wiarton Echo,,Postmedia Network Inc.,Wiarton,Canada,28-Apr-2015,Current,,N,28-Apr-2015,Current,,,,,1,28-Apr-2015,Current,,,,,N,Newspapers,English,
Wiarton Echo (Online),,Postmedia Network Inc.,Wiarton,Canada,15-May-2015,Current,09-Sep-2021--07-Mar-2022,N,15-May-2015,Current,09-Sep-2021--07-Mar-2022,,,,1,15-May-2015,Current,09-Sep-2021--07-Mar-2022,,,,N,"Blogs, Podcasts, & Websites",English,
The Williams Lake Tribune (Online),,Black Press Group Ltd.,Williams Lake,Canada,24-Feb-2018,Current,01-Jan-2019--31-Dec-2019,N,24-Feb-2018,Current,01-Jan-2019--31-Dec-2019,,,,,24-Feb-2018,Current,01-Jan-2019--31-Dec-2019,,,,N,"Blogs, Podcasts, & Websites",English,
The Windsor Star (Online),,Postmedia Network Inc.,Windsor,Canada,30-Nov-2017,Current,,N,30-Nov-2017,Current,,,,,1,30-Nov-2017,Current,,,,,N,"Blogs, Podcasts, & Websites",English,
The Windsor Star,,Postmedia Network Inc.,"Windsor, Ont.",Canada,20-Oct-1986,Current,,N,20-Oct-1986,Current,,,,,1,20-Oct-1986,Current,01-Jan-2019--31-Dec-2024,,,,N,Newspapers,English,
Wingham Advance - Times,,"Torstar Syndication Services, a Division of Toronto Star Newspapers Limited","Wingham, Ont.",Canada,06-Jul-2003,11-Sep-2003,,N,06-Jul-2003,11-Sep-2003,,,,,,06-Jul-2003,11-Sep-2003,,,,,N,Newspapers,English,
The Winkler Times,,Postmedia Network Inc.,Winkler,Canada,01-Dec-2011,07-May-2020,,N,01-Dec-2011,07-May-2020,,,,,,01-Dec-2011,07-May-2020,,,,,N,Newspapers,English,
Winnipeg Free Press,,FP Canadian Newspapers Limited Partnership,"Winnipeg, Man.",Canada,01-May-2006,Current,,N,01-May-2006,Current,,,,,,02-Jan-1982,Current,01-Jan-1997--30-Apr-2006,,,,N,Newspapers,English,
Winnipeg Free Press (Online),,FP Canadian Newspapers Limited Partnership,"Winnipeg, Man.",Canada,02-Jan-2002,Current,,N,02-Jan-2002,Current,,,,,,02-Jan-2002,Current,,,,,N,Newspapers,English,
The Winnipeg Sun (Online),,Postmedia Network Inc.,Winnipeg,Canada,14-May-2015,Current,,N,14-May-2015,Current,,,,,1,14-May-2015,Current,,,,,N,"Blogs, Podcasts, & Websites",English,
The Winnipeg Sun,,Postmedia Network Inc.,Winnipeg,Canada,30-Apr-2007,Current,,N,30-Apr-2007,Current,,,,,1,30-Apr-2007,Current,,,,,N,Newspapers,English,
World Report,,Canadian Broadcasting Corporation,Toronto,Canada,24-Jun-2013,Current,01-Jan-2017--31-Dec-2021,N,24-Jun-2013,Current,01-Jan-2017--31-Dec-2021,,,,,24-Jun-2013,Current,01-Jan-2017--31-Dec-2021,,,,N,Other Sources,English,
The World,,Public Radio International (PRI),Minneapolis,United States,20-Jan-2017,Current,,N,20-Jan-2017,Current,,,,,,20-Jan-2017,Current,,,,,N,Other Sources,English,
The York Guardian,,"Torstar Syndication Services, a Division of Toronto Star Newspapers Limited","Toronto, Ont.",Canada,09-May-2003,Current,01-Jan-2020--31-Dec-2020,N,09-May-2003,Current,01-Jan-2020--31-Dec-2020,,,,,09-May-2003,Current,01-Jan-2020--31-Dec-2020,,,,N,Newspapers,English,
YorkRegion.com,,"Torstar Syndication Services, a Division of Toronto Star Newspapers Limited",Toronto,Canada,23-Aug-2023,Current,,N,23-Aug-2023,Current,,,,,,22-Aug-2023,Current,,,,,N,"Blogs, Podcasts, & Websites",English,
Yukon News (Online),,Black Press Group Ltd.,Whitehorse,Canada,01-Dec-2018,Current,01-Jan-2019--31-Dec-2022,N,01-Dec-2018,Current,01-Jan-2019--31-Dec-2022,,,,,01-Dec-2018,Current,01-Jan-2019--31-Dec-2022,,,,N,"Blogs, Podcasts, & Websites",English,