ID,VICTIM_ID,Person Name,Incident Date,Publication Date,Publisher,URL
1,V1-0435,Adrian Lacquette,2017-09-13,2017-09-13,Global News,https://globalnews.ca/news/3739893/police-tape-off-part-of-winnipegs-north-end-wednesday-morning/
2,V1-0426,Pierre Coriolan,2017-06-27,2017-06-27,CTV,https://www.ctvnews.ca/montreal/article/man-fatally-shot-by-police-in-gay-village-bei-investigating/
3,V1-0417,Nadia Racine,2017-01-24,2017-01-26,CBC,https://www.cbc.ca/news/canada/ottawa/woman-dead-gatineau-bureau-enqu%C3%AAtes-ind%C3%A9pendantes-1.3952975
4,V1-0424,Illutak Anautak,2017-06-10,2017-06-11,CBC,https://www.cbc.ca/news/canada/montreal/quebec-akulivik-illutak-anautak-1.4155820
5,V1-0415,Jimmy Cloutier,2017-01-06,2017-01-10,CTV,https://www.ctvnews.ca/montreal/article/questions-raised-by-homeless-shelter-after-deadly-police-shooting/
6,V1-0423,Raymond Alliman,2017-06-03,2017-06-05,Ottawa Sun,https://ottawasun.com/2017/06/05/dead-suspect-wanted-in-vaughan-when-shot-by-police
7,V1-0416,Ralph Stephens,2017-01-07,2017-01-08,CBC,https://www.cbc.ca/news/canada/calgary/stoney-nakoda-morley-rcmp-shooting-died-1.3926701
8,V1-0419,Vitaly Savin,2017-03-08,2017-03-10,CBC,https://www.cbc.ca/news/canada/edmonton/police-involved-shooting-victim-identity-1.4020052
9,V1-0434,Matt Dumas,2017-09-09,2017-09-11,CBC,https://www.cbc.ca/news/canada/edmonton/edmonton-police-drugs-weapons-methamphetamine-court-1.4284285
10,V1-0425,Noam Cohen,2017-06-15,2017-06-15,CTV,https://www.ctvnews.ca/montreal/article/man-fatally-shot-by-police-in-lachine-after-pursuit/
11,V1-0434,Matt Dumas,2017-09-09,2017-09-10,Global News,https://globalnews.ca/news/3731838/asirt-investigating-after-alleged-shots-fired-near-northwest-edmonton-shopping-centre/
12,V1-0421,Jeremy Nuvviaq,2017-05-01,2017-05-02,CBC,https://www.cbc.ca/news/canada/north/hall-beach-nunavut-killed-police-live-stream-1.4095057
13,V1-0483,Benjamin Richard,2019-04-19,2020-05-20,CBC,https://www.cbc.ca/news/canada/manitoba/manitoba-first-nation-police-shooting-ben-richard-1.5577905
14,V1-0436,Evan Caron,2017-09-23,2017-09-26,CTV,https://www.ctvnews.ca/winnipeg/article/33-year-old-man-shot-by-police-identified-by-friends-officer-stabbed-recovering/
15,V1-0442,Bill Saunders,2017-11-15,2017-11-16,CTV,https://www.ctvnews.ca/winnipeg/article/he-was-a-good-kid-family-of-man-fatally-shot-by-rcmp/
16,V1-0440,Brydon Whitstone,2017-10-21,2017-10-22,Global News,https://globalnews.ca/news/3818320/north-battleford-rcmp-saskatchewan-police-shooting-chase/
17,V1-0490,Kyaw Din,2019-08-11,2021-04-13,Abbotsford News,https://www.abbynews.com/news/family-of-maple-ridge-man-killed-by-cop-appeals-to-attorney-general-for-help-1810988
18,V1-0445,David Sappa,2017-12-28,2017-12-29,CBC,https://www.cbc.ca/news/canada/north/northern-quebec/bei-umiujaq-shooting-1.4467215
19,V1-0444,Babak Saidi,2017-12-23,2017-12-23,CBC,https://www.cbc.ca/news/canada/ottawa/family-demands-answers-after-fatal-shooting-at-morrisburg-ont-opp-detachment-1.4463915
20,V1-0440,Brydon Whitstone,2017-10-21,2017-10-22,CTV,https://www.ctvnews.ca/canada/article/saskatchewan-rcmp-shoot-and-kill-man-in-north-battleford/
21,V1-0444,Babak Saidi,2017-12-23,2017-12-28,Morrisburg Leader,https://www.morrisburgleader.ca/2017/12/28/iroquois-man-dead-shooting-opp-detachment/
22,V1-0613,Erixon Kabera,2024-11-09,2024-11-12,CBC,https://www.cbc.ca/news/canada/hamilton/erixon-kabera-death-1.7380853
23,V1-0412,Charles Qirngnirq,2016-12-19,2016-12-20,CBC,https://www.cbc.ca/news/canada/north/gjoa-haven-rcmp-shooting-death-1.3905541
24,V1-0405,Joshua Megeney,2016-10-06,2019-06-24,CTV,https://www.ctvnews.ca/saskatoon/article/rifle-pointed-at-officers-prompted-police-to-fire-inquest-into-joshua-megeneys-death-begins
25,V1-0442,Bill Saunders,2017-11-15,2017-11-15,CBC,https://www.cbc.ca/news/canada/manitoba/rcmp-officer-stolen-van-man-shot-1.4402812
26,V1-0429,Dale Culver,2017-07-18,2017-07-21,Global News,https://globalnews.ca/news/3616428/girlfriend-of-prince-george-man-who-died-in-police-custody-wants-justice/
27,V1-0624,Tamara Bateman,2024-09-04,2024-09-23,APTN News,https://www.aptnnews.ca/national-news/tammy-bateman-family-winnipeg-police-manitoba-police-involved-death/
28,V1-0383,Alex Wettlaufer,2016-03-14,2016-03-14,Global News,https://globalnews.ca/news/2575972/siu-investigating-after-man-injured-in-north-york-shooting/
29,V1-0386,Bony Jean-Pierre,2016-03-31,2016-04-04,CBC,https://www.cbc.ca/news/canada/montreal/montreal-north-drug-raid-1.3520308
30,V1-0604,Hoss Lightning-Saddleback,2024-08-30,2024-09-05,CBC,https://www.cbc.ca/news/canada/edmonton/alberta-police-shooting-lightning-1.7314483
31,V1-0408,Daniel Rintoul,2016-11-10,2019-02-01,Vancouver Sun,https://vancouversun.com/news/local-news/vancouver-police-officers-acted-in-accordance-with-the-law-in-fatal-2016-shooting-iio?utm_source=read-more
32,V1-0409,Terrence Wienmeyer,2016-11-22,2016-11-23,Calgary Herald,https://calgaryherald.com/news/local-news/man-dead-after-police-involved-shooting-identified-as-terrence-weinmeyer
33,V1-0411,Jessica Patterson,2016-11-29,2017-01-21,Calgary Herald,https://calgaryherald.com/news/local-news/family-of-woman-shot-and-killed-by-police-last-november-say-she-deserved-better
34,V1-0407,Rui Nabico,2016-11-04,2017-03-24,CBC,https://www.cbc.ca/news/canada/toronto/tasers-not-safe-or-effective-say-critics-1.4038736
35,V1-0413,Samuel Maloney,2016-12-23,2017-01-09,Toronto Sun,https://torontosun.com/2017/01/09/who-was-sam-maloney-man-killed-during-standoff-with-police-had-been-secretly-living-a-double-life
36,V1-0368,Mark Dicesare,2015-11-06,2017-02-09,Global News,https://globalnews.ca/news/3238121/investigation-into-fatal-police-shooting-on-grant-avenue-finished-details-released-at-11-a-m-ct/
37,V1-0404,Danny Lafrance-Godmer,2016-10-06,2016-10-07,Ottawa Citizen,https://ottawacitizen.com/news/local-news/montebello-man-shot-by-quebec-police-was-armed-with-a-knife-investigators
38,V1-0399,Debra Chrisjohn,2016-09-07,2017-07-13,CBC,https://www.cbc.ca/news/canada/london/oneida-siu-charges-police-1.4203413
39,V1-0417,Nadia Racine,2017-01-24,2017-01-26,Ottawa Citizen,https://ottawacitizen.com/news/local-news/gatineau-woman-dies-after-police-called-to-her-apartment-watchdog-reports
40,V1-0423,Raymond Alliman,2017-06-03,2018-06-01,Ottawa Citizen,https://ottawacitizen.com/news/local-news/officer-in-imminent-danger-when-he-killed-homicide-suspect-siu-rules
41,V1-0435,Adrian Lacquette,2017-09-13,2018-07-26,Global News,https://globalnews.ca/news/4355186/fatal-shooting-by-winnipeg-police-officers-unavoidable-iiu/
42,V1-0435,Adrian Lacquette,2017-09-13,2018-07-26,CBC,https://www.cbc.ca/news/canada/manitoba/adrian-lacquette-iiu-1.4762990
43,V1-0426,Pierre Coriolan,2017-06-27,2019-03-01,Montreal Gazette,https://www.montrealgazette.com/news/article482798.html
44,V1-0376,Gerald Rattu,2016-01-16,2016-01-20,Port Perry Star,https://www.durhamregion.com/news/port-perry-shooting-victim-gerald-rattu-59-not-a-threat-to-anyone-but-himself-says/article_911d829e-4b0a-52af-809d-612851b165e9.html
45,V1-0423,Raymond Alliman,2017-06-03,2017-06-05,Ottawa Citizen,https://ottawacitizen.com/news/local-news/dead-suspect-wanted-in-vaughan-when-shot-by-police
46,V1-0424,Illutak Anautak,2017-06-10,2018-04-27,CBC,https://www.cbc.ca/news/canada/montreal/akulivik-stabbings-coroner-report-1.4638398
47,V1-0423,Raymond Alliman,2017-06-03,2017-06-06,Vaughan Citizen,https://www.yorkregion.com/news/crime/man-wanted-on-gun-coke-charges-in-vaughan-shot-dead-in-ottawa-gun-fight/article_bb01eff6-b6c7-59ec-89fc-e2ed5422e18e.html
48,V1-0423,Raymond Alliman,2017-06-03,2018-06-01,CTV,https://www.ctvnews.ca/ottawa/article/siu-finds-ottawa-police-officer-justified-in-fatal-shooting-of-murder-suspect/
49,V1-0429,Dale Culver,2017-07-18,2024-04-06,Vancouver Sun,https://vancouversun.com/news/manslaughter-charges-stayed-against-two-rcmp-officers-in-death-of-dale-culver-in-2017
50,V1-0421,Jeremy Nuvviaq,2017-05-01,2022-03-02,Nunatsiaq News,https://nunatsiaq.com/stories/article/no-universally-accepted-way-to-prevent-suicide-by-cop-say-experts/
51,V1-0416,Ralph Stephens,2017-01-07,2019-06-06,Calgary Sun,https://calgarysun.com/news/crime/asirt-clears-officer-in-2017-shooting-of-wanted-man
52,V1-0419,Vitaly Savin,2017-03-08,2019-09-25,CBC,https://www.cbc.ca/news/canada/edmonton/edmonton-police-shooting-impaired-driver-vitaly-savin-1.5297496
53,V1-0436,Evan Caron,2017-09-23,2018-04-24,CBC,https://www.cbc.ca/news/canada/manitoba/winnipeg-police-shooting-inquest-caron-1.4632963
54,V1-0619,Mark R Annanack,2025-05-06,2025-05-09,Winnipeg Sun,https://winnipegsun.com/pmn/policing-in-nunavik-is-broken-inuit-group-wants-change-after-latest-fatal-shooting
55,V1-0445,David Sappa,2017-12-28,2019-07-04,Nunatsiaq News,https://nunatsiaq.com/stories/article/quebec-prosecutors-clear-police-in-2017-death-of-nunavik-man/
56,V1-0613,Erixon Kabera,2024-11-09,2025-06-06,Global News,https://globalnews.ca/news/11216626/erixon-kabera-siu-update/
57,V1-0412,Charles Qirngnirq,2016-12-19,2021-10-06,CBC,https://www.cbc.ca/news/canada/north/rcmp-officer-killed-nunavut-man-testitifies-1.6201512
58,V1-0620,Dillon Breed,2025-05-30,2025-06-02,CBC,https://www.cbc.ca/news/canada/manitoba/man-fatally-shot-by-winnipeg-police-friday-identified-by-family-1.7550411
59,V1-0449,Gordon Dale Couvrette,2018-02-22,2022-11-24,North Bay Nugget,https://www.nugget.ca/news/couvrettes-death-ruled-an-accident-jury-makes-three-recommendations
60,V1-0614,Elgyn Muskego,2024-11-22,2024-11-23,Winnipeg Free Press,https://www.winnipegfreepress.com/featured/2024/11/23/went-straight-for-their-gun-family-questions-teens-death-by-police
61,V1-0618,Abisay Cruz,2025-03-30,2025-04-07,CityNews,https://montreal.citynews.ca/2025/04/07/march-montreal-honours-abisay-cruz/
62,V1-0615,Jordan Charlie,2024-11-24,2024-11-27,CKLB-FM,https://cklbradio.com/2024/11/27/yellowknife-jail-guard-attacker-shot-dead-by-winnipeg-police-on-weekend/?doing_wp_cron=1755448710.5725650787353515625000
63,V1-0451,Pierre Charron,2018-02-25,2019-03-20,Ottawa Citizen,https://ottawacitizen.com/news/local-news/ottawa-police-officer-who-shot-stabbing-suspect-was-justified-siu
64,V1-0454,Quinn E MacDougall,2018-04-03,2022-03-14,Global News,https://globalnews.ca/news/8681714/ontario-inquest-2018-shooting-quinn-macdougall-homicide/
65,V1-0452,Matthew Mahoney,2018-03-21,2022-09-13,CBC,https://www.cbc.ca/news/canada/windsor/matthew-mahoney-inquest-1.6580547
66,V1-0453,Abderrahmane Bettahar,2018-03-29,2020-06-18,CBC,https://www.cbc.ca/news/canada/edmonton/alberta-rcmp-shootout-asirt-evansburg-1.5617585
67,V1-0455,Josephine Pelletier,2018-05-17,2023-04-04,APTN News,https://www.aptnnews.ca/national-news/21-seconds-anatomy-of-the-police-shooting-that-killed-josephine-pelletier/
68,V1-0458,Robert Morfitt,2018-06-07,2024-05-28,Toronto Sun,https://torontosun.com/news/local-news/mandel-it-felt-like-a-torpedo-says-cop-who-survived-shootout
69,V1-0456,Bradley Clattenburg,2018-05-26,2018-11-21,CityNews,https://halifax.citynews.ca/2018/11/21/sirt-clears-rcmp-officers-in-westphal-fatal-shooting-1130390/
70,V1-0457,Jeremy Stephens,2018-05-27,2018-06-18,PNI Atlantic News,https://www.saltwire.com/prince-edward-island/updated-mother-of-man-shot-by-summerside-police-calling-for-coroners-inquest-wants-answers-219424
71,V1-0459,Clayton Norman Crawford,2018-07-03,2022-12-09,CTV,https://www.ctvnews.ca/edmonton/article/mounties-charged-in-shooting-found-not-guilty-of-manslaughter-aggravated-assault/
72,V1-0463,Emroy Edward Cardinal,2022-05-06,2022-05-07,Edmonton Journal,https://edmontonjournal.com/news/local-news/asirt-clears-rcmp-edmonton-police-officers-in-deaths-where-controversial-excited-delirium-syndrome-was-a-factor
73,V1-0464,Sterling Ross Cardinal,2018-08-18,2018-08-23,CBC,https://www.cbc.ca/news/canada/edmonton/sterling-cardinal-police-shooting-1.4793590
74,V1-0461,Riley Fairholm,2018-07-25,2022-06-15,CBC,https://www.cbc.ca/news/canada/montreal/officer-shot-riley-fairholm-coroner-inquiry-1.6489658
75,V1-0465,Nicholas Gibbs,2018-08-21,2021-12-15,CityNews,https://montreal.citynews.ca/2021/12/15/officers-not-charged-gibbs/
76,V1-0466,Jaskamal Singh Lail,2018-08-31,2018-09-09,Calgary Sun,https://calgarysun.com/news/crime/he-would-never-hurt-anyone-friends-family-mourn-man-killed-by-calgary-police
77,V1-0467,Tommy Ningiuk,2018-09-05,2018-09-05,Nunatsiaq News,https://nunatsiaq.com/stories/article/65674nunavik_man_killed_following_overnight_standoff_bei_investigating/
78,V1-0469,Radford Good Dagger,2018-10-08,2018-10-19,Global News,https://globalnews.ca/news/4574950/blood-tribe-lethbridge-police-confrontation-death-asirt/
79,V1-0475,Buck E Evans,2018-12-26,2019-01-02,Edmonton Journal,https://edmontonjournal.com/news/crime/man-killed-by-edmonton-police-on-boxing-day-had-lifetime-firearms-ban
80,V1-0448,Joey Knapaysweet,2018-02-03,2019-03-08,TimminsToday,https://www.timminstoday.com/local-news/report-breaks-down-what-happened-between-timmins-police-joey-knapaysweet-1312239
81,V1-0474,Stacey Perry,2018-12-25,2022-11-25,Calgary Herald,https://calgaryherald.com/news/local-news/calgary-police-committed-serious-breaches-of-policy-in-fatal-traffic-stop-asirt
82,V1-0473,Steven Rigby,2018-12-22,2021-06-21,Saskatoon StarPhoenix,https://thestarphoenix.com/news/local-news/coroners-inquest-begins-into-fatal-2018-officer-involved-shooting-of-steven-rigby
83,V1-0472,Jorden Joseph McKay,2018-11-27,2018-12-12,CBC,https://www.cbc.ca/news/canada/newfoundland-labrador/corner-brook-shooting-rnc-recruit-1.4940690
84,V1-0475,Buck E Evans,2018-12-26,2019-01-01,CBC,https://www.cbc.ca/news/canada/edmonton/buck-evans-melissa-dumais-edmonton-police-shooting-asirt-1.4962686
85,V1-0470,Robyn Helen Garlow,2018-10-20,2025-03-13,INsauga,https://www.insauga.com/knife-wielding-woman-shot-to-death-by-cops-under-provincial-probe-in-ontario/
86,V1-0320,David-Hughes Lacour,2014-05-01,2017-09-22,CityNews,https://ottawa.citynews.ca/2017/09/22/quebec-officer-convicted-of-manslaughter-in-2014-fatal-shooting-of-teenager/
87,V1-0323,William David McCaffrey,2025-02-05,2025-04-03,CityNews,https://halifax.citynews.ca/2025/04/03/officer-who-shot-and-killed-indigenous-man-in-n-b-did-not-commit-crime-watchdog/
88,V1-0324,Christopher Arkell,2014-03-22,2014-06-03,Calgary Herald,https://calgaryherald.com/news/local-news/officer-cleared-of-wrongdoing-in-medicine-hat-shooting
89,V1-0322,Jason Gary Roy,2014-03-01,2015-12-18,Calgary Herald,https://calgaryherald.com/news/crime/driver-shot-dead-by-police-had-been-awake-for-days-on-meth-passenger-wanted-to-be-killed-by-police-asirt
90,V1-0325,Charnjit Singh Bassi,2014-03-28,2014-04-02,CBC,https://www.cbc.ca/news/canada/toronto/brampton-courthouse-shooting-suspect-a-gentle-man-ex-wife-says-1.2596308
91,V1-0321,Alain Magloire,2014-02-03,2020-07-12,Montreal Gazette,https://www.montrealgazette.com/news/article314872.html
92,V1-0329,David Charles Sandaker,2014-05-11,2015-07-23,Edmonton Sun,https://edmontonsun.com/2015/07/23/alberta-serious-incident-response-team-clears-officers-in-shooting
93,V1-0332,Jermaine Carby,2014-09-24,2021-07-15,Brampton Guardian,https://www.bramptonguardian.com/news/family-continues-to-fight-peel-police-in-court-over-death-of-brampton-man/article_8bf5d3f9-5a4b-54dd-b086-cedad38dc050.html
94,V1-0326,John Caleb Ross,2014-04-14,2016-07-04,Aurora Banner,https://www.yorkregion.com/news/crime/2014-police-shooting-death-of-auroras-john-caleb-ross-to-be-subject-of-inquest/article_968664ab-c5a6-54ca-b91b-cff54bc20418.html
95,V1-0450,David Meadows,2018-02-24,2024-04-24,Maple Ridge-Pitt Meadows News,https://www.mapleridgenews.com/news/coroners-inquest-called-for-2018-police-involved-death-in-chilliwack-7349457
96,V1-0471,Chris Bloomfield,2018-11-10,2024-07-05,Maple Ridge-Pitt Meadows News,https://www.mapleridgenews.com/news/coroners-inquest-recomends-more-mental-health-7430360
97,V1-0330,Maurizio Angelo Facchin,2014-06-04,2016-09-08,Burnaby Now,https://www.burnabynow.com/local-news/inquest-being-held-in-death-of-man-in-burnaby-apartment-3038620
98,V1-0468,Eugene Ethan Marcano,2018-09-14,2019-05-09,Chilliwack Progress,https://www.theprogress.com/news/kamloops-mounties-cleared-in-fatal-shooting-that-saw-man-shot-at-45-times-1892613
99,V1-0363,Hudson Brooks,2015-07-18,2015-07-23,Surrey Now-Leader,https://www.surreynowleader.com/community/tragedy-outside-rcmp-station-2898810
100,V1-0331,John Robert Buehler,2014-09-17,2019-07-15,Times Colonist,https://www.timescolonist.com/bc-news/sister-called-man-killed-by-police-ticking-time-bomb-inquest-hears-4674331
101,V1-0499,Jamal Francique,2020-01-07,2022-07-09,CBC,https://www.cbc.ca/news/canada/toronto/ont-jamal-francique-1.6515798
102,V1-0237,Reyal Jardine-Douglas,2010-08-29,2013-10-22,National Post,https://nationalpost.com/news/toronto/ttc-bus-driver-recounts-moments-before-police-shot-mentally-ill-man-with-knife
103,V1-0202,Shawn Michael Price,2009-05-10,2014-02-03,Edmonton Sun,https://edmontonsun.com/2014/02/03/we-shouldnt-rush-to-judgment-on-police-actions
104,V1-0508,D'Andre Campbell,2020-04-06,2020-12-04,Toronto Sun,https://torontosun.com/news/local-news/no-crime-in-peel-police-shooting-of-dandre-campbell-siu
105,V1-0514,Phillip Blair,2020-05-06,2020-05-15,CBC,https://www.cbc.ca/news/canada/edmonton/alberta-rcmp-shooting-blackfalds-1.5570254
106,V1-0513,Abraham Natanine,2020-05-05,2020-06-27,APTN News,https://www.aptnnews.ca/national-news/video-shows-moments-after-rcmp-shooting-death-of-abraham-natanine/
107,V1-0226,Lance Muir,2010-05-09,2011-07-22,Winnipeg Free Press,https://www.winnipegfreepress.com/breakingnews/2011/07/22/police-shoot-knife-wielding-suspect
108,V1-0307,Sammy Yatim,2013-07-27,2024-01-12,Toronto Sun,https://torontosun.com/news/local-news/mandel-family-still-grieving-as-inquest-into-teens-2013-police-shooting-on-ttc-streetcar-begins
109,V1-0236,Evan Jones,2010-08-25,2011-05-13,Hamilton Spectator,https://www.thespec.com/news/crime/inquest-probes-fatal-brantford-police-shooting/article_4723dca6-dc02-53a8-adcb-7df9b50c12fd.html
110,V1-0643,Jerry Smallwood,2018-05-08,2018-10-22,Vancouver Sun,https://vancouversun.com/news/local-news/police-cleared-in-carjacking-suspects-death-at-nanaimo-ferry-terminal-watchdog
111,V1-0419,Vitaly Savin,2017-03-08,2017-03-15,Edmonton Sun,https://edmontonsun.com/2017/03/15/always-happy-contractor-remembers-police-shooting-victim-vitaly-savin
112,V1-0637,Christopher Gillman,2020-03-15,2020-03-15,Edmonton Journal,https://edmontonjournal.com/news/local-news/death-in-cells-city-police-to-release-autopsy-results-when-investigation-wraps
113,V1-0523,Jonathan Roy,2020-07-25,2020-07-25,CBC,https://www.cbc.ca/news/canada/montreal/bei-investigating-death-of-sherbrooke-man-1.5663250
114,V1-0526,Marty Powder,2020-09-18,2020-09-20,Edmonton Journal,https://edmontonjournal.com/news/local-news/man-killed-during-police-shooting-in-edmonton-alley-identified-by-family-as-person-trying-to-turn-his-life-around
115,V1-0273,Sylvia Klibingaitis,2011-10-07,2013-10-30,CBC,https://www.cbc.ca/news/canada/toronto/sylvia-klibingaitis-told-911-operator-i-m-pure-evil-1.2288995
116,V1-0278,Michael Eligon,2012-02-03,2013-12-02,National Post,https://nationalpost.com/opinion/toronto-officer-who-shot-and-killed-mentally-ill-man-was-reasonably-in-fear-for-his-life-and-out-of-options
117,V1-0529,Sheffield Matthews,2020-10-29,2020-10-29,CTV,https://www.ctvnews.ca/montreal/article/victim-of-ndg-police-shooting-identified-as-sheffield-matthews-41-watchdog-group-investigating/
118,V1-0534,Julian Jones,2021-02-27,2024-03-02,Toronto Star,https://www.thestar.com/opinion/contributors/julian-jones-latest-indigenous-person-to-be-killed-by-the-rcmp/article_c0d89e91-3256-5078-a11c-efed6faec64f.html
119,V1-0568,Chris Amyotte,2022-08-22,2022-08-24,CBC,https://www.cbc.ca/news/canada/british-columbia/chris-amyotte-bean-bag-gun-police-1.6560809
120,V1-0573,Ronny Kay,2022-09-17,2022-11-20,CBC,https://www.cbc.ca/news/canada/montreal/montreal-chinese-community-ronny-kay-death-answers-1.6658389
121,V1-0586,Boden Umpherville,2023-04-01,2023-04-26,CBC,https://www.cbc.ca/news/canada/saskatchewan/prince-albert-police-sirt-umpherville-1.6823509
122,V1-0595,Afolabi Opaso,2023-12-31,2024-01-27,Winnipeg Sun,https://winnipegsun.com/news/local-news/enough-is-enough-winnipeggers-demand-justice-for-tragic-shooting-of-nigerian-student
123,V1-0603,Mathios Arkangelo,2024-06-30,2024-09-08,Winnipeg Sun,https://winnipegsun.com/news/national/edmonton-police-rolling-out-body-worn-cameras-across-service-though-funding-questions-remain
124,V1-0603,Mathios Arkangelo,2024-06-30,2025-05-23,Edmonton Journal,https://edmontonjournal.com/news/renee-vaugeois-what-led-to-her-decision-to-resign-from-the-edmonton-police-commission
125,V1-0604,Hoss Lightning-Saddleback,2024-08-30,2024-09-03,Edmonton Journal,https://edmontonjournal.com/news/crime/samson-cree-nation-identifies-15-year-old-boy-killed-by-rcmp
126,V1-0607,Steven Iggy Dedam,2024-09-08,2024-09-10,NB Media Co-op,https://nbmediacoop.org/2024/09/10/fatal-police-shooting-in-elsipogtog-during-wellness-check-shocks-community/
127,V1-0605,Jason West,2024-09-06,2024-09-09,CTV,https://windsor.ctvnews.ca/friend-identifies-police-involved-shooting-victim-as-60s-scoop-survivor-1.7031274
128,V1-0624,Tamara Bateman,2024-09-03,2024-09-05,CBC,https://www.cbc.ca/news/canada/manitoba/vigil-tammy-bateman-struck-by-winnipeg-police-officer-1.7313928
129,V1-0609,Vanessa Renteria Valencia,2024-09-19,2024-09-26,CBC,https://www.cbc.ca/news/canada/british-columbia/fatal-police-shooting-1.7328352
130,V1-0518,Patrick Bellemare,2020-06-20,2020-06-21,Montreal Gazette,https://www.montrealgazette.com/news/article620396.html
131,V1-0136,Daniel Antony King,2006-10-13,2006-10-17,Vancouver Sun,https://vancouversun.newspapers.com/image/497422288/?match=1&terms=Man%20shot%20by%20police%20had%20replica%20handgun%3A%20Daniel%20Anthony%20King%20shot%20at%20Mohawk%20gas%20station%20after%20leading%20cops%20on%20a%20wild%20chase%20in%20stolen%20car
132,V1-0294,Mehrdad Bayrami,2012-11-07,2014-10-20,Vancouver Sun,https://vancouversun.com/news/staff-blogs/rare-murder-charged-laid-against-officer-after-ert-shooting
133,V1-0487,Billy Shea,2019-07-23,2023-09-14,Peterborough Examiner,https://www.thepeterboroughexaminer.com/news/crime/i-carry-the-weight-of-taking-somebody-s-life-everyday-peterborough-officer-who-killed-armed/article_5473884a-d1e0-56a8-a524-dae0c897e078.html
134,V1-0509,Eishia Hudson,2020-04-08,2020-04-13,Winnipeg Sun,https://winnipegsun.com/news/local-news/easter-sunday-vigil-to-be-held-for-16-year-old-girl
135,V1-0166,Christopher Klim,2007-12-27,2007-12-27,National Post,https://nationalpost.com/news/bc-shooting-victim-was-suicidal
136,V1-0293,Christopher Ray,2012-10-29,2012-11-02,Vancouver Sun,https://vancouversun.com/news/staff-blogs/family-of-man-killed-by-vpd-officer-looking-for-answers
137,V1-0133,Donald Dwayne Lewis,2006-08-13,2006-08-21,Vancouver Sun,https://global-factiva-com.myaccess.library.utoronto.ca/redir/default.aspx?P=sa&an=VNCS000020060821e28l00010&drn=drn%3aarchive.newsarticle.VNCS000020060821e28l00010&cat=a&ep=ASE
138,V1-0255,Brendon Beddow,2011-03-23,2011-03-24,CBC,https://www.cbc.ca/news/canada/british-columbia/surrey-b-c-shooting-victim-id-d-by-police-1.1116900
139,V1-0430,Ozama Shaw,2017-06-27,2017-09-01,Toronto Star,https://www.thestar.com/news/gta/family-describes-final-days-of-15-year-old-shot-by-peel-police/article_8acdc921-90f2-5452-8495-7adac95c70ec.html
140,V1-0635,Austin Eaglechief,2017-06-19,2018-07-05,Saskatoon StarPhoenix,https://thestarphoenix.com/news/local-news/if-i-could-id-pitch-up-my-teepee-right-here-agatha-eaglechief-remembers-her-son-austin-a-year-after-his-death
141,V1-0396,Aaron Driver,2016-08-10,2016-08-10,Winnipeg Free Press,https://www.winnipegfreepress.com/breakingnews/2016/08/10/ex-winnipegger-aaron-driver-dead-in-police-takedown
142,V1-0399,Debralee Chrisjohn,2016-09-07,2020-06-18,CBC,https://www.cbc.ca/news/indigenous/london-police-debralee-chrisjohn-death-1.5617532
143,V1-0407,Rui Nabico,2016-11-04,2018-02-15,Toronto Star,https://www.thestar.com/news/gta/siu-wont-lay-charges-in-case-of-toronto-man-who-died-after-he-was-tasered/article_63bdff88-ef70-5332-b9b8-54d0c4d62ca9.html
144,V1-0395,Abdirahman Abdi,2016-07-25,2016-07-26,CBC,https://www.cbc.ca/news/canada/ottawa/police-officer-in-abdi-death-identified-1.3695996
145,V1-0640,Abdurahman Ibrahim Hassan,2015-06-11,2016-07-15,Toronto Star,https://www.thestar.com/news/immigration/police-cleared-in-immigration-detainees-death/article_ef60f1b1-be8f-51c6-bf07-0769f36b49b0.html
146,V1-0352,Cody Cole,2015-04-04,2018-01-10,Peterborough Examiner,https://www.thepeterboroughexaminer.com/news/peterborough-region/coroners-inquest-called-into-police-shooting-of-cody-cole-in-peterborough/article_4d6b9f4f-9bcc-5125-8261-c9adcc08e6db.html?
147,V1-0632,David Walsh,2015-04-04,2015-04-04,CBC,https://www.cbc.ca/news/canada/nova-scotia/66-year-old-pedestrian-killed-by-police-vehicle-in-north-sydney-1.3021502
148,V1-0348,Anthony Heffernan,2015-03-16,2023-02-15,Calgary Herald,https://calgaryherald.com/news/local-news/police-officer-bid-seal-fatal-hotel-shooting-interview-fails
149,V1-0348,Anthony Heffernan,2015-03-16,2016-08-23,Edmonton Journal,https://web.archive.org/web/20170222185605/http://edmontonjournal.com/opinion/columnists/paula-simons-72-seconds-asirt-investigation-of-anthony-heffernan-shooting-leaves-questions-unanswered
150,V1-0347,David Doucette,2015-02-14,2015-03-03,Toronto Star,https://www.thestar.com/news/gta/police-shooting-victim-had-expressed-hope-for-the-future/article_e2dc223f-ce4e-589d-bf45-0fbf29d6ea15.html
151,V1-0341,Daniel Clause,2014-12-31,2015-01-01,Toronto Star,https://www.thestar.com/news/crime/ttc-robbery-suspect-fatally-shot-by-police-was-aspiring-rapper/article_167750d2-a027-5dc0-8faa-d16405735e35.html
152,V1-0337,Rhett Mutch,2014-11-01,2014-11-05,The Province,https://web.archive.org/web/20141117151830/http://www.theprovince.com/news/Coroners+services+names+killed+Victoria+police+shooting/10356597/story.html
153,V1-0334,Martin Couture-Rouleau,2014-10-20,2014-10-20,CBC,https://www.cbc.ca/news/canada/montreal/martin-rouleau-quebec-driver-shot-by-police-radicalized-rcmp-1.2806104
154,V1-0335,Michael Zehaf-Bibeau,2014-10-22,2014-10-22,CBC,https://www.cbc.ca/news/canada/montreal/michael-zehaf-bibeau-slain-ottawa-shooter-had-criminal-record-in-quebec-b-c-1.2809562
155,V1-0333,Peter de Groot,2014-10-13,2016-10-13,Vancouver Sun,https://vancouversun.com/news/local-news/sister-of-b-c-man-killed-in-police-manhunt-sues-over-use-of-lethal-force
156,V1-0645,Jobie Napartuk,2014-07-17,2014-07-30,Nunatsiaq News,https://nunatsiaq.com/stories/article/65674investigation_into_death_of_nunavik_man_wraps_up_in_inukjuak_but_still/
157,V1-0325,Charnjit Singh Bassi,2014-03-28,2014-03-31,Toronto Sun,https://torontosun.com/2014/03/31/neighbours-of-man-killed-in-brampton-courthouse-shootout-shocked
158,V1-0324,Christopher Arkell,2014-03-22,2014-03-26,Calgary Sun,https://web.archive.org/web/20150427112910/http://www.calgarysun.com/2014/03/26/mounties-identify-man-killed-by-police-and-linked-to-medicine-hat-homicide
159,V1-0633,Natasha Carla Abogado,2014-02-11,2018-09-14,Toronto Sun,https://torontosun.com/news/local-news/mandel-speeding-cop-gets-8-months-for-killing-teen-but-freed-on-bail
160,V1-0633,Natasha Carla Abogado,2014-02-12,2018-01-24,Vaughan Citizen,https://www.yorkregion.com/news/crime/york-cop-remo-romano-found-guilty-of-dangerous-driving-in-3rd-trial/article_7c15d79f-d192-5157-973c-bbee0f3ae620.html?
161,V1-0310,Lance Cutarm,2013-08-02,2017-02-15,CBC,https://www.cbc.ca/news/canada/edmonton/fatality-inquiry-rcmp-shooting-lance-cutarm-1.3984371
162,V1-0287,Matthew Roke,2012-05-02,2012-05-02,Toronto Sun,https://torontosun.com/2012/05/02/man-dead-in-ont-police-shooting
163,V1-0286,Louis Soles,2012-04-27,2012-04-27,Toronto Star,https://www.thestar.com/news/canada/siu-investigates-after-man-killed-in-police-standoff-near-owen-sound/article_22ed6e0a-c082-5cf1-8cb3-6673758fe52e.html
164,V1-0284,Felix Taqqaugaq,2012-03-20,2016-11-09,CBC,https://www.cbc.ca/news/canada/north/felix-taqqaugaq-inqest-officer-narrative-1.3842623
165,V1-0281,Frank Berry,2012-02-20,2012-05-04,CityNews,https://toronto.citynews.ca/2012/05/04/cop-cleared-in-fatal-shooting-of-west-end-man/
166,V1-0279,Phonesay Chanthachak,2012-02-13,2012-02-15,Hamilton Spectator,http://www.thespec.com/news-story/2233242-victim-missed-court-appearance-hours-before-being-shot-by-police/
167,V1-0271,Justin Zinser,2011-09-24,2013-08-29,CBC,https://www.cbc.ca/news/canada/british-columbia/b-c-rcmp-shooting-victim-s-family-calls-for-charges-1.1329852
168,V1-0261,Corwin Peeace,2011-06-10,2013-12-17,Calgary Herald,https://www.pressreader.com/canada/calgary-herald/20131217/281685432661955
169,V1-0252,Carl Kim,2011-03-12,2013-12-03,Burlington Post,https://www.insidehalton.com/news/inquest-ordered-in-police-shooting-death-of-burlington-driver/article_9a7d5e7a-c4e8-5183-ad73-cb16cf820298.html?
170,V1-0251,Adam Purdie,2011-03-02,2011-03-08,Surrey Now-Leader,https://www.surreynowleader.com/news/man-shot-by-surrey-police-will-be-deeply-missed-2901370
171,V1-0219,Bernadette Auger,2010-01-18,2010-01-18,CBC,https://www.cbc.ca/news/canada/edmonton/woman-shot-by-edmonton-police-had-fake-gun-1.923649
172,V1-0418,Koray Celik,2017-03-06,2019-05-22,Montreal Gazette,https://www.montrealgazette.com/news/article403238.html
173,V1-0402,Chad Murphy,2016-10-02,2017-08-07,Montreal Gazette,https://montrealgazette.com/news/the-chad-murphy-case-i-called-the-police-to-help-him-not-to-kill-him
174,V1-0339,Phuong Na Du,2014-11-22,2018-02-09,Vancouver Sun,https://vancouversun.com/news/local-news/independent-investigations-office-accepts-it-took-too-long-to-investigate-police-shooting-of-mentally-ill-man
175,V1-0274,Peter Spiewak,2011-10-20,2014-11-17,Calgary Herald,https://web.archive.org/web/20151214170151/https://calgaryherald.com/news/crime-and-justice/police%2Bofficers%2Btestify%2Babout%2Bshooting%2Bwielding/10392960/story.html
176,V1-0128,Yves Beauchamp,2006-06-14,2009-06-27,Montreal Gazette,https://www.pressreader.com/canada/montreal-gazette/20090627/281638186188371
177,V1-0111,Jeffrey Black,2005-10-18,2005-10-21,Toronto Star,https://www.pressreader.com/canada/toronto-star/20051021/282587373372415
178,V1-0344,Waylon Jesse Edey,2015-01-29,2015-01-30,CBC,https://www.cbc.ca/news/canada/british-columbia/castlegar-rcmp-say-man-shot-and-killed-at-traffic-stop-1.2937589
179,V1-0129,Duane Christian,2006-06-20,2010-06-10,The Globe and Mail,https://www.theglobeandmail.com/news/national/negligence-suit-in-shooting-death-of-toronto-boy-may-proceed-court-rules/article1372715/
180,V1-0497,Fred Troy Penner,2019-12-31,2020-01-10,St. Catharines Standard,https://www.stcatharinesstandard.ca/news/niagara-region/2020/01/10/we-gather-here-today-with-a-lot-of-angst-funeral-for-niagara-man-shot-by-police.html
181,V1-0646,Stewart Robb,2019-12-06,2019-12-16,Cochrane Times,https://www.cochranetimes.com/news/local-news/cochrane-man-shot-dead-by-mounties-had-fired-at-rcmp-armoured-vehicle-asirt
182,V1-0496,Wade Vanderwal,2019-12-03,2019-12-06,London Free Press,https://lfpress.com/news/local-news/mother-witnessed-police-shoot-son-in-exeter-after-calling-911-for-help-relative
183,V1-0495,Clive Mensah,2019-11-20,2020-07-21,CBC,https://www.cbc.ca/news/canada/toronto/clive-mensah-black-taser-police-1.5655022
184,V1-0494,Clayton Donnelly,2019-10-28,2019-10-30,CityNews,https://vancouver.citynews.ca/2019/10/30/okanagan-tasered-police/
185,V1-0493,Evan Freeman,2019-09-12,2019-09-14,CBC,https://www.cbc.ca/news/canada/ottawa/siu-id-assailant-shot-1.5283865
186,V1-0491,Lucien Silverquill,2019-08-27,2020-07-08,CBC,https://www.cbc.ca/news/canada/saskatoon/lucien-silverquill-rcmp-shooting-fishing-lake-saskatchewan-1.5639807
187,V1-0490,Kyaw Naing Din,2019-08-11,2020-02-21,CBC,https://www.cbc.ca/news/canada/british-columbia/iio-maple-ridge-kyaw-din-1.5470804
188,V1-0634,Sandy Alaku,2019-07-05,2019-07-06,Nunatsiaq News,https://nunatsiaq.com/stories/article/salluit-assault-victim-killed-by-police-vehicle-eight-investigators-fly-to-community/
189,V1-0642,Sean Thompson,2019-06-26,2019-07-05,CBC,https://www.cbc.ca/news/canada/manitoba/sean-thompson-winnipeg-police-death-1.5202283
190,V1-0484,Geoff Morris,2019-05-04,2019-05-05,CBC,https://www.cbc.ca/news/canada/saskatchewan/hostage-taking-incident-regina-geoff-morris-1.5124018
191,V1-0468,Eugene Ethan Marcano,2018-09-14,2019-05-09,Victoria News,https://www.vicnews.com/news/kamloops-mounties-cleared-in-fatal-shooting-that-saw-man-shot-at-45-times-55179
192,V1-0361,James Butters,2015-07-08,2015-07-12,Times Colonist,https://www.timescolonist.com/local-news/family-seeks-answers-after-man-shot-dead-by-police-in-port-hardy-4624588
193,V1-0239,Eric Osawe,2010-09-29,2014-04-02,National Post,https://nationalpost.com/news/toronto/toronto-police-officer-const-david-cavanagh-exonerated-again-in-2010-shooting-of-eric-osawe
194,V1-0441,Tom Ryan,2017-10-27,2018-11-21,Global News,https://globalnews.ca/news/4685299/october-2017-shooting-northumberland-hills-hospital/
195,V1-0506,Jason Koehler,2020-03-08,2024-12-16,Pique Newsmagazine,https://www.piquenewsmagazine.com/local-news/jason-koehler-coroners-inquest-verdict-9963694
196,V1-0368,Mark Dicesare,2015-11-06,2017-02-10,Winnipeg Sun,https://winnipegsun.com/2017/02/09/depression-drugs-death-mark-dicesares-frantic-final-moments
197,V1-0575,Taresh Bobby Ramroop,2022-10-13,2024-07-30,Toronto Star,https://www.thestar.com/news/gta/did-police-fail-bobby-ramroop-why-a-toronto-mans-family-has-been-left-with-anguish/article_5a816046-4b87-11ef-a298-dfa9ea5637b4.html
198,V1-0577,Maiken Dani Cooper,2022-12-11,2023-08-04,CBC,https://www.cbc.ca/news/canada/british-columbia/dani-cooper-iio-report-no-charges-1.6927643
199,V1-0562,Rojun Alphonse,2022-10-07,2025-07-21,Winnipeg Sun,https://winnipegsun.com/pmn/rcmp-may-need-to-review-training-involving-indigenous-people-b-c-watchdog-says-2
200,V1-0553,Moses Erhirhie,2022-01-21,2023-01-11,CBC,https://www.cbc.ca/news/canada/toronto/siu-no-charges-york-region-police-shooting-death-1.6711358
201,V1-0422,Emmanuel Therrien,2017-05-15,2017-05-16,CBC,https://ici.radio-canada.ca/nouvelle/1034105/homme-abattu-beauceville-sq-securite-scene
202,V1-0545,Sheena Jackson,2021-08-05,2022-08-25,Almaguin News,https://www.northbaynipissing.com/news/i-will-be-my-daughter-s-voice-mother-of-woman-fatally-shot-by-almaguin-opp/article_4787e93d-e5c6-5da0-8ed0-4042b34cf45b.html
203,V1-0484,Geoff Morris,2019-05-04,2019-05-06,Regina Leader-Post,https://leaderpost.com/news/local-news/fiancee-of-man-shot-by-regina-police-questions-why-officer-used-lethal-force
204,V1-0394,Sanjai Prasad,2016-07-15,2019-06-14,CBC,https://www.cbc.ca/news/canada/calgary/asirt-officer-involved-shooting-calgary-police-no-charge-1.5176596
205,V1-0380,Marvel Woodhouse,2016-03-02,2016-03-03,Surrey Now-Leader,https://www.surreynowleader.com/news/updated-investigation-into-mans-death-after-he-was-arrested-by-surrey-rcmp-2909439
206,V1-0542,Jared Lowndes,2021-07-08,2023-10-28,Vancouver Sun,https://vancouversun.com/news/local-news/iio-asks-crown-to-consider-charges-bc-shooting
207,V1-0639,Nicholas Edward Grieves,2020-07-07,2022-02-14,Brantford Expositor,https://www.brantfordexpositor.ca/news/local-news/court-records-shed-light-on-fatal-police-shooting-of-brantford-man
208,V1-0644,Jameson Shapiro,2020-11-26,2022-09-01,Ottawa Citizen,https://ottawacitizen.com/news/national/three-opp-officers-charged-with-manslaughter-in-2020-death-of-boy-in-police-shooting
209,V1-0590,Wesley Davidson,2023-05-29,2023-06-10,Calgary Herald,https://calgaryherald.com/news/crime/victim-of-police-shooting-on-memorial-drive-identified
210,V1-0549,Rodger Kotanko,2021-11-03,2022-01-18,London Free Press,https://lfpress.com/news/local-news/gunsmiths-family-files-23m-lawsuit-over-fatal-police-shooting
211,V1-0567,Allan Andkilde,2022-08-15,2022-08-17,Windsor Star,https://windsorstar.com/news/local-news/call-for-more-mental-health-supports-renewed-in-wake-of-police-shooting
212,V1-0313,Gerald Lord,2013-09-11,2016-03-08,Regina Leader-Post,https://global-factiva-com.myaccess.library.utoronto.ca/redir/default.aspx?P=sa&NS=16&AID=9UNI011000&an=RLP0000020160308ec380000c&drn=drn%3aarchive.newsarticle.RLP0000020160308ec380000c&cat=a&ep=ASI
213,V1-0517,Ejaz Choudry,2020-06-21,2020-06-21,National Post,https://nationalpost.com/news/family-of-62-year-old-man-who-died-after-police-shooting-call-for-inquiry
214,V1-0287,Matthew Roke,2012-05-02,2014-02-19,Ottawa Citizen,https://ottawacitizen.com/news/local-news/inquest-called-into-fatal-police-shooting-near-brockville
215,V1-0537,Trent Firth,2021-04-03,2021-04-03,Niagara Falls Review,https://www.niagarafallsreview.ca/news/canada/man-dead-after-officer-involved-shooting-outside-home-on-an-alberta-first-nation/article_a00c25e1-a034-52e3-8751-7dcd7c24ceea.html
216,V1-0437,Aaron Lee Prince,2017-10-12,2023-11-11,Times Colonist,https://www.timescolonist.com/local-news/jury-finds-fatal-police-shooting-of-nanaimo-man-a-homicide-7818691
217,V1-0238,Romeo Wesley,2010-09-09,2017-07-17,CBC,https://www.cbc.ca/news/canada/thunder-bay/police-explain-romeo-wesley-death-1.4205741
218,V1-0631,Wesley Wanuch,2023-02-04,2023-02-17,Windspeaker,https://windspeaker.com/news/windspeaker-news/family-first-nations-man-killed-officer-involved-shooting-has-questions-rcmp
219,V1-0619,Mark R Annanack,2025-05-06,2025-05-08,St. Catharines Standard,https://www.stcatharinesstandard.ca/news/canada/one-person-dead-in-kangiqsualujjuaq-after-reported-police-shooting/article_d47013a1-a10a-59ec-be7b-9d7b58c63a9f.html
220,V1-0415,Jimmy Cloutier,2017-01-06,2017-01-06,Montreal Gazette,https://www.montrealgazette.com/news/article156561.html
221,V1-0623,Tyrese Kenny Padro Cree Roundsky,2025-07-31,2025-08-06,APTN News,https://www.aptnnews.ca/national-news/community-identifies-23-year-old-man-shot-dead-by-police-in-ontario-court/
222,V1-0622,Eric Nothing,2025-07-22,2025-07-24,CBC,https://www.cbc.ca/news/canada/thunder-bay/siu-investigation-eric-nothing-deer-lake-first-nation-1.7593196
223,V1-0621,Jamie Kavik,2025-07-17,2025-07-22,APTN News,https://www.aptnnews.ca/national-news/34-year-old-man-killed-in-police-shooting-in-inukjuak-family/
224,V1-0617,Chase de Balinhard,2025-02-09,2025-02-12,CTV,https://www.ctvnews.ca/vancouver/article/nobody-wanted-this-outcome-family-of-surrey-teen-killed-by-rcmp-questions-use-of-force/
225,V1-0616,Fabian Skani,2024-12-14,2024-12-17,CBC,https://www.cbc.ca/news/canada/edmonton/cold-lake-first-nations-man-killed-in-rcmp-shooting-identified-by-family-1.7412174
226,V1-0612,Joshua Papigatuk,2024-10-30,2024-11-06,Global News,https://globalnews.ca/news/10856797/quebec-police-shooting-nunavik/
227,V1-0611,Mikail Rashid,2024-10-27,2024-11-01,CBC,https://www.cbc.ca/news/canada/toronto/teen-killed-police-shooting-aurora-1.7371469
228,V1-0610,Joseph Desjarlais,2024-09-19,2024-09-27,CBC,https://www.cbc.ca/news/canada/saskatoon/sirt-investigating-rcmp-fishing-lake-joseph-desjarlais-1.7336422
229,V1-0600,Tristan Mariash,2024-06-04,2024-06-07,CBC,https://www.cbc.ca/news/canada/manitoba/tristain-mariash-winnipeg-police-shooting-1.7228551
230,V1-0594,Dustin Hatcher,2023-11-28,2023-12-08,CBC,https://www.cbc.ca/news/canada/manitoba/witness-alleges-police-fatally-shot-unarmed-man-1.7051643
231,V1-0589,Levon Fox Wildman,2023-05-29,2024-05-29,Calgary Herald,https://calgaryherald.com/news/local-news/levon-fox-wildman-wesley-davidson-family-mourns-men-shot-by-cps
232,V1-0608,Jon Wells,2024-09-17,2024-09-25,Calgary Herald,https://calgaryherald.com/news/crime/asirt-details-death-blood-tribe-member-calgary-police-custody
233,V1-0365,Myles Gray,2015-08-13,2024-10-10,Vancouver Sun,https://vancouversun.com/news/review-launched-vpd-conduct-myles-gray
234,V1-0481,Randy Crosson,2019-03-29,2024-04-15,CBC,https://www.cbc.ca/news/canada/british-columbia/bc-coroners-inquest-randy-crosson-nona-mcewan-surrey-1.7173904
235,V1-0307,Sammy Yatim,2013-07-27,2022-11-22,National Post,https://nationalpost.com/news/canada/police-officer-who-fatally-shot-teen-argues-inquest-should-consider-suicide-by-cop
236,V1-0500,Barry Shantz,2020-01-13,2020-01-24,Vancouver Sun,https://vancouversun.com/news/local-news/fraser-valley-homeless-advocate-barry-shantz-dead-after-police-shooting
237,V1-0532,Martin Gordyn,2021-01-05,2021-01-06,National Post,https://nationalpost.com/pmn/news-pmn/canada-news-pmn/siu-working-to-identify-man-killed-by-police-in-niagara-on-the-lake
238,V1-0548,Justin Bourassa,2021-10-28,2023-11-01,London Free Press,https://lfpress.com/news/local-news/london-police-face-3-9m-lawsuit-in-fatal-shooting-of-sarnia-tennis-pro
239,V1-0546,Mathias Bunyan,2021-08-15,2024-08-14,CBC,https://www.cbc.ca/news/canada/kitchener-waterloo/inquest-opp-shooting-death-mathias-bunyan-siu-cleared-1.7293565
240,V1-0639,Nicholas Edward Grieves,2020-07-07,2022-01-14,Windsor Star,https://windsorstar.com/news/local-news/chatham-kent-opp-officer-charged-in-shooting-death-of-man
241,V1-0438,Cavin Poucette,2017-10-19,2017-10-20,Calgary Herald,https://calgaryherald.com/news/local-news/friends-family-mourn-man-shot-by-police-in-gleichen
242,V1-0586,Boden Umpherville,2023-04-01,2025-07-09,CBC,https://www.cbc.ca/news/canada/saskatchewan/appeals-court-dismisses-death-benefits-mother-boden-umpherville-1.7580220
243,V1-0588,Terry Brekka,2023-05-27,2023-09-26,CBC,https://www.cbc.ca/news/canada/hamilton/landlord-tenant-shooting-victims-siu-report-1.6978441
244,V1-0587,Andrew Geisler,2023-05-10,2023-05-28,CBC,https://www.cbc.ca/news/canada/toronto/andrew-geisler-toronto-man-crisis-police-1.6856023
245,V1-0585,Derek Deon,2023-04-13,2023-04-15,Calgary Herald,https://calgaryherald.com/news/local-news/it-was-wrong-red-deer-dad-says-mounties-needlessly-shot-dead-mentally-ill-son
246,V1-0582,Mitchell Croston,2023-02-14,2023-03-01,Calgary Herald,https://calgaryherald.com/news/crime/asirt-police-shooting-victim-metal-spike
247,V1-0578,Calvin Goertzen,2023-12-16,2023-01-08,CBC,https://www.cbc.ca/news/canada/british-columbia/calvin-goertzen-burnaby-memorial-1.6707118
248,V1-0571,Myles Sanderson,2022-09-07,2024-03-12,National Post,https://nationalpost.com/news/canada/no-warning-signs-in-myles-sanderson-mass-stabbing-review
249,V1-0569,Terry Riche,2022-08-27,2023-08-22,Halifax Examiner,https://www.halifaxexaminer.ca/policing/sirt-clears-halifax-police-officer-who-shot-and-killed-dartmouth-man/
250,V1-0558,Jimmie Johannesson,2022-04-08,2022-09-08,Surrey Now-Leader,https://www.surreynowleader.com/news/calls-to-action-issued-5-months-after-cops-shoot-surrey-man-dead-during-wellness-check-2991929
251,V1-0557,Trent Angus,2022-02-26,2022-04-02,Saskatoon StarPhoenix,https://thestarphoenix.com/news/local-news/lloydminster-man-shot-and-killed-during-shootout-with-rcmp-in-waseca-feared-police-sister-says
252,V1-0556,Mitchell Tyler Potts,2022-02-23,2024-12-12,Edmonton Journal,https://edmontonjournal.com/news/crime/asirt-clears-edmonton-police-bystander-shooting
253,V1-0547,David Manlove,2021-08-31,2021-09-24,Quesnel Cariboo Observer,https://www.quesnelobserver.com/news/petition-calls-for-action-against-police-officers-who-fatally-shot-quesnel-man-5802525
254,V1-0541,Ray Steven Bitternose,2021-07-06,2023-09-18,Global News,https://globalnews.ca/news/9968513/public-inquest-death-ray-bitternose-shot-by-police-george-gordon-first-nation/
255,V1-0542,Jared Lowndes,2021-07-08,2024-04-23,Vancouver Sun,https://vancouversun.com/news/bc-prosecutors-refuse-charge-rcmp-officers-shooting-death-jared-lowndes
256,V1-0533,Gedi Ali Gedi,2021-02-24,2021-02-24,CityNews,https://toronto.citynews.ca/2021/02/24/man-charged-after-human-remains-found-during-probe-that-led-to-fatal-police-shooting/
257,V1-0522,Leslie John Hegedus,2020-07-15,2021-07-26,CBC,https://www.cbc.ca/news/canada/toronto/siu-officers-shot-haliburton-man-leslie-hegedus-cleared-1.6118069
258,V1-0521,Richard Kenneth Wheeler,2020-07-09,2020-07-13,Halifax Examiner,https://www.halifaxexaminer.ca/policing/family-of-eastern-passage-man-shot-dead-by-police-says-he-was-holding-a-pellet-gun/
259,V1-0504,Brian Kyle Schriver,2020-02-11,2022-11-10,Global News,https://globalnews.ca/news/9269870/blairmore-lethbridge-alberta-asirt-shooting-death/
260,V1-0502,Ricardo Mirabelles,2020-01-18,2020-02-03,Toronto Sun,https://torontosun.com/news/crime/accused-murderer-of-innocent-woman-in-brothel-dies-in-hospital
261,V1-0496,Wade Vanderwal,2019-12-03,2023-09-18,London Free Press,https://lfpress.com/news/local-news/at-coroners-inquest-family-of-man-shot-dead-by-police-push-for-change
262,V1-0476,Devlin Kyle Neyando,2019-01-02,2019-01-03,Global News,https://globalnews.ca/news/4810381/edmonton-police-gold-bar-january/
263,V1-0650,Kieran Kay,2017-05-22,2020-02-13,CBC,https://www.cbc.ca/news/canada/kitchener-waterloo/coronor-inquest-kieran-kay-cambridge-1.5462844
264,V1-0566,Abdulla Shaikh,2022-08-04,2023-09-28,Montreal Gazette,https://www.montrealgazette.com/news/article54076.html
265,V1-0474,Stacey Perry,2018-12-25,2018-12-29,Calgary Sun,https://calgarysun.com/news/crime/woman-shot-dead-by-calgary-police-on-christmas-was-like-a-disney-princess
266,V1-0606,Daniel Knife,2024-09-08,2024-09-11,APTN News,https://www.aptnnews.ca/national-news/video-atahkakoop-cree-nation-saskatchewan-rcmp-shooting/
267,V1-0462,Matthew Richard Fosseneuve,2018-07-28,2023-11-20,Winnipeg Free Press,https://www.winnipegfreepress.com/breakingnews/2023/11/20/paramedics-detail-scene-of-2018-death-in-police-custody
268,V1-0448,Joey Knapaysweet,2018-02-03,2019-03-08,National Post,https://nationalpost.com/pmn/news-pmn/canada-news-pmn/siu-clears-timmins-police-officer-after-shooting-after-shooting-death
269,V1-0458,Robert Morfitt,2018-06-07,2019-01-05,Toronto Sun,https://torontosun.com/news/local-news/rancor-in-the-ranks-toronto-police-under-the-gun-in-2019
270,V1-0363,Hudson Brooks,2015-07-18,2017-12-17,Vancouver Sun,https://vancouversun.com/news/local-news/he-didnt-stand-a-chance-audio-of-police-involved-shooting-of-hudson-brooks-posted-online
271,V1-0649,Paul Kayuryuk,2012-10-29,2017-08-02,Toronto Sun,https://torontosun.com/2017/08/02/rcmp-need-training-to-combat-inuit-intoxication-assumptions-following-death-of-paul-kayuryuk-inquest
272,V1-0214,Jeffrey Hughes,2009-10-23,2011-07-25,The Globe and Mail,https://www.theglobeandmail.com/news/british-columbia/neo-nazi-sympathizer-fatally-shot-by-nanaimo-police-didnt-fire-flare-gun-probe-told/article588298/
273,V1-0204,Douglas Minty,2009-06-22,2009-06-23,Toronto Star,https://www.thestar.com/news/ontario/police-shoot-mentally-disabled-man/article_87d4f6c3-5ba0-5980-bc99-fc938530fd66.html
274,V1-0189,Nathan Boryskavich,2008-11-29,2008-12-03,Winnipeg Free Press,https://www.winnipegfreepress.com/local/2008/12/03/woman-alleges-rcmp-kicked-ex-husband
275,V1-0157,Robert Dziekanski,2007-10-14,2007-11-17,Vancouver Sun,https://web.archive.org/web/20071210040324/http://www.canada.com/vancouversun/news/story.html?id=2ec23fc6-e683-4304-8dcf-696cdf63d75e&p=1
276,V1-0151,Paul Boyd,2007-08-13,2012-05-30,Vancouver Sun,https://web.archive.org/web/20150318192419/http://www.vancouversun.com/entertainment/wasn+danger+anyone+charges+should+laid+Deborah+Paul+Boyd+sister/6704557/story.html
277,V1-0157,Robert Dziekanski,2007-10-14,2013-04-07,Ottawa Citizen,https://ottawacitizen.com/news/canada/six-years-later-coroner-rules-robert-dziekanskis-death-at-hands-of-mounties-at-vancouver-airport-was-a-homicide
278,V1-0181,Fredy Villanueva,2008-08-09,2016-05-25,Montreal Gazette,https://www.montrealgazette.com/news/article265470.html
279,V1-0516,Rodney Levi,2020-06-12,2020-06-13,National Post,https://nationalpost.com/news/canada/new-brunswick-indigenous-man-is-victim-of-rcmp-involved-fatal-shooting-chief
280,V1-0366,Kenneth Robert Hanna,2015-09-18,2021-08-29,Vancouver Sun,https://vancouversun.com/news/crime/iio-finds-no-fault-in-police-decision-to-shoot-and-kill-an-armed-man-in-burnaby-who-also-shot-self
281,V1-0530,Gary Brohman,2020-11-27,2020-12-03,National Post,https://nationalpost.com/news/canada/father-dies-week-after-police-involved-shooting-that-left-his-one-year-old-son-dead
282,V1-0530,Gary Brohman,2020-11-27,2020-11-26,CBC,https://www.cbc.ca/news/canada/sudbury/manitoulin-police-officer-killed-gary-brohman-1.5815697
283,V1-0340,Naverone Christian Landon Woods,2014-12-28,2017-03-20,Vancouver Sun,https://vancouversun.com/news/local-news/coroners-inquest-to-probe-fatal-police-involved-shooting-in-surrey
284,V1-0363,Hudson Brooks,2015-07-18,2016-02-22,The Province,https://theprovince.com/news/local-news/family-still-seeks-answers-in-fatal-surrey-rcmp-shooting-of-20-year-old-last-july
285,V1-0641,Zoltan Hyacinth,2013-03-17,2013-03-24,Calgary Sun,https://calgarysun.com/2013/03/24/man-believed-cops-would-kill-him
286,V1-0613,Erixon Kabera,2024-11-09,2024-11-11,Toronto Sun,https://torontosun.com/news/local-news/family-of-man-fatally-shot-by-hamilton-police-seeks-answers-amid-siu-probe
287,V1-0643,Jerry Smallwood,2018-05-08,2024-11-13,Times Colonist,https://www.timescolonist.com/local-news/he-knew-his-life-was-ending-inquest-probes-mans-shooting-death-at-ferry-terminal-9799266
288,V1-0627,Randy Schneider,2022-05-05,2022-05-07,Vancouver Sun,https://vancouversun.com/news/local-news/fatal-police-shooting-vancouver
289,V1-0392,Craig Ford,2016-06-13,2016-06-14,CBC,https://www.cbc.ca/news/canada/british-columbia/police-involved-shooting-1.3634957
290,V1-0360,Andrew Loku,2015-07-05,2015-07-17,National Post,https://nationalpost.com/news/toronto/the-life-and-bloody-death-of-andrew-loku
291,V1-0302,Christopher Coffey,2013-06-21,2014-10-30,Owen Sound Sun Times,https://global-factiva-com.myaccess.library.utoronto.ca/redir/default.aspx?P=sa&an=OWNSST0020141030eaau00007&drn=drn%3aarchive.newsarticle.OWNSST0020141030eaau00007&cat=a&ep=ASE
292,V1-0277,Kyle Newman,2012-01-12,2012-01-13,National Post,https://nationalpost.com/posted-toronto/man-shot-by-police-in-oakville-may-be-linked-to-womans-body
293,V1-0383,Alex Wettlaufer,2016-03-14,2016-03-14,National Post,https://nationalpost.com/news/toronto/toronto-police-shoot-kill-man-after-confrontation-in-north-york-park-siu-investigating
294,V1-0549,Rodger Kotanko,2021-11-03,2022-03-07,National Post,https://nationalpost.com/news/local-news/column-watchdog-reveals-potential-hard-truths-about-gunsmiths-death
295,V1-0192,Benjamin Wood,2009-01-20,2015-01-20,National Post,https://nationalpost.com/news/toronto/siu-reopens-separate-probes-into-two-brantford-deaths-in-move-called-exceptional
296,V1-0267,Kevin Murray,2011-07-30,2011-10-17,National Post,https://nationalpost.com/posted-toronto/siu-clears-police-officers-in-fatal-carnival-shooting
297,V1-0406,Robert Crowle,2016-10-11,2016-10-11,Edmonton Sun,https://edmontonsun.com/2016/10/11/calgary-police-on-scene-of-sundance-shooting-incident
298,V1-0401,Anthony Divers,2016-09-30,2019-11-13,CBC,https://www.cbc.ca/news/canada/hamilton/tony-divers-police-shooting-jury-recommendations-1.5357774
299,V1-0647,Yacin Osman,2018-04-09,2018-04-10,CBC,https://www.cbc.ca/news/canada/calgary/officer-involved-shooting-bridgeland-asirt-1.4612519
300,V1-0647,Yacin Osman,2018-04-09,2018-04-10,Calgary Sun,https://calgarysun.com/news/crime/man-dead-after-police-involved-shooting-in-bridgeland
301,V1-0364,Kwasi Skene-Peters,2015-07-25,2017-08-02,CBC,https://www.cbc.ca/news/canada/toronto/kwasi-skene-peters-inquest-1.4232591
302,V1-0346,Jacobus Jonker,2015-02-15,2017-12-14,CBC,https://www.cbc.ca/news/canada/british-columbia/smithers-police-related-death-no-charges-jacobus-jonker-1.4448929
303,V1-0367,Haki Sefa,2015-10-20,2015-09-21,CBC,https://www.cbc.ca/news/canada/manitoba/man-killed-in-winnipeg-police-involved-shooting-was-suicidal-family-says-1.3237538
304,V1-0351,Beau Baker,2015-04-02,2015-04-07,CBC,https://www.cbc.ca/news/canada/kitchener-waterloo/100-people-attend-vigil-for-beau-baker-man-fatally-shot-in-police-incident-1.3022939
305,V1-0319,Gaetan Plante,2014-01-17,2014-01-20,CBC,https://www.cbc.ca/news/canada/british-columbia/gaetan-plante-61-named-as-man-killed-by-police-in-surrey-1.2504479
306,V1-0292,Greg Matters,2012-09-01,2014-06-16,CBC,https://www.cbc.ca/news/canada/british-columbia/greg-matters-rcmp-shooting-investigation-gets-third-party-review-1.2677587
307,V1-0197,Paul Jeffrey,2009-03-06,2009-05-15,CBC,https://www.cbc.ca/news/canada/ottawa/investigation-clears-ottawa-police-in-shooting-of-man-with-fake-gun-1.845061
308,V1-0290,Deu Raj Puri,2012-07-15,2013-07-25,CBC,https://www.cbc.ca/news/canada/calgary/lethbridge-police-cleared-over-shooting-bhutanese-man-1.1381161
309,V1-0283,Karen Lander,2012-03-14,2013-02-27,CBC,https://www.cbc.ca/news/canada/north/n-w-t-woman-killed-by-police-had-financial-family-trouble-1.1312334
310,V1-0238,Romeo Wesley,2010-09-09,2017-07-26,CBC,https://www.cbc.ca/news/canada/thunder-bay/romeo-wesley-verdict-1.4221069
311,V1-0209,Kenneth Keith Baines,2009-07-14,2009-07-15,CBC,https://www.cbc.ca/news/canada/british-columbia/man-dies-after-surrey-rcmp-shooting-1.820941
312,V1-0026,Keldon McMillan,2001-05-20,2001-05-22,CBC,https://www.cbc.ca/news/canada/police-shooting-shocks-family-and-neighbours-of-dead-man-1.288844
313,V1-0183,Harry Haineault,2008-09-02,2012-03-10,CBC,https://www.cbc.ca/news/canada/saskatchewan/rcmp-shooting-inquest-delayed-again-1.1177653
314,V1-0177,Leo Raymond Poulin,2008-07-12,2011-07-11,CBC,https://www.cbc.ca/news/canada/edmonton/judge-clears-police-in-vegreville-shooting-1.997208
315,V1-0178,Michael Brian Langan,2008-07-22,2016-07-14,CBC,https://www.cbc.ca/news/canada/manitoba/inquest-report-michael-brian-langan-1.3678720
316,V1-0203,Melvin Donald Vanhouwe,2009-05-24,2009-05-25,CBC,https://www.cbc.ca/news/canada/calgary/investigation-continues-into-fatal-shooting-by-officer-1.794531
317,V1-0629,Lisa Rauch,2019-12-25,2025-05-25,Times Colonist,https://www.timescolonist.com/local-news/family-of-woman-killed-by-officer-in-2019-shocked-by-misconduct-finding-10705983
318,V1-0411,Jessica Patterson,2016-11-29,2018-11-30,Calgary Sun,https://calgarysun.com/news/local-news/police-blamed-in-shooting-death-of-woman-and-overdose-of-her-husband
319,V1-0349,Marc Ekamba-Boekwa,2015-03-20,2017-05-10,Toronto Sun,https://torontosun.com/2017/05/10/woman-who-shared-rare-psychotic-disorder-with-son-not-criminally-responsible-in-conspiring-to-murder-neighbour
320,V1-0294,Mehrdad Bayrami,2012-11-07,2016-02-17,Vancouver Sun,https://vancouversun.com/news/local-news/daughter-of-b-c-man-fatally-shot-by-police-tells-inquest-she-could-have-helped
321,V1-0628,Sabrina Van Vessem,2020-05-21,2020-05-22,Toronto Sun,https://torontosun.com/news/provincial/siu-probing-death-of-woman-24-at-niagara-falls-police-station
322,V1-0628,Sabrina Van Vessem,2020-05-21,2025-01-17,Niagara This Week,https://www.niagarathisweek.com/news/niagara-region/date-set-for-inquest-into-death-of-woman-in-holding-cell-at-niagara-police-headquarters/article_13624c2d-9edc-5185-b4fa-da5d432aa988.html
323,V1-0627,Randy Schneider,2022-05-05,2024-09-12,Global News,https://globalnews.ca/news/10753160/calls-change-video-dtes-vancouver-officer-shooting/
324,V1-0378,David McQueen,2016-01-24,2017-08-24,Edmonton Sun,https://edmontonsun.com/2017/08/24/asirt-to-release-findings-in-police-shooting-of-david-mcqueen
325,V1-0405,Joshua Megeney,2016-10-06,2019-06-28,Saskatoon StarPhoenix,https://thestarphoenix.com/news/local-news/police-commander-defends-decision-to-breach-bedroom-door
326,V1-0413,Samuel Maloney,2016-12-23,2025-01-13,London Free Press,https://lfpress.com/news/local-news/inquest-set-to-start-in-fatal-christmastime-london-police-shooting
327,V1-0605,Jason West,2024-09-06,2024-09-16,Windsor Star,https://windsorstar.com/news/local-news/another-failure-fatal-police-shooting-hits-hard-at-windsors-downtown-mission
328,V1-0345,Kevin Mukuyama,2015-02-11,2016-11-23,Chilliwack Progress,https://www.theprogress.com/news/taser-armed-police-should-carry-automated-defibrillators-inquest-1860227
329,V1-0378,David McQueen,2016-01-24,2016-01-25,Calgary Herald,https://calgaryherald.com/news/crime/police-offer-update-on-huntington-hills-shooting
330,V1-0362,James McIntyre,2015-07-08,2015-07-21,National Post,https://nationalpost.com/news/canada/b-c-man-killed-by-rcmp-identified-as-anonymous-members-quarrel-over-retaliation
331,V1-0362,James McIntyre,2015-07-08,2015-07-21,Saskatoon StarPhoenix,https://thestarphoenix.com/news/local-news/rcmp-identify-man-killed-in-police-shooting
332,V1-0368,Mark Dicesare,2015-11-06,2015-11-07,Winnipeg Sun,https://winnipegsun.com/2015/11/07/police-incident-at-grant-and-kenaston
333,V1-0587,Andrew Geisler,2023-05-10,2023-05-13,Niagara Falls Review,https://www.niagarafallsreview.ca/news/gta/i-don-t-understand-why-he-s-lying-in-the-morgue-family-searches-for-answers/article_1f1b3a89-c3ea-5b4f-8b4d-368a3834fd12.html
334,V1-0516,Rodney Levi,2020-06-12,2021-01-26,TimminsToday,https://www.timminstoday.com/national-news/no-charges-in-nb-police-shooting-of-indigenous-man-rodney-levi-crown-3295573
335,V1-0296,Mike Grisch,2012-12-11,2012-12-12,Edmonton Sun,https://edmontonsun.com/2012/12/12/man-shot-by-cops-in-edmonton-bank-robbery-dies
336,V1-0367,Haki Sefa,2015-10-20,2015-09-26,Winnipeg Sun,https://winnipegsun.com/2015/09/26/sefa-family-tries-to-make-sense-of-tragedy
337,V1-0367,Haki Sefa,2015-10-20,2015-09-21,Winnipeg Free Press,https://www.winnipegfreepress.com/breakingnews/2015/09/21/police-probe-officer-involved-shooting-north-of-winnipeg
338,V1-0300,Mladen Steve Mesic,2013-05-07,2013-10-02,The Globe and Mail,https://www.theglobeandmail.com/news/national/hamilton-police-officers-cleared-in-killing-man-holding-shovel-like-baseball-bat/article14664419/
339,V1-0485,Robin Fiddler,2019-06-26,2019-06-30,Calgary Sun,https://calgarysun.com/news/crime/calls-for-justice-from-family-of-woman-shot-dead-by-calgary-police-officer
340,V1-0470,Robyn Helen Garlow,2018-10-20,2019-10-08,Hamilton Spectator,https://www.thespec.com/news/crime/siu-no-grounds-to-charge-hamilton-police-officer-in-shooting-death-of-woman/article_119eed2d-b63a-5ddd-b357-161542e1fec0.html
341,V1-0464,Sterling Ross Cardinal,2018-08-18,2018-08-25,Edmonton Journal,https://edmontonjournal.com/news/local-news/funeral-held-for-man-shot-dead-by-police-in-northeast-edmonton
342,V1-0021,Andreas Unkerskov-Chinnery,2011-02-02,2013-02-02,Hamilton Spectator,https://www.thespec.com/news/hamilton-region/chinnery-family-suing-police-over-shooting/article_876ed01a-1222-54c3-8b0e-8decd639d5d2.html
343,V1-0188,Gino Petralia,2008-11-29,2008-11-30,Hamilton Spectator,https://www.thespec.com/news/two-dead-after-childrens-party/article_35fa7acb-c4b8-5f8b-86f4-88ada770bb82.html
344,V1-0208,John Ian Rice,2009-07-12,2011-03-23,Oak Bay News,https://www.oakbaynews.com/news/coroners-inquest-finishes-friday-436059
345,V1-0229,Bikermanjit Singh Kooner,2010-06-22,2012-02-20,Surrey Now-Leader,https://www.surreynowleader.com/news/coroners-inquiry-into-surrey-mans-death-begins-2900449
346,V1-0265,Darrell Elroy Barnes,2011-07-22,2012-08-01,The Globe and Mail,https://www.theglobeandmail.com/news/british-columbia/drug-addict-shot-to-death-by-bc-police-had-untreated-mental-issues/article4453497/
347,V1-0344,Waylon Jesse Edey,2015-01-29,2023-09-04,Vancouver Sun,https://vancouversun.com/news/local-news/bc-coroners-inquest-jury-recommends-police-body-cameras-after-fatal-shooting
348,V1-0441,Tom Ryan,2017-10-27,2017-10-30,National Post,https://nationalpost.com/news/canada/i-did-expect-him-to-kill-her-sometime-relative-of-woman-shot-in-hospital-says-husband-bragged-about-gun
349,V1-0191,Gregory Moynagh,2008-12-21,2008-12-22,Toronto Star,https://www.thestar.com/news/crime/2008/12/22/man_slain_by_police_had_history_of_mental_illness.html
350,V1-0199,Michael Vann Hubbard,2009-03-20,2012-04-24,Vancouver Sun,https://vancouversun.com/news/homeless-man-might-still-be-alive-if-taser-was-used-by-vancouver-police-inquest-told
351,V1-0223,Wieslaw Duda,2010-04-19,2014-09-14,Toronto Star,https://www.thestar.com/news/crime/wieslaw-duda-inquest-family-called-peel-police-hours-before-shooting-death/article_5fc41f2d-1011-59ac-9db7-17cd1f9513b7.html
352,V1-0356,Michael David Perreault,2015-05-18,2018-02-27,Edmonton Journal,https://edmontonjournal.com/news/crime/fatality-inquiry-into-police-shooting-recommends-more-crisis-intervention-training-for-officers
353,V1-0184,Walid Mohamed Maragan,2008-09-04,2014-08-14,Calgary Herald,https://calgaryherald.com/news/local-news/judge-rules-police-had-no-choice-but-to-shoot-man-who-stabbed-his-wife
354,V1-0478,Greg Ritchie,2019-01-31,2019-02-01,Ottawa Citizen,https://ottawacitizen.com/news/local-news/officer-involved-in-elmvale-mall-fatal-shooting-previously-charged-by-siu
355,V1-0350,Travis Rood,2015-03-20,2015-04-14,CBC,https://www.cbc.ca/news/canada/british-columbia/travis-rood-identified-as-man-shot-by-burnaby-rcmp-after-fatal-stabbing-1.3033123
356,V1-0357,Brandon Duncan,2015-05-17,2015-05-29,Guelph Mercury Tribune,https://www.guelphmercury.com/news/guelph-woman-haunted-by-memories-of-shooting-victim/article_b5b056d7-c402-5281-a5b7-daf8d8c2d24c.html
357,V1-0147,Normand Jeanveau,2007-05-11,2011-01-07,Sudbury Northern Life,https://www.sudbury.com/local-news/family-still-seeks-answer-in-police-custody-death-232360
358,V1-0253,Paul Leonard Duck,2011-03-14,2013-03-18,Winnipeg Sun,https://global-factiva-com.myaccess.library.utoronto.ca/redir/default.aspx?P=sa&NS=16&AID=9UNI011000&an=WPGSUN0020130318e93i0000e&drn=drn%3aarchive.newsarticle.WPGSUN0020130318e93i0000e&cat=a&ep=ASI
359,V1-0245,Marcel Leonard Tranchemontagne,2010-12-29,2012-10-17,Sudbury Star,https://global-factiva-com.myaccess.library.utoronto.ca/redir/default.aspx?P=sa&NS=16&AID=9UNI011000&an=SUDBRY0020121017e8ah0000t&drn=drn%3aarchive.newsarticle.SUDBRY0020121017e8ah0000t&cat=a&ep=ASI
360,V1-0410,Daniel Legarde,2016-11-26,2023-08-14,CBC,https://www.cbc.ca/news/canada/thunder-bay/nipigon-coroners-inquest-1.6934173
361,V1-0310,Lance Cutarm,2013-08-02,2013-08-05,Edmonton Sun,https://edmontonsun.com/2013/08/05/residents-in-alberta-community-disturbed-after-fatal-police-related-shooting
362,V1-0431,Guillaume Bolduc,2017-10-08,2017-08-12,Journal de Montreal,https://www.journaldemontreal.com/2017/08/11/homme-abattu-a-saint-georges-de-beauce-incomprehension-chez-les-proches
363,V1-0288,Frederick Guay,2012-06-05,2013-08-29,CBC,https://ici.radio-canada.ca/nouvelle/629741/frederick-guay-policier
364,V1-0285,Peter Lumanglas,2012-04-20,2012-04-20,Toronto Star,https://www.thestar.com/news/crime/man-shot-during-fight-with-officer-at-traffic-stop-dies/article_20b6949e-40ee-57c9-b15e-ed7729e0d353.html
365,V1-0282,Mikel Dallaire,2012-02-28,2013-08-02,Journal de Montreal,https://www.journaldequebec.com/2013/08/02/le-policier-qui-a-tire-est-blanchi
366,V1-0310,Lance Cutarm,2013-08-02,2015-01-21,Edmonton Journal,https://edmontonjournal.com/news/local-news/fatal-shooting-justified-after-police-officer-acted-in-self-defence-asirt
367,V1-0246,Jean Steven Boucher,2011-10-01,2013-06-04,CBC,https://www.cbc.ca/news/canada/calgary/rcmp-forced-to-shoot-fake-gun-wielding-man-judge-says-1.1364955
368,V1-0479,Machuar Madut,2019-02-23,2019-03-01,Winnipeg Sun,https://winnipegsun.com/news/news-news/justice-for-machuar-local-south-sudanese-community-rally-at-police-headquarters
369,V1-0505,Attachie Ashoona,2020-02-26,2020-08-27,CBC,https://www.cbc.ca/news/canada/north/nunavut-rcmp-shooting-kinngait-ottawa-investigation-1.5701075
370,V1-0527,Nazariy Geletiy,2020-09-20,2020-09-21,CBC,https://www.cbc.ca/news/canada/thunder-bay/dryden-opp-missing-vancouver-man-siu-1.5731657
371,V1-0297,Ryan Allen Walter Jacob,2013-01-31,2013-01-31,Vancouver Sun,https://vancouversun.com/news/metro/squamish-chief-says-family-in-mourning-after-son-shot-by-burnaby-rcmp
372,V1-0299,Donald Percival Thompson,2013-04-26,2015-08-17,Toronto Star,https://www.thestar.com/news/crime/toronto-police-exploring-clown-guns-for-officers/article_de01e7ac-3088-5809-b515-7d41dba1da0f.html
373,V1-0303,Ryan Natomagan-Nelson,2013-09-07,2013-08-29,Saskatoon StarPhoenix,https://global-factiva-com.myaccess.library.utoronto.ca/redir/default.aspx?P=sa&NS=16&AID=9UNI011000&an=SSP0000020130829e98t0000c&drn=drn%3aarchive.newsarticle.SSP0000020130829e98t0000c&cat=a&ep=ASI
374,V1-0305,Bob Srigley,2013-07-25,2014-02-25,Kingston Whig-Standard,https://www.thewhig.com/2014/02/25/officers-cleared-in-fatal-shooting-in-arden
375,V1-0630,Wayne Williams,1996-06-11,2000-05-09,The Globe and Mail,https://www.theglobeandmail.com/news/national/inquest-to-probe-1996-police-slaying-of-mentally-ill-man/article4163519/
376,V1-0308,Abraham Isidore Havis,2013-07-31,2020-07-12,Montreal Gazette,https://www.montrealgazette.com/news/article524809.html
377,V1-0337,Rhett Mutch,2014-01-11,2014-11-05,Times Colonist,https://www.timescolonist.com/local-news/coroner-identifies-20-year-old-man-shot-by-victoria-police-4615530
378,V1-0338,Trevor Proudman,2014-12-11,2018-06-04,Edmonton Journal,https://edmontonjournal.com/news/local-news/fatality-inquiry-to-probe-disabled-mans-in-custody-death
379,V1-0186,Trevor Grimolfson,2008-10-29,2012-06-19,Edmonton Sun,https://edmontonsun.com/2012/06/20/report-blames-drugs-not-taser-for-mans-death
380,V1-0494,Clayton Elliot Donnelly,2019-10-28,2019-11-01,Abbotsford News,https://www.abbynews.com/news/man-who-died-from-okanagan-rcmp-taser-had-mental-health-challenges-family-says-1795002
381,V1-0289,Angus David Mitchell,2012-05-30,2012-05-30,National Post,https://nationalpost.com/news/canada/rcmp-shoot-and-kill-former-security-guard-suspected-in-brutal-b-c-double-murder
382,V1-0522,Leslie Hegedus,2020-07-15,2024-03-28,Global News,https://globalnews.ca/news/10390663/coroners-inquest-to-probe-2020-police-shooting-of-haliburton-ont-man/
383,V1-0520,Jason Peterson,2020-08-07,2024-06-19,CBC,https://www.cbc.ca/news/canada/hamilton/hamilton-police-shooting-jason-peterson-inquest-1.7240070
384,V1-0636,John-Paul George,2020-04-09,2024-05-02,TimminsToday,https://www.timminstoday.com/police-beat/date-set-for-inquest-into-death-of-man-shot-by-police-after-brandishing-toy-gun-8688613
385,V1-0511,Stewart Kevin Andrews,2020-04-18,2021-12-11,Winnipeg Sun,https://winnipegsun.com/news/news-news/iiu-needs-indigenous-oversight-says-mko-grand-chief
386,V1-0541,Ray Bitternose,2021-06-07,2023-08-18,CBC,https://www.cbc.ca/news/canada/saskatchewan/coroner-inquest-bitternose-saskatchewan-indigenous-1.6940777
387,V1-0540,Lionel Ernest Grey,2021-06-18,2024-10-09,Edmonton Journal,https://edmontonjournal.com/news/crime/alberta-rcmp-asirt-lionel-grey
388,V1-0544,Kyle Gianis,2021-05-08,2021-08-05,Vancouver Sun,https://vancouversun.com/news/crime/b-c-gangster-who-survived-multiple-assassination-attempts-dies-at-enderby-campground
389,V1-0552,Ryan Nowlan,2021-12-31,2023-11-22,Telegraph-Journal,https://tj.news/saint-john-south/avoid-returning-to-high-threat-areas-after-domestic-calls-jury
390,V1-0554,Latjor Tuel,2022-02-19,2022-02-20,Calgary Herald,https://calgaryherald.com/news/crime/south-sudanese-community-in-mourning-after-fatal-police-shooting
391,V1-0651,James Kiteley,2011-02-14,2013-02-13,Hamilton Spectator,https://www.thespec.com/news/hamilton-region/cocaine-likely-factor-in-death/article_7748a660-0830-5a22-a1f4-1948cb9ddc80.html
392,V1-0561,Mathew Auchterlonie,2022-06-28,2023-01-20,Times Colonist,https://www.timescolonist.com/local-news/bank-robber-brothers-were-looking-to-kill-cops-police-say-6408196
393,V1-0567,Allan Andkilde,2022-08-16,2022-08-17,Windsor Star,https://global-factiva-com.myaccess.library.utoronto.ca/redir/default.aspx?P=sa&NS=16&AID=9UNI011000&an=WINSTR0020220817ei8h0000a&drn=drn%3aarchive.newsarticle.WINSTR0020220817ei8h0000a&cat=a&ep=ASI
394,V1-0572,Sean Petrie,2022-12-09,2023-09-12,Toronto Sun,https://global-factiva-com.myaccess.library.utoronto.ca/redir/default.aspx?P=sa&NS=16&AID=9UNI011000&an=TORSUN0020230912ej9c0000t&drn=drn%3aarchive.newsarticle.TORSUN0020230912ej9c0000t&cat=a&ep=ASI
395,V1-0574,Chris Doncaster,2022-11-10,2022-10-12,Innisfil Journal,https://www.simcoe.com/news/barrage-of-bullets-two-south-simcoe-police-officers-have-died-in-a-line-of-duty/article_f86018f4-da1a-5aea-934f-14c08d0e3070.html
396,V1-0576,Ronald Glen Herman,2022-10-27,2022-10-31,Saskatoon StarPhoenix,https://thestarphoenix.com/news/local-news/man-killed-in-police-shooting-in-saskatoon-was-shot-and-wounded-in-february-confrontation
397,V1-0592,Garry Pashe Jr.,2023-08-27,2023-09-12,CBC,https://www.cbc.ca/news/canada/british-columbia/garry-pashe-jr-revelstoke-rcmp-iio-investigation-1.6962515
398,V1-0593,Wendel Houle,2023-10-15,2023-10-16,Daily Herald-Tribune,https://www.dailyheraldtribune.com/news/grande-prairie-man-dead-rcmp-shooting
399,V1-0598,Nicholas Nembhard,2024-02-19,2024-06-21,CBC,https://www.cbc.ca/news/canada/kitchener-waterloo/fatal-shooting-kitchener-wrps-officer-man-killed-nembhard-1.7242485
400,V1-0170,Jacqueline Montgrand,2008-03-18,2010-04-16,Saskatoon StarPhoenix,https://global-factiva-com.myaccess.library.utoronto.ca/redir/default.aspx?P=sa&NS=16&AID=9UNI011000&an=SSP0000020100416e64g0000m&drn=drn%3aarchive.newsarticle.SSP0000020100416e64g0000m&cat=a&ep=ASI
401,V1-0610,Joseph Desjarlais,2024-09-19,2024-09-25,Saskatoon StarPhoenix,https://thestarphoenix.com/news/local-news/rcmp-chase-near-fishing-lake-first-nation-ends-in-death-of-wanted-man
402,V1-0413,Samuel Maloney,2016-12-23,2025-01-15,London Free Press,https://lfpress.com/news/local-news/coroners-inquest-cop-recalls-chaos-in-old-south-home-before-fatal-shooting
403,V1-0548,Justin Bourassa,2021-10-28,2021-10-29,London Free Press,https://lfpress.com/news/local-news/watchdog-releases-new-details-about-man-killed-in-london-police-shooting
404,V1-0315,Donald Menard,2013-11-11,2013-11-12,CBC,https://www.cbc.ca/news/canada/montreal/man-tasered-by-montreal-police-dies-in-hospital-1.2423309
405,V1-0205,Levi Schaeffer,2009-06-24,2016-06-12,Toronto Star,https://www.thestar.com/news/gta/mother-bankrupt-heartbroken-after-fight-for-police-accountability-in-son-s-death/article_5108648d-72ae-5646-aa92-9ccf33b1c852.html
406,V1-0163,Reuben Simeon Coleman,2007-10-12,2007-12-13,Vancouver Sun,http://myaccess.library.utoronto.ca/login?qurl=https%3A%2F%2Fwww.proquest.com%2Fnewspapers%2Fman-shot-police-identified%2Fdocview%2F242016320%2Fse-2%3Faccountid%3D14771
407,V1-0314,Simon Chung,2013-10-24,2016-11-17,Edmonton Journal,https://edmontonjournal.com/news/crime/fatality-inquiry-finds-man-tasered-by-edmonton-police-died-of-excited-delirium-linked-to-meth-use
408,V1-0269,Kaveh Sabouri Tabatabaei,2011-01-08,2011-08-08,National Post,https://nationalpost.com/posted-toronto/vigil-held-as-siu-probes-disabled-mans-death
409,V1-0307,Sammy Yatim,2013-07-27,2022-11-14,Toronto Sun,https://torontosun.com/news/local-news/coroners-inquest-into-fatal-shooting-of-teen-by-toronto-police-begins
410,V1-0300,Mladen Mesic,2013-06-07,2013-06-07,Toronto Sun,https://torontosun.com/2013/06/07/man-shot-and-killed-by-hamilton-police
411,V1-0289,Angus David Mitchell,2012-05-30,2012-05-30,Toronto Sun,https://torontosun.com/2012/05/30/rcmp-hunt-for-armed-man-in-double-murder-case
412,V1-0294,Mehrdad Bayrami,2012-11-08,2012-11-19,Toronto Sun,https://torontosun.com/2012/11/19/gunman-shot-by-police-outside-bc-casino-dies
413,V1-0299,Donald Percival Thompson,2013-04-26,2013-04-26,Toronto Sun,https://torontosun.com/2013/04/26/man-allegedly-wieldling-machete-shot-dead-by-cops
414,V1-0277,Kyle Newman,2012-01-12,2012-07-06,Toronto Sun,https://torontosun.com/2012/07/06/oakville-man-killed-wife-before-being-shot-by-police
415,V1-0347,David Andrew Doucette,2015-02-18,2015-02-19,Toronto Sun,https://torontosun.com/2015/02/19/siu-called-in-after-man-shot-dead-by-police
416,V1-0289,Angus David Mitchell,2012-05-30,2012-06-06,Toronto Sun,https://torontosun.com/2012/06/06/bc-man-shot-by-cops-had-hit-list-police
417,V1-0327,John Carlos Quadros,2014-05-09,2014-05-11,Toronto Sun,https://torontosun.com/2014/05/11/dead-gunman-in-alberta-police-shootout-a-religious-zealot
418,V1-0327,John Carlos Quadros,2014-05-09,2014-05-09,National Post,https://nationalpost.com/news/canada/three-rcmp-officers-injured-in-confrontation-with-gunman-in-northern-alberta
419,V1-0327,John Carlos Quadros,2014-05-09,2015-04-05,Edmonton Journal,https://edmontonjournal.com/news/local-news/we-have-a-martyr-in-heaven-the-murder-of-father-gilbert-dasna
420,V1-0327,John Carlos Quadros,2014-05-09,2014-05-11,CBC,https://www.cbc.ca/news/canada/edmonton/community-of-st-paul-in-shock-over-shooting-events-1.2639268
421,V1-0535,Braden Herman,2021-03-11,2023-12-05,National Post,https://nationalpost.com/news/canada/first-degree-murder-trial-of-saskatchewan-mountie-enters-second-day
422,V1-0638,Kristin Grant,2021-11-09,2024-10-21,SaskToday,https://www.sasktoday.ca/southeast/local-news/inquest-into-36-year-olds-death-to-be-held-in-kenosee-9688165
423,V1-0512,Gabriel Wortman,2020-04-19,2022-07-12,CBC,https://www.cbc.ca/news/canada/nova-scotia/n-s-mass-shooter-had-a-history-of-intimidation-violent-altercations-1.6517256
424,V1-0194,Douglas Heagle,2009-02-03,2012-01-31,Midland Mirror,https://www.simcoe.com/news/jury-hears-details-of-police-shooting/article_7d1767fe-9b8f-5c49-8a8a-910ae2305cac.html
425,V1-0221,Eric Daniels,2010-03-07,2018-07-03,National Post,https://nationalpost.com/pmn/news-pmn/canada-news-pmn/manitoba-judge-says-fatal-police-shooting-of-machete-wielding-man-was-justified
426,V1-0230,Aron Firman,2010-06-24,2013-06-06,CBC,https://www.cbc.ca/news/canada/toronto/taser-key-factor-in-man-s-death-pathologist-tells-inquest-1.1320243
427,V1-0234,Jeffrey James Wright,2010-08-06,2011-11-02,Vancouver Sun,https://vancouversun.com/news/staff-blogs/vpd-clear-langley-rcmp-officer-in-fatal-2010-shooting
428,V1-0252,Carl Kim,2011-03-12,2014-01-16,Hamilton Spectator,https://www.thespec.com/news/hamilton-region/shooting-inquest-jury-has-no-recommendations/article_b3688701-4183-57f8-96d0-cf6ab43c1065.html
429,V1-0649,Paul Kayuryuk,2012-10-15,2017-08-02,CBC,https://www.cbc.ca/news/canada/north/paul-kayuryuk-baker-lake-inquest-1.4231300
430,V1-0648,Elisapee Michael,2009-08-13,2011-04-07,CBC,https://www.cbc.ca/news/canada/north/iqaluit-woman-deemed-intoxicated-inquest-told-1.985674
431,V1-0429,Dale Culver,2017-07-18,2020-06-04,The Province,https://theprovince.com/news/local-news/b-c-family-wants-justice-for-indigenous-man-who-died-in-police-custody
432,V1-0351,Beau Baker,2015-04-02,2018-08-16,The Province,https://theprovince.com/news/local-news/inquest-into-police-shooting-that-killed-a-londoner-coming-in-february
433,V1-0488,Viengxay Chommany,2019-08-04,2024-05-20,Winnipeg Free Press,https://www.winnipegfreepress.com/breakingnews/2024/05/20/chief-medical-examiner-tells-inquest-hell-avoid-controversial-cause-of-death
434,V1-0515,Chantel Moore,2020-06-04,2020-06-05,The Province,https://theprovince.com/news/national/n-b-police-shooting-of-b-c-indigenous-woman-leads-to-questions-on-wellness-checks
435,V1-0331,John Robert Buehler,2014-09-17,2019-07-15,Calgary Sun,https://calgarysun.com/news/local-news/bushman-of-valemount-inquest-probes-fatal-police-shooting
436,V1-0517,Ejaz Choudry,2020-06-21,2021-04-06,Toronto Sun,https://torontosun.com/news/local-news/objectively-reasonable-lethal-force-justified-in-police-shooting-of-ejaz-choudry-siu
437,V1-0485,Robin Fiddler,2019-06-26,2019-06-26,Calgary Sun,https://calgarysun.com/news/crime/woman-rushed-to-hospital-police-officer-suffers-minor-injuries-in-southeast-incident
438,V1-0637,Christopher Gillman,2020-03-15,2022-10-12,Calgary Sun,https://calgarysun.com/news/local-news/peace-officers-failed-to-check-on-man-who-died-in-police-custody-asirt
439,V1-0411,Jessica Patterson,2016-11-29,2018-08-08,Calgary Sun,https://calgarysun.com/news/crime/police-watchdog-clears-calgary-police-officer-in-fatal-november-2016-shooting
440,V1-0447,Brad Allan Coburn,2018-01-28,2018-01-28,Calgary Sun,https://calgarysun.com/news/crime/update-man-shot-by-police-in-kingsland-has-since-died-from-his-injuries
441,V1-0626,Tracy Lyle Janvier,2016-08-21,2016-08-28,Edmonton Journal,https://edmontonjournal.com/news/local-news/funeral-for-man-fatally-hit-in-northern-alberta-possibly-by-rcmp-vehicle
442,V1-0358,Bradley Perrott,2015-05-22,2015-05-25,Edmonton Sun,https://edmontonsun.com/2015/05/25/2-guns-found-near-man-shot-and-killed-by-alberta-rcmp
443,V1-0287,Matthew Roke,2012-05-02,2014-04-30,Ottawa Sun,https://ottawasun.com/2014/04/30/roke-agitated-before-discharge
444,V1-0625,Norman Walter Raddatz,2015-06-08,2015-06-09,Edmonton Sun,https://edmontonsun.com/2015/06/09/bystander-who-became-part-of-edmonton-police-shooting-carnage-recalls-assisting-victim
445,V1-0625,Norman Walter Raddatz,2015-06-08,2018-07-03,National Post,https://nationalpost.com/news/canada/officer-suspect-died-no-fault-found-with-edmonton-police-in-lethal-encounter
446,V1-0296,Mike Grisch,2012-12-11,2016-10-05,Edmonton Sun,https://edmontonsun.com/2016/10/05/mother-believes-son-was-surrendering-when-shot-by-police-during-south-edmonton-bank-robbery
447,V1-0353,Don Dunphy,2015-04-05,2015-04-08,CBC,https://www.cbc.ca/news/canada/newfoundland-labrador/don-dunphy-s-tweets-a-red-herring-events-at-home-what-matter-lawyer-erin-breen-1.3025045
448,V1-0591,Omar Mohammed,2023-06-12,2023-12-13,PNI Atlantic News,https://www.saltwire.com/atlantic-canada/royal-newfoundland-constabulary-officer-cleared-of-wrongdoing-in-fatal-shooting-of-omar-mohammed-100920864
449,V1-0597,Bradley Singer,2024-02-13,2025-03-02,Winnipeg Sun,https://winnipegsun.com/opinion/columnists/gold-public-inquiry-needed-after-iiu-cover-up-in-bradley-singer-shooting
450,V1-0492,Matthew Di Giovanni,2019-09-11,2019-09-11,Toronto Sun,https://torontosun.com/news/local-news/siu-probing-death-of-man-in-interaction-with-peel-police
451,V1-0532,Martin Gordyn,2021-01-05,2021-01-06,CBC,https://www.cbc.ca/news/canada/hamilton/niagara-siu-shooting-death-women-arrested-1.5863897
452,V1-0454,Quinn E MacDougall,2018-04-03,2019-04-11,Global News,https://globalnews.ca/news/5155739/siu-hamilton-police-quinn-macdougall/
453,V1-0504,Brian Kyle Schriver,2020-02-11,2022-11-10,Global News,https://globalnews.ca/news/9269870/blairmore-lethbridge-alberta-asirt-shooting-death/
454,V1-0458,Robert Morfitt,2018-06-07,2019-04-25,The Toronto Sun,https://torontosun.com/news/local-news/t-o-cops-cleared-in-deadly-2018-scarborough-pub-shootout
455,V1-0533,Gedi Ali Gedi,2021-02-24,2021-06-23,Global News,https://globalnews.ca/news/7975743/siu-clears-officers-man-shot-dead-during-homicide-investigation-toronto/
456,V1-0120,Andrew Osidacz,2006-03-18,2006-09-08,CBC,https://www.cbc.ca/news/canada/toronto/inquest-called-into-death-of-boy-killed-by-father-1.608125
457,V1-0506,Jason Elwyn Koehler,2020-03-08,2020-06-13,The Globe and Mail,https://www.theglobeandmail.com/canada/article-lawsuit-filed-by-family-of-a-bc-man-who-died-in-a-police-2/
458,V1-0506,Jason Elwyn Koehler,2020-03-08,2024-10-28,Pique Newsmagazine,https://www.piquenewsmagazine.com/local-news/coroners-inquest-whistler-rcmp-jason-koehler-9722856
459,V1-0517,Ejaz Choudry,2020-06-20,,Toronto Star,https://www.thestar.com/news/gta/peel-police-officers-involved-in-mental-health-call-that-left-malton-man-dead-in-2020/article_377e267e-df25-11ef-8d0b-6be405752f4a.html
460,V1-0649,Paul Kayuryuk,2012-10-29,,Nunatsiaq News,https://nunatsiaq.com/stories/article/65674nunavut_rcmp_should_not_assume_unconscious_inuit_are_intoxicated_inque/
461,V1-0508,D'Andre Anthony Campbell,2020-04-06,2020-12-17,Toronto Star,https://www.thestar.com/news/gta/d-andre-deserved-better-families-of-mentally-ill-men-killed-by-peel-police-call-for/article_56ec8178-b816-5cbb-8690-dd6fe45fff44.html
462,V1-0532,Martin Gordyn,2021-01-05,2021-01-06,CTV,https://www.ctvnews.ca/toronto/article/siu-identifies-27-year-old-killed-by-police-in-niagara-on-the-lake/
463,V1-0001,Henry Hidaya Masuka,2000-01-01,2001-04-17,CBC,https://www.cbc.ca/news/canada/inquest-into-fatal-hospital-shooting-begins-1.264820
464,V1-0526,Marty (Matthew Marty) Powder,2020-09-18,2023-05-02,CBC,https://www.cbc.ca/news/canada/edmonton/edmonton-has-2nd-most-police-involved-deaths-1.6828204
465,V1-0505,Attachie Ashoona,2020-02-26,2020-08-27,CBC,https://www.cbc.ca/news/canada/north/nunavut-rcmp-shooting-kinngait-ottawa-investigation-1.5701075
466,V1-0651,James Kiteley,2011-02-14,2013-02-13,The Hamilton Spectator,https://www.thespec.com/news/hamilton-region/cocaine-likely-factor-in-death/article_7748a660-0830-5a22-a1f4-1948cb9ddc80.html
467,V1-0518,Patrick Bellemare,2020-06-20,2013-10-17,CTV,https://www.ctvnews.ca/montreal/article/police-hunt-for-dangerous-suspect/
468,V1-0534,Julian Jones,2021-02-27,2021-02-28,Parksville Qualicum Beach News,https://www.pqbnews.com/news/man-shot-and-killed-by-tofino-rcmp-in-opitsaht-1188349
469,V1-0513,Abraham Moses Natanine,2020-05-05,2020-06-30,APTN News,https://www.aptnnews.ca/national-news/death-by-rcmp-a-common-but-complex-thing-in-nunavut-says-ndp-mp-qaqqaq/
470,V1-0644,Jameson Shapiro,2020-11-26,2022-09-02,Soo Today,https://www.sootoday.com/ontario-news/theres-a-child-in-that-vehicle-audio-adds-new-detail-to-ontario-police-shooting-5774411
471,V1-0459,Clayton Norman Crawford,2018-07-03,2020-06-09,The Globe and Mail,https://www.theglobeandmail.com/canada/alberta/article-rcmp-officers-in-bc-alberta-face-charges-over-use-of-force/
472,V1-0459,Clayton Norman Crawford,2018-07-03,2022-11-21,CTV,https://www.ctvnews.ca/edmonton/article/shot-10-times-lawyers-say-mounties-acted-in-self-defence-in-deadly-alberta-shooting/
473,V1-0534,Julian Jones,2021-02-27,2022-11-23,Windspeaker,https://windspeaker.com/news/windspeaker-news/investigations-police-shootings-causing-indigenous-deaths-lack-validity
474,V1-0508,D'Andre Anthony Campbell,2020-04-06,2020-12-14,CTV,https://www.ctvnews.ca/toronto/article/ontarios-police-watchdog-clear-cops-in-fatal-shooting-of-black-man-in-brampton/
475,V1-0532,Martin Gordyn,2021-01-05,2021-01-06,Global News,https://globalnews.ca/news/7559259/dundas-woman-arrested-fatal-police-shooting-niagara-on-the-lake/
476,V1-0515,Chantel Courtney Moore,2020-06-04,2020-06-05,The Globe and Mail,https://www.theglobeandmail.com/canada/article-nb-police-shooting-of-indigenous-woman-sparks-outrage-across-canada/
477,V1-0513,Abraham Moses Natanine,2020-05-05,2025-07-25,Victoria News,https://www.vicnews.com/home2/armed-man-killed-in-confrontation-with-clyde-river-rcmp-8155266
478,V1-0644,Jameson Shapiro,2020-11-26,2024-03-25,CityNews,https://kitchener.citynews.ca/2024/03/25/charges-against-3-opp-officers-dropped-in-fatal-shooting-of-1-year-old-boy-in-kawartha-lakes/
479,V1-0520,Jason Peterson,2020-07-08,2024-11-18,CBC,https://www.cbc.ca/news/canada/ottawa/ontario-s-shift-toward-virtual-coroner-s-inquests-scoops-in-high-profile-ottawa-case-1.7375339
480,V1-0509,Eishia Hudson,2020-04-08,2024-06-01,Winnipeg Free Press,https://www.winnipegfreepress.com/breakingnews/2024/06/01/eishia-hudson-inquest-to-examine-systemic-racism-judge
481,V1-0509,Eishia Hudson,2020-04-08,2023-06-22,Global News,https://globalnews.ca/news/9784575/manitoba-advocate-report-eishia-hudson-shooting/
482,V1-0529,Sheffield Etrion Matthews,2020-10-29,2022-02-17,CBC,https://www.cbc.ca/news/canada/montreal/coroner-report-coriolan-community-response-1.6354199
483,V1-0509,Eishia Hudson,2020-04-08,2023-06-22,The Globe and Mail,https://www.theglobeandmail.com/canada/article-manitoba-childrens-advocate-denounces-police-killing-of-first-nations/
484,V1-0459,Clayton Norman Crawford,2018-07-03,2020-06-08,CBC,https://www.cbc.ca/news/canada/edmonton/rcmp-officers-charged-whitecourt-alberta-shooting-death-1.5603398
485,V1-0521,Richard Kenneth Wheeler,2020-07-09,2023-01-30,CTV,https://www.ctvnews.ca/winnipeg/article/woman-charged-following-downtown-homicide/
486,V1-0107,Paul Sheldon Saulnier,2005-07-15,2005-07-16,The Globe and Mail,https://www.theglobeandmail.com/news/national/digby-man-dies-in-police-custody-after-altercation/article1121621/
487,V1-0648,Elisapee Michael,2009-08-13,,Nunatsiaq News,https://nunatsiaq.com/stories/article/98789_coroners_inquest_looks_into_death_of_elisapee_michael/
488,V1-0588,Terry Gerald Brekka,2023-05-27,2023-09-26,Toronto Star,https://www.thestar.com/news/gta/stoney-creek-murder-investigation-reveals-more-details-including-a-dispute-over-mould/article_95fb1bb5-96f9-5802-b20d-db775c3c74fe.html
489,V1-0120,Andrew Osidacz,2006-03-18,2008-09-25,The Hamilton Spectator,https://www.thespec.com/news/hamilton-region/jared-osidacz-inquest-delayed/article_f7a2106e-c104-56b2-8ced-a5173e0a8085.html
490,V1-0526,Marty (Matthew Marty) Powder,2020-09-18,2019-07-27,CTV,https://www.ctvnews.ca/edmonton/article/man-convicted-of-violent-offences-to-live-in-edmonton/
491,V1-0533,Gedi Ali Gedi,2021-02-24,2021-06-23,Toronto Star,https://www.thestar.com/news/gta/siu-clears-police-officers-in-the-fatal-shooting-of-a-toronto-man-under-investigation-in/article_f07cec3d-fa9d-5718-9789-b303c663247d.html
492,V1-0517,Ejaz Choudry,2020-06-20,2020-06-23,Global News,https://globalnews.ca/news/7100531/ejaz-choudry-peel-police-shooting-language-barriers/
493,V1-0503,Brandon Christian,2020-02-02,2020-02-03,CBC,https://www.cbc.ca/news/canada/montreal/bei-beauce-death-surete-du-quebec-1.5449653
494,V1-0452,Matthew Mahoney,2018-03-21,2022-09-15,CTV,https://www.ctvnews.ca/windsor/article/matthew-mahoneys-mother-testifies-during-day-four-of-inquest/
495,V1-0108,Robert Mansfield Gregory,2005-08-11,2005-08-13,The Globe and Mail,https://www.theglobeandmail.com/news/national/police-shooting-of-retired-banker-shocks-ns-village/article18243882/
496,V1-0534,Julian Jones,2021-02-27,2021-03-02,Toronto Star,https://www.thestar.com/opinion/contributors/julian-jones-latest-indigenous-person-to-be-killed-by-the-rcmp/article_c0d89e91-3256-5078-a11c-efed6faec64f.html
497,V1-0529,Sheffield Etrion Matthews,2020-10-29,2020-10-30,Global News,https://globalnews.ca/news/7432984/montreal-ndg-shooting-victim-identified-investigation/
498,V1-0588,Terry Gerald Brekka,2023-05-27,2023-09-26,CBC,https://www.cbc.ca/news/canada/hamilton/landlord-tenant-shooting-victims-siu-report-1.6978441
499,V1-0001,Henry Hidaya Masuka,2000-01-01,2025-03-18,National Post,https://nationalpost.com/feature/canadas-violent-hospitals
500,V1-0522,Leslie John Hegedus,2020-07-15,2024-03-28,Global News,https://globalnews.ca/news/10390663/coroners-inquest-to-probe-2020-police-shooting-of-haliburton-ont-man/
501,V1-0526,Marty (Matthew Marty) Powder,2020-09-18,2019-07-27,Global News,https://globalnews.ca/news/5693036/convicted-violent-offender-edmonton-matthew-powder/
502,V1-0650,Kieran Kay,2017-05-22,2020-02-13,CBC,https://www.cbc.ca/news/canada/kitchener-waterloo/coronor-inquest-kieran-kay-cambridge-1.5462844
503,V1-0509,Eishia Hudson,2020-04-08,2025-04-08,CBC,https://www.cbc.ca/news/canada/manitoba/eishia-hudson-inquest-no-date-set-five-years-later-1.7504074
504,V1-0515,Chantel Courtney Moore,2020-06-04,2023-02-24,Global News,https://globalnews.ca/news/9510417/new-brunswick-police-officer-chantel-moore/
505,V1-0529,Sheffield Etrion Matthews,2020-10-29,2020-11-06,Montreal Gazette,https://montrealgazette.com/news/local-news/rally-saturday-in-n-d-g-for-black-man-killed-in-intervention-by-montreal-police
506,V1-0108,Robert Mansfield Gregory,2005-08-11,2006-05-18,CBC,https://www.cbc.ca/news/canada/nova-scotia/mountie-cleared-in-fatal-shooting-1.571122
507,V1-0107,Paul Sheldon Saulnier,2005-07-15,2005-07-20,CBC,https://www.cbc.ca/news/canada/nova-scotia/wife-turned-to-police-to-help-husband-1.533048
508,V1-0534,Julian Jones,2021-02-27,2022-11-25,Vancouver Island Free Daily,https://www.vancouverislandfreedaily.com/news/police-watchdog-clears-tofino-rcmp-officer-in-shooting-death-of-tla-o-qui-aht-man-7238287
509,V1-0513,Abraham Moses Natanine,2020-05-05,2021-04-13,The Globe and Mail,https://www.theglobeandmail.com/canada/article-investigation-into-rcmp-shooting-of-inuk-man-grossly-secretive-lawyer/
510,V1-0508,D'Andre Anthony Campbell,2020-04-06,2020-12-14,Global News,https://globalnews.ca/news/7520680/officer-no-charges-dandre-campbell-death-brampton-siu/
511,V1-0109,Kyle Andrew Tait,2005-08-23,2007-02-07,CBC,https://www.cbc.ca/news/canada/british-columbia/officer-charged-with-assault-relieved-of-duties-1.687842
512,V1-0532,Martin Gordyn,2021-01-05,2021-01-06,Toronto Star,https://www.thestar.com/news/canada/siu-working-to-identify-man-killed-by-police-in-niagara-on-the-lake/article_11b3c31e-174a-53ee-a9a0-6551246128a3.html
513,V1-0644,Jameson Shapiro,2020-11-26,2024-03-25,CBC,https://www.cbc.ca/news/canada/toronto/kawartha-lakes-shooting-opp-officers-1.7154323
514,V1-0506,Jason Elwyn Koehler,2020-03-08,2024-10-28,CTV,https://www.ctvnews.ca/vancouver/article/inquest-to-probe-mans-death-in-whistler-bc-after-being-tased-beaten-by-rcmp/
515,V1-0505,Attachie Ashoona,2020-02-26,2020-08-28,APTN News,https://www.aptnnews.ca/national-news/rcmp-release-account-after-mountie-cleared-in-fatal-shooting-of-inuk-artist-attachie-ashoona/
516,V1-0515,Chantel Courtney Moore,2020-06-04,2022-05-18,CTV,https://www.ctvnews.ca/atlantic/article/chantel-moore-shot-by-nb-police-officer-in-chest-abdomen-and-leg-inquest-hears/
517,V1-0530,Gary Brohman,2020-11-19,2020-12-01,TimminsToday,https://www.timminstoday.com/local-news/explosive-devices-found-at-site-of-gore-bay-shooting-that-claimed-officers-life-3144029
518,V1-0510,Jason Collins,2020-04-09,2021-05-06,CTV,https://www.ctvnews.ca/winnipeg/article/watchdog-clears-winnipeg-police-officers-in-fatal-shooting-of-man/
519,V1-0120,Andrew Osidacz,2006-03-18,2015-02-01,Toronto Star,https://www.thestar.com/news/gta/failure-of-criminal-family-courts-to-share-information-puts-lives-at-risk/article_8d55eed1-0510-5049-b9ae-27c0298ecd2e.html
520,V1-0505,Attachie Ashoona,2020-02-26,,Nunatsiaq News,https://nunatsiaq.com/stories/article/coroner-announces-inquest-into-rcmp-involved-shooting-of-kinngait-man/
521,V1-0111,Jeffrey Black,2005-10-18,2009-01-26,Newmarket Era,https://www.yorkregion.com/news/tasers-have-more-importance-inquest-hears/article_b4a2e3b5-cdd2-577a-9d22-b12ff41fec29.html
522,V1-0506,Jason Elwyn Koehler,2020-03-08,2020-06-13,Toronto Star,https://www.thestar.com/news/canada/lawsuit-filed-by-family-of-jason-koehler-who-died-in-a-b-c-police-confrontation/article_94b0dea4-faa4-5fa1-85cd-0157f72f85a4.html
523,V1-0516,Rodney Buckanee Levi,2020-06-12,2021-10-05,Global News,https://globalnews.ca/news/8244548/rodney-levi-inquest-mode-health-services-needed/
524,V1-0001,Henry Hidaya Masuka,2000-01-01,2001-05-02,The Globe and Mail,https://www.theglobeandmail.com/news/national/gun-wielding-man-wanted-police-to-fire-inquest-told/article18292034/
525,V1-0522,Leslie John Hegedus,2020-07-15,2020-08-27,MuskokaRegion.com,https://www.muskokaregion.com/news/siu-identifies-man-fatally-shot-in-haliburton-after-alleged-refusal-to-wear-a-mask/article_b6096cdd-d5ff-5514-a59f-237fe2e42182.html?
526,V1-0534,Julian Jones,2021-02-27,2022-04-25,CBC,https://www.cbc.ca/news/canada/british-columbia/tla-o-qui-aht-chief-iio-monitor-1.6430799
527,V1-0522,Leslie John Hegedus,2020-07-15,2020-08-27,The Globe and Mail,https://www.theglobeandmail.com/canada/article-siu-identifies-73-year-old-man-fatally-shot-by-police-in-haliburton/
528,V1-0530,Gary Brohman,2020-11-19,2021-03-26,Toronto Star,https://www.thestar.com/news/canada/shots-fired-i-need-assistance-now-siu-report-details-chaotic-shooting-that-left-opp-officer/article_12bf00fb-a6c5-57a4-bf8f-ab234fadab5f.html
529,V1-0644,Jameson Shapiro,2020-11-26,2022-08-31,Peterborough Examiner,https://www.thepeterboroughexaminer.com/news/three-kawartha-lakes-opp-officers-charged-in-shooting-death-of-18-month-old-jameson-shapiro/article_359b1e2a-f4c0-57ea-b00b-2edd89b2db5e.html
530,V1-0515,Chantel Courtney Moore,2020-06-04,2021-11-19,Trail Times,https://www.trailtimes.ca/news/police-commission-clears-officer-in-b-c-womans-shooting-death-5062496
531,V1-0515,Chantel Courtney Moore,2020-06-04,2024-05-30,NB Media Co-op,https://nbmediacoop.org/2024/05/30/chantel-was-sunshine-centralizing-indigenous-mothering-in-an-honouring-story-of-chantel-moore/
532,V1-0506,Jason Elwyn Koehler,2020-03-08,2021-10-20,CBC,https://www.cbc.ca/news/canada/british-columbia/iio-jason-koehler-death-rcmp-1.6218284
533,V1-0514,Phillip Blair,2020-05-06,2020-05-15,CBC,https://www.cbc.ca/news/canada/edmonton/alberta-rcmp-shooting-blackfalds-1.5570254
534,V1-0513,Abraham Moses Natanine,2020-05-05,2021-10-04,CBC,https://www.cbc.ca/news/canada/north/coroner-inquest-rcmp-fatal-shooting-nunavut-1.6198980
535,V1-0456,Bradley Thomas Clattenburg,2018-05-26,2018-05-27,CTV,https://www.ctvnews.ca/atlantic/article/officials-identify-nova-scotia-man-fatally-shot-by-police-saturday/
536,V1-0527,Nazariy Geletiy,2020-09-20,2020-09-21,CBC,https://www.cbc.ca/news/canada/thunder-bay/dryden-opp-missing-vancouver-man-siu-1.5731657
537,V1-0505,Attachie Ashoona,2020-02-26,2020-08-25,The Globe and Mail,https://www.theglobeandmail.com/canada/article-nunavut-leaders-call-for-answers-after-officer-cleared-in-shooting-of/
538,V1-0501,Benoit Chabot,2020-01-17,2020-01-18,Le Journal de Montréal,https://www.journaldemontreal.com/2020/01/18/un-homme-abattu-par-les-policiers-a-shawinigan-1
539,V1-0117,Alessandro Fiacco,2005-12-24,2008-02-07,CBC,https://www.cbc.ca/news/canada/edmonton/taser-didn-t-cause-edmonton-man-s-death-fatality-report-1.761583
540,V1-0522,Leslie John Hegedus,2020-07-15,2021-07-26,CBC,https://www.cbc.ca/news/canada/toronto/siu-officers-shot-haliburton-man-leslie-hegedus-cleared-1.6118069
541,V1-0457,Jeremy Stephens,2018-05-27,,CBC,https://www.cbc.ca/newsinteractives/features/shot-in-the-dark-the-death-of-jeremy-stephens
542,V1-0516,Rodney Buckanee Levi,2020-06-12,2021-10-08,CBC,https://www.cbc.ca/news/canada/new-brunswick/rodney-levi-inquest-jury-ruling-1.6204506
543,V1-0508,D'Andre Anthony Campbell,2020-04-06,2020-12-14,INsauga,https://www.insauga.com/bramptons-ndp-mpps-slam-findings-of-siu-in-peel-police-shooting-death-of-dandre-campbell/
544,V1-0505,Attachie Ashoona,2020-02-26,2020-08-27,Northern News Services,https://www.nnsl.com/nunavut-news/rcmp-release-some-details-relating-to-police-officer-who-shot-man-to-death-in-kinngait-7265944
545,V1-0109,Kyle Andrew Tait,2005-08-23,2006-05-02,The Globe and Mail,https://www.theglobeandmail.com/news/national/tait-case-driver-pleads-guilty/article708207/
546,V1-0650,Kieran Kay,2017-05-22,2019-04-04,Waterloo Region Record,https://www.therecord.com/news/waterloo-region/coroners-inquest-called-into-2017-death-of-cambridge-man/article_209e8648-423f-5752-87f4-063139f8eed8.html
547,V1-0455,Josephine Shelly Lynn Pelletier,2018-05-17,2023-04-04,APTN News,https://www.aptnnews.ca/national-news/21-seconds-anatomy-of-the-police-shooting-that-killed-josephine-pelletier/
548,V1-0115,Mohamed Anas Bennis,2005-12-01,2011-04-27,Le Journal de Montréal,https://www.journaldemontreal.com/2011/04/27/lenquete-sur-la-mort-mohamed-anas-bennis-souvre
549,V1-0513,Abraham Moses Natanine,2020-05-05,2021-04-20,Toronto Star,https://www.thestar.com/news/canada/this-system-is-broken-nunavut-rcmp-release-few-details-on-man-shot-dead-by-police/article_c24dd236-a067-50d4-ae6f-81e0e1cc1799.html
550,V1-0534,Julian Jones,2021-02-27,2022-04-26,APTN News,https://www.aptnnews.ca/national-news/chief-of-b-c-first-nation-will-look-over-police-watchdogs-report-on-fatal-shooting-of-julian-jones/
551,V1-0510,Jason Collins,2020-04-09,2025-03-12,Winnipeg Free Press,https://www.winnipegfreepress.com/breakingnews/2025/03/12/officers-acted-appropriately-in-fatal-domestic-dispute-shooting-inquest-judge-concludes
552,V1-0504,Brian Kyle Schriver,2020-02-11,2007-10-31,CBC,https://www.cbc.ca/news/canada/mulroney-tried-to-cover-up-cash-payments-he-received-in-hotel-rooms-schreiber-1.648379
553,V1-0508,D'Andre Anthony Campbell,2020-04-06,2021-02-16,Brampton Guardian,https://www.bramptonguardian.com/news/peel-police-had-come-to-dandre-campbells-brampton-home-many-times-to-help-so-why/article_0a52722a-71d6-5a87-9ad5-91da54fc1780.html
554,V1-0115,Mohamed Anas Bennis,2005-12-01,2008-08-15,CBC,https://www.cbc.ca/news/canada/montreal/montreal-police-ordered-to-review-2005-fatal-shooting-1.719656
555,V1-0118,Zunga Ramadan Bashir,2005-12-30,2009-07-20,CBC,https://www.cbc.ca/news/canada/manitoba/winnipeg-police-shot-man-as-only-option-judge-1.788912
556,V1-0644,Jameson Shapiro,2020-11-26,2021-01-27,Toronto Star,https://www.thestar.com/opinion/star-columnists/why-is-almost-everything-about-his-shooting-death-a-secret/article_3aa3ce3d-2c2b-502b-b019-895d2a3f01a5.html
557,V1-0521,Richard Kenneth Wheeler,2020-07-09,2023-01-30,CBC,https://www.cbc.ca/news/canada/manitoba/richard-darryl-wheeler-homicide-arrest-1.6730659
558,V1-0534,Julian Jones,2021-02-27,2022-11-25,Nelson Star,https://www.nelsonstar.com/news/police-watchdog-clears-b-c-rcmp-officer-in-shooting-death-of-indigenous-man-4908372
559,V1-0511,Stewart Kevin Andrews,2020-04-18,2020-04-18,Winnipeg Free Press,https://www.winnipegfreepress.com/breakingnews/2020/04/18/third-police-shooting-in-two-weeks-results-in-death-of-22-year-old-man
560,V1-0520,Jason Peterson,2020-07-08,2024-06-19,Global News,https://globalnews.ca/news/10576159/ontarios-coroner-opens-inquest-into-2020-shooting-death-of-hamilton-man/
561,V1-0113,Michael Kolisnyk,2005-10-29,2005-12-20,The Globe and Mail,https://www.theglobeandmail.com/news/national/watchdog-rules-police-justified-in-shooting-death/article18255557/
562,V1-0512,Gabriel Wortman,2020-04-19,2022-05-03,CTV,https://www.ctvnews.ca/atlantic/article/nova-scotia-gunman-drew-police-attention-10-years-before-mass-shooting/
563,V1-0504,Brian Kyle Schriver,2020-02-11,2013-01-22,Toronto Star,https://www.thestar.com/entertainment/arnold-schwarzenegger-says-he-still-loves-maria-shriver/article_13e519f3-c1e7-5d50-be88-d08d5c69bfac.html
564,V1-0514,Phillip Blair,2020-05-06,2022-06-22,CTV,https://www.ctvnews.ca/politics/article/blair-denies-interference-in-rcmp-investigation-into-nova-scotia-mass-shooting/
565,V1-0534,Julian Jones,2021-02-27,2023-07-14,CTV,https://www.ctvnews.ca/vancouver/vancouver-island/article/watchdog-releases-details-of-fatal-police-shooting-of-indigenous-man-near-tofino/
566,V1-0512,Gabriel Wortman,2020-04-19,2022-04-06,CBC,https://www.cbc.ca/news/canada/nova-scotia/rcmp-officers-describe-how-they-killed-portapique-gunman-1.6410834
567,V1-0521,Richard Kenneth Wheeler,2020-07-09,2020-07-10,Global News,https://globalnews.ca/news/7163428/police-shooting-eastern-passage-mental-health-supports/
568,V1-0503,Brandon Christian,2020-02-02,2020-02-03,Global News,https://globalnews.ca/news/6498613/police-watchdog-shooting-sq-officer/
569,V1-0120,Andrew Osidacz,2006-03-18,2006-03-20,The Globe and Mail,https://www.theglobeandmail.com/news/national/siu-probes-death-of-man-sought-in-stabbing/article18159149/
570,V1-0456,Bradley Thomas Clattenburg,2018-05-26,2018-05-27,Global News,https://globalnews.ca/news/4234830/nova-scotia-serious-incident-investigator-identifies-man-killed-by-police-in-westphal/
571,V1-0644,Jameson Shapiro,2020-11-26,2022-09-01,The Toronto Sun,https://torontosun.com/news/local-news/warmington-tragedy-for-baby-jamesons-family-and-for-three-officers-charged-in-his-death
572,V1-0460,Lyle Cory Crane,2018-07-17,2016-01-28,Global News,https://globalnews.ca/news/2484930/rcmp-search-for-suspect-after-man-robbed-kidnapped-in-edmonton/
573,V1-0511,Stewart Kevin Andrews,2020-04-18,2021-12-02,CTV,https://www.ctvnews.ca/winnipeg/article/no-charges-for-winnipeg-police-officer-who-fatally-shot-armed-man-five-times-police-watchdog/
574,V1-0116,Howard Glenn Fleury,2005-12-02,2005-12-08,CBC,https://www.cbc.ca/news/canada/manitoba/suicide-not-a-factor-in-police-shooting-victim-s-family-1.559477
575,V1-0513,Abraham Moses Natanine,2020-05-05,,Nunatsiaq News,https://nunatsiaq.com/stories/article/no-grounds-for-charges-in-clyde-river-rcmp-shooting-ottawa-police-say/
576,V1-0530,Gary Brohman,2020-11-19,2020-11-22,The Globe and Mail,https://www.theglobeandmail.com/canada/article-civilian-identified-in-fatal-manitoulin-island-shooting-that-also-2/
577,V1-0504,Brian Kyle Schriver,2020-02-11,2020-02-15,CTV,https://www.ctvnews.ca/calgary/article/beyond-shocked-questions-unanswered-for-family-of-man-shot-dead-by-police-in-blairmore/
578,V1-0532,Martin Gordyn,2021-01-05,2021-01-06,YorkRegion.com,https://www.yorkregion.com/news/siu-investigating-fatal-police-shooting-in-niagara/article_bf2f46e4-c616-54e6-9610-f11b19a2a18f.html
579,V1-0453,Abderrahmane Bettahar,2018-03-29,2020-06-18,Calgary Herald,https://calgaryherald.com/news/local-news/rcmp-use-of-lethal-force-necessary-and-reasonable-against-nadia-el-dibs-killer
580,V1-0454,Quinn E MacDougall,2018-04-03,2022-03-02,CBC,https://www.cbc.ca/news/canada/hamilton/quinn-macdougall-police-shooting-inquest-filice-1.6370101
581,V1-0105,James Foldi,2005-07-01,2006-02-03,Niagara This Week,https://www.niagarathisweek.com/news/siu-findings-outrage-james-foldis-family/article_e3f377c2-d2c8-56d7-ab35-0c4aef5f5bbd.html
582,V1-0502,Ricardo Mirabelles,2020-01-18,2020-02-03,Global News,https://globalnews.ca/news/6499809/suspect-dead-toronto-police-involved-shooting-siu/
583,V1-0530,Gary Brohman,2020-11-19,2021-03-27,CBC,https://www.cbc.ca/news/canada/sudbury/man-killed-ontario-officer-had-arsenal-of-guns-bombs-siu-1.5966915
584,V1-0456,Bradley Thomas Clattenburg,2018-05-26,2018-05-27,CBC,https://www.cbc.ca/news/canada/nova-scotia/sirt-names-truro-man-killed-by-police-in-dartmouth-1.4679896
585,V1-0453,Abderrahmane Bettahar,2018-03-29,2018-04-18,CTV,https://www.ctvnews.ca/calgary/article/cps-confirms-nadia-el-dib-was-stabbed-roughly-40-times-by-former-boyfriend-before-being-shot/
586,V1-0521,Richard Kenneth Wheeler,2020-07-09,2020-07-13,Halifax Examiner,https://www.halifaxexaminer.ca/policing/family-of-eastern-passage-man-shot-dead-by-police-says-he-was-holding-a-pellet-gun/
587,V1-0511,Stewart Kevin Andrews,2020-04-18,2022-04-07,CBC,https://www.cbc.ca/news/canada/manitoba/stewart-kevin-andrews-police-shooting-lawsuit-1.6412598
588,V1-0503,Brandon Christian,2020-02-02,2020-02-22,Le Journal de Montréal,https://www.journaldemontreal.com/2020/02/22/abattu-par-la-police-funerailles-de-lex-hockeyeur-brandon-christian-en-beauce
589,V1-0118,Zunga Ramadan Bashir,2005-12-30,2023-09-12,Winnipeg Free Press,https://www.winnipegfreepress.com/featured/2023/09/12/a-pattern-of-none-and-done
590,V1-0517,Ejaz Choudry,2020-06-20,2024-04-29,Brampton Guardian,https://www.bramptonguardian.com/news/judge-rejects-extraordinary-publication-ban-on-names-of-peel-cops-in-shooting-death-of-mentally/article_b4bc85fd-477c-5f66-9c63-8037595ba232.html
591,V1-0644,Jameson Shapiro,2020-11-26,2024-03-26,The Globe and Mail,https://www.theglobeandmail.com/canada/article-opp-charges-withdrawn-toddler-death/
592,V1-0459,Clayton Norman Crawford,2018-07-03,2020-09-10,Global News,https://globalnews.ca/news/7326910/alberta-mounties-manslaughter-charges-2018-shooting/
593,V1-0533,Gedi Ali Gedi,2021-02-24,2021-02-24,CBC,https://www.cbc.ca/news/canada/toronto/siu-toronto-shooting-1.5926208
594,V1-0530,Gary Brohman,2020-11-19,2020-11-23,Global News,https://globalnews.ca/news/7478634/opp-officer-marc-hovingh-procession-toronto-manitoulin-island-ontario/
595,V1-0517,Ejaz Choudry,2020-06-20,2024-04-29,CBC,https://www.cbc.ca/news/canada/toronto/ejaz-choudry-lawsuit-death-anonymity-ruling-1.7188417
596,V1-0512,Gabriel Wortman,2020-04-19,2022-09-06,Toronto Star,https://www.thestar.com/news/canada/the-cop-and-the-killer-how-a-mountie-tried-for-years-to-use-nova-scotia/article_a57ca5ff-793a-55cc-b94a-f609123c6081.html
597,V1-0532,Martin Gordyn,2021-01-05,2021-01-06,The Toronto Sun,https://torontosun.com/news/provincial/man-shot-dead-by-police-in-niagara-on-the-lake
598,V1-0514,Phillip Blair,2020-05-06,2021-05-28,Global News,https://globalnews.ca/news/7903842/fort-macleod-death-manslaughter-alberta-rcmp/
599,V1-0522,Leslie John Hegedus,2020-07-15,2020-08-27,Toronto.com,https://www.toronto.com/news/siu-identifies-man-killed-after-confrontation-that-began-when-he-reportedly-refused-to-wear-mask/article_c09adce2-634c-5e6f-bd31-3d2792d4c15a.html
600,V1-0453,Abderrahmane Bettahar,2018-03-29,2018-03-29,Global News,https://globalnews.ca/news/4114945/adam-bettahar-nadia-el-dib-rcmp-mountie-shot-evansburg/
601,V1-0515,Chantel Courtney Moore,2020-06-04,2021-06-08,APTN News,https://www.aptnnews.ca/national-news/family-of-chantel-moore-outraged-with-decision-to-not-charge-officer-who-shot-her/
602,V1-0512,Gabriel Wortman,2020-04-19,2020-05-12,Global News,https://globalnews.ca/news/6933586/nova-scotia-shooting-rcmp-vehicle-photo-gunmans-home/
603,V1-0513,Abraham Moses Natanine,2020-05-05,2021-04-21,Global News,https://globalnews.ca/news/7778195/nunavut-rcmp-shooting-spouse-ottawa-police/
604,V1-0505,Attachie Ashoona,2020-02-26,2020-08-24,Global News,https://globalnews.ca/news/7295723/rcmp-kinngait-shooting-ottawa-police/
605,V1-0527,Nazariy Geletiy,2020-09-20,2020-09-20,The Globe and Mail,https://www.theglobeandmail.com/canada/british-columbia/article-siu-launches-probe-after-missing-vancouver-man-dies-of-gunshot-wound/
606,V1-0505,Attachie Ashoona,2020-02-26,2020-08-27,Winnipeg Free Press,https://www.winnipegfreepress.com/canada/2020/08/27/northern-rcmp-provide-details-around-shooting-death-of-nunavut-man
607,V1-0649,Paul Kayuryuk,2012-10-29,2017-08-02,CBC,https://www.cbc.ca/news/canada/north/paul-kayuryuk-baker-lake-inquest-1.4231300
608,V1-0520,Jason Peterson,2020-07-08,2024-10-08,The Hamilton Spectator,https://www.thespec.com/news/hamilton-region/inquest-date-set-for-hamilton-man-shot-dead-by-police/article_739f157c-69f2-5b79-9923-c6fd48eed27f.html
609,V1-0522,Leslie John Hegedus,2020-07-15,2021-07-27,CTV,https://www.ctvnews.ca/barrie/article/he-had-intent-on-killing-police-officers-siu-clears-officers-in-fatal-minden-ont-shooting-last-july/
610,V1-0506,Jason Elwyn Koehler,2020-03-08,2020-06-14,Global News,https://globalnews.ca/news/7065063/family-of-man-who-died-after-being-tasered-pepper-sprayed-by-whistler-rcmp-sues/
611,V1-0588,Terry Gerald Brekka,2023-05-27,2023-05-28,Global News,https://globalnews.ca/news/9728444/double-homicide-east-hamilton-landlord-tenant/
612,V1-0454,Quinn E MacDougall,2018-04-03,2022-01-19,The Hamilton Spectator,https://www.thespec.com/news/hamilton-region/province-calls-inquest-into-police-shooting-of-quinn-macdougall/article_eeec0416-4bda-5f07-b1dc-f2e252710875.html
613,V1-0502,Ricardo Mirabelles,2020-01-18,2020-02-03,Toronto.com,https://www.toronto.com/news/scarborough-murder-suspect-dies-in-hospital-after-police-shooting/article_75b441ee-ce9e-505f-9822-cf5c57b6171e.html
614,V1-0502,Ricardo Mirabelles,2020-01-18,2020-02-03,The Toronto Sun,https://torontosun.com/news/crime/accused-murderer-of-innocent-woman-in-brothel-dies-in-hospital
615,V1-0510,Jason Collins,2020-04-09,2020-08-29,The Globe and Mail,https://www.theglobeandmail.com/canada/article-families-await-answers-in-three-fatal-shootings-of-indigenous-people/
616,V1-0453,Abderrahmane Bettahar,2018-03-29,2018-03-30,The Calgary Sun,https://calgarysun.com/news/crime/calgary-murder-suspect-dead-mountie-wounded-in-shootout
617,V1-0502,Ricardo Mirabelles,2020-01-18,2020-02-03,Toronto Star,https://www.thestar.com/news/gta/man-shot-by-toronto-police-last-month-has-died-siu-says/article_8d576a0c-d47c-5ccf-94e9-c7cae9e1dfd6.html
618,V1-0510,Jason Collins,2020-04-09,2021-05-05,CBC,https://www.cbc.ca/news/canada/manitoba/iiu-winnipeg-police-jason-collins-police-shooting-1.6015046
619,V1-0650,Kieran Kay,2017-05-22,2020-02-13,Cambridge Times,https://www.cambridgetimes.ca/news/inquest-to-begin-next-month-in-death-of-26-year-old-cambridge-man/article_08c24a72-6702-52a0-9582-a944ff1d6c89.html
620,V1-0001,Henry Hidaya Masuka,2000-01-01,2011-12-10,Toronto Star,https://www.thestar.com/news/crime/in-tailspin-after-police-shootings-former-swat-team-leader-lifts-veil-on-post-traumatic-stress/article_e58762c8-288b-51eb-baee-a4d82859d4d7.html
621,V1-0502,Ricardo Mirabelles,2020-01-18,2020-01-27,CTV,https://www.ctvnews.ca/calgary/article/toronto-man-charged-with-1st-degree-murder-has-connections-to-calgary-police/
622,V1-0453,Abderrahmane Bettahar,2018-03-29,2018-03-26,CBC,https://www.cbc.ca/news/canada/calgary/calgary-homicide-battahar-ford-explorer-1.4592944
623,V1-0119,Rajesh Owaan,2006-01-16,2008-08-16,Toronto Star,https://www.thestar.com/news/father-turns-to-private-investigator-after-sons-death/article_741297f8-ae93-554d-9908-28a62eb3b914.html
624,V1-0002,Long Duy Hoang,2000-01-07,2023-05-02,CBC,https://www.cbc.ca/news/canada/edmonton/edmonton-has-2nd-most-police-involved-deaths-1.6828204
625,V1-0648,Elisapee Michael,2009-08-13,2010-11-15,CBC,https://www.cbc.ca/news/canada/north/inquest-into-iqaluit-woman-s-death-delayed-1.956226
626,V1-0529,Sheffield Etrion Matthews,2020-10-29,2022-02-24,CTV,https://www.ctvnews.ca/montreal/article/no-charges-for-montreal-police-officer-who-shot-and-killed-armed-man-in-distress/
627,V1-0502,Ricardo Mirabelles,2020-01-18,2022-06-09,CBC,https://www.cbc.ca/news/canada/toronto/police-charge-ricardo-gomez-confidential-information-1.6482701
628,V1-0516,Rodney Buckanee Levi,2020-06-12,2024-09-11,CTV,https://www.ctvnews.ca/atlantic/article/in-2020-new-brunswick-police-fatally-shot-two-indigenous-people-prompting-protests/
629,V1-0516,Rodney Buckanee Levi,2020-06-12,2021-01-27,The Globe and Mail,https://www.theglobeandmail.com/canada/article-prosecutors-rule-out-charges-in-rcmp-shooting-of-rodney-levi/
630,V1-0517,Ejaz Choudry,2020-06-20,2021-04-07,The Globe and Mail,https://www.theglobeandmail.com/canada/article-report-clears-peel-police-in-shooting-death-of-ejaz-choudry/
631,V1-0508,D'Andre Anthony Campbell,2020-04-06,2020-12-17,CBC,https://www.cbc.ca/news/canada/toronto/dandre-campbell-peel-police-fatal-shooting-siu-1.5845059
632,V1-0534,Julian Jones,2021-02-27,2024-07-08,Castlegar News,https://www.castlegarnews.com/news/families-of-indigenous-people-killed-by-police-call-for-bc-public-inquiry-7431618
633,V1-0509,Eishia Hudson,2020-04-08,2023-06-22,APTN News,https://www.aptnnews.ca/national-news/manitoba-child-advocate-releases-report-on-fatal-police-shooting-of-eishia-hudson/
634,V1-0516,Rodney Buckanee Levi,2020-06-12,2021-10-04,APTN News,https://www.aptnnews.ca/national-news/rodney-levi-rcmp-shooting-death-new-brunswick/
635,V1-0644,Jameson Shapiro,2020-11-26,2024-03-25,Global News,https://globalnews.ca/news/10381911/charges-dropped-kawartha-lakes-opp-officers-shooting-killed-toddler/
636,V1-0509,Eishia Hudson,2020-04-08,2024-06-03,CTV,https://www.ctvnews.ca/winnipeg/article/inquest-into-death-of-eishia-hudson-to-look-at-systemic-racism-use-of-force/
637,V1-0522,Leslie John Hegedus,2020-07-15,2020-08-27,Peterborough Examiner,https://www.thepeterboroughexaminer.com/news/crime/haliburton-highlands-police-shooting-victim-identified-as-leslie-hegedus/article_e138ce22-4bfe-5df1-8c7a-511068a3723c.html
638,V1-0452,Matthew Mahoney,2018-03-21,2022-09-13,CBC,https://www.cbc.ca/news/canada/windsor/matthew-mahoney-inquest-1.6580547
639,V1-0531,Chester Libo-on,2021-01-05,2025-04-24,Squamish Chief,https://www.squamishchief.com/highlights/many-mental-health-calls-dont-require-cops-program-shows-10568348
640,V1-0116,Howard Glenn Fleury,2005-12-02,2009-06-23,Winnipeg Free Press,https://www.winnipegfreepress.com/local/2009/06/23/officer-told-of-suicide-by-cop-inquest-hears-2
641,V1-0457,Jeremy Stephens,2018-05-27,2019-03-05,Toronto Star,https://www.thestar.com/news/canada/police-watchdog-clears-three-p-e-i-police-officers-in-fatal-shooting/article_efa3aa2a-ee78-5fe5-8f87-c07c06ceabaa.html
642,V1-0516,Rodney Buckanee Levi,2020-06-12,2020-06-13,Toronto Star,https://www.thestar.com/news/canada/indigenous-leaders-demand-answers-as-new-brunswick-community-mourns-rodney-levi-shot-and-killed-by/article_bda10c26-eace-5acd-85d1-332e687a4d58.html
643,V1-0533,Gedi Ali Gedi,2021-02-24,2021-02-24,Toronto.com,https://www.toronto.com/news/man-killed-in-toronto-police-shooting-at-downtown-building-identified/article_04e1febc-0909-5511-a45c-838aeaf46dcb.html
644,V1-0102,Stephane Michaud,2005-06-05,2018-04-05,CBC,https://www.cbc.ca/news/canada/ottawa/ottawa-police-deadly-force-project-1.4602874
645,V1-0516,Rodney Buckanee Levi,2020-06-12,2021-10-04,Winnipeg Free Press,https://www.winnipegfreepress.com/canada/2021/10/04/new-brunswick-coroners-inquest-into-fatal-shooting-of-rodney-levi-hears-911-calls
646,V1-0515,Chantel Courtney Moore,2020-06-04,2023-02-23,CBC,https://www.cbc.ca/news/canada/new-brunswick/chantel-moore-shooting-lawsuit-defence-1.6750728
647,V1-0517,Ejaz Choudry,2020-06-20,2024-04-29,CTV,https://www.ctvnews.ca/toronto/article/identities-of-officers-involved-in-death-of-mississauga-father-ejaz-choudry-to-be-made-public-court-rules/
648,V1-0107,Paul Sheldon Saulnier,2005-07-15,2010-01-30,PNI Atlantic News,https://www.saltwire.com/atlantic-canada/rcmp-watchdog-launches-taser-investigation-36744
649,V1-0120,Andrew Osidacz,2006-03-18,2021-07-29,The Brantford Expositor,https://www.brantfordexpositor.ca/news/julie-craven-wins-again-in-court
650,V1-0652,Kuhkpaw Moo,2024-07-16,2024-11-15,The London Free Press,https://lfpress.com/news/local-news/london-officers-cleared-in-fatal-shooting-of-man-who-killed-girlfriend
651,V1-0358,Bradley Perrott,2015-05-22,2020-07-29,PNI Atlantic News,https://www.saltwire.com/nova-scotia/its-hard-to-know-who-is-covering-whose-butt-in-mass-shooting-probe-psychologist-479046
652,V1-0451,Pierre Charron,2018-02-25,2019-03-20,The Ottawa Citizen,https://ottawacitizen.com/news/local-news/ottawa-police-officer-who-shot-stabbing-suspect-was-justified-siu
653,V1-0451,Pierre Charron,2018-02-25,2018-02-27,The Ottawa Citizen,https://ottawacitizen.com/news/local-news/slain-suspect-advanced-on-officer-before-fatal-shooting
654,V1-0452,Matthew Mahoney,2018-03-21,2022-09-23,The Windsor Star,https://windsorstar.com/news/local-news/jury-reaches-decision-in-mahoney-inquest
655,V1-0452,Matthew Mahoney,2018-03-21,2022-09-13,The Windsor Star,https://windsorstar.com/news/local-news/draft-head-officer-recalls-day-of-matthew-mahoneys-death
656,V1-0456,Bradley Thomas Clattenburg,2018-05-26,2019-01-10,PNI Atlantic News,https://www.saltwire.com/nova-scotia/experts-question-police-tactics-in-killing-of-truro-man-274801
657,V1-0456,Bradley Thomas Clattenburg,2018-05-26,2018-06-07,PNI Atlantic News,https://www.saltwire.com/nova-scotia/family-longs-for-answers-in-mans-death-during-rcmp-confrontation-275045
658,V1-0457,Jeremy Stephens,2018-05-27,2019-03-05,PNI Atlantic News,https://www.saltwire.com/prince-edward-island/update-no-charges-laid-against-summerside-police-officers-involved-in-fatal-shooting-289678
659,V1-0457,Jeremy Stephens,2018-05-27,2018-06-18,PNI Atlantic News,https://www.saltwire.com/prince-edward-island/updated-mother-of-man-shot-by-summerside-police-calling-for-coroners-inquest-wants-answers-219424
660,V1-0459,Clayton Norman Crawford,2018-07-03,2022-12-09,Edmonton Journal,https://edmontonjournal.com/news/local-news/jury-finds-mounties-accused-of-manslaughter-in-2018-shooting-death-not-guilty
661,V1-0459,Clayton Norman Crawford,2018-07-03,2022-11-30,Edmonton Journal,https://edmontonjournal.com/news/local-news/i-dont-want-to-die-rcmp-officer-describes-opening-fire-during-chaotic-attempted-arrest-that-left-man-dead
662,V1-0459,Clayton Norman Crawford,2018-07-03,2020-06-08,National Post,https://nationalpost.com/news/national/newsalert-2-alberta-mounties-charged-in-connection-to-2018-shooting-death
663,V1-0460,Lyle Cory Crane,2018-07-17,2016-01-28,Edmonton Journal,https://edmontonjournal.com/news/crime/police-seek-suspect-in-edmonton-kidnapping
664,V1-0506,Jason Elwyn Koehler,2020-03-08,,North Shore News,https://www.nsnews.com/local-news/man-who-died-in-police-incident-identified-as-whistler-business-owner-3118537
665,V1-0506,Jason Elwyn Koehler,2020-03-08,2020-06-12,The Vancouver Sun,https://vancouversun.com/news/local-news/lawsuit-alleges-rcmp-misconduct-in-death-of-whistler-business-owner
666,V1-0512,Gabriel Wortman,2020-04-19,2022-09-28,PNI Atlantic News,https://www.saltwire.com/atlantic-canada/no-evidence-to-lead-any-reasonable-person-to-believe-nova-scotia-mass-shooter-was-police-agent-100777917
667,V1-0514,Phillip Blair,2020-05-06,2020-06-10,National Post,https://nationalpost.com/news/reforms-to-rcmp-canadian-justice-system-coming-as-protests-sweep-world-public-safety-minister-says
668,V1-0515,Chantel Courtney Moore,2020-06-04,2020-06-05,The Vancouver Sun,https://vancouversun.com/news/b-c-woman-fatally-shot-by-police-in-new-brunswick
669,V1-0516,Rodney Buckanee Levi,2020-06-12,,North Shore News,https://www.nsnews.com/national-news/new-brunswick-coroners-jury-says-2020-police-killing-of-rodney-levi-was-a-homicide-4497885
670,V1-0521,Richard Kenneth Wheeler,2020-07-09,2020-07-13,PNI Atlantic News,https://www.saltwire.com/nova-scotia/rcmp-didnt-try-to-de-escalate-in-fatal-shooting-of-eastern-passage-man-witness-472937
671,V1-0521,Richard Kenneth Wheeler,2020-07-09,2010-07-01,PNI Atlantic News,https://www.saltwire.com/atlantic-canada/officers-civilian-employee-recognized-for-dedication-to-careers-141017
672,V1-0525,Matthew Reuben Rice,2020-09-09,2012-12-03,PNI Atlantic News,https://www.saltwire.com/prince-edward-island/alcohol-fuelled-rampage-leads-to-five-month-sentence-53109
673,V1-0525,Matthew Reuben Rice,2020-09-09,2019-02-20,PNI Atlantic News,https://www.saltwire.com/prince-edward-island/kensington-man-sentenced-for-threatening-to-kill-police-officers-285979
674,V1-0526,Marty Powder,2020-09-18,2020-09-20,Edmonton Journal,https://edmontonjournal.com/news/local-news/man-killed-during-police-shooting-in-edmonton-alley-identified-by-family-as-person-trying-to-turn-his-life-around
675,V1-0527,Nazariy Geletiy,2020-09-20,2020-09-20,The Vancouver Sun,https://vancouversun.com/news/investigation-launched-after-missing-vancouver-man-dies-of-gunshot-wound-in-ontario
676,V1-0527,Nazariy Geletiy,2020-09-20,2025-07-30,The London Free Press,https://lfpress.com/news/local-news/ontario-provincial-police-officer-back-home-after-being-run-over-by-truck
677,V1-0529,Sheffield Etrion Matthews,2020-10-29,2020-10-30,National Post,https://nationalpost.com/pmn/news-pmn/canada-news-pmn/black-man-killed-by-montreal-police-thursday-identified-as-sheffield-matthews-41
678,V1-0530,Gary Brohman,2020-11-19,2020-11-21,Sudbury Star,https://www.thesudburystar.com/news/local-news/gary-brohman-60-identified-as-man-fatally-shot-during-incident-where-opp-const-marc-hovingh-was-killed-on-thursday
679,V1-0530,Gary Brohman,2020-11-19,2021-03-26,Sudbury Star,https://www.thesudburystar.com/news/local-news/slain-opp-officer-committed-no-crime-in-manitoulin-shootout-siu
680,V1-0534,Julian Jones,2021-02-27,2022-11-24,The Vancouver Sun,https://vancouversun.com/news/local-news/first-frustration-police-cleared-shooting-indigenous-person
681,V1-0534,Julian Jones,2021-02-27,2023-07-15,The Times Colonist,https://www.timescolonist.com/local-news/details-of-fatal-police-shooting-of-indigenous-man-on-meares-island-released-7280721
682,V1-0534,Julian Jones,2021-02-27,2022-11-17,The Times Colonist,https://www.timescolonist.com/local-news/tribal-council-devastated-after-rcmp-cleared-in-fatal-shooting-6121325
683,V1-0089,Dennis St. Paul,2005-01-03,2006-07-19,CBC,https://www.cbc.ca/news/canada/manitoba/inquest-slams-rcmp-understaffing-underfunding-on-reserves-1.579161
684,V1-0089,Dennis St. Paul,2005-01-03,2005-01-07,CBC,https://www.cbc.ca/news/canada/manitoba/rcmp-s-sour-relationship-contributed-to-shooting-chief-1.540597
685,V1-0090,Paulo Medeiros,2005-01-14,2005-01-21,The Globe and Mail,https://www.theglobeandmail.com/news/national/fatal-police-raid-sparks-questions/article734065/
686,V1-0091,Harjinder Cheema,2005-01-21,2007-03-13,CBC,https://www.cbc.ca/news/canada/calgary/police-defend-officer-who-shot-knife-wielding-man-1.681178
687,V1-0091,Harjinder Cheema,2005-01-21,2008-02-06,CBC,https://www.cbc.ca/news/canada/calgary/judge-rules-calgary-officer-justified-in-shooting-man-1.718028
688,V1-0092,Matthew Dumas,2005-01-31,2007-01-29,CBC,https://www.cbc.ca/news/canada/manitoba/dumas-family-sues-winnipeg-police-for-wrongful-death-1.637764
689,V1-0092,Matthew Dumas,2005-01-31,2005-02-02,CBC,https://www.cbc.ca/news/canada/native-leaders-angry-over-2nd-police-shooting-1.538727
690,V1-0092,Matthew Dumas,2005-01-31,2008-06-17,CTV,https://www.ctvnews.ca/winnipeg/article/marijuana-in-dumas-system-toxicology-report
691,V1-0092,Matthew Dumas,2005-01-31,2008-06-13,CBC,https://www.cbc.ca/news/canada/manitoba/i-did-not-want-to-pull-the-trigger-officer-at-dumas-inquest-1.728782
692,V1-0092,Matthew Dumas,2005-01-31,2008-06-21,Winnipeg Free Press,https://www.winnipegfreepress.com/historic/2008/06/21/the-stain-remains
693,V1-0092,Matthew Dumas,2005-01-31,2016-11-08,The Winnipeg Sun,https://winnipegsun.com/2016/11/08/knife-seen-near-body-of-winnipeg-shooting-victim-inquest
694,V1-0092,Matthew Dumas,2005-01-31,2008-06-14,The Globe and Mail,https://www.theglobeandmail.com/news/national/didnt-want-to-shoot-teen-but-had-no-choice-officer-tells-winnipeg-inquest/article674734/
695,V1-0092,Matthew Dumas,2005-01-31,2023-09-12,Winnipeg Free Press,https://www.winnipegfreepress.com/featured/2023/09/12/a-pattern-of-none-and-done
696,V1-0092,Matthew Dumas,2005-01-31,2008-12-10,Toronto Star,https://www.thestar.com/news/canada/officers-cleared-in-native-teens-death/article_e2f35d71-bc45-58c8-b05f-952466d670d8.html
697,V1-0092,Matthew Dumas,2005-01-31,2012-03-15,The Winnipeg Sun,https://winnipegsun.com/2012/03/15/rally-against-police-brutality-racial-profiling
698,V1-0092,Matthew Dumas,2005-01-31,2008-09-02,Global News,https://globalnews.ca/news/69146/officer-takes-the-stand/
699,V1-0094,Elyas Bariali,2005-03-06,2010-11-05,Toronto Star,https://www.thestar.com/news/gta/stories-differ-after-police-shot-man-holding-screwdriver/article_5c79e1d1-21d6-5851-a95e-892999d2a31c.html
700,V1-0094,Elyas Bariali,2005-03-06,2010-11-09,DurhamRegion.com,https://www.durhamregion.com/news/stories-differ-after-fatal-police-shooting-of-oshawa-man/article_0fbe2ab3-99ac-53ef-86fc-9632d5ae7970.html
701,V1-0318,Michael MacIsaac,2013-12-02,2018-06-13,CBC,https://www.cbc.ca/news/canada/toronto/durham-police-body-worn-cameras-pilot-project-1.4703979
702,V1-0096,Daniel Lippa,2005-03-11,2008-02-29,CBC,https://www.cbc.ca/news/canada/edmonton/inquiry-into-police-shooting-death-makes-no-recommendations-1.715108
703,V1-0096,Daniel Lippa,2005-03-11,2007-03-29,CBC,https://www.cbc.ca/news/canada/edmonton/father-wants-second-inquiry-into-police-shooting-1.678809
704,V1-0099,Kevin Geldart,2005-05-05,2007-02-23,CBC,https://www.cbc.ca/news/canada/new-brunswick/staff-didn-t-stop-geldart-from-leaving-psychiatric-ward-inquest-hears-1.640709
705,V1-0099,Kevin Geldart,2005-05-05,2007-03-02,CBC,https://www.cbc.ca/news/canada/new-brunswick/hospital-slow-to-react-to-geldart-s-disappearance-says-psychiatrist-1.632442
706,V1-0099,Kevin Geldart,2005-05-05,2007-03-05,The Globe and Mail,https://www.theglobeandmail.com/news/national/taser-inquest-disappoints-relatives-of-nb-man/article17992426/
707,V1-0099,Kevin Geldart,2005-05-05,2005-05-07,The Globe and Mail,https://www.theglobeandmail.com/news/national/nb-death-after-taser-use-being-probed/article18226543/
708,V1-0101,Ucal Lauzon,2005-05-27,2001-04-11,The Globe and Mail,https://www.theglobeandmail.com/news/national/tactical-squad-subdues-man-swinging-sword/article4146232/
709,V1-0104,Gurmit Sandhu,2005-06-30,2006-02-15,The Globe and Mail,https://www.theglobeandmail.com/news/national/civilian-agency-one-model-to-probe-police-custody-deaths/article18155283/
710,V1-0112,Ian Bush,2005-10-29,2010-04-21,CBC,https://www.cbc.ca/news/canada/british-columbia/ian-bush-s-mother-drops-rcmp-lawsuit-1.900920
711,V1-0112,Ian Bush,2005-10-29,2007-05-22,CBC,https://www.cbc.ca/news/canada/british-columbia/man-shot-in-back-of-head-rcmp-shooting-inquest-told-1.651690
712,V1-0112,Ian Bush,2005-10-29,2010-04-21,Global News,https://globalnews.ca/news/87911/mother-of-man-shot-to-death-by-cop-drops-rcmp-lawsuit/
713,V1-0112,Ian Bush,2005-10-29,2010-04-21,The Globe and Mail,https://www.theglobeandmail.com/news/british-columbia/mother-of-ian-bush-drops-lawsuit-against-rcmp/article1210822/
714,V1-0112,Ian Bush,2005-10-29,2007-07-02,The Vancouver Sun,https://vancouversun.com/news/coroners-inquest-into-shooting-turns-testy
715,V1-0112,Ian Bush,2005-10-29,2007-05-25,The Globe and Mail,https://www.theglobeandmail.com/news/national/shooting-of-ian-bush-a-horrible-tragedy-rcmp/article1076970/
716,V1-0112,Ian Bush,2005-10-29,2008-02-14,National Post,https://nationalpost.com/news/over-half-of-rcmp-in-custody-deaths-occurred-in-bc-report
717,V1-0112,Ian Bush,2005-10-29,2010-05-07,Toronto Star,https://www.thestar.com/news/canada/rcmp-works-to-rebuild-image-in-b-c/article_65f372f6-e11c-5fd6-90ea-2ea0a659b003.html
718,V1-0112,Ian Bush,2005-10-29,2011-12-17,The Interior News,https://www.interior-news.com/news/linda-bush-backs-new-police-watchdog-6450243
719,V1-0114,Jason Steacy,2005-11-05,2012-10-24,Toronto Star,https://www.thestar.com/news/gta/opp-officers-tell-their-stories-of-recovering-from-ptsd/article_6bcc2f0f-b3db-5f1b-a029-d123fd92bf27.html
720,V1-0114,Jason Steacy,2005-11-05,2023-06-10,The Ottawa Citizen,https://ottawacitizen.com/news/local-news/disgraced-opp-officers-employment-extended-until-at-least-october
721,V1-0123,Shelton McKenzie,2006-04-13,2006-07-26,DurhamRegion.com,https://www.durhamregion.com/news/siu-clears-officer-in-ajax-mans-fatal-shooting/article_911282c5-3e45-56d0-b561-ec62595de608.html
722,V1-0123,Shelton McKenzie,2006-04-13,2006-04-29,The Globe and Mail,https://www.theglobeandmail.com/news/national/trying-to-reconcile-a-mans-life-and-death/article708021/
723,V1-0123,Shelton McKenzie,2006-04-13,2006-07-26,The Globe and Mail,https://www.theglobeandmail.com/news/national/police-justified-in-fatal-shooting-siu-concludes/article18168827/
724,V1-0124,Ronald Smith,2006-04-17,2006-06-08,CBC,https://www.cbc.ca/news/canada/toronto/siu-clears-cops-in-brampton-shooting-1.574449
725,V1-0124,Ronald Smith,2006-04-17,2006-04-19,The Globe and Mail,https://www.theglobeandmail.com/news/national/siu-probes-fatal-shooting-of-brampton-man/article18160527/
726,V1-0124,Ronald Smith,2006-04-17,2012-06-03,Toronto Star,https://www.thestar.com/news/canada/ronald-smith-deserves-to-live-says-co-accused/article_65aa7d01-953f-53ff-add0-a5519764b7c5.html
727,V1-0124,Ronald Smith,2006-04-17,2012-04-30,The Toronto Sun,https://torontosun.com/2012/04/30/death-row-canadian-to-plead-for-clemency
728,V1-0124,Ronald Smith,2006-04-17,2025-02-10,CTV,https://www.ctvnews.ca/calgary/article/a-two-year-stay-of-execution-montana-legislature-defeats-bill-to-resume-executions/
729,V1-0124,Ronald Smith,2006-04-17,,APTN News,https://www.aptnnews.ca/wp-content/uploads/2023/01/On-Duty-Police-Officer-Deaths_Canada_1962-present_CPEP_as-of-6-January-2022.pdf
730,V1-0124,Ronald Smith,2006-04-17,2010-08-24,Toronto Star,https://www.thestar.com/news/canada/death-row-canadian-asks-top-u-s-court-to-review-case/article_df3ada42-ed21-5584-86e1-0370ad4eb27a.html
731,V1-0124,Ronald Smith,2006-04-17,2015-02-04,CTV,https://www.ctvnews.ca/world/article/montana-politician-wants-to-nix-death-penalty-could-affect-canadian-on-death-row/
732,V1-0126,Jeffrey Reodica,2006-05-21,2006-06-28,CBC,https://www.cbc.ca/news/canada/toronto/no-choice-but-to-shoot-teen-officer-tells-inquest-1.623264
733,V1-0126,Jeffrey Reodica,2006-05-21,2004-08-27,CBC,https://www.cbc.ca/news/canada/toronto/police-killed-unarmed-teen-family-says-1.486166
734,V1-0126,Jeffrey Reodica,2006-05-21,2006-05-18,The Globe and Mail,https://www.theglobeandmail.com/news/national/teen-was-running-when-officer-shot-him/article18163361/
735,V1-0126,Jeffrey Reodica,2006-05-21,2006-06-22,The Globe and Mail,https://www.theglobeandmail.com/news/national/partner-who-shot-teen-saved-my-life-officer-says/article18165933/
736,V1-0126,Jeffrey Reodica,2006-05-21,2016-04-23,Toronto Star,https://www.thestar.com/news/crime/anguished-families-wait-years-for-answers-when-a-loved-one-is-killed-by-police/article_67c83084-bb27-5fa3-827a-8069cb47fb8a.html
737,V1-0127,Derrick Madrusan,2006-06-07,2007-11-15,CBC,https://www.cbc.ca/news/canada/british-columbia/911-tape-shows-man-s-state-of-mind-before-he-died-in-police-custody-1.682132
738,V1-0127,Derrick Madrusan,2006-06-07,2006-06-08,CBC,https://www.cbc.ca/news/canada/british-columbia/rcmp-investigating-man-s-death-in-police-custody-1.618285
739,V1-0130,Darren Cardinal,2006-06-30,2009-01-20,CBC,https://www.cbc.ca/news/canada/edmonton/injured-constable-testifies-at-fatality-inquiry-1.827676
740,V1-0130,Darren Cardinal,2006-06-30,2006-06-30,CBC,https://www.cbc.ca/news/canada/edmonton/1-dead-officer-wounded-in-edmonton-shootout-1.616380
741,V1-0130,Darren Cardinal,2006-06-30,2006-07-01,The Globe and Mail,https://www.theglobeandmail.com/news/national/man-26-dies-in-gunfight-with-police-in-edmonton/article18166836/
742,V1-0130,Darren Cardinal,2006-06-30,2012-11-23,The Edmonton Sun,https://edmontonsun.com/2012/11/23/edmonton-police-officer-saves-stabbed-mans-life
743,V1-0130,Darren Cardinal,2006-06-30,2009-12-29,PNI Atlantic News,https://www.saltwire.com/atlantic-canada/fatality-report-says-edmonton-police-officers-lack-first-aid-training-83224
744,V1-0130,Darren Cardinal,2006-06-30,2020-06-12,Edmonton Journal,https://edmontonjournal.com/news/local-news/family-of-st-paul-man-who-died-in-struggle-with-police-question-excited-delirium-finding
745,V1-0131,Mark Milakovic,2006-07-08,2006-07-13,CBC,https://www.cbc.ca/news/canada/edmonton/suspected-carjacker-dies-in-custody-1.573676
746,V1-0131,Mark Milakovic,2006-07-08,2011-07-19,CBC,https://www.cbc.ca/news/canada/edmonton/edmonton-police-cleared-in-2006-death-1.984518
747,V1-0131,Mark Milakovic,2006-07-08,2006-07-14,The Globe and Mail,https://www.theglobeandmail.com/news/national/carjacking-suspect-dies-in-hospital/article18167530/
748,V1-0132,Jason Doan,2006-08-10,2008-04-22,CBC,https://www.cbc.ca/news/canada/calgary/alberta-man-s-family-seeks-answers-into-taser-death-1.720308
749,V1-0132,Jason Doan,2006-08-10,2009-05-13,CBC,https://www.cbc.ca/news/canada/calgary/cause-of-death-undeterminable-for-red-deer-man-jolted-by-taser-inquest-1.823998
750,V1-0132,Jason Doan,2006-08-10,2008-09-11,The Globe and Mail,https://www.theglobeandmail.com/news/national/family-of-man-who-died-after-being-tasered-files-wrongful-death-suit/article955322/
751,V1-0132,Jason Doan,2006-08-10,2009-05-13,Red Deer Advocate,https://www.reddeeradvocate.com/local-news/taser-inquiry-offers-no-recommendations-7013313
752,V1-0132,Jason Doan,2006-08-10,2011-04-12,Red Deer Advocate,https://www.reddeeradvocate.com/opinion/the-newest-taser-target-children-7053996
753,V1-0132,Jason Doan,2006-08-10,2007-10-15,The Globe and Mail,https://www.theglobeandmail.com/news/national/mans-death-sparks-taser-backlash/article22502571/
754,V1-0132,Jason Doan,2006-08-10,2016-01-04,The Vancouver Sun,https://vancouversun.com/news/staff-blogs/197714
755,V1-0134,Evan Arnold,2006-09-07,2009-07-29,YorkRegion.com,https://www.yorkregion.com/news/i-feared-for-my-life-officer-tells-inquest/article_d93218d8-ea46-5359-a3e5-a9fb79877475.html
756,V1-0145,Michael Foster,2007-04-07,2007-04-10,CBC,https://www.cbc.ca/news/canada/ottawa/ont-man-held-pellet-gun-knives-before-police-shot-him-witness-1.678604
757,V1-0134,Evan Arnold,2006-09-07,2009-07-21,YorkRegion.com,https://www.yorkregion.com/news/newmarket-shooting-draws-inquest/article_731b4977-d14d-5df9-9758-1cb947360c60.html
758,V1-0134,Evan Arnold,2006-09-07,2009-07-30,YorkRegion.com,https://www.yorkregion.com/news/cops-should-reconsider-callings-suspects-inquest-told/article_2d220178-ad7f-555a-8e79-bf46cdb2f285.html
759,V1-0134,Evan Arnold,2006-09-07,2009-07-30,YorkRegion.com,https://www.yorkregion.com/news/newmarket-shooting-suicide-by-cop-chief-says/article_3e94ce0a-39fb-578f-9d75-805f2e764c79.html
760,V1-0137,Jasen Drnasin,2006-11-12,2008-01-08,CBC,https://www.cbc.ca/news/canada/toronto/toronto-police-cleared-in-struggle-that-ended-in-man-s-death-1.737049
761,V1-0137,Jasen Drnasin,2006-11-12,2008-01-08,Toronto.com,https://www.toronto.com/news/police-not-at-fault-in-mans-death-siu-determines/article_8200de3c-cb89-5452-974d-ecdb313fc309.html
762,V1-0137,Jasen Drnasin,2006-11-12,2008-01-09,CTV,https://www.ctvnews.ca/toronto/article/siu-clears-officers-in-death-of-man-after-struggle/
763,V1-0137,Jasen Drnasin,2006-11-12,2008-01-08,Toronto Star,https://www.thestar.com/news/siu-clears-toronto-police-in-death-of-man/article_05721d0e-f1c2-577f-bc2c-7c4b685cf8d5.html
764,V1-0137,Jasen Drnasin,2006-11-12,2006-11-16,The Globe and Mail,https://www.theglobeandmail.com/news/national/croatian-hero-hurt-in-transit-scuffle/article20417015/
765,V1-0137,Jasen Drnasin,2006-11-12,2006-11-28,The Globe and Mail,https://www.theglobeandmail.com/news/national/croatian-army-hero-dies-after-scuffle-with-officers/article972230/
766,V1-0137,Jasen Drnasin,2006-11-12,2006-11-27,CBC,https://www.cbc.ca/news/canada/toronto/man-pepper-sprayed-on-bus-dies-1.608746
767,V1-0138,Delbert Pelletier,2006-11-13,2010-11-11,CBC,https://www.cbc.ca/news/canada/saskatchewan/suicide-by-cop-death-inquiry-needed-family-1.906674
768,V1-0138,Delbert Pelletier,2006-11-13,2009-06-10,CBC,https://www.cbc.ca/news/canada/saskatchewan/pelletier-death-by-police-sniper-needs-deeper-examination-family-1.861608
769,V1-0138,Delbert Pelletier,2006-11-13,2009-06-10,The Globe and Mail,https://www.theglobeandmail.com/news/national/rcmp-inquest-response-displeases-victims-family/article4276000/
770,V1-0139,John Seguin,2007-02-03,2007-11-16,The Globe and Mail,https://www.theglobeandmail.com/news/national/final-two-shots-were-fatal-in-frenzied-chase-inquest-hears/article1089549/
771,V1-0139,John Seguin,2007-02-03,2007-11-15,The Globe and Mail,https://www.theglobeandmail.com/news/national/officer-feared-for-life-coroners-inquest-hears/article697613/
772,V1-0141,Ahmad Saleh-Azad,2007-03-27,2007-04-13,CBC,https://www.cbc.ca/news/canada/manitoba/police-identify-man-shot-by-officer-1.671684
773,V1-0141,Ahmad Saleh-Azad,2007-03-27,2011-04-08,Winnipeg Free Press,https://www.winnipegfreepress.com/local/2011/04/08/killer-to-be-stopped-meds-but-home-didnt-consult-md
774,V1-0141,Ahmad Saleh-Azad,2007-03-27,2011-10-11,Winnipeg Free Press,https://www.winnipegfreepress.com/opinion/editorials/2011/10/11/editorial-its-a-shame
775,V1-0142,Cristian Iordache,2007-03-27,2023-04-05,Lakeland Today,https://www.lakelandtoday.ca/beyond-local/romanian-familys-dream-of-life-in-canada-ended-tragically-in-waters-off-akwesasne-6815434
776,V1-0605,Jason West,2024-09-06,2025-08-25,CBC,https://www.cbc.ca/news/canada/windsor/windsor-police-jason-west-siu-1.7617476
777,V1-0580,Nathan Leather,2022-12-25,2022-12-30,CBC,https://www.cbc.ca/news/canada/calgary/community-holds-vigil-for-siksika-nation-member-killed-in-christmas-day-police-shooting-1.6700482
778,V1-0580,Nathan Leather,2022-12-25,2023-01-03,CBC,https://www.cbc.ca/news/canada/calgary/strathmore-police-shooting-asirt-1.6702735
779,V1-0580,Nathan Leather,2022-12-25,2025-08-27,CBC,https://www.cbc.ca/news/canada/manitoba/3-inquests-correctional-facilities-1.7619017
780,V1-0539,Arthur Freake,2021-06-11,2022-09-22,CBC,https://www.cbc.ca/news/canada/newfoundland-labrador/sirt-no-charges-rcmp-officer-shooting-2021-1.6591385
781,V1-0539,Arthur Freake,2021-06-11,2021-06-29,CBC,https://www.cbc.ca/news/canada/newfoundland-labrador/roy-freake-sirt-police-shooting-rcmp-1.6080421
782,V1-0420,Kunuk Qamaniq,2017-03-18,,Nunatsiaq News,https://nunatsiaq.com/stories/article/65674coroners_jury_rules_nunavut_police_shooting_a_homicide/
783,V1-0420,Kunuk Qamaniq,2017-03-18,2019-04-14,Global News,https://globalnews.ca/news/5166283/inuit-suing-rcmp-son-shot/
784,V1-0420,Kunuk Qamaniq,2017-03-18,2020-08-28,APTN News,https://www.aptnnews.ca/national-news/rcmp-release-account-after-mountie-cleared-in-fatal-shooting-of-inuk-artist-attachie-ashoona/
785,V1-0420,Kunuk Qamaniq,2017-03-18,,Nunatsiaq News,https://nunatsiaq.com/stories/article/65674family_testify_on_sons_death_at_inquest_over_police_shooting/
786,V1-0420,Kunuk Qamaniq,2017-03-18,2019-04-14,The Globe and Mail,https://www.theglobeandmail.com/canada/article-lawsuit-against-nunavut-rcmp-claims-force-losing-touch-with-inuit-2/
787,V1-0420,Kunuk Qamaniq,2017-03-18,2024-10-21,Nunavut News,https://www.nunavutnews.com/home/monitoring-police-interactions-in-nunavut-the-role-of-body-cameras-7590120
788,V1-0224,Junior Manon,2010-05-05,2012-05-08,Toronto Star,https://www.thestar.com/news/gta/inquest-jury-blames-police-for-teen-s-death-but-rules-it-an-accident/article_4505832a-1e16-526a-86d0-23606e1887c9.html
789,V1-0224,Junior Manon,2010-05-05,2012-01-16,Toronto Star,https://www.thestar.com/news/crime/teen-died-quickly-in-police-custody/article_dbdd4915-eeaf-51a3-b906-43964f5a5183.html
790,V1-0224,Junior Manon,2010-05-05,2010-05-06,National Post,https://nationalpost.com/posted-toronto/18-year-old-man-dead-after-police-foot-chase
791,V1-0224,Junior Manon,2010-05-05,2012-05-08,CBC,https://www.cbc.ca/news/canada/toronto/coroner-s-jury-says-junior-manon-s-death-was-accidental-1.1299795
792,V1-0224,Junior Manon,2010-05-05,2011-01-14,National Post,https://nationalpost.com/posted-toronto/siu-clears-toronto-police-officers-in-death-of-teen
793,V1-0354,Abdi Hirsi,2015-04-09,2018-08-27,Peace Arch News,https://www.peacearchnews.com/news/inquest-set-into-26-year-old-edmonton-mans-police-shooting-death-2815158
794,V1-0354,Abdi Hirsi,2015-04-09,2016-09-01,Global News,https://globalnews.ca/news/2914110/vancouver-police-cleared-in-fatal-shooting-of-edmonton-man/
795,V1-0354,Abdi Hirsi,2015-04-09,2018-08-20,CTV,https://www.ctvnews.ca/edmonton/article/deceased-in-late-night-shooting-identified/
796,V1-0343,Michel Vienneau,2015-01-12,2024-05-10,CBC,https://www.cbc.ca/news/canada/new-brunswick/bathurst-police-michel-vienneau-shooting-settlement-1.7199290
797,V1-0343,Michel Vienneau,2015-01-12,2021-05-07,Global News,https://globalnews.ca/news/7843683/n-b-expert-calls-for-vetting-of-anonymous-police-tips-following-michel-vienneau-inquest/
798,V1-0343,Michel Vienneau,2015-01-12,2019-10-22,CBC,https://www.cbc.ca/news/canada/new-brunswick/bathurst-day-5-police-shooting-hearing-1.5330174
799,V1-0343,Michel Vienneau,2015-01-12,2021-01-15,Global News,https://globalnews.ca/news/7578337/coroners-inquest-michel-vienneau/
800,V1-0343,Michel Vienneau,2015-01-12,2017-10-20,CTV,https://www.ctvnews.ca/atlantic/article/judge-upholds-dismissal-of-charges-in-bathurst-police-shooting-of-businessman/
801,V1-0343,Michel Vienneau,2015-01-12,2016-03-22,CTV,https://www.ctvnews.ca/atlantic/article/preliminary-hearing-set-for-bathurst-police-officers-on-manslaughter-charges/
802,V1-0343,Michel Vienneau,2015-01-12,2019-12-24,CityNews,https://calgary.citynews.ca/2019/12/24/n-b-officers-didnt-break-rules-in-fatal-shooting-arbitrator-rules/
803,V1-0343,Michel Vienneau,2015-01-12,2019-12-24,The Globe and Mail,https://www.theglobeandmail.com/canada/article-police-officers-cleared-in-fatal-2015-shooting-at-new-brunswick-train/
804,V1-0343,Michel Vienneau,2015-01-12,2021-01-15,Toronto Star,https://www.thestar.com/news/canada/inquest-into-fatal-police-shooting-in-northern-new-brunswick-to-start-in-april/article_cb875283-6974-5c57-89b9-a08bb949db79.html
805,V1-0343,Michel Vienneau,2015-01-12,2019-12-09,Winnipeg Free Press,https://www.winnipegfreepress.com/canada/2019/12/09/closing-arguments-begin-in-hearing-for-nb-officers-involved-in-fatal-shooting
806,V1-0343,Michel Vienneau,2015-01-12,2019-11-30,Toronto Star,https://www.thestar.com/news/canada/family-of-new-brunswick-man-killed-in-2015-offers-10-000-for-information/article_e2d37499-ba6f-5311-99af-eb17a7da6559.html
807,V1-0343,Michel Vienneau,2015-01-12,2016-12-14,Lethbridge News Now,https://lethbridgenewsnow.com/2016/12/14/judge-delays-ruling-for-police-officers-in-shooting-of-new-brunswick-businessman/
808,V1-0343,Michel Vienneau,2015-01-12,2015-11-19,CityNews,https://kitchener.citynews.ca/2015/11/19/two-new-brunswick-police-officers-charged-in-mans-shooting-death/
809,V1-0318,Michael MacIsaac,2013-12-02,2017-07-20,CBC,https://www.cbc.ca/news/canada/toronto/michael-macisaac-inquest-officer-testifies-1.4215176
810,V1-0318,Michael MacIsaac,2013-12-02,,Toronto Star,https://www.thestar.com/news/gta/when-police-kill/
811,V1-0318,Michael MacIsaac,2013-12-02,2017-07-27,DurhamRegion.com,https://www.durhamregion.com/news/family-of-ajax-man-michael-macisaac-says-testimony-from-three-police-officers-at-shooting-inquest/article_876d0411-4c6f-547d-8d4c-7d15e73a31c1.html
812,V1-0318,Michael MacIsaac,2013-12-02,2018-01-15,Toronto Star,https://www.thestar.com/news/gta/durham-police-to-form-mental-health-committee-following-fatal-shooting-of-michael-macisaac/article_463f00f7-35eb-5f69-b1fa-030b302e1be9.html
813,V1-0318,Michael MacIsaac,2013-12-02,2018-01-15,PNI Atlantic News,https://www.saltwire.com/newfoundland-labrador/michael-macisaacs-family-still-searching-for-justice-177342
814,V1-0318,Michael MacIsaac,2013-12-02,2017-07-17,The Hamilton Spectator,https://www.thespec.com/news/ontario/what-did-he-do-family-of-man-shot-dead-by-durham-cop-eager-to-speak/article_5ce0960c-a37e-58f8-a9ad-d1d6b15e001e.html
815,V1-0318,Michael MacIsaac,2013-12-02,2017-07-17,DurhamRegion.com,https://www.durhamregion.com/news/inquest-begins-into-fatal-police-shooting-of-ajax-man-michael-macisaac/article_96e64bd9-2b68-5a02-b2fb-1962d50e60b6.html
816,V1-0318,Michael MacIsaac,2013-12-02,2014-06-04,CTV,https://www.ctvnews.ca/toronto/article/officer-in-shooting-death-of-ajax-man-will-not-be-charged-siu/
817,V1-0318,Michael MacIsaac,2013-12-02,2015-12-16,Our Windsor,https://www.ourwindsor.ca/opinion/columnists/two-police-confrontations-two-outcomes-why-did-michael-macisaac-of-ajax-have-to-die/article_6642248b-21be-50ed-b33e-8dbe29478a55.html
818,V1-0318,Michael MacIsaac,2013-12-02,2014-01-04,Global News,https://globalnews.ca/news/1061852/family-of-man-killed-by-police-plans-vigil-to-draw-attention-to-police-shootings/
819,V1-0318,Michael MacIsaac,2013-12-02,2017-09-29,PNI Atlantic News,https://www.saltwire.com/atlantic-canada/family-still-seeking-answers-42754
820,V1-0318,Michael MacIsaac,2013-12-02,2018-01-24,Oshawa Express,https://oshawaexpress.ca/mental-health-committee-to-be-established-by-durham-police-following-inquest/
821,V1-0318,Michael MacIsaac,2013-12-02,2014-06-03,The Toronto Sun,https://torontosun.com/2014/06/03/siu-clears-durham-cop-in-fatal-shooting-of-ajax-man
822,V1-0318,Michael MacIsaac,2013-12-02,2014-06-04,CityNews,https://toronto.citynews.ca/2014/06/04/family-devastated-after-siu-clears-officer-in-mans-death/
823,V1-0318,Michael MacIsaac,2013-12-02,2020-11-28,The Pointer,https://thepointer.com/article/2020-11-28/calls-for-better-police-training-and-siu-reform-are-being-ignored-while-avoidable-tragedies-continue
824,V1-0318,Michael MacIsaac,2013-12-02,2017-07-26,CBC,https://www.cbc.ca/news/canada/toronto/michael-macisaac-inquest-mental-health-1.4223451
825,V1-0059,Clark Whitehouse,2003-09-28,2018-04-13,CBC,https://www.cbc.ca/news/canada/north/deadly-force-cbc-yukon-1.4614546
826,V1-0059,Clark Whitehouse,2003-09-28,2005-04-20,CBC,https://www.cbc.ca/news/canada/north/rcmp-member-lacked-drug-knowledge-inquest-hears-1.564169
827,V1-0182,Grant Edwin McLeod,2008-08-30,2009-09-14,CBC,https://www.cbc.ca/news/canada/north/yukon-inquest-studies-man-s-death-in-police-arrest-1.813790
828,V1-0182,Grant Edwin McLeod,2008-08-30,,Whitehorse Star,https://www.whitehorsestar.com/News/man-looked-right-through-us-officer-testifies
829,V1-0182,Grant Edwin McLeod,2008-08-30,2009-09-17,CBC,https://www.cbc.ca/news/canada/north/high-cocaine-levels-killed-yukon-man-inquest-told-1.803483
830,V1-0182,Grant Edwin McLeod,2008-08-30,2010-08-31,Yukon News,https://www.yukon-news.com/news/woman-sues-rcmp-claiming-negligence-caused-fathers-death-6987265
831,V1-0182,Grant Edwin McLeod,2008-08-30,2008-09-11,Yukon News,https://www.yukon-news.com/news/man-did-not-die-by-police-force-coroner-6968954
832,V1-0182,Grant Edwin McLeod,2008-08-30,,Whitehorse Star,https://www.whitehorsestar.com/News/deceaseds-daughter-takes-action-against-rcmp
833,V1-0013,Norman Reid,2000-08-26,2003-12-22,CBC,https://www.cbc.ca/news/canada/newfoundland-labrador/shootings-inquiry-cites-litany-of-failure-1.396924
834,V1-0013,Norman Reid,2000-08-26,2015-03-17,PNI Atlantic News,https://www.saltwire.com/newfoundland-labrador/grumpy-cop-136117
835,V1-0013,Norman Reid,2000-08-26,2004-06-10,The Georgia Straight,https://www.straight.com/article/policing-the-policing-of-psychiatric-patients
836,V1-0016,Darryl Power,2000-10-16,2000-10-17,CBC,https://www.cbc.ca/news/canada/opp-probe-police-shooting-1.251352
837,V1-0016,Darryl Power,2000-10-16,2000-10-17,The Globe and Mail,https://www.theglobeandmail.com/news/national/man-23-dies-in-police-shooting/article25473136/
838,V1-0046,Naytanie Atadjuat,2002-09-11,2018-11-05,Toronto Star,https://www.thestar.com/news/investigations/police-related-deaths-in-nunavut-nine-times-higher-than-in-ontario/article_8eba6f87-4331-52e7-89ed-92636c120017.html
839,V1-0190,John Simon,2008-12-02,2012-01-09,APTN News,https://www.aptnnews.ca/national-news/rcmp-settles-with-ns-widow-of-fn-man-shot-inside-home/
840,V1-0190,John Simon,2008-12-02,2010-03-12,CBC,https://www.cbc.ca/news/canada/nova-scotia/rcmp-drops-wagmatcook-shooting-probe-1.892418
841,V1-0190,John Simon,2008-12-02,2010-06-10,CBC,https://www.cbc.ca/news/canada/nova-scotia/rcmp-ignored-evidence-in-simon-shooting-band-1.892612
842,V1-0190,John Simon,2008-12-02,2011-03-21,Global News,https://globalnews.ca/news/72552/john-simons-widow-unhappy-with-rcmp-apology-for-wagmatcook-shooting/
843,V1-0190,John Simon,2008-12-02,2010-03-17,The Globe and Mail,https://www.theglobeandmail.com/news/national/rcmp-watchdog-investigates-ns-native-mans-death/article573038/
844,V1-0190,John Simon,2008-12-02,2010-03-11,The Globe and Mail,https://www.theglobeandmail.com/news/national/ns-rcmp-call-off-disciplinary-hearing-after-fatal-shooting/article573039/
845,V1-0489,Mitchell Anthony Speight,2019-08-10,2019-08-12,PNI Atlantic News,https://www.saltwire.com/nova-scotia/injured-officer-man-killed-in-truro-weekend-shooting-identified-340804
846,V1-0489,Mitchell Anthony Speight,2019-08-10,,The Chronicle Herald,https://www.pressreader.com/canada/the-chronicle-herald-provincial/20200910/281595242941977
847,V1-0489,Mitchell Anthony Speight,2019-08-10,2019-08-12,Global News,https://globalnews.ca/news/5756951/officer-involved-in-shooting-out-of-coma/
848,V1-0489,Mitchell Anthony Speight,2019-08-10,2019-08-13,PNI Atlantic News,https://www.saltwire.com/atlantic-canada/man-killed-by-rcmp-officer-in-truro-identified-as-mitchell-speight-340962
849,V1-0489,Mitchell Anthony Speight,2019-08-10,2020-09-08,PNI Atlantic News,https://www.saltwire.com/nova-scotia/rcmp-officer-who-shot-driver-of-stolen-vehicle-not-criminally-responsible-sirt-494463
850,V1-0489,Mitchell Anthony Speight,2019-08-10,2020-09-08,CBC,https://www.cbc.ca/news/canada/nova-scotia/no-charges-laid-against-ns-police-officer-shot-and-killed-man-in-truro-1.5716084
851,V1-0304,Daniel Levesque,2013-07-13,2014-05-23,CBC,https://www.cbc.ca/news/canada/new-brunswick/codiac-rcmp-officers-found-not-responsible-for-man-s-death-1.2651801
852,V1-0304,Daniel Levesque,2013-07-13,2014-05-23,Global News,https://globalnews.ca/news/1349567/codiac-rcmp-not-responsible-for-death-of-moncton-man-fredericton-police/
853,V1-0304,Daniel Levesque,2013-07-13,2014-05-23,CTV,https://www.ctvnews.ca/atlantic/article/earlier-stabbing-not-rcmp-shooting-killed-man-fredericton-police/
854,V1-0304,Daniel Levesque,2013-07-13,2013-07-14,PNI Atlantic News,https://www.saltwire.com/cape-breton/police-release-identify-of-moncton-man-following-shooting-incident-5038
855,V1-0304,Daniel Levesque,2013-07-13,2014-06-06,Media Co-op,https://mediacoop.ca/story/are-moncton-rcmp-paying-price-last-years-murder-da/30896
856,V1-0304,Daniel Levesque,2013-07-13,2014-06-12,CBC,https://www.cbc.ca/news/canada/new-brunswick/justin-bourque-loved-guns-but-wasn-t-violent-former-roommate-says-1.2673889
857,V1-0304,Daniel Levesque,2013-07-13,2013-07-13,CBC,https://www.cbc.ca/news/canada/new-brunswick/moncton-shooting-involving-police-leaves-1-man-dead-1.1404259
858,V1-0033,Donald Lorne Miles,2001-11-05,,Winnipeg Free Press,http://myaccess.library.utoronto.ca/login?qurl=https%3A%2F%2Fwww.proquest.com%2Fnewspapers%2Fpolice-conduct-be-reviewed-at-inquests%2Fdocview%2F2545262297%2Fse-2%3Faccountid%3D14771
859,V1-0164,Roy Thomas Bell,2007-12-17,2007-12-19,CBC,https://www.cbc.ca/news/canada/manitoba/man-killed-by-winnipeg-police-a-former-canadian-forces-member-1.632109
860,V1-0164,Roy Thomas Bell,2007-12-17,2007-12-19,Winnipeg Free Press,https://www.winnipegfreepress.com/historic/2007/12/19/ex-soldier-shot-by-police-had-pellet-gun-source
861,V1-0164,Roy Thomas Bell,2007-12-17,2017-01-11,CBC,https://www.cbc.ca/news/canada/manitoba/winnipeg-police-granted-permission-inquest-bell-1.3931136
862,V1-0164,Roy Thomas Bell,2007-12-17,2007-12-20,The Globe and Mail,https://www.theglobeandmail.com/news/national/how-an-off-the-cuff-comment-turned-deadly/article700092/
863,V1-0164,Roy Thomas Bell,2007-12-17,2018-08-08,Winnipeg Free Press,https://www.winnipegfreepress.com/breakingnews/2018/08/08/long-delayed-police-shooting-inquest-yields-no-recommendations
864,V1-0164,Roy Thomas Bell,2007-12-17,2016-12-05,CBC,https://www.cbc.ca/news/canada/manitoba/hearing-suicide-cop-inquest-roy-thomas-bell-1.3882836
865,V1-0164,Roy Thomas Bell,2007-12-17,2018-08-08,CBC,https://www.cbc.ca/news/canada/manitoba/inquest-roy-thomas-bell-police-shooting-winnipeg-1.4777755
866,V1-0164,Roy Thomas Bell,2007-12-17,2018-08-08,CTV,https://www.ctvnews.ca/winnipeg/article/no-recommendations-made-following-inquest-into-winnipeg-man-killed-by-police/
867,V1-0180,Craig Vincent McDougall,2008-08-02,2017-05-12,CBC,https://www.cbc.ca/news/canada/manitoba/craig-mcdougall-inquest-report-1.4113028
868,V1-0180,Craig Vincent McDougall,2008-08-02,2016-12-07,Global News,https://globalnews.ca/news/3112906/expert-cites-systemic-racism-in-the-2008-winnipeg-shooting-of-craig-mcdougall/
869,V1-0180,Craig Vincent McDougall,2008-08-02,2013-08-08,Winnipeg Sun,https://winnipegsun.com/2013/08/08/inquest-called-into-death-of-craig-mcdougall
870,V1-0180,Craig Vincent McDougall,2008-08-02,2017-05-12,CTV,https://www.ctvnews.ca/winnipeg/article/report-finds-winnipeg-police-justified-in-shooting-26-year-old-man/
871,V1-0180,Craig Vincent McDougall,2008-08-02,2016-11-22,CBC,https://www.cbc.ca/news/canada/manitoba/police-fatal-shooting-craig-mcdougall-inquest-1.3861981
872,V1-0180,Craig Vincent McDougall,2008-08-02,2016-11-23,Winnipeg Free Press,https://www.winnipegfreepress.com/breakingnews/2016/11/23/fatal-2008-shooting-happened-moments-after-police-arrived-inquest-told
873,V1-0180,Craig Vincent McDougall,2008-08-02,2013-08-08,Global News,https://globalnews.ca/news/769138/inquest-called-into-winnipeg-police-shooting/
874,V1-0180,Craig Vincent McDougall,2008-08-02,2013-08-08,CBC,https://www.cbc.ca/news/canada/manitoba/inquest-called-into-winnipeg-police-shooting-death-of-man-1.1391457
875,V1-0180,Craig Vincent McDougall,2008-08-02,2016-08-08,CBC,https://www.cbc.ca/news/canada/manitoba/craig-mcdougall-inquest-begins-1.3711404
876,V1-0180,Craig Vincent McDougall,2008-08-02,2015-12-03,Winnipeg Free Press,https://www.winnipegfreepress.com/local/2015/12/03/waiting-too-long-for-answers
877,V1-0180,Craig Vincent McDougall,2008-08-02,2016-12-16,Winnipeg Free Press,https://www.winnipegfreepress.com/breakingnews/2016/12/16/father-of-man-shot-by-police-touched-by-apology
878,V1-0180,Craig Vincent McDougall,2008-08-02,2016-08-08,Winnipeg Free Press,https://www.winnipegfreepress.com/breakingnews/2016/08/08/inquest-into-man-fatally-shot-by-police-2008-begins-today
879,V1-0180,Craig Vincent McDougall,2008-08-02,2015-05-04,APTN News,https://www.aptnnews.ca/national-news/winnipeg-police-fatal-shooting-aboriginal-man-nearly-7-years-ago-family-still-waiting-answers/
880,V1-0180,Craig Vincent McDougall,2008-08-02,2016-11-07,Global News,https://globalnews.ca/news/3052503/winnipeg-father-recalls-sons-last-night-alive/
881,V1-0180,Craig Vincent McDougall,2008-08-02,2013-08-09,Winnipeg Free Press,https://www.winnipegfreepress.com/local/2013/08/09/inquest-to-probe-death-of-man-26-shot-by-police-in-west-end-in-2008
882,V1-0180,Craig Vincent McDougall,2008-08-02,2017-05-12,Winnipeg Free Press,https://www.winnipegfreepress.com/breakingnews/2017/05/12/officer-had-to-shoot-man-holding-knife-in-2008-inquest-judge-says
883,V1-0180,Craig Vincent McDougall,2008-08-02,2021-05-19,Media Co-op,https://mediacoop.ca/story/policing-violence-racism-and-colonialism-criminali/37140
884,V1-0477,Chad Williams,2019-01-11,2022-10-20,Global News,https://globalnews.ca/news/9215350/fatal-shooting-man-with-hatchet-2019-winnipeg-police-inquest-report/
885,V1-0477,Chad Williams,2019-01-11,2022-10-20,CBC,https://www.cbc.ca/news/canada/manitoba/chad-williams-inquest-winnipeg-police-shooting-1.6623910
886,V1-0477,Chad Williams,2019-01-11,2019-10-16,APTN News,https://www.aptnnews.ca/national-news/inquest/
887,V1-0477,Chad Williams,2019-01-11,2019-10-16,CTV,https://www.ctvnews.ca/winnipeg/article/inquest-called-into-death-of-man-killed-in-police-shooting/
888,V1-0477,Chad Williams,2019-01-11,2019-01-17,CBC,https://www.cbc.ca/news/canada/manitoba/chad-williams-shooting-witness-1.4983171
889,V1-0477,Chad Williams,2019-01-11,2019-01-16,APTN News,https://www.aptnnews.ca/national-news/it-was-uncalled-for-family-of-man-shot-by-winnipeg-police-speak-out/
890,V1-0477,Chad Williams,2019-01-11,2019-01-16,Global News,https://globalnews.ca/news/4855297/vigil-man-shot-by-winnipeg-police/
891,V1-0477,Chad Williams,2019-01-11,2019-01-15,Winnipeg Free Press,https://www.winnipegfreepress.com/breakingnews/2019/01/15/police-shooting-echoes-2016-incident
892,V1-0477,Chad Williams,2019-01-11,2019-01-16,CBC,https://www.cbc.ca/news/canada/manitoba/chad-williams-police-shooting-vigil-1.4981431
893,V1-0477,Chad Williams,2019-01-11,2022-10-20,Brandon Sun,https://www.brandonsun.com/local/2022/10/20/fatal-shooting-by-winnipeg-police-was-in-response-to-armed-threat-inquest-report
894,V1-0477,Chad Williams,2019-01-11,2019-01-14,Winnipeg Sun,https://winnipegsun.com/news/local-news/man-shot-killed-by-police-identified
895,V1-0596,James Wood,2024-01-27,2024-02-09,APTN News,https://www.aptnnews.ca/national-news/family-of-james-wood-speaks-about-his-death-following-interaction-with-winnipeg-police/
896,V1-0596,James Wood,2024-01-27,2024-02-09,CBC,https://www.cbc.ca/news/canada/manitoba/james-wood-died-encounter-winnipeg-police-1.7110327
897,V1-0596,James Wood,2024-01-27,2024-02-09,Winnipeg Sun,https://winnipegsun.com/news/family-of-man-who-died-in-police-incident-demand-accountability-end-to-systemic-racism-in-policing
898,V1-0596,James Wood,2024-01-27,2024-02-09,Winnipeg Free Press,https://www.winnipegfreepress.com/breakingnews/2024/02/09/family-of-man-who-died-after-arrest-calls-for-police-accountability-transparency
899,V1-0371,Steven Douglas Campbell,2015-11-21,2024-08-23,CBC,https://www.cbc.ca/news/canada/manitoba/inquest-death-steven-campbell-abram-letkema-1.7303805
900,V1-0371,Steven Douglas Campbell,2015-11-21,2023-09-22,CBC,https://www.cbc.ca/news/canada/manitoba/inquest-death-police-haki-sefa-steven-douglas-campbell-manitoba-1.6976080
901,V1-0371,Steven Douglas Campbell,2015-11-21,2016-08-31,CBC,https://www.cbc.ca/news/canada/manitoba/inquest-death-police-haki-sefa-steven-douglas-campbell-manitoba-1.3742798
902,V1-0371,Steven Douglas Campbell,2015-11-21,2019-08-19,SaskToday,https://www.sasktoday.ca/north/local-news/fatal-police-shooting-of-steven-campbell-justified-but-ramming-his-vehicle-was-not-judge-rules-4293708
903,V1-0371,Steven Douglas Campbell,2015-11-21,2017-03-13,The Reminder,https://www.thereminder.ca/local-news/updated-mountie-charged-in-shooting-death-of-ex-flin-flonner-4104509
904,V1-0371,Steven Douglas Campbell,2015-11-21,2020-01-17,CTV,https://www.ctvnews.ca/winnipeg/article/mountie-to-be-sentenced-for-criminal-negligence-in-relation-to-fatal-on-duty-shooting/
905,V1-0371,Steven Douglas Campbell,2015-11-21,2017-03-03,CBC,https://www.cbc.ca/news/canada/manitoba/lori-flett-rcmp-thompson-shooting-1.4007686
906,V1-0601,Drake Dillon,2024-06-20,2024-06-24,Global News,https://globalnews.ca/news/10585352/saskatchewan-sirt-police-involved-shooting/
907,V1-0601,Drake Dillon,2024-06-20,2024-06-24,CBC,https://www.cbc.ca/news/canada/saskatoon/sirt-investigates-saskatoon-police-fatal-shooting-1.7245435
908,V1-0601,Drake Dillon,2024-06-20,2024-06-24,Saskatoon StarPhoenix,https://thestarphoenix.com/news/local-news/provinces-police-watchdog-offers-more-detail-in-fatal-saskatoon-police-shooting
909,V1-0601,Drake Dillon,2024-06-20,2024-06-25,CBC,https://www.cbc.ca/news/canada/saskatoon/uncle-identifies-drake-dillon-27-as-man-fatally-shot-by-saskatoon-police-1.7245733
910,V1-0563,Ryan Booker,2022-07-17,2025-06-25,CTV,https://www.ctvnews.ca/regina/article/sask-police-testify-suspects-gun-was-not-loaded-as-inquest-into-2022-police-shooting-of-ryan-booker-continues/
911,V1-0563,Ryan Booker,2022-07-17,2025-06-26,Moosejaw Today,https://www.moosejawtoday.com/local-news/inquest-finds-ryan-booker-shooting-death-was-a-suicide-10865602
912,V1-0563,Ryan Booker,2022-07-17,2025-05-27,SaskToday,https://www.sasktoday.ca/regina-today/regina-news/inquest-into-ryan-bookers-2022-police-shooting-death-set-for-june-10718756
913,V1-0563,Ryan Booker,2022-07-17,2025-06-25,CTV,https://www.ctvnews.ca/regina/article/he-didnt-get-a-chance-to-get-help-jury-offers-no-recommendations-as-ryan-bookers-death-inquest-concludes/
914,V1-0563,Ryan Booker,2022-07-17,2022-07-19,Regina Leader-Post,https://leaderpost.com/news/a-good-man-father-of-belle-plaine-victim-speaks-about-son
915,V1-0563,Ryan Booker,2022-07-17,2025-06-23,CTV,https://www.ctvnews.ca/regina/article/death-inquest-for-man-fatally-shot-by-police-near-moose-jaw-to-begin/
916,V1-0563,Ryan Booker,2022-07-17,2025-05-28,CTV,https://www.ctvnews.ca/regina/article/death-inquest-scheduled-for-man-shot-dead-by-police-outside-moose-jaw-in-2022/
917,V1-0563,Ryan Booker,2022-07-17,2022-07-18,Moosejaw Today,https://www.moosejawtoday.com/local-news/police-shoot-and-kill-27-year-old-male-near-moose-jaw-investigation-requested-5593515
918,V1-0563,Ryan Booker,2022-07-17,2025-06-25,CTV,https://vancouverisland.ctvnews.ca/regina/article/sask-police-testify-suspects-gun-was-not-loaded-as-inquest-into-2022-police-shooting-of-ryan-booker-continues/
919,V1-0563,Ryan Booker,2022-07-17,,Global News,https://globalnews.ca/video/11263498/family-of-saskatchewan-man-fatally-shot-by-police-take-issue-with-inquest-findings/
920,V1-0563,Ryan Booker,2022-07-17,2025-06-25,CBC,https://www.cbc.ca/news/canada/saskatchewan/jury-inquest-ryan-booker-police-shooting-1.7571102
921,V1-0563,Ryan Booker,2022-07-17,2022-07-19,CBC,https://www.cbc.ca/news/canada/saskatchewan/family-loss-ryan-booker-police-shooting-1.6524304
922,V1-0550,Dillon McDonald,2021-12-14,2021-12-17,CBC,https://www.cbc.ca/news/canada/saskatchewan/dillon-mcdonald-rcmp-shooting-friends-justice-1.6289116
923,V1-0550,Dillon McDonald,2021-12-14,2025-03-06,Prince Albert Daily Herald,https://paherald.sk.ca/inquest-jury-rules-montreal-lake-rcmp-shooting-was-homicide-and-not-suicide-by-cop/
924,V1-0550,Dillon McDonald,2021-12-14,2025-03-12,CBC,https://www.cbc.ca/news/canada/saskatoon/inquest-jusy-montreal-lake-homicide-1.7478091
925,V1-0550,Dillon McDonald,2021-12-14,2025-03-04,paNow,https://panow.com/2025/03/04/gang-member-spoke-about-dying-by-cop-to-brother-before-shooting-death/
926,V1-0550,Dillon McDonald,2021-12-14,2021-12-16,CTV,https://www.ctvnews.ca/saskatoon/article/the-softest-person-ever-around-his-baby-girl-family-of-sask-man-killed-in-rcmp-shooting-hopes-for-answers/
927,V1-0550,Dillon McDonald,2021-12-14,2021-12-16,Saskatoon StarPhoenix,https://thestarphoenix.com/news/local-news/family-wants-answers-after-man-shot-and-killed-by-rcmp-on-montreal-lake-cree-nation
928,V1-0550,Dillon McDonald,2021-12-14,2025-03-03,Prince Albert Daily Herald,https://paherald.sk.ca/inquest-underway-into-2021-police-involved-shooting-in-montreal-lake-sask/
929,V1-0550,Dillon McDonald,2021-12-14,2024-12-06,Battlefords Now,https://battlefordsnow.com/2024/12/06/inquests-set-in-deaths-in-prince-albert-north-battleford/
930,V1-0550,Dillon McDonald,2021-12-14,2025-02-05,CTV,https://www.ctvnews.ca/saskatoon/article/sask-coroner-to-examine-death-of-first-nation-man-shot-after-police-standoff/
931,V1-0550,Dillon McDonald,2021-12-14,2025-03-04,La Ronge Now,https://larongenow.com/2025/03/04/gang-member-spoke-about-dying-by-cop-to-brother-before-shooting-death/
932,V1-0550,Dillon McDonald,2021-12-14,2021-12-15,CBC,https://www.cbc.ca/news/canada/saskatchewan/fatal-rcmp-shooting-montreal-lake-cree-nation-1.6286793
933,V1-0550,Dillon McDonald,2021-12-14,2025-02-05,paNOW,https://panow.com/2025/02/05/mcdonald-death-inquest-rescheduled-to-march/
934,V1-0550,Dillon McDonald,2021-12-14,2025-03-04,SaskNow,https://sasknow.com/2025/03/04/gang-member-spoke-about-dying-by-cop-to-brother-before-shooting-death/
935,V1-0550,Dillon McDonald,2021-12-14,,CBC,https://www.cbc.ca/lite/story/1.7478091
936,V1-0550,Dillon McDonald,2021-12-14,2021-12-19,La Ronge Now,https://larongenow.com/2021/12/19/mlcn-leadership-responds-to-shooting-incident-community-prepares-for-funeral/
937,V1-0550,Dillon McDonald,2021-12-14,2025-02-05,SaskNow,https://sasknow.com/2025/02/05/mcdonald-death-inquest-rescheduled-to-march/
938,V1-0550,Dillon McDonald,2021-12-14,2025-02-05,SaskToday,https://www.sasktoday.ca/north/prince-albert/probe-into-police-involved-shooting-death-begins-march-3-10187222
939,V1-0550,Dillon McDonald,2021-12-14,2021-12-16,National Post,https://nationalpost.com/news/local-news/family-wants-answers-after-man-shot-and-killed-by-rcmp-on-montreal-lake-cree-nation
940,V1-0172,Kenneth Standingready-McKay,2008-06-14,2009-11-06,CBC,https://www.cbc.ca/news/canada/saskatchewan/rcmp-shooting-was-death-by-suicide-jury-1.840534
941,V1-0172,Kenneth Standingready-McKay,2008-06-14,2009-11-04,CBC,https://www.cbc.ca/news/canada/saskatchewan/wife-of-sask-man-shot-by-rcmp-testifies-at-inquest-1.815514
942,V1-0172,Kenneth Standingready-McKay,2008-06-14,2008-06-15,Winnipeg Free Press,https://www.winnipegfreepress.com/historic/2008/06/15/aboriginal-group-demands-meeting-after-rcmp-shooting
943,V1-0172,Kenneth Standingready-McKay,2008-06-14,2011-04-25,Global News,https://globalnews.ca/news/38784/fsin-and-white-bear-first-nation-calling-for-public-inquiry-into-rcmp-shooting-death/
944,V1-0165,Dwayne Dustyhorn,2007-12-22,2009-06-05,CBC,https://www.cbc.ca/news/canada/saskatchewan/dustyhorn-death-a-suicide-by-cop-jury-suggests-1.786180
945,V1-0165,Dwayne Dustyhorn,2007-12-22,2009-06-03,CBC,https://www.cbc.ca/news/canada/saskatchewan/woman-yelled-at-police-not-to-shoot-dustyhorn-coroner-s-inquest-hears-1.786181
946,V1-0165,Dwayne Dustyhorn,2007-12-22,2007-12-28,Winnipeg Free Press,https://www.winnipegfreepress.com/historic/2007/12/28/saskatoon-police-shootings-of-2-native-people-raise-race-relations-questions
947,V1-0165,Dwayne Dustyhorn,2007-12-22,2009-06-02,CBC,https://www.cbc.ca/news/canada/saskatchewan/five-police-shots-hit-dustyhorn-pathologist-tells-coroner-s-inquest-1.862345
948,V1-0165,Dwayne Dustyhorn,2007-12-22,2009-05-25,CBC,https://www.cbc.ca/news/canada/saskatchewan/police-shooting-death-to-be-examined-at-coroner-s-inquest-1.788144
949,V1-0165,Dwayne Dustyhorn,2007-12-22,2007-12-27,CBC,https://www.cbc.ca/news/canada/saskatchewan/saskatoon-police-shoot-2nd-person-within-a-week-1.668517
950,V1-0165,Dwayne Dustyhorn,2007-12-22,2009-06-01,CBC,https://www.cbc.ca/news/canada/saskatchewan/inquest-begins-on-knife-wielding-man-shot-by-police-1.851364
951,V1-0165,Dwayne Dustyhorn,2007-12-22,2007-12-27,Winnipeg Free Press,https://www.winnipegfreepress.com/historic/2007/12/27/saskatoon-police-involved-in-second-shooting-in-less-than-a-week
952,V1-0084,Shawn Martinot,2004-08-30,2006-06-06,CBC,https://www.cbc.ca/news/canada/saskatchewan/put-a-civilian-on-police-negotiating-teams-jury-urges-1.624302
953,V1-0084,Shawn Martinot,2004-08-30,2006-05-30,CBC,https://www.cbc.ca/news/canada/saskatchewan/man-shot-multiple-times-inquest-hears-1.570402
954,V1-0072,Andrew Moore,2004-04-30,2004-05-04,CBC,https://www.cbc.ca/news/canada/saskatchewan/officer-used-lethal-force-to-protect-himself-police-chief-1.485557
955,V1-0072,Andrew Moore,2004-04-30,2005-05-25,CBC,https://www.cbc.ca/news/canada/saskatchewan/man-killed-by-police-had-gun-crystal-meth-1.568087
956,V1-0034,Danny Sand,2001-12-21,2014-10-03,Edmonton Sun,https://edmontonsun.com/2014/10/03/man-admits-cops-had-to-shoot-him
957,V1-0034,Danny Sand,2001-12-21,2003-04-22,CBC,https://www.cbc.ca/news/canada/trial-hears-how-rcmp-sniper-killed-suspect-1.393639
958,V1-0034,Danny Sand,2001-12-21,2001-12-24,The Globe and Mail,https://www.theglobeandmail.com/news/national/two-suspects-in-mountie-slaying-were-on-parole/article4158530/
959,V1-0032,Calvin Roy McLean,2001-10-09,2011-01-18,CBC,https://www.cbc.ca/news/canada/saskatchewan/pepper-sprayed-man-had-broken-bones-inquest-hears-1.1042686
960,V1-0032,Calvin Roy McLean,2001-10-09,2011-01-22,CBC,https://www.cbc.ca/news/canada/saskatchewan/pepper-sprayed-man-died-accidentally-inquest-1.1043132
961,V1-0031,Michael Stochmal,2001-09-01,2001-09-03,CBC,https://www.cbc.ca/news/canada/terror-turns-to-death-on-regina-street-1.276424
962,V1-0031,Michael Stochmal,2001-09-01,2001-09-07,The Globe and Mail,https://www.theglobeandmail.com/news/national/use-of-pepper-spray-in-regina-death-probed/article18418024/
963,V1-0028,Vernon Dale Crowe,2001-07-10,2001-07-12,CBC,https://www.cbc.ca/news/canada/use-of-pepper-spray-questioned-after-man-s-death-1.287375
964,V1-0028,Vernon Dale Crowe,2001-07-10,2001-07-14,CBC,https://www.cbc.ca/news/canada/vigil-held-for-man-who-died-after-pepper-spray-incident-1.271437
965,V1-0028,Vernon Dale Crowe,2001-07-10,2001-07-11,CBC,https://www.cbc.ca/news/canada/investigation-underway-into-death-of-regina-man-1.261953
966,V1-0028,Vernon Dale Crowe,2001-07-10,2001-07-12,The Globe and Mail,https://www.theglobeandmail.com/news/national/epileptic-dies-after-struggle-with-police-in-ambulance/article4150515/
967,V1-0022,Melvin Bigsky,2001-04-27,2018-04-06,CBC,https://www.cbc.ca/news/canada/saskatoon/most-people-who-died-in-police-encounters-in-sask-were-indigenous-1.4599366
968,V1-0022,Melvin Bigsky,2001-04-27,2001-05-21,CBC,https://www.cbc.ca/news/canada/armed-suspect-killed-in-saskatchewan-1.286785
969,V1-0084,Shawn Martinot,2004-08-30,2004-08-31,Edmonton Journal,https://www.proquest.com/docview/253172813?parentSessionId=Q2dRqx%2F%2BhSia7hpPGoKjM%2BJ0weoc1cKb2F5687ERxCo%3D&accountid=14771&sourcetype=Newspapers
970,V1-0084,Shawn Martinot,2004-08-30,2004-08-31,Regina Leader-Post,https://www.proquest.com/docview/349875968?accountid=14771&parentSessionId=71z5s%2Fd9wrYg9I0fpoPEbhG2yGrKK7kmjcuZl%2FnntpA%3D&sourcetype=Newspapers
971,V1-0072,Andrew Moore,2004-04-30,2005-05-28,Saskatoon StarPhoenix,https://www.proquest.com/canadiannews/docview/348814461/18888437A7C848C0PQ/2?accountid=14771&sourcetype=Newspapers
972,V1-0072,Andrew Moore,2004-04-30,2004-05-06,Saskatoon StarPhoenix,https://www.proquest.com/canadiannews/docview/348726707/18888437A7C848C0PQ/3?accountid=14771&sourcetype=Newspapers
973,V1-0072,Andrew Moore,2004-04-30,2004-05-05,Saskatoon StarPhoenix,https://www.proquest.com/canadiannews/docview/348695710/18888437A7C848C0PQ/4?accountid=14771&sourcetype=Newspapers
974,V1-0072,Andrew Moore,2004-04-30,2004-05-04,Regina Leader-Post,https://www.proquest.com/canadiannews/docview/349785868/18888437A7C848C0PQ/6?accountid=14771&sourcetype=Newspapers
975,V1-0072,Andrew Moore,2004-04-30,2005-05-25,Saskatoon StarPhoenix,https://www.proquest.com/canadiannews/docview/348902483/18888437A7C848C0PQ/10?accountid=14771&sourcetype=Newspapers
976,V1-0072,Andrew Moore,2004-04-30,2005-05-11,Saskatoon StarPhoenix,https://www.proquest.com/canadiannews/docview/348791350/C7AD28E4D81A42BAPQ/1?accountid=14771&sourcetype=Newspapers
977,V1-0034,Danny Sand,2001-12-21,2003-07-19,Calgary Herald,https://www.proquest.com/canadiannews/docview/245085000/Record/C5F0187E6BDE45B3PQ/1?accountid=14771&sourcetype=Newspapers
978,V1-0034,Danny Sand,2001-12-21,2003-04-24,Edmonton Journal,https://www.proquest.com/canadiannews/docview/253006814/Record/C5F0187E6BDE45B3PQ/2?accountid=14771&sourcetype=Newspapers
979,V1-0034,Danny Sand,2001-12-21,2003-04-25,Calgary Herald,https://www.proquest.com/canadiannews/docview/245048467/Record/C5F0187E6BDE45B3PQ/9?accountid=14771&sourcetype=Newspapers
980,V1-0034,Danny Sand,2001-12-21,2003-04-30,Edmonton Journal,https://www.proquest.com/canadiannews/docview/253076103/Record/C5F0187E6BDE45B3PQ/10?accountid=14771&sourcetype=Newspapers
981,V1-0034,Danny Sand,2001-12-21,2003-04-23,Calgary Herald,https://www.proquest.com/canadiannews/docview/245052749/Record/C5F0187E6BDE45B3PQ/14?accountid=14771&sourcetype=Newspapers
982,V1-0034,Danny Sand,2001-12-21,2003-07-02,Saskatoon StarPhoenix,https://www.proquest.com/canadiannews/docview/348743385/Record/C5F0187E6BDE45B3PQ/15?accountid=14771&sourcetype=Newspapers
983,V1-0031,Michael Stochmal,2001-09-01,2001-09-04,Regina Leader-Post,https://www.proquest.com/canadiannews/docview/349642360/F7745594E26240ABPQ/1?accountid=14771&sourcetype=Newspapers
984,V1-0031,Michael Stochmal,2001-09-01,2003-10-02,Saskatoon StarPhoenix,https://www.proquest.com/canadiannews/docview/349806049/F7745594E26240ABPQ/10?accountid=14771&sourcetype=Newspapers
985,V1-0031,Michael Stochmal,2001-09-01,2003-10-03,Regina Leader-Post,https://www.proquest.com/canadiannews/docview/349775506/F7745594E26240ABPQ/11?sourcetype=Newspapers
986,V1-0031,Michael Stochmal,2001-09-01,2003-10-06,Saskatoon StarPhoenix,https://www.proquest.com/canadiannews/docview/348838128/F7745594E26240ABPQ/12?accountid=14771&sourcetype=Newspapers
987,V1-0031,Michael Stochmal,2001-09-01,2003-10-04,Regina Leader-Post,https://www.proquest.com/canadiannews/docview/349732472/F7745594E26240ABPQ/13?accountid=14771&sourcetype=Newspapers
988,V1-0031,Michael Stochmal,2001-09-01,2003-10-06,Moose Jaw Times Herald,https://www.proquest.com/canadiannews/docview/345329476/F7745594E26240ABPQ/17?accountid=14771&sourcetype=Newspapers
989,V1-0031,Michael Stochmal,2001-09-01,2001-09-06,Regina Leader-Post,https://www.proquest.com/canadiannews/docview/349702293/F7745594E26240ABPQ/18?accountid=14771&sourcetype=Newspapers
990,V1-0031,Michael Stochmal,2001-09-01,2003-10-06,Regina Leader-Post,https://www.proquest.com/canadiannews/docview/349746683/F7745594E26240ABPQ/19?accountid=14771&sourcetype=Newspapers
991,V1-0028,Vernon Dale Crowe,2001-07-10,2003-02-21,Regina Leader-Post,https://www.proquest.com/canadiannews/docview/349720482/62FB8D79DFF6422CPQ/1?accountid=14771&sourcetype=Newspapers
992,V1-0028,Vernon Dale Crowe,2001-07-10,2003-02-20,Regina Leader-Post,https://www.proquest.com/canadiannews/docview/349730183/62FB8D79DFF6422CPQ/2?accountid=14771&sourcetype=Newspapers
993,V1-0028,Vernon Dale Crowe,2001-07-10,2003-02-22,Regina Leader-Post,https://www.proquest.com/canadiannews/docview/349738719/62FB8D79DFF6422CPQ/4?accountid=14771&sourcetype=Newspapers
994,V1-0028,Vernon Dale Crowe,2001-07-10,2003-02-27,Regina Leader-Post,https://www.proquest.com/canadiannews/docview/349746770/62FB8D79DFF6422CPQ/5?accountid=14771&sourcetype=Newspapers
995,V1-0028,Vernon Dale Crowe,2001-07-10,2003-02-26,Moose Jaw Times Herald,https://www.proquest.com/canadiannews/docview/345305043/62FB8D79DFF6422CPQ/6?accountid=14771&sourcetype=Newspapers
996,V1-0028,Vernon Dale Crowe,2001-07-10,2003-02-18,Saskatoon StarPhoenix,https://www.proquest.com/canadiannews/docview/348691164/62FB8D79DFF6422CPQ/8?accountid=14771&sourcetype=Newspapers
997,V1-0028,Vernon Dale Crowe,2001-07-10,2001-07-14,Regina Leader-Post,https://www.proquest.com/canadiannews/docview/349637608/62FB8D79DFF6422CPQ/11?accountid=14771&sourcetype=Newspapers
998,V1-0028,Vernon Dale Crowe,2001-07-10,2001-07-12,Saskatoon StarPhoenix,https://www.proquest.com/canadiannews/docview/348574263/62FB8D79DFF6422CPQ/13?accountid=14771&sourcetype=Newspapers
999,V1-0028,Vernon Dale Crowe,2001-07-10,2001-07-13,Saskatoon StarPhoenix,https://www.proquest.com/canadiannews/docview/348601715/62FB8D79DFF6422CPQ/16?accountid=14771
1000,V1-0028,Vernon Dale Crowe,2001-07-10,2001-07-13,Regina Leader-Post,https://www.proquest.com/canadiannews/docview/349627168/62FB8D79DFF6422CPQ/15?accountid=14771
1001,V1-0022,Melvin Bigsky,2001-04-27,2002-02-05,Regina Leader-Post,https://www.proquest.com/canadiannews/docview/349694420/818CF5B15F44EC0PQ/1?accountid=14771&sourcetype=Newspapers
1002,V1-0022,Melvin Bigsky,2001-04-27,2001-05-01,The Windsor Star,https://www.proquest.com/canadiannews/docview/254395046/818CF5B15F44EC0PQ/4?accountid=14771&sourcetype=Newspapers
1003,V1-0022,Melvin Bigsky,2001-04-27,2001-05-24,Saskatoon StarPhoenix,https://www.proquest.com/canadiannews/docview/348667361/818CF5B15F44EC0PQ/6?accountid=14771&sourcetype=Newspapers
1004,V1-0022,Melvin Bigsky,2001-04-27,2001-05-01,Saskatoon StarPhoenix,https://www.proquest.com/canadiannews/docview/348675887/818CF5B15F44EC0PQ/8?accountid=14771&sourcetype=Newspapers
1005,V1-0022,Melvin Bigsky,2001-04-27,2002-10-04,Saskatoon StarPhoenix,https://www.proquest.com/canadiannews/docview/348695683/818CF5B15F44EC0PQ/9?accountid=14771&sourcetype=Newspapers
1006,V1-0022,Melvin Bigsky,2001-04-27,2002-10-08,Prince Albert Daily Herald,https://www.proquest.com/canadiannews/docview/345023699/818CF5B15F44EC0PQ/11?accountid=14771
1007,V1-0599,Patrick Kimmel,2024-03-15,2024-03-20,CTV,https://www.ctvnews.ca/calgary/article/man-killed-in-30-hour-calgary-standoff-had-long-criminal-history-documents/
1008,V1-0599,Patrick Kimmel,2024-03-15,2024-03-15,CBC,https://www.cbc.ca/news/canada/calgary/calgary-police-memorial-drive-closed-situation-1.7144799
1009,V1-0599,Patrick Kimmel,2024-03-15,2024-03-23,Calgary Herald,https://calgaryherald.com/news/local-news/woman-widowed-in-penbrooke-standoff-said-she-thought-surrender-deal-had-been-reached
1010,V1-0599,Patrick Kimmel,2024-03-15,2024-03-17,CTV,https://www.ctvnews.ca/calgary/article/dead-penbrooke-meadows-standoff-suspect-had-criminal-history-of-firearms-violations/
1011,V1-0599,Patrick Kimmel,2024-03-15,2024-03-16,Calgary Herald,https://calgaryherald.com/news/local-news/front-row-seat-those-in-line-of-fire-in-penbrooke-standoff-describe-shootout-snipers-perches
1012,V1-0599,Patrick Kimmel,2024-03-15,2024-03-25,CTV,https://www.ctvnews.ca/calgary/article/calgary-man-at-centre-of-30-hour-standoff-came-outside-with-loaded-shotgun-asirt/
1013,V1-0599,Patrick Kimmel,2024-03-15,2024-03-16,Calgary Herald,https://calgaryherald.com/news/local-news/barricaded-man-shot-dead-by-police-penbrooke-meadows-east-calgary
1014,V1-0599,Patrick Kimmel,2024-03-15,2024-03-19,CityNews,https://calgary.citynews.ca/2024/03/19/calgary-stand-off-parole-documents/
1015,V1-0599,Patrick Kimmel,2024-03-15,2024-03-16,CityNews,https://toronto.citynews.ca/2024/03/16/albertas-police-watchdog-called-in-after-deadly-ending-to-30-hour-armed-standoff/
1016,V1-0599,Patrick Kimmel,2024-03-15,,Calgary Herald,https://calgaryherald.com/video/d6face50-e967-11ee-b30a-ee1be58b2e97/penbrooke-meadows-stand-off-widow-describes-ordeal
1017,V1-0581,John Gardiner,2023-01-16,2023-02-03,Saskatoon StarPhoenix,https://thestarphoenix.com/news/local-news/police-oversight-body-seeks-potential-witness-to-fatal-prince-albert-police-shooting
1018,V1-0581,John Gardiner,2023-01-16,2023-01-20,paNOW,https://panow.com/2023/01/20/more-details-released-on-police-shooting-weapon-recovered/
1019,V1-0581,John Gardiner,2023-01-16,2023-01-20,CBC,https://www.cbc.ca/news/canada/saskatchewan/sirt-confirms-officer-shot-killed-man-1.6720538
1020,V1-0581,John Gardiner,2023-01-16,2023-05-24,Saskatoon StarPhoenix,https://thestarphoenix.com/news/local-news/prince-albert-police-allege-harassment-inside-an-outside-of-force-prompting-it-to-remove-video-thanking-outgoing-chief
1021,V1-0581,John Gardiner,2023-01-16,2025-05-13,paNOW,https://panow.com/2025/05/13/deputy-chief-calls-on-family-community-to-improve-reporting-in-wake-of-teen-with-gun/
1022,V1-0581,John Gardiner,2023-01-16,2023-08-31,Saskatoon StarPhoenix,https://thestarphoenix.com/news/local-news/police-watchdog-investigating-after-man-seriously-injured-during-arrest-by-prince-albert-police
1023,V1-0581,John Gardiner,2023-01-16,2024-03-05,CBC,https://www.cbc.ca/news/canada/saskatoon/no-criminal-charges-prince-albert-officer-fatal-shooting-1.7134152
1024,V1-0555,James Hanna,2022-02-23,2024-12-11,CityNews,https://edmonton.citynews.ca/2024/12/11/officers-no-charges-innocent-edmonton-bystander-shot-killed/
1025,V1-0555,James Hanna,2022-02-23,2024-12-11,Global News,https://globalnews.ca/news/10913564/edmonton-police-shooting-february-2022-asirt-report/
1026,V1-0555,James Hanna,2022-02-23,2024-12-11,CBC,https://www.cbc.ca/news/canada/edmonton/asirt-decision-clears-eps-officers-double-fatal-1.7408193
1027,V1-0555,James Hanna,2022-02-23,2024-12-12,Edmonton Journal,https://edmontonjournal.com/news/crime/asirt-clears-edmonton-police-bystander-shooting
1028,V1-0555,James Hanna,2022-02-23,2024-12-11,CTV,https://www.ctvnews.ca/edmonton/article/edmonton-police-acted-reasonably-in-2022-shooting-that-killed-innocent-man-police-watchdog/
1029,V1-0555,James Hanna,2022-02-23,2022-11-09,Toronto Star,https://www.thestar.com/news/canada/sister-alleges-gross-negligence-behind-fatal-police-shooting-of-edmonton-bystander/article_5e1d2a09-1976-5e85-804e-ff98bde1d83d.html
1030,V1-0555,James Hanna,2022-02-23,2024-12-11,The Winnipeg Sun,https://winnipegsun.com/pmn/officers-wont-be-charged-after-innocent-man-shot-and-killed-alberta-police-watchdog
1031,V1-0555,James Hanna,2022-02-23,2022-11-09,Global News,https://globalnews.ca/news/9264598/edmonton-police-shooting-innocent-bystander-killed-sister-alleges-negligence/
1032,V1-0555,James Hanna,2022-02-23,2024-12-12,The Globe and Mail,https://www.theglobeandmail.com/canada/alberta/article-officers-wont-be-charged-after-innocent-man-shot-and-killed-alberta/
1033,V1-0555,James Hanna,2022-02-23,2024-12-11,Winnipeg Free Press,https://www.winnipegfreepress.com/uncategorized/2024/12/11/officers-who-killed-edmonton-man-with-stray-bullet-wont-be-charged-police-watchdog
1034,V1-0551,Randal Gladue,2021-12-31,2025-03-06,Global News,https://globalnews.ca/news/11069902/edmonton-police-shooting-nye-2021-asirt-report/
1035,V1-0551,Randal Gladue,2021-12-31,2021-12-31,Global News,https://globalnews.ca/news/8482875/central-edmonton-police-shooting-fatality/
1036,V1-0538,Steven Nguyen,2021-06-06,2022-03-22,Edmonton Journal,https://edmontonjournal.com/news/crime/man-killed-in-2021-edmonton-police-shooting-was-holding-cell-phone-chief-says-in-lawsuit-defence
1037,V1-0538,Steven Nguyen,2021-06-06,,CityNews,https://edmonton.citynews.ca/video/2024/05/15/edmonton-police-officer-avoids-criminal-charges-in-fatal-2021-shooting/
1038,V1-0538,Steven Nguyen,2021-06-06,2024-05-15,Global News,https://globalnews.ca/news/10499404/asirt-fatal-edmonton-police-shooting-steven-nguyen/
1039,V1-0538,Steven Nguyen,2021-06-06,2025-06-11,CBC,https://www.cbc.ca/news/canada/edmonton/edmonton-police-officer-not-guilty-of-assault-in-arrest-where-he-hit-man-with-baton-1.7558639
1040,V1-0538,Steven Nguyen,2021-06-06,2024-05-15,Edmonton Journal,https://edmontonjournal.com/news/local-news/crown-recommends-no-charges-against-edmonton-police-officer
1041,V1-0538,Steven Nguyen,2021-06-06,2025-02-27,Edmonton Journal,https://edmontonjournal.com/opinion/columnists/temitope-oriola-review-of-albertas-police-watchdog-crown-prosecutors-long-overdue
1042,V1-0538,Steven Nguyen,2021-06-06,2022-03-24,Global News,https://globalnews.ca/news/8708788/steven-nguyen-edmonton-police-shooting-lawsuit/
1043,V1-0538,Steven Nguyen,2021-06-06,2021-06-13,CTV,https://www.ctvnews.ca/edmonton/article/family-and-friends-gather-to-mourn-man-killed-by-police/
1044,V1-0538,Steven Nguyen,2021-06-06,2024-05-15,CTV,https://www.ctvnews.ca/edmonton/article/its-perverse-family-of-unarmed-man-killed-by-police-shocked-no-charges-will-be-brought-against-officer/
1045,V1-0538,Steven Nguyen,2021-06-06,2024-05-16,CBC,https://www.cbc.ca/news/canada/edmonton/crown-declines-to-lay-charges-against-edmonton-police-officer-who-fatally-shot-unarmed-man-1.7205745
1046,V1-0439,Justin Potts,2017-10-19,2023-10-20,CBC,https://www.cbc.ca/news/canada/edmonton/justin-potts-fatality-inquiry-1.7003050
1047,V1-0270,Jonathan Rawlings,2011-08-11,2011-08-12,CBC,https://www.cbc.ca/news/canada/calgary/man-fatally-shot-by-police-had-criminal-history-1.994195
1048,V1-0270,Jonathan Rawlings,2011-08-11,2011-08-12,The Globe and Mail,https://www.theglobeandmail.com/news/national/suspect-who-came-at-calgary-police-officer-with-a-screwdriver-shot-four-times/article4192863/
1049,V1-0270,Jonathan Rawlings,2011-08-11,2013-08-09,CTV,https://www.ctvnews.ca/calgary/article/asirt-cps-officer-justified-in-fatal-shooting-of-jonathan-rawlings/
1050,V1-0270,Jonathan Rawlings,2011-08-11,2016-01-05,Calgary Herald,https://calgaryherald.com/news/local-news/police-urged-to-create-foot-chase-policy-after-fatal-shooting
1051,V1-0270,Jonathan Rawlings,2011-08-11,2025-03-13,Global News,https://globalnews.ca/news/11080467/calgary-police-shooting-asirt/
1052,V1-0270,Jonathan Rawlings,2011-08-11,2011-08-12,CityNews,https://calgary.citynews.ca/2011/08/12/asirt-investigates-fatal-police-shooting/
1053,V1-0270,Jonathan Rawlings,2011-08-11,2011-08-12,Global News,https://globalnews.ca/news/144195/suspect-who-came-at-calgary-police-officer-with-a-screwdriver-shot-four-times-3/
1054,V1-0003,Stuart Mitchell,2000-01-30,2000-03-09,St. Catharines Standard,https://www.proquest.com/canadiannews/docview/349258721/DDAA324B1FB6490CPQ/2?accountid=14771&sourcetype=Newspapers
1055,V1-0004,Scott Reinhard,2000-04-07,2000-04-10,The Globe and Mail,"https://www.proquest.com/canadiannews/docview/2387589070/BE7AF8F0B2744B07PQ/2?accountid=14771&sourcetype=Blogs,%20Podcasts,%20&%20Websites"
1056,V1-0005,Paul Alphonse,2000-04-11,2000-04-20,The Province,https://www.proquest.com/canadiannews/docview/269230801/DC3723B33F2D410DPQ/7?accountid=14771&sourcetype=Newspapers
1057,V1-0005,Paul Alphonse,2000-04-11,2000-04-21,Edmonton Journal,https://www.proquest.com/canadiannews/docview/252712473/DC3723B33F2D410DPQ/8?accountid=14771&sourcetype=Newspapers
1058,V1-0005,Paul Alphonse,2000-04-11,2000-04-20,Prince Rupert Daily News,https://www.proquest.com/canadiannews/docview/357950348/DC3723B33F2D410DPQ/4?accountid=14771&sourcetype=Newspapers
1059,V1-0005,Paul Alphonse,2000-04-11,2000-04-20,Kamloops Daily News,https://www.proquest.com/canadiannews/docview/358275967/DC3723B33F2D410DPQ/5?accountid=14771&sourcetype=Newspapers
1060,V1-0336,Ryan Sommers,2014-10-31,2016-08-04,CTV,https://www.ctvnews.ca/calgary/article/cps-officer-will-not-face-charges-in-connection-with-fatal-2014-halloween-shooting/
1061,V1-0433,John Douglas Halfe,2017-09-06,2019-07-24,Global News,https://globalnews.ca/news/5678973/whitefish-lake-first-nation-fatal-death-rcmp-asirt/
1062,V1-0433,John Douglas Halfe,2017-09-06,2019-07-24,CBC,https://www.cbc.ca/news/canada/edmonton/st-paul-rcmp-officer-cleared-in-fatal-shooting-of-man-armed-with-knife-1.5223762
1063,V1-0433,John Douglas Halfe,2017-09-06,2019-07-24,Edmonton Journal,https://edmontonjournal.com/news/local-news/watch-rcmp-officer-cleared-in-lethal-whitefish-lake-shooting
1064,V1-0433,John Douglas Halfe,2017-09-06,2019-07-24,CTV,https://www.ctvnews.ca/edmonton/article/officer-acted-lawfully-in-2017-fatal-shooting-of-armed-man-asirt/
1065,V1-0433,John Douglas Halfe,2017-09-06,2017-09-08,CBC,https://www.cbc.ca/news/canada/edmonton/whitefish-first-nation-rcmp-death-asirt-1.4281414
1066,V1-0374,Russell Pohl,2015-12-25,2025-04-20,Edmonton Journal,https://edmontonjournal.com/news/local-news/st-albert-man-targeted-shooting-morinville-good-friday-rcmp
1067,V1-0374,Russell Pohl,2015-12-25,2017-08-21,Global News,https://globalnews.ca/news/3685336/asirt-clears-rcmp-who-fatally-shot-driver-of-front-end-loader-in-red-deer/
1068,V1-0374,Russell Pohl,2015-12-25,2016-12-09,CBC,https://www.cbc.ca/news/canada/edmonton/a-troubled-history-rcmp-justified-in-shooting-death-of-alberta-man-investigation-concludes-1.3889522
1069,V1-0374,Russell Pohl,2015-12-25,2015-12-25,CityNews,https://calgary.citynews.ca/2015/12/25/asirt-investigating-officer-involved-shooting-in-red-deer/
1070,V1-0374,Russell Pohl,2015-12-25,2015-12-26,Global News,https://globalnews.ca/news/2421394/rcmp-release-new-details-about-christmas-day-rampage-in-alberta/
1071,V1-0373,Marcel Moisan,2015-12-07,2015-12-27,The Edmonton Sun,https://edmontonsun.com/2015/12/27/police-shoot-an-armed-man-in-west-edmonton-sunday-morning
1072,V1-0373,Marcel Moisan,2015-12-07,2016-11-25,Global News,https://globalnews.ca/news/3089612/alberta-police-watchdog-says-cop-had-little-option-than-to-shoot-edmonton-man-in-december/
1073,V1-0373,Marcel Moisan,2015-12-07,2017-08-28,Edmonton Journal,https://edmontonjournal.com/news/crime/asirt-clears-edmonton-police-in-2015-death-of-man-following-struggle
1074,V1-0373,Marcel Moisan,2015-12-07,2015-12-27,CBC,https://www.cbc.ca/news/canada/edmonton/edmonton-police-shooting-december-27-1.3381314
1075,V1-0373,Marcel Moisan,2015-12-07,2017-08-28,Global News,https://globalnews.ca/news/3701640/edmonton-police-members-acted-lawfully-after-man-dies-in-police-custody-asirt/
1076,V1-0373,Marcel Moisan,2015-12-07,2015-12-13,The Edmonton Sun,https://edmontonsun.com/2015/12/12/brother-of-man-who-died-after-being-hit-by-a-police-taser-says-he-doesnt-blame-police
1077,V1-0373,Marcel Moisan,2015-12-07,2015-12-11,The Edmonton Sun,https://edmontonsun.com/2015/12/10/man-who-died-after-being-hit-with-an-edmonton-police-taser-was-to-appear-in-court
1078,V1-0249,Cyrus Green,2011-02-05,2014-08-18,Edmonton Journal,https://edmontonjournal.com/news/local-news/shooting-of-17-year-old-cyrus-green-justified-fatality-inquiry-finds
1079,V1-0249,Cyrus Green,2011-02-05,2014-03-10,CBC,https://www.cbc.ca/news/canada/edmonton/officer-recounts-shooting-that-killed-teenager-cyrus-green-1.2567450
1080,V1-0249,Cyrus Green,2011-02-05,2014-08-18,CBC,https://www.cbc.ca/news/canada/edmonton/police-officer-who-killed-cyrus-green-had-no-choice-says-alberta-justice-1.2739745
1081,V1-0249,Cyrus Green,2011-02-05,2011-12-07,Red Deer Advocate,https://www.reddeeradvocate.com/uncategorized/edmonton-police-officer-ruled-justified-in-fatal-shooting-of-teenager-7045843
1082,V1-0249,Cyrus Green,2011-02-05,2014-03-11,The Edmonton Sun,https://edmontonsun.com/2014/03/10/fatality-inquiry-starts-in-the-shooting-death-of-17-year-old-cyrus-green-in-2011
1083,V1-0249,Cyrus Green,2011-02-05,2011-12-06,Global News,https://globalnews.ca/news/186091/police-officer-cleared-in-fatal-shooting-of-edmonton-teen/
1084,V1-0247,William Francis McCoy,2011-01-16,2011-07-28,CBC,https://www.cbc.ca/news/canada/edmonton/alberta-mounties-won-t-be-charged-in-fatal-shooting-1.1035370
1085,V1-0247,William Francis McCoy,2011-01-16,2015-01-27,Edmonton Journal,https://edmontonjournal.com/news/local-news/fatality-inquiry-concludes-rcmp-justified-in-sherwood-park-shooting-death
1086,V1-0276,Darby Mahon,2012-01-11,2012-08-09,Global News,https://globalnews.ca/news/274761/investigation-clears-rcmp-officers-in-onoway-shooting-death/
1087,V1-0276,Darby Mahon,2012-01-11,2012-01-12,CBC,https://www.cbc.ca/news/canada/edmonton/alberta-rcmp-shoot-kill-armed-man-in-onoway-1.1161297
1088,V1-0276,Darby Mahon,2012-01-11,2012-08-09,Global News,https://globalnews.ca/news/274758/no-charges-against-rcmp-officers-who-shot-man-with-knife-in-alberta/
1089,V1-0276,Darby Mahon,2012-01-11,2021-01-25,Edmonton Journal,https://edmontonjournal.com/news/crime/rcmp-officer-charged-with-off-duty-sexual-assault-in-edmonton
1090,V1-0276,Darby Mahon,2012-01-11,2015-02-09,CBC,https://www.cbc.ca/news/canada/edmonton/rcmp-officers-acted-appropriately-in-shooting-of-onoway-man-judge-rules-1.2950967
1091,V1-0276,Darby Mahon,2012-01-11,2015-02-09,Edmonton Journal,https://edmontonjournal.com/news/local-news/fatality-inquiry-finds-rcmp-had-little-choice-but-to-shoot-onoway-man-carrying-knife
1092,V1-0276,Darby Mahon,2012-01-11,2012-01-13,The Edmonton Sun,https://edmontonsun.com/2012/01/13/daughters-mourn-father-killed-by-mounties
1093,V1-0276,Darby Mahon,2012-01-11,2012-01-12,The Edmonton Sun,https://edmontonsun.com/2012/01/12/mountie-related-death-west-of-edmonton
1094,V1-0291,Russell Mark Skoropad,2012-07-18,2013-04-10,CTV,https://www.ctvnews.ca/edmonton/article/rcmp-officer-cleared-of-wrongdoing-in-july-2012-fatal-shooting/
1095,V1-0291,Russell Mark Skoropad,2012-07-18,2012-07-19,Global News,https://globalnews.ca/news/268244/man-killed-by-rcmp-near-vegreville-identified/
1096,V1-0291,Russell Mark Skoropad,2012-07-18,2013-04-10,The Edmonton Sun,https://edmontonsun.com/2013/04/10/alberta-serious-incident-response-team-clears-vegreville-mountie-in-fatal-shooting-of-russell-skoropad
1097,V1-0291,Russell Mark Skoropad,2012-07-18,2012-07-19,CBC,https://www.cbc.ca/news/canada/edmonton/man-shot-dead-by-alberta-rcmp-1.1196927
1098,V1-0291,Russell Mark Skoropad,2012-07-18,2012-07-20,CBC,https://www.cbc.ca/news/canada/edmonton/man-killed-by-rcmp-had-history-of-police-run-ins-1.1208732
1099,V1-0291,Russell Mark Skoropad,2012-07-18,2012-07-19,The Edmonton Sun,https://edmontonsun.com/2012/07/19/mounties-shoot-man-dead-near-vegreville
1100,V1-0291,Russell Mark Skoropad,2012-07-18,2012-07-19,CTV,https://www.ctvnews.ca/edmonton/article/asirt-officer-who-fired-in-vegreville-incident-an-11-year-veteran/
