Title,Edition,Publisher,Publication Place,Publication Country,ISSN,eISSN,ISBN,"Full Text
(combined)
First","Full Text
(combined)
Last","Full Text
(combined)
Gaps","Scholarly / Peer-
Reviewed","Full Text
First","Full Text
Last","Full Text
Gaps","Full
Text - PDF
First","Full
Text - PDF
Last","Full
Text - PDF
Gaps",Embargo Days,"Cit/Abs
(combined)
First","Cit/Abs
(combined)
Last","Cit/Abs
(combined)
Gaps",Citation First,Citation Last,Citation Gaps,Abstract First,Abstract Last,"Abstract
Gaps","Other
Formats First","Other
Formats Last","Other
Formats Gaps","Peer-
Reviewed",Pub Type,Pub Language,Subjects,Pub ID,Notes and Changes
100 Mile House Free Press,,Black Press Group Ltd.,"100 Mile House, B.C.",Canada,0843-0403,,,04-Aug-2004,04-Apr-2022,,N,04-Aug-2004,04-Apr-2022,,,,,,04-Aug-2004,04-Apr-2022,,04-Aug-2004,04-Apr-2022,,,,,,,,N,Newspapers,English,General Interest Periodicals--Canada,52429,
100 Mile House Free Press (Online),,Black Press Group Ltd.,100 Mile House,Canada,,,,28-Jan-2023,Current,,N,28-Jan-2023,Current,,,,,,28-Jan-2023,Current,,28-Jan-2023,Current,,,,,,,,N,"Blogs, Podcasts, & Websites",English,General Interest Periodicals--Canada,6544324,
The 40 - Mile County Commentator,,Postmedia Network Inc.,"Bow Island, Alta.",Canada,0710-3948,,,06-Jan-2009,Current,01-Jan-2014--31-Dec-2016,N,06-Jan-2009,Current,01-Jan-2014--31-Dec-2016,,,,1,06-Jan-2009,Current,01-Jan-2014--31-Dec-2016,06-Jan-2009,Current,01-Jan-2014--31-Dec-2016,06-Jan-2009,01-May-2018,01-Jan-2014--31-Dec-2016,,,,N,Newspapers,English,General Interest Periodicals--Canada,38943,
Abbotsford Times,,Postmedia Network Inc.,"Abbotsford, B.C.",Canada,,,,11-Jun-2002,03-Dec-2013,,N,11-Jun-2002,03-Dec-2013,,,,,,11-Jun-2002,03-Dec-2013,,11-Jun-2002,03-Dec-2013,,11-Jun-2002,03-Dec-2013,,,,,N,Newspapers,English,General Interest Periodicals--United States,44717,
The Agassiz - Harrison Observer,,Black Press Group Ltd.,"Agassiz, B.C.",Canada,1194-448X,,,31-Dec-1969,04-Apr-2022,01-Jan-1970--31-Dec-2003,N,31-Dec-1969,04-Apr-2022,01-Jan-1970--31-Dec-2003,,,,,31-Dec-1969,04-Apr-2022,01-Jan-1970--31-Dec-2003,31-Dec-1969,04-Apr-2022,01-Jan-1970--31-Dec-2003,,,,,,,N,Newspapers,English,General Interest Periodicals--Canada,39861,
The Agassiz-Harrison Observer (Online),,Black Press Group Ltd.,Agassiz,Canada,,,,13-Mar-2023,Current,,N,13-Mar-2023,Current,,,,,,13-Mar-2023,Current,,13-Mar-2023,Current,,,,,,,,N,"Blogs, Podcasts, & Websites",English,General Interest Periodicals--Canada,6553022,
Airdrie City View,,Postmedia Network Inc.,"Airdrie, Alta.",Canada,1910-1481,,,03-Apr-2009,12-Dec-2019,,N,03-Apr-2009,12-Dec-2019,,,,,,03-Apr-2009,12-Dec-2019,,03-Apr-2009,12-Dec-2019,,03-Apr-2009,05-Apr-2018,,,,,N,Newspapers,English,General Interest Periodicals--Canada,40467,
Airdrie Echo,,Postmedia Network Inc.,Airdrie,Canada,,,,26-Mar-2008,22-Feb-2023,,N,26-Mar-2008,22-Feb-2023,,,,,,26-Mar-2008,22-Feb-2023,,26-Mar-2008,22-Feb-2023,,,,,,,,N,Newspapers,English,General Interest Periodicals--Canada,2049954,
Airdrie Echo (Online),,Postmedia Network Inc.,Airdrie,Canada,,,,14-May-2015,Current,01-Jan-2019--31-Dec-2019; 16-Apr-2021--31-Dec-2021,N,14-May-2015,Current,01-Jan-2019--31-Dec-2019; 16-Apr-2021--31-Dec-2021,,,,1,14-May-2015,Current,01-Jan-2019--31-Dec-2019; 16-Apr-2021--31-Dec-2021,14-May-2015,Current,01-Jan-2019--31-Dec-2019; 16-Apr-2021--31-Dec-2021,,,,,,,N,"Blogs, Podcasts, & Websites",English,General Interest Periodicals--Canada,2049953,
Alaska Highway News,,Postmedia Network Inc.,"Fort St. John, B.C.",Canada,1483-975X,,,09-Dec-1999,24-Mar-2022,01-Jan-2020--31-Dec-2020,N,09-Dec-1999,24-Mar-2022,01-Jan-2020--31-Dec-2020,,,,,09-Dec-1999,24-Mar-2022,01-Jan-2020--31-Dec-2020,09-Dec-1999,24-Mar-2022,01-Jan-2020--31-Dec-2020,09-Dec-1999,05-Apr-2018,,,,,N,Newspapers,English,General Interest Periodicals--Canada,43648,
Alberni Valley News (Online),,Black Press Group Ltd.,Port Alberni,Canada,,,,23-Nov-2022,Current,,N,23-Nov-2022,Current,,,,,,23-Nov-2022,Current,,23-Nov-2022,Current,,,,,,,,N,"Blogs, Podcasts, & Websites",English,General Interest Periodicals--Canada,6550483,
Alberni Valley Times,,Postmedia Network Inc.,"Port Alberni, B.C.",Canada,0839-2706,,,28-Jan-2000,09-Oct-2015,,N,28-Jan-2000,09-Oct-2015,,,,,,28-Jan-2000,09-Oct-2015,,28-Jan-2000,09-Oct-2015,,28-Jan-2000,09-Oct-2015,,,,,N,Newspapers,English,General Interest Periodicals--Canada,44850,
Alberta Business,,Sunrise Publishing Ltd.,Calgary,Canada,0827-2603,,,01-Feb-1985,01-Jul-1992,01-Nov-1990--28-Feb-1992,N,01-Feb-1985,01-Jul-1992,01-Nov-1990--28-Feb-1992,,,,,01-Feb-1985,01-Sep-1995,01-Jan-1993--31-Dec-1993; 01-Nov-1990--28-Feb-1992,01-Feb-1985,01-Sep-1995,01-Jan-1993--31-Dec-1993,01-Feb-1985,01-Jul-1992,01-Nov-1990--28-Feb-1992,,,,N,Magazines,English,Business And Economics,31935,
Aldergrove Star (Online),,Black Press Group Ltd.,Aldergrove,Canada,,,,17-Mar-2023,Current,,N,17-Mar-2023,Current,,,,,,17-Mar-2023,Current,,17-Mar-2023,Current,,,,,,,,N,"Blogs, Podcasts, & Websites",English,General Interest Periodicals--Canada,6550482,
The Aldergrove Star,,Black Press Group Ltd.,"Aldergrove, B.C.",Canada,,,,05-Aug-2004,02-Apr-2022,,N,05-Aug-2004,02-Apr-2022,,,,,,05-Aug-2004,02-Apr-2022,,05-Aug-2004,02-Apr-2022,,,,,,,,N,Newspapers,English,General Interest Periodicals--Canada,52450,
The Almaguin News,,"Torstar Syndication Services, a Division of Toronto Star Newspapers Limited","Burk's Falls, Ont.",Canada,,,,10-Feb-2010,Current,,N,10-Feb-2010,Current,,,,,,10-Feb-2010,Current,,10-Feb-2010,Current,,10-Feb-2010,10-Apr-2018,,,,,N,Newspapers,English,General Interest Periodicals--Canada,55216,
Almonte/Carleton Place EMC,,Postmedia Network Inc.,"Almonte, Ont.",Canada,,,,02-Apr-2009,08-Feb-2018,,N,02-Apr-2009,08-Feb-2018,,,,,,02-Apr-2009,08-Feb-2018,,02-Apr-2009,08-Feb-2018,,02-Apr-2009,08-Feb-2018,,,,,N,Newspapers,English,General Interest Periodicals--Canada,52079,
Ancaster News,,"Torstar Syndication Services, a Division of Toronto Star Newspapers Limited","Ancaster, Ont.",Canada,1205-3430,,,01-Sep-1999,21-Mar-2024,,N,01-Sep-1999,21-Mar-2024,,,,,,01-Sep-1999,21-Mar-2024,,01-Sep-1999,21-Mar-2024,,01-Sep-1999,10-Apr-2018,,,,,N,Newspapers,English,General Interest Periodicals--Canada,44851,
Arnprior Chronicle - Guide,,"Torstar Syndication Services, a Division of Toronto Star Newspapers Limited","Arnprior, Ont.",Canada,0833-0832,,,20-Sep-2011,Current,,N,20-Sep-2011,Current,,,,,,20-Sep-2011,Current,,20-Sep-2011,Current,,20-Sep-2011,10-Apr-2018,,,,,N,Newspapers,English,General Interest Periodicals--Canada,55217,
Arnprior EMC,,Postmedia Network Inc.,"Arnprior, Ont.",Canada,,,,03-Apr-2009,01-Feb-2018,,N,03-Apr-2009,01-Feb-2018,,,,,,03-Apr-2009,01-Feb-2018,,03-Apr-2009,01-Feb-2018,,03-Apr-2009,01-Feb-2018,,,,,N,Newspapers,English,General Interest Periodicals--Canada,52078,
Arrow Lakes News,,Black Press Group Ltd.,"Nakusp, B.C.",Canada,,,,04-Aug-2004,01-Apr-2022,,N,04-Aug-2004,01-Apr-2022,,,,,,04-Aug-2004,01-Apr-2022,,04-Aug-2004,01-Apr-2022,,,,,,,,N,Newspapers,English,General Interest Periodicals--Canada,52430,
Arrow Lakes News (Online),,Black Press Group Ltd.,Nakusp,Canada,,,,04-Nov-2022,Current,,N,04-Nov-2022,Current,,,,,,04-Nov-2022,Current,,04-Nov-2022,Current,,,,,,,,N,"Blogs, Podcasts, & Websites",English,General Interest Periodicals--Canada,6551367,
As It Happens,,Canadian Broadcasting Corporation,Toronto,Canada,,,,12-Dec-2016,Current,,N,12-Dec-2016,Current,,,,,,12-Dec-2016,Current,,12-Dec-2016,Current,,,,,,,,N,Other Sources,English,General Interest Periodicals--Canada,5983449,
The Ashcroft-Cache Creek Journal (Online),,Black Press Group Ltd.,Ashcroft,Canada,,,,28-Apr-2021,Current,01-Jan-2022--31-Dec-2022,N,28-Apr-2021,Current,01-Jan-2022--31-Dec-2022,,,,,28-Apr-2021,Current,01-Jan-2022--31-Dec-2022,28-Apr-2021,Current,01-Jan-2022--31-Dec-2022,,,,,,,N,"Blogs, Podcasts, & Websites",English,General Interest Periodicals--Canada,6552980,
BC Business,,Canada Wide Magazines,Vancouver,Canada,0829-481X,,,,,,N,,,,,,,,01-Jan-1982,01-Feb-2006,01-Nov-1990--01-Jan-1992,01-Jan-1982,01-Feb-2006,,01-Feb-1985,01-Feb-2006,01-Nov-1990--01-Jan-1992,,,,N,Trade Journals,English,Business And Economics,32059,
Barrie - Advance,,"Torstar Syndication Services, a Division of Toronto Star Newspapers Limited","Barrie, Ont.",Canada,1180-6656,,,16-Feb-2003,Current,,N,16-Feb-2003,Current,,,,,,16-Feb-2003,Current,,16-Feb-2003,Current,,16-Feb-2003,10-Apr-2018,,,,,N,Newspapers,English,General Interest Periodicals--Canada,43763,
Bashaw Star,,Black Press Group Ltd.,Bashaw,Canada,1194-0913,,,18-Jun-2013,15-May-2024,01-Jan-2017--31-Dec-2022,N,18-Jun-2013,15-May-2024,01-Jan-2017--31-Dec-2022,,,,,18-Jun-2013,15-May-2024,01-Jan-2017--31-Dec-2022,18-Jun-2013,15-May-2024,01-Jan-2017--31-Dec-2022,,,,,,,N,Newspapers,English,General Interest Periodicals--Canada,2032129,
Bashaw Star (Online),,Black Press Group Ltd.,Bashaw,Canada,,,,16-Mar-2023,13-May-2024,,N,16-Mar-2023,13-May-2024,,,,,,16-Mar-2023,13-May-2024,,16-Mar-2023,13-May-2024,,,,,,,,N,"Blogs, Podcasts, & Websites",English,General Interest Periodicals--United States,6551365,
The Bassano Times,,Postmedia Network Inc.,"Bassano, Alta.",Canada,,,,31-Mar-2009,Current,,N,31-Mar-2009,Current,,,,,1,31-Mar-2009,Current,,31-Mar-2009,Current,,31-Mar-2009,10-Apr-2018,,,,,N,Newspapers,English,General Interest Periodicals--Canada,40466,
The Beacon Herald (Online),,Postmedia Network Inc.,Stratford,Canada,,,,15-May-2015,Current,27-Sep-2021--28-Mar-2022,N,15-May-2015,Current,27-Sep-2021--28-Mar-2022,,,,1,15-May-2015,Current,27-Sep-2021--28-Mar-2022,15-May-2015,Current,27-Sep-2021--28-Mar-2022,,,,,,,N,"Blogs, Podcasts, & Websites",English,General Interest Periodicals--Canada,2049962,
The Beacon Herald,,Postmedia Network Inc.,Stratford,Canada,0834-4892,,,30-Apr-2007,Current,,N,30-Apr-2007,Current,,,,,1,30-Apr-2007,Current,,30-Apr-2007,Current,,,,,,,,N,Newspapers,English,General Interest Periodicals--Canada,2050097,
Beaumont News,,Postmedia Network Inc.,Beaumont,Canada,,,,01-May-2015,Current,,N,01-May-2015,Current,,,,,1,01-May-2015,Current,,01-May-2015,Current,,,,,,,,N,Newspapers,English,General Interest Periodicals--Canada,2049952,
Beaverlodge Advertiser,,Alberta Weekly Newspapers Association,"Beaverlodge, Alta.",Canada,,,,08-Apr-2009,18-Dec-2013,,N,08-Apr-2009,18-Dec-2013,,,,,,08-Apr-2009,18-Dec-2013,,08-Apr-2009,18-Dec-2013,,08-Apr-2009,18-Dec-2013,,,,,N,Newspapers,English,General Interest Periodicals--Canada,38939,
Beaverlodge West County News,,Postmedia Network Inc.,"Beaverlodge, Alta.",Canada,,,,16-Mar-2012,30-Jan-2014,,N,16-Mar-2012,30-Jan-2014,,,,,,16-Mar-2012,30-Jan-2014,,16-Mar-2012,30-Jan-2014,,16-Mar-2012,30-Jan-2014,,,,,N,Newspapers,English,General Interest Periodicals--Canada,1796411,
Belleville EMC,,Postmedia Network Inc.,"Belleville, Ont.",Canada,,,,03-Apr-2009,23-Nov-2017,,N,03-Apr-2009,23-Nov-2017,,,,,,03-Apr-2009,23-Nov-2017,,03-Apr-2009,23-Nov-2017,,03-Apr-2009,13-Apr-2017,,,,,N,Newspapers,English,General Interest Periodicals--Canada,52091,
Bloor West Villager,,"Torstar Syndication Services, a Division of Toronto Star Newspapers Limited","Toronto, Ont.",Canada,,,,02-May-2003,17-Jul-2023,,N,02-May-2003,17-Jul-2023,,,,,,02-May-2003,17-Jul-2023,,02-May-2003,17-Jul-2023,,02-May-2003,16-Feb-2018,,,,,N,Newspapers,English,General Interest Periodicals--Canada,44054,
The Blue Mountains Courier - Herald,,"Torstar Syndication Services, a Division of Toronto Star Newspapers Limited","Meaford, Ont.",Canada,,,,26-Jan-2010,19-Jun-2014,,N,26-Jan-2010,19-Jun-2014,,,,,,26-Jan-2010,19-Jun-2014,,26-Jan-2010,19-Jun-2014,,26-Jan-2010,19-Jun-2014,,,,,N,Newspapers,English,General Interest Periodicals--Canada,55218,
The Boundary Creek Times (Online),,Black Press Group Ltd.,Grand Forks,Canada,,,,10-Apr-2023,Current,,N,10-Apr-2023,Current,,,,,,10-Apr-2023,Current,,10-Apr-2023,Current,,,,,,,,N,"Blogs, Podcasts, & Websites",English,General Interest Periodicals--Canada,6553758,
Bow Valley Crag & Canyon,,Postmedia Network Inc.,Banff,Canada,,,,25-Mar-2008,22-Feb-2023,,N,25-Mar-2008,22-Feb-2023,,,,,,25-Mar-2008,22-Feb-2023,,25-Mar-2008,22-Feb-2023,,,,,,,,N,Newspapers,English,General Interest Periodicals--Canada,2049951,
Bow Valley Crag & Canyon (Online),,Postmedia Network Inc.,Banff,Canada,,,,15-May-2015,Current,01-Jan-2019--31-Dec-2019; 14-Apr-2021--28-Mar-2022,N,15-May-2015,Current,01-Jan-2019--31-Dec-2019; 14-Apr-2021--28-Mar-2022,,,,1,15-May-2015,Current,01-Jan-2019--31-Dec-2019; 14-Apr-2021--28-Mar-2022,15-May-2015,Current,01-Jan-2019--31-Dec-2019; 14-Apr-2021--28-Mar-2022,,,,,,,N,Newspapers,English,,2049950,
Bowen Island Undercurrent,,"Torstar Syndication Services, a Division of Toronto Star Newspapers Limited","Bowen Island, B.C.",Canada,,,,,,,N,,,,,,,,06-Aug-2004,21-Jun-2014,,06-Aug-2004,21-Jun-2014,,06-Aug-2004,21-Jun-2014,,,,,N,Newspapers,English,General Interest Periodicals--Canada,51520,
Bracebridge Examiner,,"Torstar Syndication Services, a Division of Toronto Star Newspapers Limited","Bracebridge, Ont.",Canada,,,,18-Jun-2010,Current,,N,18-Jun-2010,Current,,,,,,18-Jun-2010,Current,,18-Jun-2010,Current,,18-Jun-2010,10-Apr-2018,,,,,N,Newspapers,English,General Interest Periodicals--Canada,55219,
The Brampton Guardian,,"Torstar Syndication Services, a Division of Toronto Star Newspapers Limited","Brampton, Ont.",Canada,0841-6958,,,25-Apr-2003,Current,,N,25-Apr-2003,Current,,,,,,25-Apr-2003,Current,,25-Apr-2003,Current,,25-Apr-2003,20-Mar-2017,,,,,N,Newspapers,English,General Interest Periodicals--Canada,43781,
The Brandon Sun (Online),,FP Canadian Newspapers Limited Partnership,Brandon,Canada,,,,02-Jan-2011,Current,,N,02-Jan-2011,Current,,,,,,02-Jan-2011,Current,,02-Jan-2011,Current,,,,,,,,N,Newspapers,English,General Interest Periodicals--Canada,5074386,
The Brandon Sun,,FP Canadian Newspapers Limited Partnership,"Brandon, Man.",Canada,,,,28-Nov-2007,Current,,N,28-Nov-2007,Current,,,,,,28-Nov-2007,Current,,28-Nov-2007,Current,,28-Nov-2007,11-Apr-2018,,,,,N,Newspapers,English,General Interest Periodicals--Canada,43360,
The Brighton Independent,,"Torstar Syndication Services, a Division of Toronto Star Newspapers Limited","Brighton, Ont.",Canada,,,,25-Jan-2010,Current,,N,25-Jan-2010,Current,,,,,,25-Jan-2010,Current,,25-Jan-2010,Current,,25-Jan-2010,09-Apr-2018,,,,,N,Newspapers,English,General Interest Periodicals--Canada,55221,
Brock Citizen,,"Torstar Syndication Services, a Division of Toronto Star Newspapers Limited","Beaverton, Ont.",Canada,,,,20-Jan-2010,Current,,N,20-Jan-2010,Current,,,,,,20-Jan-2010,Current,,20-Jan-2010,Current,,20-Jan-2010,09-Apr-2018,,,,,N,Newspapers,English,General Interest Periodicals--Canada,55222,
The Brooks & County Chronicle,,Alberta Weekly Newspapers Association,Brooks,Canada,,,,23-Jun-2013,16-Aug-2015,,N,23-Jun-2013,16-Aug-2015,,,,,,23-Jun-2013,16-Aug-2015,,23-Jun-2013,16-Aug-2015,,23-Jun-2013,16-Aug-2015,,,,,N,Newspapers,English,General Interest Periodicals--Canada,2032128,
The Brooks Bulletin,,Postmedia Network Inc.,"Brooks, Alta.",Canada,,,,31-Mar-2009,Current,,N,31-Mar-2009,Current,,,,,1,31-Mar-2009,Current,,31-Mar-2009,Current,,31-Mar-2009,14-Mar-2017,,,,,N,Newspapers,English,General Interest Periodicals--Canada,38945,
The Bugle-Observer,,Postmedia Network Inc.,"Woodstock, N.B.",Canada,,,,25-Apr-2008,22-Dec-2020,,N,25-Apr-2008,22-Dec-2020,,,,,,25-Apr-2008,08-Feb-2024,,25-Apr-2008,08-Feb-2024,,25-Apr-2008,10-Apr-2018,,,,,N,Newspapers,English,General Interest Periodicals--United States,28635,
Burnaby News Leader,,"Torstar Syndication Services, a Division of Toronto Star Newspapers Limited","Burnaby, B.C.",Canada,,,,,,,N,,,,,,,,03-Aug-2004,13-May-2015,,03-Aug-2004,13-May-2015,,03-Aug-2004,13-May-2015,,,,,N,Newspapers,English,General Interest Periodicals--Canada,39862,
Burnaby Now,,Postmedia Network Inc.,"Burnaby, B.C.",Canada,0841-8462,,,12-Jun-2002,10-Aug-2023,29-Apr-2021--23-Sep-2021,N,12-Jun-2002,10-Aug-2023,29-Apr-2021--23-Sep-2021,,,,,12-Jun-2002,10-Aug-2023,29-Apr-2021--23-Sep-2021,12-Jun-2002,10-Aug-2023,29-Apr-2021--23-Sep-2021,12-Jun-2002,11-Apr-2018,,,,,N,Newspapers,English,General Interest Periodicals--United States,42483,
Burns Lake Lakes District News (Online),,Black Press Group Ltd.,Burns Lake,Canada,,,,11-Nov-2020,Current,01-Jan-2021--31-Dec-2022,N,11-Nov-2020,Current,01-Jan-2021--31-Dec-2022,,,,,11-Nov-2020,Current,01-Jan-2021--31-Dec-2022,11-Nov-2020,Current,01-Jan-2021--31-Dec-2022,,,,,,,N,"Blogs, Podcasts, & Websites",English,General Interest Periodicals--Canada,6551362,
Business Examiner,North Island ed.,Invest Northwest Publishing Ltd.,"Victoria, B.C.",Canada,0838-6048,,,08-Sep-2004,05-Feb-2007,,N,08-Sep-2004,05-Feb-2007,,,,,,08-Sep-2004,05-Feb-2007,,08-Sep-2004,05-Feb-2007,,08-Sep-2004,05-Feb-2007,,,,,N,Newspapers,English,General Interest Periodicals--Canada,27618,
Business Examiner,South Island ed.,Invest Northwest Publishing Ltd.,"Victoria, B.C.",Canada,0836-1142,,,08-Sep-2004,20-Dec-2007,,N,08-Sep-2004,20-Dec-2007,,,,,,08-Sep-2004,20-Dec-2007,,08-Sep-2004,20-Dec-2007,,08-Sep-2004,20-Dec-2007,,,,,N,Newspapers,English,General Interest Periodicals--Canada,27619,
Business Examiner,Fraser Valley ed.,Invest Northwest Publishing Ltd.,"Surrey, B.C.",Canada,,,,05-Mar-2007,08-Oct-2008,,N,05-Mar-2007,08-Oct-2008,,,,,,05-Mar-2007,08-Oct-2008,,05-Mar-2007,08-Oct-2008,,05-Mar-2007,08-Oct-2008,,,,,N,Newspapers,English,Business And Economics,40395,
Business Examiner,Thompson Okanagan ed.,Invest Northwest Publishing Ltd.,"Kelowna, B.C.",Canada,1915-4232,,,25-Apr-2007,09-Apr-2009,,N,25-Apr-2007,09-Apr-2009,,,,,,25-Apr-2007,09-Apr-2009,,25-Apr-2007,09-Apr-2009,,25-Apr-2007,09-Apr-2009,,,,,N,Newspapers,English,Business And Economics,40396,
CBC News,,Canadian Broadcasting Corporation,Toronto,Canada,,,,21-Mar-2024,Current,,N,21-Mar-2024,Current,,,,,,21-Mar-2024,Current,,21-Mar-2024,Current,,,,,,,,N,Wire Feeds,English,General Interest Periodicals--Canada,6727052,
CBC News (French),,Canadian Broadcasting Corporation,Toronto,Canada,,,,17-Sep-2016,Current,01-Jan-2017--31-Dec-2017; 01-Jan-2020--31-Dec-2020,N,17-Sep-2016,Current,01-Jan-2017--31-Dec-2017; 01-Jan-2020--31-Dec-2020,,,,,17-Sep-2016,Current,01-Jan-2017--31-Dec-2017; 01-Jan-2020--31-Dec-2020,17-Sep-2016,Current,01-Jan-2017--31-Dec-2017; 01-Jan-2020--31-Dec-2020,,,,,,,N,Wire Feeds,French,General Interest Periodicals--Canada,6727051,
CTV National News - CTV Television,,"CTV Television, Inc.",Scarborough,Canada,,,,06-Jun-1997,Current,01-Jan-2003--26-Jul-2004; 17-Nov-1997--30-Dec-1999,N,06-Jun-1997,Current,01-Jan-2003--26-Jul-2004; 17-Nov-1997--30-Dec-1999,,,,,06-Jun-1997,Current,01-Jan-2003--26-Jul-2004; 17-Nov-1997--30-Dec-1999,06-Jun-1997,Current,01-Jan-2003--26-Jul-2004; 17-Nov-1997--30-Dec-1999,06-Jun-1997,31-Jan-2005,01-Jan-2003--26-Jul-2004; 17-Nov-1997--30-Dec-1999,,,,N,Newspapers,English,General Interest Periodicals--Canada,43660,
Caledon Enterprise,,"Torstar Syndication Services, a Division of Toronto Star Newspapers Limited","Caledon, Ont.",Canada,,,,04-Oct-2006,Current,,N,04-Oct-2006,Current,,,,,,04-Oct-2006,Current,,04-Oct-2006,Current,,04-Oct-2006,10-Apr-2018,,,,,N,Newspapers,English,General Interest Periodicals--Canada,43919,
Caledonia Courier (Online),,Black Press Group Ltd.,Vanderhoof,Canada,,,,04-Apr-2023,Current,,N,04-Apr-2023,Current,,,,,,04-Apr-2023,Current,,04-Apr-2023,Current,,,,,,,,N,"Blogs, Podcasts, & Websites",English,General Interest Periodicals--Canada,6551361,
The Caledonia Courier,,Black Press Group Ltd.,"Vanderhoof, B.C.",Canada,,,,04-Aug-2004,29-Mar-2022,,N,04-Aug-2004,29-Mar-2022,,,,,,04-Aug-2004,29-Mar-2022,,04-Aug-2004,29-Mar-2022,,,,,,,,N,Newspapers,English,General Interest Periodicals--Canada,39866,
Calgary Herald,,Postmedia Network Inc.,"Calgary, Alta.",Canada,0828-1815,,,07-Dec-1988,Current,,N,07-Dec-1988,Current,,,,,1,07-Dec-1988,Current,,07-Dec-1988,Current,,07-Dec-1988,11-Apr-2018,,,,,N,Newspapers,English,General Interest Periodicals--Canada,47083,
Calgary Herald (Online),,Postmedia Network Inc.,Calgary,Canada,,,,30-Nov-2017,Current,,N,30-Nov-2017,Current,,,,,1,30-Nov-2017,Current,,30-Nov-2017,Current,,30-Nov-2017,11-Apr-2018,,,,,N,"Blogs, Podcasts, & Websites",English,General Interest Periodicals--Canada,2046010,
The Calgary Sun (Online),,Postmedia Network Inc.,Calgary,Canada,,,,15-May-2015,Current,,N,15-May-2015,Current,,,,,1,15-May-2015,Current,,15-May-2015,Current,,,,,,,,N,"Blogs, Podcasts, & Websites",English,General Interest Periodicals--Canada,2049961,
The Calgary Sun,,Postmedia Network Inc.,Calgary,Canada,,,,23-Mar-2018,Current,,N,23-Mar-2018,Current,,,,,1,23-Mar-2018,Current,,23-Mar-2018,Current,,,,,,,,N,Newspapers,,General Interest Periodicals--Canada,2050092,
Cambridge Reporter,,"Torstar Syndication Services, a Division of Toronto Star Newspapers Limited","Cambridge, Ont.",Canada,,,,01-Dec-1999,19-Sep-2003,,N,01-Dec-1999,19-Sep-2003,,,,,,01-Dec-1999,19-Sep-2003,,01-Dec-1999,19-Sep-2003,,01-Dec-1999,19-Sep-2003,,,,,N,Newspapers,English,General Interest Periodicals--Canada,43043,
Cambridge Reporter (Online),,"Torstar Syndication Services, a Division of Toronto Star Newspapers Limited","Cambridge, Ont.",Canada,,,,27-May-2010,30-Apr-2012,,N,27-May-2010,30-Apr-2012,,,,,,27-May-2010,30-Apr-2012,,27-May-2010,30-Apr-2012,,27-May-2010,30-Apr-2012,,,,,N,Newspapers,English,General Interest Periodicals--Canada,55339,
Campbell River Mirror,,Black Press Group Ltd.,"Campbell River, B.C.",Canada,1484-2769,,,04-Aug-2004,04-Apr-2022,,N,04-Aug-2004,04-Apr-2022,,,,,,04-Aug-2004,04-Apr-2022,,04-Aug-2004,04-Apr-2022,,,,,,,,N,Newspapers,English,General Interest Periodicals--Canada,39304,
Campbell River Mirror (Online),,Black Press Group Ltd.,Campbell River,Canada,,,,17-May-2017,Current,01-Jan-2022--31-Dec-2022,N,17-May-2017,Current,01-Jan-2022--31-Dec-2022,,,,,17-May-2017,Current,01-Jan-2022--31-Dec-2022,17-May-2017,Current,01-Jan-2022--31-Dec-2022,,,,,,,N,"Blogs, Podcasts, & Websites",English,General Interest Periodicals--Canada,6551360,
Campbellford EMC,,Postmedia Network Inc.,"Campbellford, Ont.",Canada,,,,03-Apr-2009,19-May-2016,,N,03-Apr-2009,19-May-2016,,,,,,03-Apr-2009,19-May-2016,,03-Apr-2009,19-May-2016,,03-Apr-2009,19-May-2016,,,,,N,Newspapers,English,General Interest Periodicals--Canada,52203,
The Camrose Canadian (Online),,Postmedia Network Inc.,Camrose,Canada,,,,14-May-2015,26-Jul-2018,,N,14-May-2015,26-Jul-2018,,,,,,14-May-2015,26-Jul-2018,,14-May-2015,26-Jul-2018,,,,,,,,N,"Blogs, Podcasts, & Websites",English,General Interest Periodicals--Canada,2049959,
The Camrose Canadian,,Postmedia Network Inc.,Camrose,Canada,0710-4111,,,19-May-2011,09-Aug-2018,,N,19-May-2011,09-Aug-2018,,,,,,19-May-2011,09-Aug-2018,,19-May-2011,09-Aug-2018,,,,,,,,N,Newspapers,English,General Interest Periodicals--Canada,2049960,
Canada AM - CTV Television,,"CTV Television, Inc.",Toronto,Canada,,,,03-Jan-1994,03-Jun-2016,01-Jan-2003--31-Dec-2003,N,03-Jan-1994,03-Jun-2016,01-Jan-2003--31-Dec-2003,,,,,03-Jan-1994,03-Jun-2016,01-Jan-2003--31-Dec-2003,03-Jan-1994,03-Jun-2016,01-Jan-2003--31-Dec-2003,03-Jan-1994,01-Feb-2005,01-Jan-2003--31-Dec-2003,,,,N,Other Sources,English,General Interest Periodicals--Canada,43499,
Canada NewsWire,,PR Newswire Association LLC,Ottawa,United States,,,,01-Jan-1999,Current,,N,01-Jan-1999,Current,,,,,,01-Jan-1999,Current,01-Jan-2018--31-Dec-2023,01-Jan-1999,Current,,01-Jan-1999,Current,01-Jan-2018--31-Dec-2023,,,,N,Wire Feeds,English,General Interest Periodicals--Canada,11327,
Canadian Business,,St. Joseph Communications,Toronto,Canada,0008-3100,2292-8421,,01-Jan-1993,01-Jan-2017,,N,01-Jan-1993,01-Jan-2017,,,,,,01-Feb-1972,01-Jan-2017,,01-Feb-1972,01-Jan-2017,,01-Feb-1972,01-Jan-2017,,,,,N,Magazines,English,Business And Economics,48010,
Canadian Business (Online),,St. Joseph Communications,Toronto,Canada,,2292-8421,,08-Jun-2018,Current,,N,08-Jun-2018,Current,,,,,,08-Jun-2018,Current,,08-Jun-2018,Current,,08-Jun-2018,Current,,,,,N,Magazines,English,Business And Economics,2048637,
Canadian Business Review,,Conference Board of Canada,Ottawa,Canada,0317-4026,,,01-Jan-1987,01-Jul-1996,,N,01-Jan-1992,01-Jul-1996,,01-Jan-1987,01-Jul-1996,,,01-Jan-1974,01-Jul-1996,,01-Jan-1974,01-Jul-1996,,01-Jan-1974,01-Jul-1996,,,,,N,Trade Journals,English,Business And Economics,48093,
The Canadian Champion,,"Torstar Syndication Services, a Division of Toronto Star Newspapers Limited","Milton, Ont.",Canada,0834-6925,,,27-Jun-2003,Current,,N,27-Jun-2003,Current,,,,,,27-Jun-2003,Current,,27-Jun-2003,Current,,27-Jun-2003,10-Apr-2018,,,,,N,Newspapers,English,General Interest Periodicals--Canada,43785,
Canadian Evergreen (Online),,Black Press Group Ltd.,Surrey,Canada,,,,13-Oct-2020,Current,01-Jan-2021--31-Dec-2022,N,13-Oct-2020,Current,01-Jan-2021--31-Dec-2022,,,,,13-Oct-2020,Current,01-Jan-2021--31-Dec-2022,13-Oct-2020,Current,01-Jan-2021--31-Dec-2022,,,,,,,N,"Blogs, Podcasts, & Websites",English,Agriculture|Lifestyle,6551359,
The Canadian Press -- Broadcast Wire,,Canadian Press Enterprises Inc.,Toronto,Canada,,,,30-Apr-2010,06-Oct-2010,,N,30-Apr-2010,06-Oct-2010,,,,,,30-Apr-2010,06-Oct-2010,,30-Apr-2010,06-Oct-2010,,30-Apr-2010,06-Oct-2010,,,,,N,Wire Feeds,English,General Interest Periodicals--Canada,85407,
The Canadian Press,,Canadian Press Enterprises Inc.,Toronto,Canada,,,,01-Jul-1994,Current,,N,01-Jul-1994,Current,,,,,,01-Jul-1994,Current,,01-Jul-1994,Current,,01-Jul-1994,15-Mar-2017,,,,,N,Wire Feeds,English,General Interest Periodicals--Canada,38907,
Cape Breton Post,,Postmedia Network Inc.,"Cape Breton, N.S.",Canada,,,,,,,N,,,,,,,,05-Apr-1999,27-Apr-2007,,05-Apr-1999,27-Apr-2007,,,,,,,,N,Newspapers,English,General Interest Periodicals--Canada,27045,
The Capital,,Postmedia Network Inc.,"Three Hills, Alta.",Canada,,,,11-Mar-2009,Current,,N,11-Mar-2009,Current,,,,,1,11-Mar-2009,Current,,11-Mar-2009,Current,,11-Mar-2009,11-Apr-2018,,,,,N,Newspapers,English,General Interest Periodicals--Canada,39191,
Cardston Temple City Star,,Postmedia Network Inc.,"Cardston, Alta.",Canada,,,,02-Apr-2009,Current,,N,02-Apr-2009,Current,,,,,1,02-Apr-2009,Current,,02-Apr-2009,Current,,02-Apr-2009,05-Apr-2018,,,,,N,Newspapers,English,General Interest Periodicals--Canada,39643,
Carleton Place / Almonte Canadian Gazette,,"Torstar Syndication Services, a Division of Toronto Star Newspapers Limited","Carleton Place, Ont.",Canada,,,,14-Sep-2011,Current,,N,14-Sep-2011,Current,,,,,,14-Sep-2011,Current,,14-Sep-2011,Current,,14-Sep-2011,10-Apr-2018,,,,,N,Newspapers,English,General Interest Periodicals--Canada,55340,
Castlegar News,,Black Press Group Ltd.,"Castlegar, B.C.",Canada,,,,28-Jul-2004,04-Apr-2022,,N,28-Jul-2004,04-Apr-2022,,,,,,28-Jul-2004,04-Apr-2022,,28-Jul-2004,04-Apr-2022,,,,,,,,N,Newspapers,English,General Interest Periodicals--Canada,27611,
Castlegar News (Online),,Black Press Group Ltd.,Castlegar,Canada,,,,15-Mar-2023,Current,,N,15-Mar-2023,Current,,,,,,15-Mar-2023,Current,,15-Mar-2023,Current,,,,,,,,N,"Blogs, Podcasts, & Websites",English,General Interest Periodicals--Canada,6551358,
The Castor Advance (Online),,Black Press Group Ltd.,Castor,Canada,,,,29-Nov-2022,13-May-2024,,N,29-Nov-2022,13-May-2024,,,,,,29-Nov-2022,13-May-2024,,29-Nov-2022,13-May-2024,,,,,,,,N,"Blogs, Podcasts, & Websites",English,General Interest Periodicals--Canada,6553021,
The Castor Advance,,Black Press Group Ltd.,Castor,Canada,,,,20-Jun-2013,16-Jun-2016,,N,20-Jun-2013,16-Jun-2016,,,,,,20-Jun-2013,16-Jun-2016,,20-Jun-2013,16-Jun-2016,,,,,,,,N,Newspapers,English,General Interest Periodicals--Canada,2032127,
Central Alberta Life,,Black Press Group Ltd.,Red Deer,Canada,,,,16-Mar-2023,Current,,N,16-Mar-2023,Current,,,,,,16-Mar-2023,Current,,16-Mar-2023,Current,,,,,,,,N,Newspapers,English,General Interest Periodicals--Canada,6551357,
Central Plains Herald-Leader,,Postmedia Network Inc.,Portage La Prairie,Canada,,,,28-May-2011,16-Jul-2020,,N,28-May-2011,16-Jul-2020,,,,,,28-May-2011,16-Jul-2020,,28-May-2011,16-Jul-2020,,,,,,,,N,Newspapers,English,General Interest Periodicals--Canada,2049949,
Chatham Daily News,,Postmedia Network Inc.,"Chatham, Ont.",Canada,0844-0654,,,10-Feb-1999,Current,,N,10-Feb-1999,Current,,,,,1,10-Feb-1999,Current,,10-Feb-1999,Current,,10-Feb-1999,31-May-2006,,,,,N,Newspapers,English,General Interest Periodicals--Canada,43747,
The Chatham Daily News (Online),,Postmedia Network Inc.,Chatham,Canada,,,,25-Jul-2007,Current,01-Jan-2009--31-Dec-2014; 18-Apr-2021--20-Mar-2022,N,25-Jul-2007,Current,01-Jan-2009--31-Dec-2014; 18-Apr-2021--20-Mar-2022,,,,1,25-Jul-2007,Current,01-Jan-2009--31-Dec-2014; 18-Apr-2021--20-Mar-2022,25-Jul-2007,Current,01-Jan-2009--31-Dec-2014; 18-Apr-2021--20-Mar-2022,,,,,,,N,"Blogs, Podcasts, & Websites",English,General Interest Periodicals--Canada,2049958,
Chatham This Week,,Postmedia Network Inc.,Chatham,Canada,,,,17-Jan-2007,Current,,N,17-Jan-2007,Current,,,,,1,17-Jan-2007,Current,,17-Jan-2007,Current,,,,,,,,N,Newspapers,English,Journalism,5483519,
Chemainus Valley Courier (Online),,Black Press Group Ltd.,Chemainus,Canada,,,,19-Nov-2022,Current,,N,19-Nov-2022,Current,,,,,,19-Nov-2022,Current,,19-Nov-2022,Current,,,,,,,,N,"Blogs, Podcasts, & Websites",English,General Interest Periodicals--Canada,6558386,
The Chilliwack Progress (Online),,Black Press Group Ltd.,Chilliwack,Canada,,,,19-May-2022,Current,,N,19-May-2022,Current,,,,,,19-May-2022,Current,,19-May-2022,Current,,,,,,,,N,"Blogs, Podcasts, & Websites",,General Interest Periodicals--Canada,6553020,
The Chilliwack Progress,,Black Press Group Ltd.,"Chilliwack, B.C.",Canada,,,,01-Aug-2004,04-Apr-2022,,N,01-Aug-2004,04-Apr-2022,,,,,,01-Aug-2004,04-Apr-2022,,01-Aug-2004,04-Apr-2022,,,,,,,,N,Newspapers,English,General Interest Periodicals--Canada,51521,
Chilliwack Times,,Postmedia Network Inc.,"Chilliwack, B.C.",Canada,0827-6447,,,17-May-2002,29-Dec-2016,,N,17-May-2002,29-Dec-2016,,,,,,17-May-2002,29-Dec-2016,,17-May-2002,29-Dec-2016,,17-May-2002,29-Dec-2016,,,,,N,Newspapers,English,General Interest Periodicals--Canada,42479,
ChrisD.ca - Winnipeg News,,Newstex,,United States,,,,20-Jul-2021,Current,,N,20-Jul-2021,Current,,,,,,20-Jul-2021,Current,,20-Jul-2021,Current,,,,,,,,N,"Blogs, Podcasts, & Websites",English,General Interest Periodicals--Canada,5341598,
Chronicle - Herald,,CNW Group Ltd.,"Halifax, N.S.",Canada,0828-1807,,,02-Jan-2014,Current,,N,02-Jan-2014,Current,,,,,,02-Jan-1982,Current,01-Jan-1997--31-Dec-2013; 01-Jan-2002--31-Dec-2013,02-Jan-1982,Current,01-Jan-2002--31-Dec-2013,05-Oct-1994,11-Apr-2018,01-Jan-1997--31-Dec-2013,,,,N,Newspapers,English,General Interest Periodicals--Canada,44319,
The City Centre Mirror,,"Torstar Syndication Services, a Division of Toronto Star Newspapers Limited","Willowdale, Ont.",Canada,,,,22-Mar-2010,12-Dec-2023,,N,22-Mar-2010,12-Dec-2023,,,,,,22-Mar-2010,12-Dec-2023,,22-Mar-2010,12-Dec-2023,,22-Mar-2010,03-Apr-2018,,,,,N,Newspapers,English,General Interest Periodicals--Canada,106009,
Claresholm Local Press,,Postmedia Network Inc.,"Claresholm, Alta.",Canada,,,,01-Apr-2009,Current,,N,01-Apr-2009,Current,,,,,1,01-Apr-2009,Current,,01-Apr-2009,Current,,01-Apr-2009,11-Apr-2018,,,,,N,Newspapers,English,General Interest Periodicals--Canada,39644,
Clearwater Times (Online),,Black Press Group Ltd.,Clearwater,Canada,,,,16-Mar-2023,Current,,N,16-Mar-2023,Current,,,,,,16-Mar-2023,Current,,16-Mar-2023,Current,,,,,,,,N,"Blogs, Podcasts, & Websites",English,General Interest Periodicals--Canada,6558385,
Clinton News-Record,,Postmedia Network Inc.,Clinton,Canada,,,,25-Apr-2018,Current,,N,25-Apr-2018,Current,,,,,1,25-Apr-2018,Current,,25-Apr-2018,Current,,,,,,,,N,Newspapers,English,General Interest Periodicals--Canada,2049948,
Clinton News-Record (Online),,Postmedia Network Inc.,Clinton,Canada,,,,14-May-2015,Current,01-Jan-2019--31-Dec-2019; 08-Apr-2021--22-Mar-2022,N,14-May-2015,Current,01-Jan-2019--31-Dec-2019; 08-Apr-2021--22-Mar-2022,,,,1,14-May-2015,Current,01-Jan-2019--31-Dec-2019; 08-Apr-2021--22-Mar-2022,14-May-2015,Current,01-Jan-2019--31-Dec-2019; 08-Apr-2021--22-Mar-2022,,,,,,,N,"Blogs, Podcasts, & Websites",English,General Interest Periodicals--Canada,2049947,
The Cloverdale Reporter (Online),,Black Press Group Ltd.,Surrey,Canada,,,,11-Apr-2022,Current,,N,11-Apr-2022,Current,,,,,,11-Apr-2022,Current,,11-Apr-2022,Current,,,,,,,,N,"Blogs, Podcasts, & Websites",English,General Interest Periodicals--Canada,6553019,
Coast Mountain News (Online),,Black Press Group Ltd.,Bella Coola,Canada,,,,15-Mar-2023,Current,,N,15-Mar-2023,Current,,,,,,15-Mar-2023,Current,,15-Mar-2023,Current,,,,,,,,N,"Blogs, Podcasts, & Websites",English,General Interest Periodicals--Canada,6558384,
Cobourg Daily Star,,Postmedia Network Inc.,"Cobourg, Ont.",Canada,0844-269X,,,27-Mar-2000,31-May-2006,,N,27-Mar-2000,31-May-2006,,,,,,27-Mar-2000,31-May-2006,,27-Mar-2000,31-May-2006,,27-Mar-2000,31-May-2006,,,,,N,Newspapers,English,General Interest Periodicals--Canada,44021,
Cochrane Times,,Postmedia Network Inc.,Cochrane,Canada,1204-1874,,,26-Mar-2008,22-Feb-2023,,N,26-Mar-2008,22-Feb-2023,,,,,,26-Mar-2008,22-Feb-2023,,26-Mar-2008,22-Feb-2023,,,,,,,,N,Newspapers,English,General Interest Periodicals--Canada,2049946,
Cochrane Times (Online),,Postmedia Network Inc.,Cochrane,Canada,,,,14-May-2015,Current,15-Apr-2021--22-Mar-2022,N,14-May-2015,Current,15-Apr-2021--22-Mar-2022,,,,1,14-May-2015,Current,15-Apr-2021--22-Mar-2022,14-May-2015,Current,15-Apr-2021--22-Mar-2022,,,,,,,N,Newspapers,English,General Interest Periodicals--Canada,2049945,
Cochrane Times-Post,,Postmedia Network Inc.,Cochrane,Canada,,,,23-Apr-2015,Current,,N,23-Apr-2015,Current,,,,,1,23-Apr-2015,Current,,23-Apr-2015,Current,,,,,,,,N,Newspapers,English,General Interest Periodicals--Canada,2049944,
Cochrane Times-Post (Online),,Postmedia Network Inc.,Cochrane,Canada,,,,14-May-2015,Current,16-Apr-2021--22-Mar-2022,N,14-May-2015,Current,16-Apr-2021--22-Mar-2022,,,,1,14-May-2015,Current,16-Apr-2021--22-Mar-2022,14-May-2015,Current,16-Apr-2021--22-Mar-2022,,,,,,,N,Newspapers,English,General Interest Periodicals--Canada,2049943,
Colborne Chronicle,,Postmedia Network Inc.,"Colborne, Ont.",Canada,0834-6127,,,23-Mar-2000,25-May-2006,,N,23-Mar-2000,25-May-2006,,,,,,23-Mar-2000,25-May-2006,,23-Mar-2000,25-May-2006,,23-Mar-2000,25-May-2006,,,,,N,Newspapers,English,General Interest Periodicals--Canada,43881,
Cold Lake Sun,,Postmedia Network Inc.,Cold Lake,Canada,,,,17-May-2011,21-Feb-2023,,N,17-May-2011,21-Feb-2023,,,,,,17-May-2011,21-Feb-2023,,17-May-2011,21-Feb-2023,,,,,,,,N,Newspapers,English,General Interest Periodicals--Canada,2049942,
Cold Lake Sun (Online),,Postmedia Network Inc.,Cold Lake,Canada,,,,14-May-2015,Current,01-Jan-2019--31-Dec-2019; 01-Jan-2024--31-Dec-2024; 18-Apr-2021--13-Mar-2022,N,14-May-2015,Current,01-Jan-2019--31-Dec-2019; 01-Jan-2024--31-Dec-2024; 18-Apr-2021--13-Mar-2022,,,,1,14-May-2015,Current,01-Jan-2019--31-Dec-2019; 01-Jan-2024--31-Dec-2024; 18-Apr-2021--13-Mar-2022,14-May-2015,Current,01-Jan-2019--31-Dec-2019; 01-Jan-2024--31-Dec-2024; 18-Apr-2021--13-Mar-2022,,,,,,,N,"Blogs, Podcasts, & Websites",English,General Interest Periodicals--Canada,2049941,
The Collingwood Connection,,"Torstar Syndication Services, a Division of Toronto Star Newspapers Limited","Collingwood, Ont.",Canada,1182-9095,,,18-Feb-2003,Current,,N,18-Feb-2003,Current,,,,,,18-Feb-2003,Current,,18-Feb-2003,Current,,18-Feb-2003,10-Apr-2018,,,,,N,Newspapers,English,General Interest Periodicals--Canada,43336,
Commerce News,,Edmonton Chamber of Commerce,Edmonton,Canada,0704-8017,,,01-Mar-1992,01-Nov-1996,,N,01-Mar-1992,01-Nov-1996,,,,,,01-Mar-1992,01-Nov-1996,,01-Mar-1992,01-Nov-1996,,01-Mar-1992,01-Nov-1996,,,,,N,Trade Journals,English,General Interest Periodicals--United States,30523,
Community Press,,Postmedia Network Inc.,Stirling,Canada,0827-6536,,,30-Apr-2015,Current,,N,30-Apr-2015,Current,,,,,1,30-Apr-2015,Current,,30-Apr-2015,Current,,,,,,,,N,Newspapers,English,General Interest Periodicals--Canada,2049940,
The Community Press,,Postmedia Network Inc.,"Sedgewick, Alta.",Canada,,,,07-Apr-2009,Current,,N,07-Apr-2009,Current,,,,,1,07-Apr-2009,Current,,07-Apr-2009,Current,,07-Apr-2009,11-Apr-2018,,,,,N,Newspapers,English,General Interest Periodicals--Canada,52170,
Comox Valley Record (Online),,Black Press Group Ltd.,Courtenay,Canada,,,,22-Dec-2022,Current,,N,22-Dec-2022,Current,,,,,,22-Dec-2022,Current,,22-Dec-2022,Current,,,,,,,,N,"Blogs, Podcasts, & Websites",English,General Interest Periodicals--Canada,6551356,
Connect,,Alberta Weekly Newspapers Association,Fort McMurray,Canada,,,,21-Jun-2013,23-Jun-2016,,N,21-Jun-2013,23-Jun-2016,,,,,,21-Jun-2013,23-Jun-2016,,21-Jun-2013,23-Jun-2016,,21-Jun-2013,23-Jun-2016,,,,,N,Newspapers,English,General Interest Periodicals--Canada,2032167,
Consort Enterprise,,Postmedia Network Inc.,"Consort, Alta.",Canada,,,,01-Apr-2009,Current,,N,01-Apr-2009,Current,,,,,1,01-Apr-2009,Current,,01-Apr-2009,Current,,01-Apr-2009,11-Apr-2018,,,,,N,Newspapers,English,General Interest Periodicals--Canada,39648,
Countdown,,"CTV Television, Inc.",Scarborough,Canada,,,,26-Sep-2005,19-Dec-2008,,N,26-Sep-2005,19-Dec-2008,,,,,,26-Sep-2005,19-Dec-2008,,26-Sep-2005,19-Dec-2008,,26-Sep-2005,19-Dec-2008,,,,,N,Reports,English,General Interest Periodicals--Canada|Literary And Political Reviews,28469,
Courier - Islander,,Postmedia Network Inc.,"Campbell River, B.C.",Canada,,,,01-Feb-2000,27-Mar-2015,,N,01-Feb-2000,27-Mar-2015,,,,,,01-Feb-2000,27-Mar-2015,,01-Feb-2000,27-Mar-2015,,01-Feb-2000,27-Mar-2015,,,,,N,Newspapers,English,General Interest Periodicals--United States,42482,
The Courier Press (Online),,Postmedia Network Inc.,Wallaceburg,Canada,0834-7514,,,15-May-2015,Current,16-Apr-2021--20-Mar-2022,N,15-May-2015,Current,16-Apr-2021--20-Mar-2022,,,,1,15-May-2015,Current,16-Apr-2021--20-Mar-2022,15-May-2015,Current,16-Apr-2021--20-Mar-2022,,,,,,,N,"Blogs, Podcasts, & Websites",English,General Interest Periodicals--Canada,2049956,
The Courier Press,,Postmedia Network Inc.,Wallaceburg,Canada,0834-7514,,,22-Apr-2010,Current,01-Jan-2016--31-Dec-2017,N,22-Apr-2010,Current,01-Jan-2016--31-Dec-2017,,,,1,22-Apr-2010,Current,01-Jan-2016--31-Dec-2017,22-Apr-2010,Current,01-Jan-2016--31-Dec-2017,,,,,,,N,Newspapers,English,General Interest Periodicals--Canada,2049957,
The Courtenay Comox Valley Record,,Black Press Group Ltd.,"Courtenay, B.C.",Canada,0836-8880,,,04-Aug-2004,04-Apr-2022,,N,04-Aug-2004,04-Apr-2022,,,,,,04-Aug-2004,04-Apr-2022,,04-Aug-2004,04-Apr-2022,,,,,,,,N,Newspapers,English,General Interest Periodicals--Canada,39864,
Cowichan News Leader,,"Torstar Syndication Services, a Division of Toronto Star Newspapers Limited","Duncan, B.C.",Canada,0703-9220,,,04-Aug-2004,09-Sep-2008,,N,04-Aug-2004,09-Sep-2008,,,,,,04-Aug-2004,09-Sep-2008,,04-Aug-2004,09-Sep-2008,,04-Aug-2004,09-Sep-2008,,,,,N,Newspapers,English,General Interest Periodicals--Canada,39730,
Cowichan News Leader Pictorial,,"Torstar Syndication Services, a Division of Toronto Star Newspapers Limited","Duncan, B.C.",Canada,,,,10-Sep-2008,18-Mar-2015,,N,10-Sep-2008,18-Mar-2015,,,,,,10-Sep-2008,18-Mar-2015,,10-Sep-2008,18-Mar-2015,,10-Sep-2008,18-Mar-2015,,,,,N,Newspapers,English,General Interest Periodicals--Canada,54936,
Cowichan Valley Citizen,,Black Press Group Ltd.,"Duncan, B.C.",Canada,,,,23-Jan-2000,18-Sep-2015,,N,23-Jan-2000,18-Sep-2015,,,,,,23-Jan-2000,18-Sep-2015,,23-Jan-2000,18-Sep-2015,,,,,,,,N,Newspapers,English,General Interest Periodicals--United States,42611,
Cowichan Valley Citizen (Online),,Black Press Group Ltd.,Duncan,Canada,,,,07-Apr-2021,Current,,N,07-Apr-2021,Current,,,,,,07-Apr-2021,Current,,07-Apr-2021,Current,,,,,,,,N,"Blogs, Podcasts, & Websites",English,General Interest Periodicals--Canada,6551354,
Cranbrook Townsman (Online),,Black Press Group Ltd.,Cranbrook,Canada,,,,15-Mar-2023,Current,,N,15-Mar-2023,Current,,,,,,15-Mar-2023,Current,,15-Mar-2023,Current,,,,,,,,N,"Blogs, Podcasts, & Websites",English,General Interest Periodicals--Canada,6551353,
Creston Valley Advance (Online),,Black Press Group Ltd.,Creston,Canada,,,,17-Mar-2023,Current,,N,17-Mar-2023,Current,,,,,,17-Mar-2023,Current,,17-Mar-2023,Current,,,,,,,,N,"Blogs, Podcasts, & Websites",English,General Interest Periodicals--Canada,6551352,
Crowsnest Pass Herald,,Postmedia Network Inc.,"Blairmore, Alta.",Canada,,,,23-Jun-2009,Current,,N,23-Jun-2009,Current,,,,,1,23-Jun-2009,Current,,23-Jun-2009,Current,,23-Jun-2009,04-Apr-2018,,,,,N,Newspapers,English,General Interest Periodicals--Canada,39650,
The Current,,Canadian Broadcasting Corporation,Toronto,Canada,,,,01-Feb-2016,Current,,N,01-Feb-2016,Current,,,,,,01-Feb-2016,Current,,01-Feb-2016,Current,,,,,,,,N,Other Sources,English,General Interest Periodicals--Canada|Journalism,5983428,
Daily Bulletin,,Postmedia Network Inc.,"Kimberley, B.C.",Canada,,,,01-Sep-1999,02-Feb-2018,,N,01-Sep-1999,02-Feb-2018,,,,,,01-Sep-1999,02-Feb-2018,,01-Sep-1999,02-Feb-2018,,01-Sep-1999,02-Feb-2018,,,,,N,Newspapers,English,General Interest Periodicals--Canada,43508,
Daily Gleaner,,Postmedia Network Inc.,"Fredericton, N.B.",Canada,0821-6983,,,02-Jan-1998,Current,,N,02-Jan-1998,Current,,,,,1,02-Jan-1998,Current,,02-Jan-1998,Current,,02-Jan-1998,12-Apr-2018,,,,,N,Newspapers,English,General Interest Periodicals--United States,43652,
The Daily Graphic (Online),,Postmedia Network Inc.,Portage La Prarie,Canada,,,,14-May-2015,Current,01-Jan-2019--31-Dec-2019; 18-Apr-2021--28-Mar-2022,N,14-May-2015,Current,01-Jan-2019--31-Dec-2019; 18-Apr-2021--28-Mar-2022,,,,1,14-May-2015,Current,01-Jan-2019--31-Dec-2019; 18-Apr-2021--28-Mar-2022,14-May-2015,Current,01-Jan-2019--31-Dec-2019; 18-Apr-2021--28-Mar-2022,,,,,,,N,"Blogs, Podcasts, & Websites",English,General Interest Periodicals--Canada,2050073,
The Daily Graphic,,Postmedia Network Inc.,Portage La Prarie,Canada,0832-4271,,,28-Apr-2007,Current,,N,28-Apr-2007,Current,,,,,1,28-Apr-2007,Current,,28-Apr-2007,Current,,,,,,,,N,Newspapers,English,General Interest Periodicals--Canada,2050153,
The Daily Herald-Tribune (Online),,Postmedia Network Inc.,Grand Prairie,Canada,,,,14-May-2015,Current,01-Jan-2019--31-Dec-2019; 02-Sep-2021--31-Dec-2021,N,14-May-2015,Current,01-Jan-2019--31-Dec-2019; 02-Sep-2021--31-Dec-2021,,,,1,14-May-2015,Current,01-Jan-2019--31-Dec-2019; 02-Sep-2021--31-Dec-2021,14-May-2015,Current,01-Jan-2019--31-Dec-2019; 02-Sep-2021--31-Dec-2021,,,,,,,N,"Blogs, Podcasts, & Websites",English,General Interest Periodicals--Canada,2050072,
The Daily Herald-Tribune,,Postmedia Network Inc.,Grande Prairie,Canada,0839-4873,,,24-Apr-2007,30-Apr-2021,,N,24-Apr-2007,30-Apr-2021,,,,,,24-Apr-2007,30-Apr-2021,,24-Apr-2007,30-Apr-2021,,,,,,,,N,Newspapers,English,General Interest Periodicals--Canada,2050152,
Daily Miner and News,,Postmedia Network Inc.,Kenora,Canada,0839-4989,,,27-Apr-2007,Current,,N,27-Apr-2007,Current,,,,,1,27-Apr-2007,Current,,27-Apr-2007,Current,,,,,,,,N,Newspapers,English,General Interest Periodicals--Canada,2050095,
Daily News,,Postmedia Network Inc.,"Halifax, N.S.",Canada,0715-4321,,,,,,N,,,,,,,,22-Oct-1990,27-Apr-2007,,22-Oct-1990,27-Apr-2007,,,,,,,,N,Newspapers,English,General Interest Periodicals--Canada,26912,
Daily News,,Postmedia Network Inc.,"Truro, N.S.",Canada,0841-6362,,,,,,N,,,,,,,,03-May-1999,27-Apr-2007,,03-May-1999,27-Apr-2007,,,,,,,,N,Newspapers,English,General Interest Periodicals--Canada,27046,
Daily News,,Postmedia Network Inc.,"Prince Rupert, B.C.",Canada,1186-4877,,,12-Oct-1999,16-Jul-2010,,N,12-Oct-1999,16-Jul-2010,,,,,,12-Oct-1999,16-Jul-2010,,12-Oct-1999,16-Jul-2010,,12-Oct-1999,16-Jul-2010,,,,,N,Newspapers,English,General Interest Periodicals--United States,43791,
Daily Press,,Postmedia Network Inc.,"Timmins, Ont.",Canada,0841-6966,,,04-May-1999,Current,,N,04-May-1999,Current,,,,,1,04-May-1999,Current,,04-May-1999,Current,,04-May-1999,31-May-2006,,,,,N,Newspapers,English,General Interest Periodicals--Canada,43565,
The Daily Press (Online),,Postmedia Network Inc.,Timmins,Canada,,,,15-May-2015,Current,18-Apr-2021--28-Mar-2022,N,15-May-2015,Current,18-Apr-2021--28-Mar-2022,,,,1,15-May-2015,Current,18-Apr-2021--28-Mar-2022,15-May-2015,Current,18-Apr-2021--28-Mar-2022,,,,,,,N,"Blogs, Podcasts, & Websites",English,General Interest Periodicals--Canada,2050071,
The Daily Sentinel Review (Online),,Postmedia Network Inc.,Woodstock,Canada,,,,15-May-2015,Current,24-Sep-2021--27-Mar-2022,N,15-May-2015,Current,24-Sep-2021--27-Mar-2022,,,,1,15-May-2015,Current,24-Sep-2021--27-Mar-2022,15-May-2015,Current,24-Sep-2021--27-Mar-2022,,,,,,,N,"Blogs, Podcasts, & Websites",English,General Interest Periodicals--Canada,2050069,
The Daily Sentinel Review,,Postmedia Network Inc.,Woodstock,Canada,0839-3346,,,30-Apr-2007,Current,,N,30-Apr-2007,Current,,,,,1,30-Apr-2007,Current,,30-Apr-2007,Current,,,,,,,,N,Newspapers,English,General Interest Periodicals--Canada,2050070,
Daily Townsman,,Postmedia Network Inc.,"Cranbrook, B.C.",Canada,,,,01-Sep-1999,04-Feb-2018,,N,01-Sep-1999,04-Feb-2018,,,,,,01-Sep-1999,04-Feb-2018,,01-Sep-1999,04-Feb-2018,,01-Sep-1999,04-Feb-2018,,,,,N,Newspapers,English,General Interest Periodicals--Canada,43673,
Dawson Creek Daily News,,Postmedia Network Inc.,"Dawson Creek, B.C.",Canada,,,,,,,N,,,,,,,,13-Oct-1999,31-Jan-2014,,13-Oct-1999,31-Jan-2014,,13-Oct-1999,31-Jan-2014,,,,,N,Newspapers,English,General Interest Periodicals--Canada,40355,
Delhi News-Record,,Postmedia Network Inc.,Oakville,Canada,0834-6070,,,18-May-2011,23-Jul-2020,,N,18-May-2011,23-Jul-2020,,,,,,18-May-2011,23-Jul-2020,,18-May-2011,23-Jul-2020,,,,,,,,N,Newspapers,English,General Interest Periodicals--Canada,2049937,
Delhi News-Record (Online),,Postmedia Network Inc.,Oakville,Canada,,,,14-May-2015,28-Jul-2020,01-Jan-2016--31-Dec-2016; 01-Jan-2019--31-Dec-2019,N,14-May-2015,28-Jul-2020,01-Jan-2016--31-Dec-2016; 01-Jan-2019--31-Dec-2019,,,,,14-May-2015,28-Jul-2020,01-Jan-2016--31-Dec-2016; 01-Jan-2019--31-Dec-2019,14-May-2015,28-Jul-2020,01-Jan-2016--31-Dec-2016; 01-Jan-2019--31-Dec-2019,,,,,,,N,"Blogs, Podcasts, & Websites",English,General Interest Periodicals--Canada,2049938,
Delta Optimist,,Postmedia Network Inc.,"Delta, B.C.",Canada,0710-1422,,,24-Apr-2002,Current,,N,24-Apr-2002,Current,,,,,1,24-Apr-2002,Current,,24-Apr-2002,Current,,24-Apr-2002,11-Apr-2018,,,,,N,Newspapers,English,General Interest Periodicals--United States,44256,
Devon Dispatch News,,Postmedia Network Inc.,Devon,Canada,0710-5495,,,01-May-2015,Current,,N,01-May-2015,Current,,,,,1,01-May-2015,Current,,01-May-2015,Current,,,,,,,,N,Newspapers,English,General Interest Periodicals--Canada,2049936,
District Weekender,,"Torstar Syndication Services, a Division of Toronto Star Newspapers Limited","Bracebridge, Ont.",Canada,,,,14-Oct-2011,13-Jun-2013,,N,14-Oct-2011,13-Jun-2013,,,,,,14-Oct-2011,13-Jun-2013,,14-Oct-2011,13-Jun-2013,,14-Oct-2011,13-Jun-2013,,,,,N,Newspapers,English,General Interest Periodicals--Canada,55342,
Drayton Valley Western Review,,Postmedia Network Inc.,Drayton Valley,Canada,0714-6353,,,21-Apr-2015,21-Feb-2023,,N,21-Apr-2015,21-Feb-2023,,,,,,21-Apr-2015,21-Feb-2023,,21-Apr-2015,21-Feb-2023,,,,,,,,N,Newspapers,English,General Interest Periodicals--United States,2049935,
Drayton Valley Western Review (Online),,Postmedia Network Inc.,Drayton Valley,Canada,,,,14-May-2015,Current,01-Jan-2019--31-Dec-2019; 08-Apr-2021--14-Mar-2022,N,14-May-2015,Current,01-Jan-2019--31-Dec-2019; 08-Apr-2021--14-Mar-2022,,,,1,14-May-2015,Current,01-Jan-2019--31-Dec-2019; 08-Apr-2021--14-Mar-2022,14-May-2015,Current,01-Jan-2019--31-Dec-2019; 08-Apr-2021--14-Mar-2022,,,,,,,N,"Blogs, Podcasts, & Websites",English,General Interest Periodicals--Canada,2050143,
The Drumheller Mail,,Alberta Weekly Newspapers Association,Drumheller,Canada,,,,19-Jun-2013,22-Jun-2016,,N,19-Jun-2013,22-Jun-2016,,,,,,19-Jun-2013,22-Jun-2016,,19-Jun-2013,22-Jun-2016,,19-Jun-2013,22-Jun-2016,,,,,N,Newspapers,English,General Interest Periodicals--Canada,2032126,
Dundas Star News,,"Torstar Syndication Services, a Division of Toronto Star Newspapers Limited","Dundas, Ont.",Canada,,,,15-Sep-1999,01-Apr-2024,,N,15-Sep-1999,01-Apr-2024,,,,,,15-Sep-1999,01-Apr-2024,,15-Sep-1999,01-Apr-2024,,15-Sep-1999,10-Apr-2018,,,,,N,Newspapers,English,General Interest Periodicals--Canada,42612,
Dunnville Chronicle,,Postmedia Network Inc.,"Dunnville, Ont.",Canada,0841-310X,,,05-Jun-2002,31-May-2006,,N,05-Jun-2002,31-May-2006,,,,,,05-Jun-2002,31-May-2006,,05-Jun-2002,31-May-2006,,05-Jun-2002,31-May-2006,,,,,N,Newspapers,English,General Interest Periodicals--United States,42613,
DurhamRegion.com,,"Torstar Syndication Services, a Division of Toronto Star Newspapers Limited",Oshawa,Canada,,,,23-Aug-2023,Current,,N,23-Aug-2023,Current,,,,,,22-Aug-2023,Current,,22-Aug-2023,Current,,,,,,,,N,"Blogs, Podcasts, & Websites",English,General Interest Periodicals--Canada,6720261,
Eagle Valley News,,Black Press Group Ltd.,"Sicamous, B.C.",Canada,0828-833X,,,01-Aug-2004,04-Apr-2022,,N,01-Aug-2004,04-Apr-2022,,,,,,01-Aug-2004,04-Apr-2022,,01-Aug-2004,04-Apr-2022,,,,,,,,N,Newspapers,English,General Interest Periodicals--Canada,39854,
Eagle Valley News (Online),,Black Press Group Ltd.,Sicamous,Canada,,,,14-Mar-2023,Current,,N,14-Mar-2023,Current,,,,,,14-Mar-2023,Current,,14-Mar-2023,Current,,,,,,,,N,"Blogs, Podcasts, & Websites",English,General Interest Periodicals--Canada,6551351,
East Central Alberta Review,,Postmedia Network Inc.,"Coronation, Alta.",Canada,,,,26-Mar-2009,Current,,N,26-Mar-2009,Current,,,,,1,26-Mar-2009,Current,,26-Mar-2009,Current,,26-Mar-2009,05-Apr-2018,,,,,N,Newspapers,English,General Interest Periodicals--United States,39649,
East Gwillimbury Express,,"Torstar Syndication Services, a Division of Toronto Star Newspapers Limited",Kawartha Lakes,Canada,2368-6901,,,02-Nov-2023,Current,,N,02-Nov-2023,Current,,,,,,20-Oct-2021,Current,,20-Oct-2021,Current,,,,,,,,N,Newspapers,English,General Interest Periodicals--Canada,6720252,
East Kootenay eXtra,,Black Press Group Ltd.,East Kootenay,Canada,,,,13-Jan-2022,Current,,N,13-Jan-2022,Current,,,,,,13-Jan-2022,Current,,13-Jan-2022,Current,,,,,,,,N,Newspapers,English,General Interest Periodicals--Canada,6558383,
The East York Mirror,,"Torstar Syndication Services, a Division of Toronto Star Newspapers Limited","East York, Ont.",Canada,1207-3423,,,02-May-2003,01-Dec-2023,,N,02-May-2003,01-Dec-2023,,,,,,02-May-2003,01-Dec-2023,,02-May-2003,01-Dec-2023,,02-May-2003,29-Mar-2018,,,,,N,Newspapers,English,General Interest Periodicals--Canada,43061,
Eckville Echo,,Postmedia Network Inc.,"Sylvan Lake, Alta.",Canada,1487-0789,,,03-Apr-2009,26-Mar-2020,,N,03-Apr-2009,26-Mar-2020,,,,,,03-Apr-2009,26-Mar-2020,,03-Apr-2009,26-Mar-2020,,03-Apr-2009,05-Apr-2018,,,,,N,Newspapers,English,General Interest Periodicals--Canada,38941,
Eckville Echo (Online),,Black Press Group Ltd.,Sylvan Lake,Canada,,,,01-Aug-2023,Current,,N,01-Aug-2023,Current,,,,,,01-Aug-2023,Current,,01-Aug-2023,Current,,,,,,,,N,"Blogs, Podcasts, & Websites",English,General Interest Periodicals--Canada,6551350,
Edmonton Examiner,,Postmedia Network Inc.,Edmonton,Canada,,,,25-Apr-2007,30-Apr-2020,,N,25-Apr-2007,30-Apr-2020,,,,,,25-Apr-2007,30-Apr-2020,,25-Apr-2007,30-Apr-2020,,,,,,,,N,Newspapers,English,General Interest Periodicals--Canada,2050142,
Edmonton Examiner (Online),,Postmedia Network Inc.,Edmonton,Canada,,,,14-May-2015,Current,01-Jan-2019--31-Dec-2019; 14-Apr-2021--21-Mar-2022,N,14-May-2015,Current,01-Jan-2019--31-Dec-2019; 14-Apr-2021--21-Mar-2022,,,,1,14-May-2015,Current,01-Jan-2019--31-Dec-2019; 14-Apr-2021--21-Mar-2022,14-May-2015,Current,01-Jan-2019--31-Dec-2019; 14-Apr-2021--21-Mar-2022,,,,,,,N,"Blogs, Podcasts, & Websites",English,General Interest Periodicals--Canada,2049934,
Edmonton Journal,,Postmedia Network Inc.,"Edmonton, Alta.",Canada,0839-296X,,,10-Mar-1989,Current,,N,10-Mar-1989,Current,,,,,1,10-Mar-1989,Current,,10-Mar-1989,Current,,10-Mar-1989,11-Apr-2018,,,,,N,Newspapers,English,Business And Economics--Banking And Finance,46779,
Edmonton Journal (Online),,Postmedia Network Inc.,Edmonton,Canada,,,,30-Nov-2017,Current,,N,30-Nov-2017,Current,,,,,1,30-Nov-2017,Current,,30-Nov-2017,Current,,30-Nov-2017,11-Apr-2018,,,,,N,"Blogs, Podcasts, & Websites",English,General Interest Periodicals--Canada,2046005,
The Edmonton Sun (Online),,Postmedia Network Inc.,Edmonton,Canada,,,,14-May-2015,Current,,N,14-May-2015,Current,,,,,1,14-May-2015,Current,,14-May-2015,Current,,,,,,,,N,"Blogs, Podcasts, & Websites",English,General Interest Periodicals--Canada,2050068,
The Edmonton Sun,,Postmedia Network Inc.,Edmonton,Canada,,,,23-Apr-2007,Current,,N,23-Apr-2007,Current,,,,,1,23-Apr-2007,Current,,23-Apr-2007,Current,,,,,,,,N,Newspapers,English,General Interest Periodicals--Canada,2050151,
Edson Leader,,Postmedia Network Inc.,Edson,Canada,,,,23-May-2011,13-Jan-2020,,N,23-May-2011,13-Jan-2020,,,,,,23-May-2011,13-Jan-2020,,23-May-2011,13-Jan-2020,,,,,,,,N,Newspapers,English,General Interest Periodicals--Canada,2049933,
Edson Leader (Online),,Postmedia Network Inc.,Edson,Canada,,,,14-May-2015,01-Aug-2018,,N,14-May-2015,01-Aug-2018,,,,,,14-May-2015,01-Aug-2018,,14-May-2015,01-Aug-2018,,,,,,,,N,"Blogs, Podcasts, & Websites",English,General Interest Periodicals--Canada,2050031,
Enquête,,Canadian Broadcasting Corporation,Montreal,Canada,,,,26-Sep-2013,Current,01-Jan-2017--31-Dec-2021,N,26-Sep-2013,Current,01-Jan-2017--31-Dec-2021,,,,,26-Sep-2013,Current,01-Jan-2017--31-Dec-2021,26-Sep-2013,Current,01-Jan-2017--31-Dec-2021,,,,,,,N,Other Sources,French,General Interest Periodicals--Canada|Journalism,5983446,
Enterprise - Bulletin,,Postmedia Network Inc.,"Collingwood, Ont.",Canada,0834-6097,,,25-Feb-2000,31-May-2006,,N,25-Feb-2000,31-May-2006,,,,,,25-Feb-2000,31-May-2006,,25-Feb-2000,31-May-2006,,25-Feb-2000,31-May-2006,,,,,N,Newspapers,English,General Interest Periodicals--Canada,44022,
The Enterprise-Bulletin (Online),,Postmedia Network Inc.,Collingwood,Canada,,,,15-May-2015,07-Jun-2018,,N,15-May-2015,07-Jun-2018,,,,,,15-May-2015,07-Jun-2018,,15-May-2015,07-Jun-2018,,,,,,,,N,"Blogs, Podcasts, & Websites",English,General Interest Periodicals--Canada,2050067,
Equity,,Canada Wide Magazines,Vancouver,Canada,0823-6801,,,,,,N,,,,,,,,01-Sep-1988,01-Jun-1996,,01-Sep-1988,01-Jun-1996,,01-Oct-1992,01-Jun-1996,,,,,N,Trade Journals,English,Business And Economics,31164,
Era - Banner,,"Torstar Syndication Services, a Division of Toronto Star Newspapers Limited","Newmarket, Ont.",Canada,0844-4072,,,10-Feb-2003,Current,,N,10-Feb-2003,Current,,,,,,10-Feb-2003,Current,,10-Feb-2003,Current,,10-Feb-2003,10-Apr-2018,,,,,N,Newspapers,English,General Interest Periodicals--Canada,43063,
Etobicoke Guardian,,"Torstar Syndication Services, a Division of Toronto Star Newspapers Limited","Etobicoke, Ont.",Canada,1181-3040,,,27-Apr-2003,Current,01-Jan-2024--31-Dec-2024,N,27-Apr-2003,Current,01-Jan-2024--31-Dec-2024,,,,,27-Apr-2003,Current,01-Jan-2024--31-Dec-2024,27-Apr-2003,Current,01-Jan-2024--31-Dec-2024,27-Apr-2003,10-Apr-2018,,,,,N,Newspapers,English,General Interest Periodicals--Canada,43062,
L'Etoile Cataracte,,Postmedia Network Inc.,"Grand Falls, N.B.",Canada,,,,25-Apr-2008,21-Jan-2015,,N,25-Apr-2008,21-Jan-2015,,,,,,25-Apr-2008,21-Jan-2015,,25-Apr-2008,21-Jan-2015,,,,,,,,N,Newspapers,French,General Interest Periodicals--Canada,39719,
L'Etoile Chaleur,,Postmedia Network Inc.,"Bathurst, N.B.",Canada,,,,04-Jul-2008,23-Jan-2020,,N,04-Jul-2008,23-Jan-2020,,,,,,04-Jul-2008,23-Jan-2020,,04-Jul-2008,23-Jan-2020,,,,,,,,N,Newspapers,,General Interest Periodicals--Canada,39712,
L'Étoile Kent,,Postmedia Network Inc.,"Richibucto, N.B.",Canada,1486-6536,,,26-Apr-2008,23-Jan-2020,,N,26-Apr-2008,23-Jan-2020,,,,,,26-Apr-2008,23-Jan-2020,,26-Apr-2008,23-Jan-2020,,,,,,,,N,Newspapers,French,General Interest Periodicals--United States,28491,
L'Étoile Shediac,,Postmedia Network Inc.,"Richibucto, N.B.",Canada,,,,26-Apr-2008,16-Apr-2015,,N,26-Apr-2008,16-Apr-2015,,,,,,26-Apr-2008,16-Apr-2015,,26-Apr-2008,16-Apr-2015,,,,,,,,N,Newspapers,French,General Interest Periodicals--Canada,39711,
Evening Guide,,Postmedia Network Inc.,"Port Hope, Ont.",Canada,1184-5511,,,27-Mar-2000,31-May-2006,,N,27-Mar-2000,31-May-2006,,,,,,27-Mar-2000,31-May-2006,,27-Mar-2000,31-May-2006,,27-Mar-2000,31-May-2006,,,,,N,Newspapers,English,General Interest Periodicals--Canada,43123,
Evening News,,Postmedia Network Inc.,"New Glasgow, N.S.",Canada,0839-0355,,,,,,N,,,,,,,,12-Apr-1999,27-Apr-2007,,12-Apr-1999,27-Apr-2007,,,,,,,,N,Newspapers,English,General Interest Periodicals--Canada,27044,
Examiner,,Postmedia Network Inc.,"Barrie, Ont.",Canada,0839-4164,,,08-Feb-2000,31-May-2006,,N,08-Feb-2000,31-May-2006,,,,,,08-Feb-2000,31-May-2006,,08-Feb-2000,31-May-2006,,08-Feb-2000,31-May-2006,,,,,N,Newspapers,English,General Interest Periodicals--Canada,43714,
The Examiner (Online),,Postmedia Network Inc.,Barrie,Canada,,,,15-May-2015,07-Jun-2018,,N,15-May-2015,07-Jun-2018,,,,,,15-May-2015,16-Jul-2018,,15-May-2015,16-Jul-2018,,,,,,,,N,"Blogs, Podcasts, & Websites",English,General Interest Periodicals--Canada,2050066,
Expositor,,Postmedia Network Inc.,"Brantford, Ont.",Canada,0837-3744,,,02-Jan-1999,Current,,N,02-Jan-1999,Current,,,,,1,02-Jan-1999,Current,,02-Jan-1999,Current,,02-Jan-1999,31-May-2006,,,,,N,Newspapers,English,General Interest Periodicals--Canada,44852,
The Expositor (Online),,Postmedia Network Inc.,Brantford,Canada,,,,14-May-2015,Current,01-Jan-2019--31-Dec-2019; 19-Apr-2021--28-Mar-2022,N,14-May-2015,Current,01-Jan-2019--31-Dec-2019; 19-Apr-2021--28-Mar-2022,,,,1,14-May-2015,Current,01-Jan-2019--31-Dec-2019; 19-Apr-2021--28-Mar-2022,14-May-2015,Current,01-Jan-2019--31-Dec-2019; 19-Apr-2021--28-Mar-2022,,,,,,,N,"Blogs, Podcasts, & Websites",English,General Interest Periodicals--Canada,2050064,
La Facture,,Canadian Broadcasting Corporation,Toronto,Canada,,,,08-Sep-2009,Current,,N,08-Sep-2009,Current,,,,,,08-Sep-2009,Current,,08-Sep-2009,Current,,06-Oct-2009,14-Mar-2017,,,,,N,Other Sources,French,General Interest Periodicals--Canada,39293,
Fairview Post,,Postmedia Network Inc.,Fairview,Canada,0820-0378,,,18-May-2011,23-Aug-2023,,N,18-May-2011,23-Aug-2023,,,,,,18-May-2011,23-Aug-2023,,18-May-2011,23-Aug-2023,,,,,,,,N,Newspapers,English,General Interest Periodicals--Canada,2050030,
Fairview Post (Online),,Postmedia Network Inc.,Fairview,Canada,,,,14-May-2015,Current,01-Jan-2019--31-Dec-2019; 16-Apr-2021--06-Mar-2022,N,14-May-2015,Current,01-Jan-2019--31-Dec-2019; 16-Apr-2021--06-Mar-2022,,,,1,14-May-2015,Current,01-Jan-2019--31-Dec-2019; 16-Apr-2021--06-Mar-2022,14-May-2015,Current,01-Jan-2019--31-Dec-2019; 16-Apr-2021--06-Mar-2022,,,,,,,N,"Blogs, Podcasts, & Websites",English,General Interest Periodicals--Canada,2050029,
Farm 'n' Friends,,Alberta Weekly Newspapers Association,Lamont,Canada,,,,21-Jun-2013,24-Jun-2016,,N,21-Jun-2013,24-Jun-2016,,,,,,21-Jun-2013,24-Jun-2016,,21-Jun-2013,24-Jun-2016,,21-Jun-2013,24-Jun-2016,,,,,N,Newspapers,English,General Interest Periodicals--Canada,2032123,
Fever,,Postmedia Network Inc.,"Wabasca, Alta.",Canada,,,,02-Apr-2009,Current,,N,02-Apr-2009,Current,,,,,1,02-Apr-2009,Current,,02-Apr-2009,Current,,02-Apr-2009,05-Apr-2018,,,,,N,Newspapers,English,General Interest Periodicals--Canada,39459,
Financial Post,,The Financial Times Limited,"Toronto, Ont.",United Kingdom,0838-8431,,,,,,N,,,,,,,,05-Jan-1985,24-Oct-1998,,05-Jan-1985,24-Oct-1998,,05-Jan-1985,24-Oct-1998,,,,,N,Newspapers,English,Business And Economics--Banking And Finance,47132,
The Fitzhugh,,Alberta Weekly Newspapers Association,Jasper,Canada,,,,20-Jun-2013,22-Jun-2016,,N,20-Jun-2013,22-Jun-2016,,,,,,20-Jun-2013,22-Jun-2016,,20-Jun-2013,22-Jun-2016,,20-Jun-2013,22-Jun-2016,,,,,N,Newspapers,English,General Interest Periodicals--Canada,2032124,
Flamborough Review,,"Torstar Syndication Services, a Division of Toronto Star Newspapers Limited","Waterdown, Ont.",Canada,1208-2503,,,05-Jan-2000,Current,15-Jan-2010--09-Feb-2012,N,05-Jan-2000,Current,15-Jan-2010--09-Feb-2012,,,,,05-Jan-2000,Current,15-Jan-2010--09-Feb-2012,05-Jan-2000,Current,15-Jan-2010--09-Feb-2012,05-Jan-2000,10-Apr-2018,15-Jan-2010--09-Feb-2012,,,,N,Newspapers,English,General Interest Periodicals--Canada,42615,
Focus,,Postmedia Network Inc.,Strathroy,Canada,,,,10-Dec-2015,20-Dec-2018,,N,10-Dec-2015,20-Dec-2018,,,,,,10-Dec-2015,20-Dec-2018,,10-Dec-2015,20-Dec-2018,,,,,,,,N,Newspapers,English,General Interest Periodicals--Canada,2050027,
Focus,,Postmedia Network Inc.,Goderich,Canada,,,,10-Dec-2015,Current,,N,10-Dec-2015,Current,,,,,1,10-Dec-2015,Current,,10-Dec-2015,Current,,,,,,,,N,Newspapers,English,General Interest Periodicals--Canada,2050028,
The Forester,,"Torstar Syndication Services, a Division of Toronto Star Newspapers Limited","Huntsville, Ont.",Canada,,,,10-Feb-2010,Current,,N,10-Feb-2010,Current,,,,,,10-Feb-2010,Current,,10-Feb-2010,Current,,10-Feb-2010,10-Apr-2018,,,,,N,Newspapers,English,General Interest Periodicals--Canada,54671,
Fort Erie Post,,"Torstar Syndication Services, a Division of Toronto Star Newspapers Limited","Thorold, Ont.",Canada,,,,12-Sep-2013,Current,,N,12-Sep-2013,Current,,,,,,12-Sep-2013,Current,01-Jan-2017--31-Dec-2017,12-Sep-2013,Current,,12-Sep-2013,10-Apr-2018,01-Jan-2017--31-Dec-2017,,,,N,Newspapers,English,General Interest Periodicals--Canada,55343,
Fort McMurray Today,,Postmedia Network Inc.,Fort McMurray,Canada,0316-7542,,,20-Apr-2007,23-Feb-2023,,N,20-Apr-2007,23-Feb-2023,,,,,,20-Apr-2007,23-Feb-2023,,20-Apr-2007,23-Feb-2023,,,,,,,,N,Newspapers,English,General Interest Periodicals--Canada,2050096,
Fort McMurray Today (Online),,Postmedia Network Inc.,Fort McMurray,Canada,,,,14-May-2015,Current,18-Apr-2021--23-Mar-2022,N,14-May-2015,Current,18-Apr-2021--23-Mar-2022,,,,1,14-May-2015,Current,18-Apr-2021--23-Mar-2022,14-May-2015,Current,18-Apr-2021--23-Mar-2022,,,,,,,N,"Blogs, Podcasts, & Websites",English,General Interest Periodicals--Canada,2050026,
Fort Saskatchewan Record,,Postmedia Network Inc.,Fort Saskatchewan,Canada,,,,20-Apr-2007,Current,,N,20-Apr-2007,Current,,,,,1,20-Apr-2007,Current,,20-Apr-2007,Current,,,,,,,,N,Newspapers,English,General Interest Periodicals--Canada,2050025,
Fort Saskatchewan Record (Online),,Postmedia Network Inc.,Fort Saskatchewan,Canada,,,,14-May-2015,Current,01-Jan-2019--31-Dec-2019; 15-Apr-2021--23-Mar-2022,N,14-May-2015,Current,01-Jan-2019--31-Dec-2019; 15-Apr-2021--23-Mar-2022,,,,1,14-May-2015,Current,01-Jan-2019--31-Dec-2019; 15-Apr-2021--23-Mar-2022,14-May-2015,Current,01-Jan-2019--31-Dec-2019; 15-Apr-2021--23-Mar-2022,,,,,,,N,"Blogs, Podcasts, & Websites",English,General Interest Periodicals--Canada,2050024,
Fox Creek Times,,Alberta Weekly Newspapers Association,"Fox Creek, Alta.",Canada,,,,01-Apr-2009,01-Dec-2015,,N,01-Apr-2009,01-Dec-2015,,,,,,01-Apr-2009,01-Dec-2015,,01-Apr-2009,01-Dec-2015,,01-Apr-2009,01-Dec-2015,,,,,N,Newspapers,English,General Interest Periodicals--Canada,52167,
Free Press,,Postmedia Network Inc.,"Midland, Ont.",Canada,0834-6933,,,29-Feb-2000,24-May-2006,,N,29-Feb-2000,24-May-2006,,,,,,29-Feb-2000,24-May-2006,,29-Feb-2000,24-May-2006,,29-Feb-2000,24-May-2006,,,,,N,Newspapers,English,General Interest Periodicals--United States,44342,
The Free Press (Online),,Black Press Group Ltd.,Fernie,Canada,,,,06-Nov-2021,Current,,N,06-Nov-2021,Current,,,,,,06-Nov-2021,Current,,06-Nov-2021,Current,,,,,,,,N,"Blogs, Podcasts, & Websites",English,General Interest Periodicals--Canada,6553015,
The Free Press,,Alberta Weekly Newspapers Association,Morinville,Canada,1491-9141,,,18-Jun-2013,28-Jun-2016,,N,18-Jun-2013,28-Jun-2016,,,,,,18-Jun-2013,28-Jun-2016,,18-Jun-2013,28-Jun-2016,,18-Jun-2013,28-Jun-2016,,,,,N,Newspapers,English,General Interest Periodicals--Canada,2032151,
Front Burner,,Canadian Broadcasting Corporation,Toronto,Canada,,,,01-Mar-2023,Current,,N,01-Mar-2023,Current,,,,,,01-Mar-2023,Current,,01-Mar-2023,Current,,,,,,,,N,Other Sources,English,General Interest Periodicals--Canada,6727054,
The Frontenac Gazette EMC,,Postmedia Network Inc.,"Kingston, Ont.",Canada,,,,02-Apr-2009,22-Nov-2017,,N,02-Apr-2009,22-Nov-2017,,,,,,02-Apr-2009,22-Nov-2017,,02-Apr-2009,22-Nov-2017,,02-Apr-2009,13-Apr-2017,,,,,N,Newspapers,English,General Interest Periodicals--Canada,52089,
The Gananoque Reporter (Online),,Postmedia Network Inc.,Gananoque,Canada,,,,14-May-2015,Current,15-Apr-2021--04-Apr-2022,N,14-May-2015,Current,15-Apr-2021--04-Apr-2022,,,,1,14-May-2015,Current,15-Apr-2021--04-Apr-2022,14-May-2015,Current,15-Apr-2021--04-Apr-2022,,,,,,,N,"Blogs, Podcasts, & Websites",English,General Interest Periodicals--Canada,2050062,
The Gananoque Reporter,,Postmedia Network Inc.,Gananoque,Canada,,,,30-Apr-2015,Current,,N,30-Apr-2015,Current,,,,,1,30-Apr-2015,Current,,30-Apr-2015,Current,,,,,,,,N,Newspapers,English,General Interest Periodicals--Canada,2050063,
The Georgina Advocate,,"Torstar Syndication Services, a Division of Toronto Star Newspapers Limited","Keswick, Ont.",Canada,0834-6313,,,25-Apr-2007,Current,,N,25-Apr-2007,Current,,,,,,25-Apr-2007,Current,,25-Apr-2007,Current,,25-Apr-2007,10-Apr-2018,,,,,N,Newspapers,English,General Interest Periodicals--Canada,40394,
The Globe and Mail (Online),,The Globe and Mail,Toronto,Canada,,,,01-Jan-2000,Current,,N,01-Jan-2000,Current,,,,,,01-Jan-2000,Current,,01-Jan-2000,Current,,07-Feb-2020,26-Feb-2020,,,,,N,"Blogs, Podcasts, & Websites",English,General Interest Periodicals--Canada,4570024,
The Globe and Mail,,The Globe and Mail,"Toronto, Ont.",Canada,0319-0714,,,14-Nov-1977,Current,,N,14-Nov-1977,Current,,,,,,14-Nov-1977,Current,,14-Nov-1977,Current,,14-Nov-1977,17-Mar-2017,,,,,N,Newspapers,English,General Interest Periodicals--Canada,46323,
Goderich Signal Star,,Postmedia Network Inc.,Goderich,Canada,0834-633X,,,29-Apr-2015,Current,,N,29-Apr-2015,Current,,,,,1,29-Apr-2015,Current,,29-Apr-2015,Current,,,,,,,,N,Newspapers,English,General Interest Periodicals--Canada,2050023,
Goderich Signal Star (Online),,Postmedia Network Inc.,Goderich,Canada,,,,15-May-2015,Current,01-Jan-2019--31-Dec-2019; 16-Apr-2021--08-Mar-2022,N,15-May-2015,Current,01-Jan-2019--31-Dec-2019; 16-Apr-2021--08-Mar-2022,,,,1,15-May-2015,Current,01-Jan-2019--31-Dec-2019; 16-Apr-2021--08-Mar-2022,15-May-2015,Current,01-Jan-2019--31-Dec-2019; 16-Apr-2021--08-Mar-2022,,,,,,,N,"Blogs, Podcasts, & Websites",English,General Interest Periodicals--Canada,2050022,
The Golden Star (Online),,Black Press Group Ltd.,Golden,Canada,,,,08-Feb-2023,Current,,N,08-Feb-2023,Current,,,,,,08-Feb-2023,Current,,08-Feb-2023,Current,,,,,,,,N,"Blogs, Podcasts, & Websites",English,General Interest Periodicals--Canada,6553014,
The Golden Star,,Black Press Group Ltd.,"Golden, B.C.",Canada,0844-0409,,,04-Aug-2004,04-Apr-2022,,N,04-Aug-2004,04-Apr-2022,,,,,,04-Aug-2004,04-Apr-2022,,04-Aug-2004,04-Apr-2022,,,,,,,,N,Newspapers,English,General Interest Periodicals--Canada,39302,
Goldstream Gazette,,Black Press Group Ltd.,"Langford, B.C.",Canada,0383-1213,,,04-Aug-2004,04-Apr-2022,,N,04-Aug-2004,04-Apr-2022,,,,,,04-Aug-2004,04-Apr-2022,,04-Aug-2004,04-Apr-2022,,,,,,,,N,Newspapers,English,General Interest Periodicals--Canada,39301,
Goldstream News Gazette (Online),,Black Press Group Ltd.,Victoria,Canada,,,,27-Jun-2022,Current,,N,27-Jun-2022,Current,,,,,,27-Jun-2022,Current,,27-Jun-2022,Current,,,,,,,,N,"Blogs, Podcasts, & Websites",English,General Interest Periodicals--Canada,6551348,
Grand Bend Lakeshore Advance,,Postmedia Network Inc.,Grand Bend,Canada,1197-6542,,,29-Apr-2015,01-Dec-2021,,N,29-Apr-2015,01-Dec-2021,,,,,,29-Apr-2015,20-Aug-2025,,29-Apr-2015,20-Aug-2025,,,,,,,,N,Newspapers,English,General Interest Periodicals--Canada,2050021,
Grand Bend Lakeshore Advance (Online),,Postmedia Network Inc.,Grand Bend,Canada,,,,14-May-2015,Current,01-Jan-2019--31-Dec-2019; 16-Apr-2021--22-Mar-2022,N,14-May-2015,Current,01-Jan-2019--31-Dec-2019; 16-Apr-2021--22-Mar-2022,,,,1,14-May-2015,Current,01-Jan-2019--31-Dec-2019; 16-Apr-2021--22-Mar-2022,14-May-2015,Current,01-Jan-2019--31-Dec-2019; 16-Apr-2021--22-Mar-2022,,,,,,,N,"Blogs, Podcasts, & Websites",English,General Interest Periodicals--Canada,2050020,
Grand Forks Gazette (Online),,Black Press Group Ltd.,Grand Forks,Canada,,,,15-Mar-2023,Current,,N,15-Mar-2023,Current,,,,,,15-Mar-2023,Current,,15-Mar-2023,Current,,,,,,,,N,"Blogs, Podcasts, & Websites",English,General Interest Periodicals--Canada,6551347,
Grande Cache Mountaineer,,Postmedia Network Inc.,"Grand Cache, Alta.",Canada,,,,07-Apr-2009,20-Dec-2018,,N,07-Apr-2009,20-Dec-2018,,,,,,07-Apr-2009,20-Dec-2018,,07-Apr-2009,20-Dec-2018,,07-Apr-2009,05-Apr-2018,,,,,N,Newspapers,English,General Interest Periodicals--Canada,39653,
Gravenhurst Banner,,"Torstar Syndication Services, a Division of Toronto Star Newspapers Limited","Gravenhurst, Ont.",Canada,,,,26-Jan-2011,Current,,N,26-Jan-2011,Current,,,,,,26-Jan-2011,Current,,26-Jan-2011,Current,,26-Jan-2011,10-Apr-2018,,,,,N,Newspapers,English,General Interest Periodicals--Canada,55307,
Grey Bruce This Week,,Postmedia Network Inc.,Toronto,Canada,,,,10-Feb-2022,Current,,N,10-Feb-2022,Current,,,,,1,10-Feb-2022,Current,,10-Feb-2022,Current,,,,,,,,N,Newspapers,English,Journalism,5483515,
Grimsby Lincoln News,,"Torstar Syndication Services, a Division of Toronto Star Newspapers Limited","Thorold, Ont.",Canada,,,,08-Sep-2013,Current,,N,08-Sep-2013,Current,,,,,,08-Sep-2013,Current,,08-Sep-2013,Current,,08-Sep-2013,10-Apr-2018,,,,,N,Newspapers,English,General Interest Periodicals--Canada,55308,
Grizzly Gazette,,Postmedia Network Inc.,"Swan Hills, Alta.",Canada,0229-6772,,,07-Apr-2009,Current,,N,07-Apr-2009,Current,,,,,1,07-Apr-2009,Current,,07-Apr-2009,Current,,07-Apr-2009,14-Mar-2017,,,,,N,Newspapers,English,General Interest Periodicals--Canada,39388,
Guardian,,Postmedia Network Inc.,"Charlottetown, P.E.I.",Canada,0832-2708,,,,,,N,,,,,,,,17-Mar-1997,27-Apr-2007,,17-Mar-1997,27-Apr-2007,,,,,,,,N,Newspapers,English,General Interest Periodicals--Canada,26913,
The Guelph Mercury,,"Torstar Syndication Services, a Division of Toronto Star Newspapers Limited","Guelph, Ont.",Canada,0841-6834,,,15-Sep-1999,29-Jan-2016,,N,15-Sep-1999,29-Jan-2016,,,,,,15-Sep-1999,29-Jan-2016,,15-Sep-1999,29-Jan-2016,,15-Sep-1999,29-Jan-2016,,,,,N,Newspapers,English,General Interest Periodicals--Canada,39081,
Guelph Mercury Tribune,,"Torstar Syndication Services, a Division of Toronto Star Newspapers Limited",Guelph,Canada,,,,07-Jun-2007,Current,01-Jan-2009--31-Dec-2010; 01-Jan-2013--31-Dec-2016,N,07-Jun-2007,Current,01-Jan-2009--31-Dec-2010; 01-Jan-2013--31-Dec-2016,,,,,07-Jun-2007,Current,01-Jan-2009--31-Dec-2010; 01-Jan-2013--31-Dec-2016,07-Jun-2007,Current,01-Jan-2009--31-Dec-2010; 01-Jan-2013--31-Dec-2016,06-Jul-2017,16-Apr-2018,,,,,N,"Blogs, Podcasts, & Websites",English,General Interest Periodicals--Canada,2048730,
Gulf Islands Driftwood,,Black Press Group Ltd.,Ganges,Canada,1198-7782,,,15-Mar-2023,Current,,N,15-Mar-2023,Current,,,,,,15-Mar-2023,Current,,15-Mar-2023,Current,,,,,,,,N,Newspapers,English,,6551346,
Haida Gwaii Observer (Online),,Black Press Group Ltd.,Prince Rupert,Canada,,,,13-Mar-2023,Current,,N,13-Mar-2023,Current,,,,,,13-Mar-2023,Current,,13-Mar-2023,Current,,,,,,,,N,"Blogs, Podcasts, & Websites",English,General Interest Periodicals--Canada,6552358,
"Hamilton News, Mountain Edition",,"Torstar Syndication Services, a Division of Toronto Star Newspapers Limited","Hamilton, Ont.",Canada,,,,01-Sep-1999,Current,,N,01-Sep-1999,Current,,,,,,01-Sep-1999,Current,,01-Sep-1999,Current,,01-Sep-1999,10-Apr-2018,,,,,N,Newspapers,English,General Interest Periodicals--Canada,42930,
The Hamilton Spectator (Online),,"Torstar Syndication Services, a Division of Toronto Star Newspapers Limited",Hamilton,Canada,,,,07-Dec-2016,Current,01-Jan-1994--31-Dec-2001,N,07-Dec-2016,Current,01-Jan-1994--31-Dec-2001,,,,,07-Dec-2016,Current,01-Jan-1994--31-Dec-2001,07-Dec-2016,Current,01-Jan-1994--31-Dec-2001,07-Dec-2016,15-Mar-2017,,,,,N,"Blogs, Podcasts, & Websites",English,General Interest Periodicals--Canada,2043495,
Hanna Herald,,Postmedia Network Inc.,Hanna,Canada,,,,18-May-2011,22-Feb-2023,,N,18-May-2011,22-Feb-2023,,,,,,18-May-2011,22-Feb-2023,,18-May-2011,22-Feb-2023,,,,,,,,N,Newspapers,English,General Interest Periodicals--Canada,2050019,
Hanna Herald (Online),,Postmedia Network Inc.,Hanna,Canada,,,,14-May-2015,Current,01-Jan-2024--31-Dec-2024; 19-Apr-2021--24-Mar-2022,N,14-May-2015,Current,01-Jan-2024--31-Dec-2024; 19-Apr-2021--24-Mar-2022,,,,1,14-May-2015,Current,01-Jan-2024--31-Dec-2024; 19-Apr-2021--24-Mar-2022,14-May-2015,Current,01-Jan-2024--31-Dec-2024; 19-Apr-2021--24-Mar-2022,,,,,,,N,"Blogs, Podcasts, & Websites",English,General Interest Periodicals--Canada,2050018,
Hanover Post,,Postmedia Network Inc.,"Hanover, Ont.",Canada,0834-6372,,,15-Feb-2000,Current,01-Jan-2006--31-Dec-2006,N,15-Feb-2000,Current,01-Jan-2006--31-Dec-2006,,,,1,15-Feb-2000,Current,01-Jan-2006--31-Dec-2006,15-Feb-2000,Current,01-Jan-2006--31-Dec-2006,15-Feb-2000,04-Jan-2005,,,,,N,Newspapers,English,General Interest Periodicals--Canada,44317,
The Hanover Post (Online),,Postmedia Network Inc.,Hanover,Canada,,,,15-May-2015,Current,15-Apr-2021--04-Apr-2022,N,15-May-2015,Current,15-Apr-2021--04-Apr-2022,,,,1,15-May-2015,Current,15-Apr-2021--04-Apr-2022,15-May-2015,Current,15-Apr-2021--04-Apr-2022,,,,,,,N,"Blogs, Podcasts, & Websites",English,General Interest Periodicals--Canada,2050061,
Harbour City Star,,Postmedia Network Inc.,"Nanaimo, B.C.",Canada,,,,26-Jan-2002,10-Apr-2015,,N,26-Jan-2002,10-Apr-2015,,,,,,26-Jan-2002,10-Apr-2015,,26-Jan-2002,10-Apr-2015,,26-Jan-2002,10-Apr-2015,,,,,N,Newspapers,English,General Interest Periodicals--United States,42931,
Herald,,"Torstar Syndication Services, a Division of Toronto Star Newspapers Limited","Alliston, Ont.",Canada,,,,16-Feb-2003,Current,,N,16-Feb-2003,Current,,,,,,16-Feb-2003,Current,,16-Feb-2003,Current,,16-Feb-2003,06-Apr-2018,,,,,N,Newspapers,English,General Interest Periodicals--Canada,43203,
Here,Moncton ed.,Postmedia Network Inc.,"Moncton, N.B.",Canada,1719-8704,,,04-Jul-2008,23-Jul-2009,,N,04-Jul-2008,23-Jul-2009,,,,,,04-Jul-2008,23-Jul-2009,,04-Jul-2008,23-Jul-2009,,04-Jul-2008,23-Jul-2009,,,,,N,Newspapers,English,General Interest Periodicals--United States,39165,
Here,,Postmedia Network Inc.,"Saint John, N.B.",Canada,1713-2665,,,04-Jul-2008,23-Jul-2009,,N,04-Jul-2008,23-Jul-2009,,,,,,04-Jul-2008,23-Jul-2009,,04-Jul-2008,23-Jul-2009,,04-Jul-2008,23-Jul-2009,,,,,N,Newspapers,English,General Interest Periodicals--United States,39166,
Here,"Saint John, Fredericton and Moncton edition",Postmedia Network Inc.,"St. John, N.B.",Canada,,,,04-Jul-2008,28-Aug-2014,,N,04-Jul-2008,28-Aug-2014,,,,,,04-Jul-2008,28-Aug-2014,,04-Jul-2008,28-Aug-2014,,04-Jul-2008,28-Aug-2014,,,,,N,Newspapers,English,General Interest Periodicals--Canada,54915,
The High River Times (Online),,Postmedia Network Inc.,High River,Canada,,,,14-May-2015,Current,01-Jan-2019--31-Dec-2019; 22-Sep-2021--15-Mar-2022,N,14-May-2015,Current,01-Jan-2019--31-Dec-2019; 22-Sep-2021--15-Mar-2022,,,,1,14-May-2015,Current,01-Jan-2019--31-Dec-2019; 22-Sep-2021--15-Mar-2022,14-May-2015,Current,01-Jan-2019--31-Dec-2019; 22-Sep-2021--15-Mar-2022,,,,,,,N,"Blogs, Podcasts, & Websites",English,General Interest Periodicals--Canada,2050059,
The High River Times,,Postmedia Network Inc.,High River,Canada,,,,21-Apr-2015,Current,,N,21-Apr-2015,Current,,,,,1,21-Apr-2015,Current,,21-Apr-2015,Current,,,,,,,,N,Newspapers,English,General Interest Periodicals--Canada,2050060,
The Hinton Parklander (Online),,Postmedia Network Inc.,Hinton,Canada,,,,14-May-2015,27-Jul-2018,,N,14-May-2015,27-Jul-2018,,,,,,14-May-2015,10-Jan-2020,,14-May-2015,10-Jan-2020,,,,,,,,N,"Blogs, Podcasts, & Websites",English,General Interest Periodicals--Canada,2050058,
The Hinton Parklander,,Postmedia Network Inc.,Hinton,Canada,,,,23-May-2011,13-Jan-2020,,N,23-May-2011,13-Jan-2020,,,,,,23-May-2011,13-Jan-2020,,23-May-2011,13-Jan-2020,,,,,,,,N,Newspapers,English,General Interest Periodicals--Canada,2050017,
The Hope Standard (Online),,Black Press Group Ltd.,Hope,Canada,,,,10-Mar-2023,Current,,N,10-Mar-2023,Current,,,,,,10-Mar-2023,Current,,10-Mar-2023,Current,,,,,,,,N,"Blogs, Podcasts, & Websites",English,General Interest Periodicals--Canada,6553013,
The House,,Canadian Broadcasting Corporation,Toronto,Canada,,,,06-Jun-2009,Current,,N,06-Jun-2009,Current,,,,,,06-Jun-2009,Current,,06-Jun-2009,Current,,17-Oct-2009,25-Aug-2018,,,,,N,Other Sources,English,Political Science,39288,
Houston Today,,Black Press Group Ltd.,"Houston, B.C.",Canada,,,,31-Dec-1969,04-Apr-2022,01-Jan-1970--31-Dec-2004,N,31-Dec-1969,04-Apr-2022,01-Jan-1970--31-Dec-2004,,,,,31-Dec-1969,04-Apr-2022,01-Jan-1970--31-Dec-2004,31-Dec-1969,04-Apr-2022,01-Jan-1970--31-Dec-2004,,,,,,,N,Newspapers,English,General Interest Periodicals--Canada,39303,
Houston Today (Online),,Black Press Group Ltd.,Houston,Canada,,,,15-Mar-2023,Current,,N,15-Mar-2023,Current,,,,,,15-Mar-2023,Current,,15-Mar-2023,Current,,,,,,,,N,"Blogs, Podcasts, & Websites",English,General Interest Periodicals--Canada,6552357,
The Hub,,Northern News Services Limited,"Hay River, N.T.",Canada,0714-5810,,,15-Mar-2023,Current,,N,15-Mar-2023,Current,,,,,,01-Apr-2009,Current,01-Jan-2014--31-Dec-2022,01-Apr-2009,Current,01-Jan-2014--31-Dec-2022,01-Apr-2009,08-May-2013,,,,,N,Newspapers,English,General Interest Periodicals--Canada,39465,
The Independent & Free Press,,"Torstar Syndication Services, a Division of Toronto Star Newspapers Limited","Georgetown, Ont.",Canada,1208-5995,,,01-Oct-2003,Current,,N,01-Oct-2003,Current,,,,,,01-Oct-2003,Current,,01-Oct-2003,Current,,01-Oct-2003,10-Apr-2018,,,,,N,Newspapers,English,General Interest Periodicals--Canada,43782,
The Ingersoll Times (Online),,Postmedia Network Inc.,Ingersoll,Canada,,,,14-May-2015,16-Jul-2018,,N,14-May-2015,16-Jul-2018,,,,,,14-May-2015,16-Jul-2018,,14-May-2015,16-Jul-2018,,,,,,,,N,"Blogs, Podcasts, & Websites",English,General Interest Periodicals--Canada,2050056,
The Ingersoll Times,,Postmedia Network Inc.,Ingersoll,Canada,0834-6534,,,18-May-2011,11-Jul-2018,,N,18-May-2011,11-Jul-2018,,,,,,18-May-2011,11-Jul-2018,,18-May-2011,11-Jul-2018,,,,,,,,N,Newspapers,English,General Interest Periodicals--Canada,2050057,
Innisfil Journal,,"Torstar Syndication Services, a Division of Toronto Star Newspapers Limited","Innisfil, Ont.",Canada,,,,22-Jan-2010,Current,,N,22-Jan-2010,Current,,,,,,22-Jan-2010,Current,,22-Jan-2010,Current,,22-Jan-2010,10-Apr-2018,,,,,N,Newspapers,English,General Interest Periodicals--Canada,55309,
Inside Drumheller,,Alberta Weekly Newspapers Association,Drumheller,Canada,,,,21-Jun-2013,17-Jun-2016,,N,21-Jun-2013,17-Jun-2016,,,,,,21-Jun-2013,17-Jun-2016,,21-Jun-2013,17-Jun-2016,,21-Jun-2013,17-Jun-2016,,,,,N,Newspapers,English,General Interest Periodicals--Canada,2032125,
InsideHalton.com,,"Torstar Syndication Services, a Division of Toronto Star Newspapers Limited",Burlington,Canada,,,,23-Aug-2023,Current,,N,23-Aug-2023,Current,,,,,,22-Aug-2023,Current,,22-Aug-2023,Current,,,,,,,,N,Newspapers,English,General Interest Periodicals--Canada,6720264,
InsideOttawaValley.com,,"Torstar Syndication Services, a Division of Toronto Star Newspapers Limited",Ottawa,Canada,,,,23-Aug-2023,Current,,N,23-Aug-2023,Current,,,,,,22-Aug-2023,Current,,22-Aug-2023,Current,,,,,,,,N,"Blogs, Podcasts, & Websites",English,General Interest Periodicals--Canada,6720255,
InsideToronto.com,,"Torstar Syndication Services, a Division of Toronto Star Newspapers Limited",Toronto,Canada,,,,23-Aug-2023,Current,,N,23-Aug-2023,Current,,,,,,23-Aug-2023,Current,,23-Aug-2023,Current,,,,,,,,N,"Blogs, Podcasts, & Websites",English,General Interest Periodicals--Canada,6720259,
The Intelligencer (Online),,Postmedia Network Inc.,Belleville,Canada,,,,14-May-2015,Current,01-Jan-2019--31-Dec-2019; 18-Apr-2021--28-Mar-2022,N,14-May-2015,Current,01-Jan-2019--31-Dec-2019; 18-Apr-2021--28-Mar-2022,,,,1,14-May-2015,Current,01-Jan-2019--31-Dec-2019; 18-Apr-2021--28-Mar-2022,14-May-2015,Current,01-Jan-2019--31-Dec-2019; 18-Apr-2021--28-Mar-2022,,,,,,,N,"Blogs, Podcasts, & Websites",English,General Interest Periodicals--Canada,2050055,
The Intelligencer,,Postmedia Network Inc.,"Belleville, Ont.",Canada,0839-1904,,,16-Jul-2005,Current,,N,16-Jul-2005,Current,,,,,1,16-Jul-2005,Current,,16-Jul-2005,Current,,16-Jul-2005,31-May-2006,,,,,N,Newspapers,English,General Interest Periodicals--Canada,28898,
The Interior News (Online),,Black Press Group Ltd.,Smithers,Canada,,,,26-Mar-2022,Current,,N,26-Mar-2022,Current,,,,,,26-Mar-2022,Current,,26-Mar-2022,Current,,,,,,,,N,"Blogs, Podcasts, & Websites",English,General Interest Periodicals--Canada,6553012,
The Interior News,,Black Press Group Ltd.,"Smithers, B.C.",Canada,,,,12-Aug-2004,04-Apr-2022,,N,12-Aug-2004,04-Apr-2022,,,,,,12-Aug-2004,04-Apr-2022,,12-Aug-2004,04-Apr-2022,,,,,,,,N,Newspapers,English,General Interest Periodicals--Canada,52432,
The Interlake Spectator (Online),,Postmedia Network Inc.,Interlake,Canada,,,,14-May-2015,01-Aug-2018,,N,14-May-2015,01-Aug-2018,,,,,,14-May-2015,01-Aug-2018,,14-May-2015,01-Aug-2018,,,,,,,,N,"Blogs, Podcasts, & Websites",English,General Interest Periodicals--Canada,2050053,
The Interlake Spectator,,Postmedia Network Inc.,Interlake,Canada,,,,01-Dec-2011,07-May-2020,,N,01-Dec-2011,07-May-2020,,,,,,01-Dec-2011,07-May-2020,,01-Dec-2011,07-May-2020,,,,,,,,N,Newspapers,English,General Interest Periodicals--Canada,2050054,
Inuvik Drum,,Northern News Services Limited,Yellowknife,Canada,,,,16-Mar-2023,Current,,N,16-Mar-2023,Current,,,,,,16-Mar-2023,Current,,16-Mar-2023,Current,,,,,,,,N,Newspapers,English,General Interest Periodicals--Canada,6552356,
Journal - Pioneer,,Postmedia Network Inc.,"Summerside, P.E.I.",Canada,0837-3337,,,,,,N,,,,,,,,09-Apr-1999,26-Apr-2007,,09-Apr-1999,26-Apr-2007,,,,,,,,N,Newspapers,English,General Interest Periodicals--Canada,42909,
The Journal,,Black Press Group Ltd.,"Ashcroft, B.C.",Canada,0824-6394,,,03-Aug-2004,04-Apr-2022,,N,03-Aug-2004,04-Apr-2022,,,,,,03-Aug-2004,04-Apr-2022,,03-Aug-2004,04-Apr-2022,,,,,,,,N,Newspapers,English,General Interest Periodicals--Canada,51392,
Kamloops Daily News,,Postmedia Network Inc.,"Kamloops, B.C.",Canada,1185-491X,,,16-Aug-1999,11-Jan-2014,,N,16-Aug-1999,11-Jan-2014,,,,,,16-Aug-1999,11-Jan-2014,,16-Aug-1999,11-Jan-2014,,16-Aug-1999,11-Jan-2014,,,,,N,Newspapers,English,General Interest Periodicals--Canada,43672,
Kamloops This Week,,"Torstar Syndication Services, a Division of Toronto Star Newspapers Limited","Kamloops, B.C.",Canada,0841-2243,,,,,,N,,,,,,,,04-Aug-2004,23-Oct-2013,,04-Aug-2004,23-Oct-2013,,04-Aug-2004,23-Oct-2013,,,,,N,Newspapers,English,General Interest Periodicals--Canada,39300,
Kanata EMC,,Postmedia Network Inc.,"Kanata, Ont.",Canada,,,,03-Apr-2009,11-Jan-2018,,N,03-Apr-2009,11-Jan-2018,,,,,,03-Apr-2009,11-Jan-2018,,03-Apr-2009,11-Jan-2018,,03-Apr-2009,06-Jul-2017,,,,,N,Newspapers,English,General Interest Periodicals--Canada,40464,
Kanata Kourier - Standard,,Postmedia Network Inc.,"Nepean, Ont.",Canada,,,,20-Sep-2011,05-Jan-2018,,N,20-Sep-2011,05-Jan-2018,,,,,,20-Sep-2011,05-Jan-2018,,20-Sep-2011,05-Jan-2018,,20-Sep-2011,05-Jan-2018,,,,,N,Newspapers,English,General Interest Periodicals--Canada,55311,
Kawartha Lakes This Week,,"Torstar Syndication Services, a Division of Toronto Star Newspapers Limited","Lindsay, Ont.",Canada,,,,21-Mar-2003,Current,,N,21-Mar-2003,Current,,,,,,21-Mar-2003,Current,,21-Mar-2003,Current,,21-Mar-2003,10-Apr-2018,,,,,N,Newspapers,English,General Interest Periodicals--Canada,38564,
Kelowna Capital News,,Black Press Group Ltd.,"Kelowna, B.C.",Canada,1717-6042,,,26-Sep-2004,04-Apr-2022,,N,26-Sep-2004,04-Apr-2022,,,,,,26-Sep-2004,04-Apr-2022,,26-Sep-2004,04-Apr-2022,,,,,,,,N,Newspapers,English,General Interest Periodicals--Canada,27610,
Kelowna Capital News (Online),,Black Press Group Ltd.,Kelowna,Canada,,,,02-Mar-2022,Current,,N,02-Mar-2022,Current,,,,,,02-Mar-2022,Current,,02-Mar-2022,Current,,,,,,,,N,"Blogs, Podcasts, & Websites",English,General Interest Periodicals--Canada,6552354,
Kemptville Advance,,CNW Group Ltd.,"Kemptville, Ont.",Canada,,,,21-Sep-2011,Current,,N,21-Sep-2011,Current,,,,,,21-Sep-2011,Current,,21-Sep-2011,Current,,21-Sep-2011,10-Apr-2018,,,,,N,Newspapers,English,General Interest Periodicals--Canada,55312,
Kemptville EMC,,Postmedia Network Inc.,"Kemptville, Ont.",Canada,,,,02-Apr-2009,08-Feb-2018,,N,02-Apr-2009,08-Feb-2018,,,,,,02-Apr-2009,08-Feb-2018,,02-Apr-2009,08-Feb-2018,,02-Apr-2009,08-Feb-2018,,,,,N,Newspapers,English,General Interest Periodicals--Canada,52084,
Kenora Daily Miner and News (Online),,Postmedia Network Inc.,Kenora,Canada,,,,14-May-2015,Current,19-Apr-2021--22-Mar-2022,N,14-May-2015,Current,19-Apr-2021--22-Mar-2022,,,,1,14-May-2015,Current,19-Apr-2021--22-Mar-2022,14-May-2015,Current,19-Apr-2021--22-Mar-2022,,,,,,,N,"Blogs, Podcasts, & Websites",English,General Interest Periodicals--Canada,2050016,
Kimberley Bulletin (Online),,Black Press Group Ltd.,Kimberley,Canada,,,,14-Mar-2023,Current,,N,14-Mar-2023,Current,,,,,,14-Mar-2023,Current,,14-Mar-2023,Current,,,,,,,,N,"Blogs, Podcasts, & Websites",English,General Interest Periodicals--Canada,6552353,
The Kincardine News (Online),,Postmedia Network Inc.,Kincardine,Canada,,,,14-May-2015,Current,01-Jan-2019--31-Dec-2019,N,14-May-2015,Current,01-Jan-2019--31-Dec-2019,,,,1,14-May-2015,Current,01-Jan-2019--31-Dec-2019,14-May-2015,Current,01-Jan-2019--31-Dec-2019,,,,,,,N,"Blogs, Podcasts, & Websites",English,General Interest Periodicals--Canada,2050051,
The Kincardine News,,Postmedia Network Inc.,Kincardine,Canada,0834-6496,,,24-May-2011,Current,,N,24-May-2011,Current,,,,,1,24-May-2011,Current,,24-May-2011,Current,,,,,,,,N,Newspapers,English,General Interest Periodicals--Canada,2050052,
King Connection,,"Torstar Syndication Services, a Division of Toronto Star Newspapers Limited",Toronto,Canada,2368-2272,2368-2280,,31-Dec-2023,Current,,N,31-Dec-2023,Current,,,,,,18-Oct-2021,Current,,18-Oct-2021,Current,,,,,,,,N,Newspapers,English,General Interest Periodicals--Canada,6720251,
Kings County Record,,Postmedia Network Inc.,"Sussex, N.B.",Canada,0834-7395,,,22-Apr-2008,29-Dec-2020,,N,22-Apr-2008,29-Dec-2020,,,,,,22-Apr-2008,Current,,22-Apr-2008,Current,,22-Apr-2008,10-Apr-2018,,,,,N,Newspapers,English,General Interest Periodicals--United States,28633,
The Kingston Heritage EMC,,Postmedia Network Inc.,"Kingston, Ont.",Canada,,,,02-Apr-2009,22-Nov-2017,,N,02-Apr-2009,22-Nov-2017,,,,,,02-Apr-2009,22-Nov-2017,,02-Apr-2009,22-Nov-2017,,02-Apr-2009,13-Apr-2017,,,,,N,Newspapers,English,General Interest Periodicals--Canada,52088,
Kingston Whig - Standard,,Postmedia Network Inc.,"Kingston, Ont.",Canada,1197-4397,,,14-Jan-1985,Current,01-Jan-1993--20-Mar-1994; 15-Jan-1985--15-Apr-1985,N,14-Jan-1985,Current,01-Jan-1993--20-Mar-1994; 15-Jan-1985--15-Apr-1985,,,,1,14-Jan-1985,Current,01-Jan-1993--20-Mar-1994; 15-Jan-1985--15-Apr-1985,14-Jan-1985,Current,01-Jan-1993--20-Mar-1994; 15-Jan-1985--15-Apr-1985,14-Jan-1985,31-May-2006,01-Jan-1993--20-Mar-1994; 15-Jan-1985--15-Apr-1985,,,,N,Newspapers,English,General Interest Periodicals--Canada,44338,
The Kingston Whig-Standard (Online),,Postmedia Network Inc.,Kingston,Canada,,,,27-Apr-2007,Current,01-Jan-2009--31-Dec-2014,N,27-Apr-2007,Current,01-Jan-2009--31-Dec-2014,,,,1,27-Apr-2007,Current,01-Jan-2009--31-Dec-2014,27-Apr-2007,Current,01-Jan-2009--31-Dec-2014,,,,,,,N,"Blogs, Podcasts, & Websites",English,General Interest Periodicals--Canada,2050049,
Kingsville Reporter,,Postmedia Network Inc.,Kingsville,Canada,0834-647X,,,30-Sep-2014,05-May-2020,,N,30-Sep-2014,05-May-2020,,,,,,30-Sep-2014,05-May-2020,,30-Sep-2014,05-May-2020,,24-Jan-2017,06-Feb-2018,,,,,N,Newspapers,English,General Interest Periodicals--Canada,2035123,
Kivalliq News,,Northern News Services Limited,Rankin Inlet,Canada,1483-1902,,,15-Mar-2023,Current,,N,15-Mar-2023,Current,,,,,,15-Mar-2023,Current,,15-Mar-2023,Current,,,,,,,,N,Newspapers,English|Inuktitut,General Interest Periodicals--Canada,6552352,
The Kootenay Advertiser,,"Torstar Syndication Services, a Division of Toronto Star Newspapers Limited","Cranbrook, B.C.",Canada,,,,02-Aug-2004,03-Mar-2017,,N,02-Aug-2004,03-Mar-2017,,,,,,02-Aug-2004,03-Mar-2017,,02-Aug-2004,03-Mar-2017,,02-Aug-2004,03-Mar-2017,,,,,N,Newspapers,English,General Interest Periodicals--Canada,39867,
L'Étoile Sud-Est,,Postmedia Network Inc.,Richibucto,Canada,,,,26-Apr-2008,23-Jan-2020,,N,26-Apr-2008,23-Jan-2020,,,,,,26-Apr-2008,23-Jan-2020,,26-Apr-2008,23-Jan-2020,,,,,,,,N,Newspapers,,General Interest Periodicals--Canada,39721,
LaSalle Post,,Postmedia Network Inc.,LaSalle,Canada,,,,03-Oct-2014,08-May-2020,,N,03-Oct-2014,08-May-2020,,,,,,03-Oct-2014,08-May-2020,,03-Oct-2014,08-May-2020,,27-Jan-2017,06-Apr-2018,,,,,N,Newspapers,English,General Interest Periodicals--Canada,2035122,
Lacombe Express (Online),,Black Press Group Ltd.,Lacombe,Canada,,,,24-Dec-2021,Current,01-Jan-2022--31-Dec-2022,N,24-Dec-2021,Current,01-Jan-2022--31-Dec-2022,,,,,24-Dec-2021,Current,01-Jan-2022--31-Dec-2022,24-Dec-2021,Current,01-Jan-2022--31-Dec-2022,,,,,,,N,"Blogs, Podcasts, & Websites",English,General Interest Periodicals--Canada,6552351,
The Lacombe Globe (Online),,Postmedia Network Inc.,Lacombe,Canada,,,,14-May-2015,13-Jun-2018,,N,14-May-2015,13-Jun-2018,,,,,,14-May-2015,07-Jan-2020,,14-May-2015,07-Jan-2020,,,,,,,,N,"Blogs, Podcasts, & Websites",English,General Interest Periodicals--Canada,2050048,
The Lacombe Globe,,Postmedia Network Inc.,Lacombe,Canada,,,,19-May-2011,16-Jan-2020,,N,19-May-2011,16-Jan-2020,,,,,,19-May-2011,16-Jan-2020,,19-May-2011,16-Jan-2020,,,,,,,,N,Newspapers,English,General Interest Periodicals--Canada,2050050,
The Ladysmith - Chemainus Chronicle,,Black Press Group Ltd.,"Ladysmith, B.C.",Canada,,,,03-Aug-2004,04-Apr-2022,,N,03-Aug-2004,04-Apr-2022,,,,,,03-Aug-2004,04-Apr-2022,,03-Aug-2004,04-Apr-2022,,,,,,,,N,Newspapers,English,General Interest Periodicals--Canada,52427,
Ladysmith Chemainus Chronicle,,Black Press Group Ltd.,Ladysmith,Canada,,,,16-Mar-2023,Current,,N,16-Mar-2023,Current,,,,,,16-Mar-2023,Current,,16-Mar-2023,Current,,,,,,,,N,"Blogs, Podcasts, & Websites",English,General Interest Periodicals--Canada,6552350,
Lake Country Calendar (Online),,Black Press Group Ltd.,Kelowna,Canada,,,,06-Apr-2022,Current,,N,06-Apr-2022,Current,,,,,,06-Apr-2022,Current,,06-Apr-2022,Current,,,,,,,,N,"Blogs, Podcasts, & Websites",English,General Interest Periodicals--Canada,6552349,
Lake Cowichan Gazette,,Black Press Group Ltd.,"Lake Cowichan, B.C.",Canada,,,,04-Aug-2004,03-Apr-2022,,N,04-Aug-2004,03-Apr-2022,,,,,,04-Aug-2004,03-Apr-2022,,04-Aug-2004,03-Apr-2022,,,,,,,,N,Newspapers,English,General Interest Periodicals--Canada,39424,
The Lake Cowichan Gazette (Online),,Black Press Group Ltd.,Duncan,Canada,,,,15-Mar-2023,Current,,N,15-Mar-2023,Current,,,,,,15-Mar-2023,Current,,15-Mar-2023,Current,,,,,,,,N,"Blogs, Podcasts, & Websites",English,General Interest Periodicals--Canada,6553010,
The Lake Windermere Valley Echo,,"Torstar Syndication Services, a Division of Toronto Star Newspapers Limited","Invermere, B.C.",Canada,,,,,,,N,,,,,,,,04-Aug-2004,12-Jul-2017,,04-Aug-2004,12-Jul-2017,,04-Aug-2004,30-Jun-2017,,,,,N,Newspapers,English,General Interest Periodicals--Canada,39422,
Lake of the Woods Enterprise,,Postmedia Network Inc.,Kenora,Canada,,,,28-May-2011,23-Jan-2020,,N,28-May-2011,23-Jan-2020,,,,,,28-May-2011,23-Jan-2020,,28-May-2011,23-Jan-2020,,,,,,,,N,Newspapers,English,General Interest Periodicals--Canada,2050015,
Lakes District News,,"Torstar Syndication Services, a Division of Toronto Star Newspapers Limited","Burns Lake, B.C.",Canada,1184-4760,,,04-Aug-2004,04-Apr-2022,,N,04-Aug-2004,04-Apr-2022,,,,,,04-Aug-2004,04-Apr-2022,,04-Aug-2004,04-Apr-2022,,04-Aug-2004,11-Apr-2018,,,,,N,Newspapers,English,General Interest Periodicals--Canada,39863,
Lakeshore News,,Postmedia Network Inc.,Tecumseh,Canada,,,,18-Feb-2011,08-May-2020,,N,18-Feb-2011,08-May-2020,,,,,,18-Feb-2011,08-May-2020,,18-Feb-2011,08-May-2020,,,,,,,,N,Newspapers,English,General Interest Periodicals--Canada,2050014,
The Lakeside Leader,,Postmedia Network Inc.,"Slave Lake, Alta.",Canada,,,,24-Jun-2009,Current,,N,24-Jun-2009,Current,,,,,1,24-Jun-2009,Current,,24-Jun-2009,Current,,24-Jun-2009,11-Apr-2018,,,,,N,Newspapers,English,General Interest Periodicals--Canada,52171,
The Lamont Leader,,Alberta Weekly Newspapers Association,Lamont,Canada,,,,18-Jun-2013,21-Jun-2016,,N,18-Jun-2013,21-Jun-2016,,,,,,18-Jun-2013,21-Jun-2016,,18-Jun-2013,21-Jun-2016,,18-Jun-2013,21-Jun-2016,,,,,N,Newspapers,English,General Interest Periodicals--Canada,2032122,
Langley Advance,,Postmedia Network Inc.,"Langley, B.C.",Canada,0844-112X,,,19-Apr-2002,13-Dec-2019,,N,19-Apr-2002,13-Dec-2019,,,,,,19-Apr-2002,13-Dec-2019,,19-Apr-2002,13-Dec-2019,,19-Apr-2002,05-Apr-2018,,,,,N,Newspapers,English,General Interest Periodicals--United States,44849,
Langley Advance Times (Online),,Black Press Group Ltd.,Langley,Canada,,,,04-Nov-2019,Current,01-Jan-2020--31-Dec-2020,N,04-Nov-2019,Current,01-Jan-2020--31-Dec-2020,,,,,04-Nov-2019,Current,01-Jan-2020--31-Dec-2020,04-Nov-2019,Current,01-Jan-2020--31-Dec-2020,,,,,,,N,"Blogs, Podcasts, & Websites",English,General Interest Periodicals--Canada,6552348,
Langley Times,,Black Press Group Ltd.,"Langley, B.C.",Canada,0711-7450,,,31-Dec-1969,01-May-2019,01-Jan-1970--31-Dec-2003,N,31-Dec-1969,01-May-2019,01-Jan-1970--31-Dec-2003,,,,,31-Dec-1969,01-May-2019,01-Jan-1970--31-Dec-2003,31-Dec-1969,01-May-2019,01-Jan-1970--31-Dec-2003,,,,,,,N,Newspapers,English,General Interest Periodicals--Canada,39444,
Le Parisien,,Le Parisien Libéré,Paris,France,,,,31-Dec-2001,11-Aug-2020,,N,31-Dec-2001,11-Aug-2020,,,,,,31-Dec-2001,11-Aug-2020,,31-Dec-2001,11-Aug-2020,,31-Dec-2017,03-Jul-2018,,,,,N,Newspapers,French,General Interest Periodicals--France,2048550,
Leader Post,,Postmedia Network Inc.,"Regina, Sask.",Canada,0839-2870,,,01-Jan-2000,Current,,N,01-Jan-2000,Current,,,,,1,01-Jan-2000,Current,,01-Jan-2000,Current,,01-Jan-2000,11-Apr-2018,,,,,N,Newspapers,English,General Interest Periodicals--Canada,27469,
The Leader Post (Online),,Postmedia Network Inc.,Regina,Canada,,,,30-Nov-2017,Current,,N,30-Nov-2017,Current,,,,,1,30-Nov-2017,Current,,30-Nov-2017,Current,,30-Nov-2017,30-Apr-2018,,,,,N,"Blogs, Podcasts, & Websites",English,General Interest Periodicals--Canada,2046004,
The Leader,,"Torstar Syndication Services, a Division of Toronto Star Newspapers Limited","Surrey, B.C.",Canada,1490-7526,,,01-Aug-2004,27-Mar-2017,,N,01-Aug-2004,27-Mar-2017,,,,,,01-Aug-2004,27-Mar-2017,,01-Aug-2004,27-Mar-2017,,01-Aug-2004,11-Mar-2017,,,,,N,Newspapers,English,General Interest Periodicals--Canada,52303,
The Leduc Representative (Online),,Postmedia Network Inc.,Leduc,Canada,,,,14-May-2015,Current,01-Jan-2019--31-Dec-2019; 14-Apr-2021--24-Mar-2022,N,14-May-2015,Current,01-Jan-2019--31-Dec-2019; 14-Apr-2021--24-Mar-2022,,,,1,14-May-2015,Current,01-Jan-2019--31-Dec-2019; 14-Apr-2021--24-Mar-2022,14-May-2015,Current,01-Jan-2019--31-Dec-2019; 14-Apr-2021--24-Mar-2022,,,,,,,N,Newspapers,English,General Interest Periodicals--Canada,2050046,
The Leduc Representative,,Postmedia Network Inc.,Leduc,Canada,,,,27-Apr-2007,Current,,N,27-Apr-2007,Current,,,,,1,27-Apr-2007,Current,,27-Apr-2007,Current,,,,,,,,N,Newspapers,English,General Interest Periodicals--Canada,2050047,
Les coulisses du pouvoir,,Canadian Broadcasting Corporation,Ottawa,Canada,,,,15-Sep-2013,Current,,N,15-Sep-2013,Current,,,,,,15-Sep-2013,Current,,15-Sep-2013,Current,,,,,,,,N,Other Sources,French,General Interest Periodicals--Canada|Journalism,5983438,
The Lethbridge Herald,,Postmedia Network Inc.,"Lethbridge, Alta.",Canada,0839-492X,,,02-Mar-2017,Current,,N,02-Mar-2017,Current,,,,,1,02-Mar-2017,Current,,02-Mar-2017,Current,,02-Mar-2017,01-May-2018,,,,,N,Newspapers,English,,2043448,
The Liberal,,"Torstar Syndication Services, a Division of Toronto Star Newspapers Limited","Richmond Hill, Ont.",Canada,0841-243X,,,10-Feb-2003,Current,,N,10-Feb-2003,Current,,,,,,10-Feb-2003,Current,,10-Feb-2003,Current,,10-Feb-2003,10-Apr-2018,,,,,N,Newspapers,English,General Interest Periodicals--Canada,43195,
Lindsay Daily Post,,Postmedia Network Inc.,"Lindsay, Ont.",Canada,0839-2730,,,04-Apr-2000,31-May-2006,,N,04-Apr-2000,31-May-2006,,,,,,04-Apr-2000,31-May-2006,,04-Apr-2000,31-May-2006,,04-Apr-2000,31-May-2006,,,,,N,Newspapers,English,General Interest Periodicals--Canada,44339,
Listowel Banner,,"Torstar Syndication Services, a Division of Toronto Star Newspapers Limited","Listowel, Ont.",Canada,0834-6461,,,06-Jun-2003,08-Nov-2003,,N,06-Jun-2003,08-Nov-2003,,,,,,06-Jun-2003,08-Nov-2003,,06-Jun-2003,08-Nov-2003,,06-Jun-2003,08-Nov-2003,,,,,N,Newspapers,English,General Interest Periodicals--Canada,43220,
Lloydminster Meridian Booster (Online),,Postmedia Network Inc.,Lloydminster,Canada,,,,14-May-2015,24-May-2018,,N,14-May-2015,24-May-2018,,,,,,14-May-2015,24-May-2018,,14-May-2015,24-May-2018,,,,,,,,N,"Blogs, Podcasts, & Websites",English,General Interest Periodicals--Canada,2050012,
Lloydminster Source,,Alberta Weekly Newspapers Association,Lloydminster,Canada,,,,18-Jun-2013,23-Jun-2016,,N,18-Jun-2013,23-Jun-2016,,,,,,18-Jun-2013,23-Jun-2016,,18-Jun-2013,23-Jun-2016,,18-Jun-2013,23-Jun-2016,,,,,N,Newspapers,English,General Interest Periodicals--Canada,2032152,
The Logic,,The Logic Inc.,Toronto,Canada,,,,12-Jun-2018,Current,,N,12-Jun-2018,Current,,,,,,12-Jun-2018,Current,,12-Jun-2018,Current,,,,,,,,N,"Blogs, Podcasts, & Websites",English,Technology: Comprehensive Works,5341713,
The London Free Press (Online),,Postmedia Network Inc.,London,Canada,,,,14-May-2015,Current,,N,14-May-2015,Current,,,,,1,14-May-2015,Current,,14-May-2015,Current,,,,,,,,N,"Blogs, Podcasts, & Websites",English,General Interest Periodicals--Canada,2050045,
The London Free Press,,Postmedia Network Inc.,London,Canada,0839-0681,,,27-Apr-2007,Current,,N,27-Apr-2007,Current,,,,,1,27-Apr-2007,Current,,27-Apr-2007,Current,,,,,,,,N,Newspapers,English,General Interest Periodicals--Canada,2050150,
Londoner,,Postmedia Network Inc.,London,Canada,,,,22-Apr-2010,Current,,N,22-Apr-2010,Current,,,,,1,22-Apr-2010,Current,,22-Apr-2010,Current,,,,,,,,N,Newspapers,English,General Interest Periodicals--Canada,2050011,
Londoner (Online),,Postmedia Network Inc.,London,Canada,,,,15-May-2015,Current,23-Sep-2021--27-Mar-2022,N,15-May-2015,Current,23-Sep-2021--27-Mar-2022,,,,1,15-May-2015,Current,23-Sep-2021--27-Mar-2022,15-May-2015,Current,23-Sep-2021--27-Mar-2022,,,,,,,N,"Blogs, Podcasts, & Websites",English,General Interest Periodicals--Canada,2050010,
Lucknow Sentinel (Online),,Postmedia Network Inc.,Lucknow,Canada,,,,14-May-2015,Current,24-Sep-2021--17-Mar-2022,N,14-May-2015,Current,24-Sep-2021--17-Mar-2022,,,,1,14-May-2015,Current,24-Sep-2021--17-Mar-2022,14-May-2015,Current,24-Sep-2021--17-Mar-2022,,,,,,,N,"Blogs, Podcasts, & Websites",English,General Interest Periodicals--Canada,2050009,
The Lucknow Sentinel,,Postmedia Network Inc.,Lucknow,Canada,0844-1596,,,29-Apr-2015,Current,,N,29-Apr-2015,Current,,,,,1,29-Apr-2015,Current,,29-Apr-2015,Current,,,,,,,,N,Newspapers,English,General Interest Periodicals--Canada,2050044,
The Macleod Gazette,,Postmedia Network Inc.,"Fort Macleod, Alta.",Canada,,,,01-Apr-2009,Current,,N,01-Apr-2009,Current,,,,,1,01-Apr-2009,Current,,01-Apr-2009,Current,,01-Apr-2009,25-Apr-2018,,,,,N,Newspapers,English,General Interest Periodicals--Canada,39651,
Le Madawaska,,Postmedia Network Inc.,"Edmundston, N.B.",Canada,1484-172X,,,25-Apr-2008,21-Apr-2018,,N,25-Apr-2008,21-Apr-2018,,,,,,25-Apr-2008,21-Apr-2018,,25-Apr-2008,21-Apr-2018,,,,,,,,N,Newspapers,French,General Interest Periodicals--United States,28632,
Manitoba Business,,Manitoba Business,Winnipeg,Canada,0709-2423,,,01-Feb-1985,01-Jan-2009,01-Nov-1990--01-Dec-1991,N,01-Feb-1985,01-Jan-2009,01-Nov-1990--01-Dec-1991,01-Jul-2002,01-Jan-2009,,,01-Jan-1982,01-Jan-2009,01-Nov-1990--01-Dec-1991,01-Jan-1982,01-Jan-2009,,01-Feb-1985,01-Jan-2009,01-Nov-1990--01-Dec-1991,,,,N,Trade Journals,English,Business And Economics--Economic Situation And Conditions,30946,
Manotick/Winchester EMC,,Postmedia Network Inc.,"Manotick, Ont.",Canada,,,,03-Apr-2009,08-Sep-2016,,N,03-Apr-2009,08-Sep-2016,,,,,,03-Apr-2009,08-Sep-2016,,03-Apr-2009,08-Sep-2016,,03-Apr-2009,08-Sep-2016,,,,,N,Newspapers,English,General Interest Periodicals--Canada,52506,
Mansbridge One on One,,Canadian Broadcasting Corporation,Toronto,Canada,,,,21-Nov-2009,02-Jul-2017,,N,21-Nov-2009,02-Jul-2017,,,,,,21-Nov-2009,02-Jul-2017,,21-Nov-2009,02-Jul-2017,,,,,,,,N,Other Sources,English,General Interest Periodicals--Canada|Political Science,5983437,
Maple Creek & Southwest Advance Times,,Postmedia Network Inc.,"Maple Creek, Sask.",Canada,1709-9501,,,05-Jan-2017,Current,,N,05-Jan-2017,Current,,,,,1,05-Jan-2017,Current,,05-Jan-2017,Current,,05-Jan-2017,01-May-2018,,,,,N,Newspapers,English,General Interest Periodicals--Canada,2043444,
Maple Creek News,,Postmedia Network Inc.,"Maple Creek, Sask.",Canada,,,,12-Jan-2017,Current,,N,12-Jan-2017,Current,,,,,1,12-Jan-2017,Current,,12-Jan-2017,Current,,12-Jan-2017,26-Apr-2018,,,,,N,Newspapers,English,General Interest Periodicals--Canada,2043445,
"Maple Ridge, Pitt Meadows Times",,Postmedia Network Inc.,"Maple Ridge, B.C.",Canada,1202-9408,,,28-May-2002,27-Oct-2016,,N,28-May-2002,27-Oct-2016,,,,,,28-May-2002,27-Oct-2016,,28-May-2002,27-Oct-2016,,28-May-2002,27-Oct-2016,,,,,N,Newspapers,English,General Interest Periodicals--United States,42932,
Markham Economist & Sun,,"Torstar Syndication Services, a Division of Toronto Star Newspapers Limited","Markham, Ont.",Canada,1490-3555,,,10-Feb-2003,Current,,N,10-Feb-2003,Current,,,,,,10-Feb-2003,Current,,10-Feb-2003,Current,,10-Feb-2003,10-Apr-2018,,,,,N,Newspapers,English,General Interest Periodicals--Canada,43764,
The Mayerthorpe Freelancer (Online),,Postmedia Network Inc.,Mayerthorpefreelancer,Canada,,,,14-May-2015,Current,01-Jan-2019--31-Dec-2019; 16-Apr-2021--10-Feb-2022,N,14-May-2015,Current,01-Jan-2019--31-Dec-2019; 16-Apr-2021--10-Feb-2022,,,,1,14-May-2015,Current,01-Jan-2019--31-Dec-2019; 16-Apr-2021--10-Feb-2022,14-May-2015,Current,01-Jan-2019--31-Dec-2019; 16-Apr-2021--10-Feb-2022,,,,,,,N,"Blogs, Podcasts, & Websites",English,General Interest Periodicals--Canada,2050042,
The Mayerthorpe Freelancer,,Postmedia Network Inc.,Mayerthorpe,Canada,0706-7224,,,18-May-2011,23-Aug-2023,,N,18-May-2011,23-Aug-2023,,,,,,18-May-2011,23-Aug-2023,,18-May-2011,23-Aug-2023,,,,,,,,N,Newspapers,English,General Interest Periodicals--Canada,2050043,
Meaford Express,,"Torstar Syndication Services, a Division of Toronto Star Newspapers Limited","Meaford, Ont.",Canada,,,,26-Jan-2010,13-Apr-2023,01-Jan-2018--31-Dec-2022,N,26-Jan-2010,13-Apr-2023,01-Jan-2018--31-Dec-2022,,,,,26-Jan-2010,13-Apr-2023,01-Jan-2018--31-Dec-2022,26-Jan-2010,13-Apr-2023,01-Jan-2018--31-Dec-2022,26-Jan-2010,14-Nov-2016,,,,,N,Newspapers,English,General Interest Periodicals--Canada,55313,
The Medicine Hat News,,Postmedia Network Inc.,"Medicine Hat, Alta.",Canada,0834-9584,,,26-Jan-2017,Current,,N,26-Jan-2017,Current,,,,,1,26-Jan-2017,Current,,26-Jan-2017,Current,,26-Jan-2017,01-May-2018,,,,,N,Newspapers,English,General Interest Periodicals--Canada,2043446,
Melfort Journal,,Postmedia Network Inc.,Melfort,Canada,1180-6931,,,17-May-2011,24-Jul-2019,,N,17-May-2011,24-Jul-2019,,,,,,17-May-2011,24-Jul-2019,,17-May-2011,24-Jul-2019,,,,,,,,N,Newspapers,English,General Interest Periodicals--Canada,2050008,
Melfort Journal (Online),,Postmedia Network Inc.,Melfort,Canada,,,,14-May-2015,Current,16-Apr-2021--21-Mar-2022,N,14-May-2015,Current,16-Apr-2021--21-Mar-2022,,,,1,14-May-2015,Current,16-Apr-2021--21-Mar-2022,14-May-2015,Current,16-Apr-2021--21-Mar-2022,,,,,,,N,"Blogs, Podcasts, & Websites",English,General Interest Periodicals--Canada,2050007,
The Merritt Herald,,"Torstar Syndication Services, a Division of Toronto Star Newspapers Limited","Merritt, B.C.",Canada,,,,,,,N,,,,,,,,04-Aug-2004,12-Sep-2013,,04-Aug-2004,12-Sep-2013,,04-Aug-2004,12-Sep-2013,,,,,N,Newspapers,English,General Interest Periodicals--Canada,39746,
The Mid-North Monitor (Online),,Postmedia Network Inc.,Espanola,Canada,,,,14-May-2015,Current,01-Jan-2019--31-Dec-2019; 15-Apr-2021--16-Mar-2022,N,14-May-2015,Current,01-Jan-2019--31-Dec-2019; 15-Apr-2021--16-Mar-2022,,,,1,14-May-2015,Current,01-Jan-2019--31-Dec-2019; 15-Apr-2021--16-Mar-2022,14-May-2015,Current,01-Jan-2019--31-Dec-2019; 15-Apr-2021--16-Mar-2022,,,,,,,N,"Blogs, Podcasts, & Websites",English,General Interest Periodicals--Canada,2050040,
The Mid-North Monitor,,Postmedia Network Inc.,Espanola,Canada,0227-3853,,,13-Mar-2013,Current,,N,13-Mar-2013,Current,,,,,1,13-Mar-2013,Current,,13-Mar-2013,Current,,,,,,,,N,Newspapers,English,General Interest Periodicals--Canada,2050041,
The Midland - Penetanguishene Mirror,,"Torstar Syndication Services, a Division of Toronto Star Newspapers Limited","Midland, Ont.",Canada,1191-4114,,,17-Feb-2003,Current,,N,17-Feb-2003,Current,,,,,,17-Feb-2003,Current,,17-Feb-2003,Current,,17-Feb-2003,10-Apr-2018,,,,,N,Newspapers,English,General Interest Periodicals--Canada,43204,
The Midweek Banner,,"Torstar Syndication Services, a Division of Toronto Star Newspapers Limited","Orangeville, Ont.",Canada,0834-6976,,,04-Feb-2000,Current,08-Jun-2005--25-Apr-2012,N,04-Feb-2000,Current,08-Jun-2005--25-Apr-2012,,,,,04-Feb-2000,Current,08-Jun-2005--25-Apr-2012,04-Feb-2000,Current,08-Jun-2005--25-Apr-2012,04-Feb-2000,10-Apr-2018,08-Jun-2005--25-Apr-2012,,,,N,Newspapers,English,General Interest Periodicals--Canada,42973,
Miramichi Leader,,Postmedia Network Inc.,"Miramichi, N.B.",Canada,1922-9127,,,11-Apr-2008,Current,,N,11-Apr-2008,Current,,,,,1,11-Apr-2008,Current,,11-Apr-2008,Current,,11-Apr-2008,30-Apr-2018,,,,,N,Newspapers,English,General Interest Periodicals--United States,28490,
Mission City Record,,Black Press Group Ltd.,"Mission, B.C.",Canada,,,,05-Aug-2004,04-Apr-2022,,N,05-Aug-2004,04-Apr-2022,,,,,,05-Aug-2004,04-Apr-2022,,05-Aug-2004,04-Apr-2022,,,,,,,,N,Newspapers,English,General Interest Periodicals--Canada,51111,
Mission Record,,Black Press Group Ltd.,"Mission, B.C.",Canada,,,,14-Jan-2022,Current,,N,14-Jan-2022,Current,,,,,,14-Jan-2022,Current,,14-Jan-2022,Current,,,,,,,,N,"Blogs, Podcasts, & Websites",English,General Interest Periodicals--Canada,6552990,
Mississauga News,,"Torstar Syndication Services, a Division of Toronto Star Newspapers Limited","Mississauga, Ont.",Canada,0834-6585,,,02-Feb-2003,Current,,N,02-Feb-2003,Current,,,,,,02-Feb-2003,Current,,02-Feb-2003,Current,,02-Feb-2003,10-Apr-2018,,,,,N,Newspapers,English,General Interest Periodicals--Canada,43198,
The Mitchell Advocate (Online),,Postmedia Network Inc.,West Perth,Canada,,,,14-May-2015,Current,14-Apr-2021--15-Mar-2022,N,14-May-2015,Current,14-Apr-2021--15-Mar-2022,,,,1,14-May-2015,Current,14-Apr-2021--15-Mar-2022,14-May-2015,Current,14-Apr-2021--15-Mar-2022,,,,,,,N,"Blogs, Podcasts, & Websites",English,General Interest Periodicals--Canada,2050038,
The Mitchell Advocate,,Postmedia Network Inc.,West Perth,Canada,0834-6569,,,29-Apr-2015,Current,,N,29-Apr-2015,Current,,,,,1,29-Apr-2015,Current,,29-Apr-2015,Current,,,,,,,,N,Newspapers,English,General Interest Periodicals--Canada,2050039,
Monday Magazine (Online),,Black Press Group Ltd.,Victoria,Canada,,,,25-Jan-2023,Current,,N,25-Jan-2023,Current,,,,,,25-Jan-2023,Current,,25-Jan-2023,Current,,,,,,,,N,"Blogs, Podcasts, & Websites",English,General Interest Periodicals--Canada,6552346,
Le Monde,,La Société Editrice du Monde,Paris,France,0395-2037,,,01-Jan-2001,Current,,N,01-Jan-2001,Current,,,,,,01-Jan-2001,Current,01-Jan-2015--31-Dec-2016,01-Jan-2001,Current,,,,,,,,N,Newspapers,French,General Interest Periodicals--France,616371,
Le Monde Diplomatique,French ed.,La Société Editrice du Monde,,France,0026-9395,1950-6260,,,,,N,,,,,,,,01-Jan-2011,01-Sep-2020,,01-Jan-2011,01-Sep-2020,,01-Jan-2011,01-Sep-2020,,,,,N,Newspapers,French,Political Science--International Relations,616376,
Montage,,Directors Guild of Canada,Toronto,Canada,0710-0159,,,,,,N,,,,,,,,01-Jul-2002,01-Oct-2014,01-Jan-2013--31-Dec-2013,01-Jul-2002,01-Oct-2014,01-Jan-2013--31-Dec-2013,01-Apr-2008,01-Apr-2008,,,,,N,Magazines,English,Motion Pictures,43589,
Montreal Gazette,,Postmedia Network Inc.,"Montreal, Que.",Canada,2370-1676,,,02-Jan-1985,Current,,N,02-Jan-1985,Current,,,,,1,02-Jan-1985,Current,01-Jan-2019--31-Dec-2022,02-Jan-1985,Current,,02-Jan-1985,Current,01-Jan-2019--31-Dec-2022,,,,N,Newspapers,English,General Interest Periodicals--Canada,44893,
The Montreal Gazette (Online),,Postmedia Network Inc.,Montreal,Canada,,,,30-Nov-2017,Current,,N,30-Nov-2017,Current,,,,,1,30-Nov-2017,Current,,30-Nov-2017,Current,,30-Nov-2017,30-Apr-2018,,,,,N,"Blogs, Podcasts, & Websites",English,General Interest Periodicals--Canada,2046007,
Moose Jaw Times Herald,,CNW Group Ltd.,"Moose Jaw, Sask.",Canada,0841-6729,,,29-Jul-1999,06-Dec-2017,01-Jan-2009--31-Dec-2009,N,29-Jul-1999,06-Dec-2017,01-Jan-2009--31-Dec-2009,,,,,29-Jul-1999,06-Dec-2017,01-Jan-2009--31-Dec-2009,29-Jul-1999,06-Dec-2017,01-Jan-2009--31-Dec-2009,29-Jul-1999,06-Dec-2017,01-Jan-2009--31-Dec-2009,,,,N,Newspapers,English,General Interest Periodicals--Canada,27048,
The Morden Times,,Postmedia Network Inc.,Morden,Canada,,,,01-Dec-2011,07-May-2020,,N,01-Dec-2011,07-May-2020,,,,,,01-Dec-2011,07-May-2020,,01-Dec-2011,07-May-2020,,,,,,,,N,Newspapers,English,General Interest Periodicals--Canada,2050037,
The Morning Star (Online),,Black Press Group Ltd.,North Okanagan,Canada,,,,14-Jun-2021,Current,,N,14-Jun-2021,Current,,,,,,14-Jun-2021,Current,,14-Jun-2021,Current,,,,,,,,N,"Blogs, Podcasts, & Websites",English,General Interest Periodicals--Canada,6553009,
The Morning Star,,Black Press Group Ltd.,"Vernon, B.C.",Canada,0842-4349,,,01-Aug-2004,04-Apr-2022,,N,01-Aug-2004,04-Apr-2022,,,,,,01-Aug-2004,04-Apr-2022,,01-Aug-2004,04-Apr-2022,,,,,,,,N,Newspapers,English,General Interest Periodicals--Canada,39868,
The Mountaineer,,Postmedia Network Inc.,"Rocky Mountain House, Alta.",Canada,,,,24-Mar-2009,Current,,N,24-Mar-2009,Current,,,,,1,24-Mar-2009,Current,,24-Mar-2009,Current,,24-Mar-2009,24-Apr-2018,,,,,N,Newspapers,English,General Interest Periodicals--Canada,39384,
The Muskoka Sun,,"Torstar Syndication Services, a Division of Toronto Star Newspapers Limited","Bracebridge, Ont.",Canada,,,,14-Oct-2011,06-Jun-2013,,N,14-Oct-2011,06-Jun-2013,,,,,,14-Oct-2011,06-Jun-2013,,14-Oct-2011,06-Jun-2013,,14-Oct-2011,06-Jun-2013,,,,,N,Newspapers,English,General Interest Periodicals--Canada,55314,
MuskokaRegion.com,,"Torstar Syndication Services, a Division of Toronto Star Newspapers Limited",Muskoka,Canada,,,,21-Oct-2023,Current,,N,21-Oct-2023,Current,,,,,,16-Jun-2021,Current,,16-Jun-2021,Current,,,,,,,,N,"Blogs, Podcasts, & Websites",English,General Interest Periodicals--Canada,6720263,
The Muskokan,,"Torstar Syndication Services, a Division of Toronto Star Newspapers Limited","Bracebridge, Ont.",Canada,,,,14-Oct-2011,27-Jul-2023,01-Jan-2021--31-Dec-2021,N,14-Oct-2011,27-Jul-2023,01-Jan-2021--31-Dec-2021,,,,,14-Oct-2011,27-Jul-2023,01-Jan-2017--31-Dec-2017; 01-Jan-2021--31-Dec-2021,14-Oct-2011,27-Jul-2023,01-Jan-2021--31-Dec-2021,14-Oct-2011,05-Jan-2018,01-Jan-2017--31-Dec-2017,,,,N,Newspapers,English,General Interest Periodicals--Canada,55332,
MyKawartha.com,,"Torstar Syndication Services, a Division of Toronto Star Newspapers Limited",Toronto,Canada,,,,23-Aug-2023,Current,,N,23-Aug-2023,Current,,,,,,22-Aug-2023,Current,,22-Aug-2023,Current,,,,,,,,N,"Blogs, Podcasts, & Websites",English,General Interest Periodicals--Canada,6720258,
NNSL Media (web site),,Northern News Services Limited,Yellowknife,Canada,,,,30-Nov-2022,Current,,N,30-Nov-2022,Current,,,,,,30-Nov-2022,Current,,30-Nov-2022,Current,,,,,,,,N,"Blogs, Podcasts, & Websites",English,General Interest Periodicals--Canada,6552344,
Nanaimo Daily News,,Postmedia Network Inc.,"Nanaimo, B.C.",Canada,,,,14-Oct-1998,29-Jan-2016,,N,14-Oct-1998,29-Jan-2016,,,,,,14-Oct-1998,29-Jan-2016,,14-Oct-1998,29-Jan-2016,,14-Oct-1998,29-Jan-2016,,,,,N,Newspapers,English,General Interest Periodicals--United States,44112,
Nanaimo News Bulletin,,"Torstar Syndication Services, a Division of Toronto Star Newspapers Limited","Nanaimo, B.C.",Canada,,,,03-Aug-2004,04-Apr-2022,,N,03-Aug-2004,04-Apr-2022,,,,,,03-Aug-2004,04-Apr-2022,,03-Aug-2004,04-Apr-2022,,,,,,,,N,Newspapers,English,General Interest Periodicals--Canada,39744,
Nanaimo News Bulletin (Online),,Black Press Group Ltd.,Nanaimo,Canada,,,,30-Apr-2022,Current,,N,30-Apr-2022,Current,,,,,,30-Apr-2022,Current,,30-Apr-2022,Current,,,,,,,,N,"Blogs, Podcasts, & Websites",English,General Interest Periodicals--Canada,6552321,
The Nanton News (Online),,Postmedia Network Inc.,Nanton,Canada,,,,14-May-2015,Current,01-Jan-2019--31-Dec-2019; 16-Apr-2021--17-Mar-2022,N,14-May-2015,Current,01-Jan-2019--31-Dec-2019; 16-Apr-2021--17-Mar-2022,,,,1,14-May-2015,Current,01-Jan-2019--31-Dec-2019; 16-Apr-2021--17-Mar-2022,14-May-2015,Current,01-Jan-2019--31-Dec-2019; 16-Apr-2021--17-Mar-2022,,,,,,,N,Newspapers,English,General Interest Periodicals--Canada,2050034,
The Nanton News,,Postmedia Network Inc.,Nanton,Canada,0847-8600,,,11-May-2011,23-Aug-2023,,N,11-May-2011,23-Aug-2023,,,,,,11-May-2011,23-Aug-2023,,11-May-2011,23-Aug-2023,,,,,,,,N,Newspapers,English,General Interest Periodicals--Canada,2050035,
The Napanee Guide (Online),,Postmedia Network Inc.,Napanee,Canada,,,,14-May-2015,Current,01-Jan-2019--31-Dec-2019; 05-Apr-2021--15-Mar-2022,N,14-May-2015,Current,01-Jan-2019--31-Dec-2019; 05-Apr-2021--15-Mar-2022,,,,1,14-May-2015,Current,01-Jan-2019--31-Dec-2019; 05-Apr-2021--15-Mar-2022,14-May-2015,Current,01-Jan-2019--31-Dec-2019; 05-Apr-2021--15-Mar-2022,,,,,,,N,"Blogs, Podcasts, & Websites",English,General Interest Periodicals--Canada,2050032,
The Napanee Guide,,Postmedia Network Inc.,Napanee,Canada,1197-9992,,,30-Apr-2015,07-May-2020,,N,30-Apr-2015,07-May-2020,,,,,,30-Apr-2015,07-May-2020,,30-Apr-2015,07-May-2020,,,,,,,,N,Newspapers,English,General Interest Periodicals--Canada,2050033,
The National - CBC Television,,Canadian Broadcasting Corporation,Toronto,Canada,,,,04-Sep-1995,Current,,N,04-Sep-1995,Current,,,,,,04-Sep-1995,Current,,04-Sep-1995,Current,,04-Sep-1995,16-Mar-2017,,,,,N,Other Sources,English,General Interest Periodicals--Canada,43645,
National Post,,Postmedia Network Inc.,"Don Mills, Ont.",Canada,1486-8008,,,27-Oct-1998,Current,,N,27-Oct-1998,Current,,,,,1,27-Oct-1998,Current,01-Jan-2018--31-Dec-2024,27-Oct-1998,Current,,27-Oct-1998,Current,01-Jan-2018--31-Dec-2024,,,,N,Newspapers,English,Business And Economics--Banking And Finance,45458,
National Post (Online),,Postmedia Network Inc.,Toronto,Canada,,,,28-Nov-2017,Current,,N,28-Nov-2017,Current,,,,,1,28-Nov-2017,Current,,28-Nov-2017,Current,,28-Nov-2017,30-Apr-2018,,,,,N,"Blogs, Podcasts, & Websites",English,General Interest Periodicals--Canada,2046011,
Nelson Daily News,,Postmedia Network Inc.,"Nelson, B.C.",Canada,0832-431X,,,09-Nov-1999,16-Jul-2010,,N,09-Nov-1999,16-Jul-2010,,,,,,09-Nov-1999,16-Jul-2010,,09-Nov-1999,16-Jul-2010,,09-Nov-1999,16-Jul-2010,,,,,N,Newspapers,English,General Interest Periodicals--Canada,43509,
Nelson Star (Online),,Black Press Group Ltd.,Nelson,Canada,,,,14-Oct-2021,Current,,N,14-Oct-2021,Current,,,,,,14-Oct-2021,Current,,14-Oct-2021,Current,,,,,,,,N,"Blogs, Podcasts, & Websites",English,General Interest Periodicals--Canada,6560786,
Nepean Barrhaven EMC,,Postmedia Network Inc.,"Nepean, Ont.",Canada,,,,03-Apr-2009,11-Jan-2018,,N,03-Apr-2009,11-Jan-2018,,,,,,03-Apr-2009,11-Jan-2018,,03-Apr-2009,11-Jan-2018,,03-Apr-2009,06-Jul-2017,,,,,N,Newspapers,English,General Interest Periodicals--Canada,52087,
New Hamburg Independent,,"Torstar Syndication Services, a Division of Toronto Star Newspapers Limited","New Hamburg, Ont.",Canada,,,,08-Sep-1999,Current,19-Nov-2008--26-May-2010,N,08-Sep-1999,Current,19-Nov-2008--26-May-2010,,,,,08-Sep-1999,Current,19-Nov-2008--26-May-2010,08-Sep-1999,Current,19-Nov-2008--26-May-2010,08-Sep-1999,09-Apr-2018,19-Nov-2008--26-May-2010,,,,N,Newspapers,English,General Interest Periodicals--Canada,42933,
The News (Online),,Black Press Group Ltd.,Abbotsford,Canada,,,,22-Dec-2020,Current,,N,22-Dec-2020,Current,,,,,,22-Dec-2020,Current,,22-Dec-2020,Current,,,,,,,,N,"Blogs, Podcasts, & Websites",English,General Interest Periodicals--Canada,6553007,
The News (Online),,Black Press Group Ltd.,Maple Ridge,Canada,,,,09-Feb-2023,Current,,N,09-Feb-2023,Current,,,,,,09-Feb-2023,Current,,09-Feb-2023,Current,,,,,,,,N,"Blogs, Podcasts, & Websites",English,General Interest Periodicals--Canada,6553008,
The News : Esquimalt,,"Torstar Syndication Services, a Division of Toronto Star Newspapers Limited","Victoria, B.C.",Canada,0848-5348,,,04-Aug-2004,20-Jul-2007,,N,04-Aug-2004,20-Jul-2007,,,,,,04-Aug-2004,20-Jul-2007,,04-Aug-2004,20-Jul-2007,,04-Aug-2004,20-Jul-2007,,,,,N,Newspapers,English,General Interest Periodicals--Canada,39865,
The News Advertiser,,"Torstar Syndication Services, a Division of Toronto Star Newspapers Limited","Ajax, Ont.",Canada,0834-5759,,,05-Oct-2003,Current,,N,05-Oct-2003,Current,,,,,,05-Oct-2003,Current,,05-Oct-2003,Current,,05-Oct-2003,10-Apr-2018,,,,,N,Newspapers,English,General Interest Periodicals--Canada,43921,
The News,,Black Press Group Ltd.,"Abbotsford, B.C.",Canada,0839-3648,,,03-Aug-2004,04-Apr-2022,,N,03-Aug-2004,04-Apr-2022,,,,,,03-Aug-2004,04-Apr-2022,,03-Aug-2004,04-Apr-2022,,,,,,,,N,Newspapers,English,General Interest Periodicals--Canada,39574,
The News,,Black Press Group Ltd.,"Maple Ridge, B.C.",Canada,0227-2598,,,04-Aug-2004,12-May-2020,,N,04-Aug-2004,12-May-2020,,,,,,04-Aug-2004,12-May-2020,,04-Aug-2004,12-May-2020,,,,,,,,N,Newspapers,English,General Interest Periodicals--Canada,39745,
News/North,,Northern News Services Limited,Yellowknife,Canada,0828-1521,,,20-Mar-2023,Current,,N,20-Mar-2023,Current,,,,,,20-Mar-2023,Current,,20-Mar-2023,Current,,,,,,,,N,Newspapers,English,General Interest Periodicals--Canada,6552345,
Niagara Falls Review,,"Torstar Syndication Services, a Division of Toronto Star Newspapers Limited","Niagara Falls, Ont.",Canada,0839-1572,,,01-Feb-1999,Current,01-Jan-2007--31-Dec-2017,N,01-Feb-1999,Current,01-Jan-2007--31-Dec-2017,,,,,01-Feb-1999,Current,01-Jan-2007--31-Dec-2017,01-Feb-1999,Current,01-Jan-2007--31-Dec-2017,01-Feb-1999,31-May-2006,,,,,N,Newspapers,English,General Interest Periodicals--United States,42934,
Niagara This Week,,"Torstar Syndication Services, a Division of Toronto Star Newspapers Limited","Thorold, Ont.",Canada,,,,17-Sep-2004,Current,,N,17-Sep-2004,Current,,,,,,17-Sep-2004,Current,,17-Sep-2004,Current,,17-Sep-2004,10-Apr-2018,,,,,N,Newspapers,English,General Interest Periodicals--Canada,27621,
Niagara-on-the-Lake Advance,,"Torstar Syndication Services, a Division of Toronto Star Newspapers Limited","Niagara-on-the-Lake, Ont.",Canada,,,,12-Sep-2013,Current,,N,12-Sep-2013,Current,,,,,,12-Sep-2013,Current,01-Jan-2017--31-Dec-2017,12-Sep-2013,Current,,12-Sep-2013,29-Mar-2018,01-Jan-2017--31-Dec-2017,,,,N,Newspapers,,General Interest Periodicals--Canada,55337,
NiagaraThisWeek.com (Online),,"Torstar Syndication Services, a Division of Toronto Star Newspapers Limited",Niagara,Canada,,,,23-Aug-2023,Current,,N,23-Aug-2023,Current,,,,,,23-Aug-2023,Current,,23-Aug-2023,Current,,,,,,,,N,"Blogs, Podcasts, & Websites",English,General Interest Periodicals--Canada,6720257,
Nipawin Journal,,Postmedia Network Inc.,Nipawin,Canada,,,,18-May-2011,24-Jul-2019,,N,18-May-2011,24-Jul-2019,,,,,,18-May-2011,24-Jul-2019,,18-May-2011,24-Jul-2019,,,,,,,,N,Newspapers,English,General Interest Periodicals--Canada,2050000,
Nipawin Journal (Online),,Postmedia Network Inc.,Nipawin,Canada,,,,14-May-2015,Current,01-Jan-2019--31-Dec-2019; 16-Apr-2021--16-Feb-2022,N,14-May-2015,Current,01-Jan-2019--31-Dec-2019; 16-Apr-2021--16-Feb-2022,,,,1,14-May-2015,Current,01-Jan-2019--31-Dec-2019; 16-Apr-2021--16-Feb-2022,14-May-2015,Current,01-Jan-2019--31-Dec-2019; 16-Apr-2021--16-Feb-2022,,,,,,,N,"Blogs, Podcasts, & Websites",English,General Interest Periodicals--Canada,2049998,
North Bay Nipissing News,,"Torstar Syndication Services, a Division of Toronto Star Newspapers Limited",Huntsville,Canada,2368-2051,,,22-Nov-2023,Current,,N,22-Nov-2023,Current,,,,,,28-Oct-2021,Current,,28-Oct-2021,Current,,,,,,,,N,Newspapers,English,General Interest Periodicals--Canada,6720253,
North Bay Nugget,,Postmedia Network Inc.,"North Bay, Ont.",Canada,1197-9941,,,02-Jan-1999,Current,,N,02-Jan-1999,Current,,,,,1,02-Jan-1999,Current,,02-Jan-1999,Current,,02-Jan-1999,31-May-2006,,,,,N,Newspapers,English,General Interest Periodicals--Canada,42823,
The North Bay Nugget (Online),,Postmedia Network Inc.,North Bay,Canada,,,,14-May-2015,Current,18-Apr-2021--28-Mar-2022,N,14-May-2015,Current,18-Apr-2021--28-Mar-2022,,,,1,14-May-2015,Current,18-Apr-2021--28-Mar-2022,14-May-2015,Current,18-Apr-2021--28-Mar-2022,,,,,,,N,Newspapers,English,General Interest Periodicals--Canada,2050090,
North Delta Reporter (Online),,Black Press Group Ltd.,North Delta,Canada,,,,07-May-2021,Current,,N,07-May-2021,Current,,,,,,07-May-2021,Current,,07-May-2021,Current,,,,,,,,N,"Blogs, Podcasts, & Websites",English,General Interest Periodicals--Canada,6552343,
North Island Gazette,,Black Press Group Ltd.,"Alert Bay, B.C.",Canada,1181-4128,,,03-Aug-2004,04-Apr-2022,,N,03-Aug-2004,04-Apr-2022,,,,,,03-Aug-2004,04-Apr-2022,,03-Aug-2004,04-Apr-2022,,,,,,,,N,Newspapers,English,General Interest Periodicals--Canada,39443,
North Island Gazette (Online),,Black Press Group Ltd.,Port Hardy,Canada,,,,03-Jan-2019,Current,,N,03-Jan-2019,Current,,,,,,03-Jan-2019,Current,,03-Jan-2019,Current,,,,,,,,N,"Blogs, Podcasts, & Websites",English,General Interest Periodicals--Canada,6552342,
North Island Midweek,,"Torstar Syndication Services, a Division of Toronto Star Newspapers Limited","Campbell River, B.C.",Canada,,,,07-Aug-2004,06-Apr-2015,,N,07-Aug-2004,06-Apr-2015,,,,,,07-Aug-2004,06-Apr-2015,,07-Aug-2004,06-Apr-2015,,07-Aug-2004,06-Apr-2015,,,,,N,Newspapers,English,General Interest Periodicals--Canada,27685,
North Oakville Today,,"Torstar Syndication Services, a Division of Toronto Star Newspapers Limited","Oakville, Ont.",Canada,,,,21-Sep-2011,19-Jul-2013,,N,21-Sep-2011,19-Jul-2013,,,,,,21-Sep-2011,19-Jul-2013,,21-Sep-2011,19-Jul-2013,,21-Sep-2011,19-Jul-2013,,,,,N,Newspapers,English,General Interest Periodicals--Canada,55316,
North Shore News,,Postmedia Network Inc.,"North Vancouver, B.C.",Canada,0712-5348,,,19-Aug-2001,Current,,N,19-Aug-2001,Current,,,,,1,19-Aug-2001,Current,,19-Aug-2001,Current,,19-Aug-2001,27-Apr-2018,,,,,N,Newspapers,English,General Interest Periodicals--United States,44110,
The North Shore Outlook,,"Torstar Syndication Services, a Division of Toronto Star Newspapers Limited","North Vancouver, B.C.",Canada,1495-7612,,,,,,N,,,,,,,,05-Aug-2004,20-Mar-2014,,05-Aug-2004,20-Mar-2014,,05-Aug-2004,20-Mar-2014,,,,,N,Newspapers,English,General Interest Periodicals--Canada,39442,
North Thompson Journal,,Black Press Group Ltd.,"Barriere, B.C.",Canada,0823-7425,,,02-Aug-2004,02-Apr-2022,,N,02-Aug-2004,02-Apr-2022,,,,,,02-Aug-2004,02-Apr-2022,,02-Aug-2004,02-Apr-2022,,,,,,,,N,Newspapers,English,General Interest Periodicals--Canada,52302,
North Thompson Star/Journal (Online),,Black Press Group Ltd.,Barriere,Canada,,,,16-Mar-2023,Current,,N,16-Mar-2023,Current,,,,,,16-Mar-2023,Current,,16-Mar-2023,Current,,,,,,,,N,"Blogs, Podcasts, & Websites",English,General Interest Periodicals--Canada,6552340,
The North Thompson Times,,Black Press Group Ltd.,Clearwater,Canada,,,,16-Mar-2023,Current,,N,16-Mar-2023,Current,,,,,,16-Mar-2023,Current,,16-Mar-2023,Current,,,,,,,,N,Newspapers,English,General Interest Periodicals--Canada,6553006,
The North York Mirror,,"Torstar Syndication Services, a Division of Toronto Star Newspapers Limited","North York, Ont.",Canada,1204-4369,,,01-Jun-2003,29-Dec-2023,,N,01-Jun-2003,29-Dec-2023,,,,,,01-Jun-2003,29-Dec-2023,,01-Jun-2003,29-Dec-2023,,01-Jun-2003,01-Apr-2018,,,,,N,Newspapers,English,General Interest Periodicals--Canada,43786,
NorthBayNipissing.com (Online),,"Torstar Syndication Services, a Division of Toronto Star Newspapers Limited",Toronto,Canada,,,,14-Nov-2023,Current,,N,14-Nov-2023,Current,,,,,,03-Sep-2023,Current,,03-Sep-2023,Current,,,,,,,,N,"Blogs, Podcasts, & Websites",English,General Interest Periodicals--Canada,6720254,
Northeast Sun,,Postmedia Network Inc.,Melfort,Canada,1912-1415,,,20-May-2011,01-Jan-2021,,N,20-May-2011,01-Jan-2021,,,,,,20-May-2011,10-Jun-2022,,20-May-2011,10-Jun-2022,,,,,,,,N,Newspapers,English,General Interest Periodicals--Canada,2049996,
Northern Journal,,Alberta Weekly Newspapers Association,"Fort Smith, Alta.",Canada,,,,21-Apr-2009,02-Mar-2016,,N,21-Apr-2009,02-Mar-2016,,,,,,21-Apr-2009,02-Mar-2016,,21-Apr-2009,02-Mar-2016,,21-Apr-2009,02-Mar-2016,,,,,N,Newspapers,English,General Interest Periodicals--Canada,39464,
The Northern Light,,Postmedia Network Inc.,"Bathurst, N.B.",Canada,0839-3389,,,10-Jun-2008,Current,,N,10-Jun-2008,Current,,,,,1,10-Jun-2008,Current,,10-Jun-2008,Current,,10-Jun-2008,01-May-2018,,,,,N,Newspapers,English,General Interest Periodicals--United States,28489,
Northern News This Week,,Postmedia Network Inc.,"Kirkland Lake, Ont.",Canada,,,,02-Jan-2002,Current,,N,02-Jan-2002,Current,,,,,1,02-Jan-2002,Current,,02-Jan-2002,Current,,02-Jan-2002,31-May-2006,,,,,N,Newspapers,,General Interest Periodicals--Canada,42825,
Northern Ontario Business,,Northern Ontario Business,Sudbury,Canada,0710-2755,,,01-Jan-2002,01-Jan-2020,,N,01-Jan-2002,01-Aug-2006,,01-Jul-2002,01-Jan-2020,,,01-Jan-1984,01-Jan-2020,01-Nov-1990--01-Dec-1991; 01-Nov-1999--01-Dec-2001; 01-Sep-2006--01-Oct-2008,01-Jan-1984,01-Jan-2020,,01-Jan-1985,01-Nov-2009,01-Nov-1990--01-Dec-1991; 01-Nov-1999--01-Dec-2001; 01-Sep-2006--01-Oct-2008,,,,N,Trade Journals,English,Business And Economics,31269,
Northern Sentinel (Online),,Black Press Group Ltd.,Kitimat,Canada,,,,16-Mar-2023,Current,,N,16-Mar-2023,Current,,,,,,16-Mar-2023,Current,,16-Mar-2023,Current,,,,,,,,N,"Blogs, Podcasts, & Websites",English,General Interest Periodicals--Canada,6552339,
The Northern Sentinel,,Black Press Group Ltd.,"Kitimat, B.C.",Canada,1186-4761,,,04-Aug-2004,03-Apr-2022,,N,04-Aug-2004,03-Apr-2022,,,,,,04-Aug-2004,03-Apr-2022,,04-Aug-2004,03-Apr-2022,,,,,,,,N,Newspapers,English,General Interest Periodicals--Canada,39723,
The Northern Times (Online),,Postmedia Network Inc.,Kapuskasing,Canada,,,,14-May-2015,10-Jul-2018,,N,14-May-2015,10-Jul-2018,,,,,,14-May-2015,10-Jul-2018,,14-May-2015,10-Jul-2018,,,,,,,,N,"Blogs, Podcasts, & Websites",English,General Interest Periodicals--Canada,2050088,
The Northern Times,,Postmedia Network Inc.,Kapuskasing,Canada,0834-6704,,,10-Dec-2015,26-Jul-2018,,N,10-Dec-2015,26-Jul-2018,,,,,,10-Dec-2015,26-Jul-2018,,10-Dec-2015,26-Jul-2018,,,,,,,,N,Newspapers,English,General Interest Periodicals--Canada,2050089,
The Northern View (Online),,Black Press Group Ltd.,Prince Rupert,Canada,,,,07-Jun-2017,Current,01-Jan-2018--31-Dec-2021,N,07-Jun-2017,Current,01-Jan-2018--31-Dec-2021,,,,,07-Jun-2017,Current,01-Jan-2018--31-Dec-2021,07-Jun-2017,Current,01-Jan-2018--31-Dec-2021,,,,,,,N,"Blogs, Podcasts, & Websites",,General Interest Periodicals--Canada,6553005,
Northumberland News,,"Torstar Syndication Services, a Division of Toronto Star Newspapers Limited","Cobourg, Ont.",Canada,0228-0531,,,07-Apr-2000,Current,27-May-2006--25-Jan-2010,N,07-Apr-2000,Current,27-May-2006--25-Jan-2010,,,,,07-Apr-2000,Current,27-May-2006--25-Jan-2010,07-Apr-2000,Current,27-May-2006--25-Jan-2010,07-Apr-2000,10-Apr-2018,27-May-2006--25-Jan-2010,,,,N,Newspapers,English,General Interest Periodicals--Canada,42972,
Norwich Gazette,,Postmedia Network Inc.,Norwich,Canada,0834-6801,,,18-May-2011,11-Jul-2018,,N,18-May-2011,11-Jul-2018,,,,,,18-May-2011,11-Jul-2018,,18-May-2011,11-Jul-2018,,,,,,,,N,Newspapers,English,General Interest Periodicals--Canada,2049995,
Norwich Gazette (Online),,Postmedia Network Inc.,Norwich,Canada,,,,14-May-2015,16-Jul-2018,,N,14-May-2015,16-Jul-2018,,,,,,14-May-2015,16-Jul-2018,,14-May-2015,16-Jul-2018,,,,,,,,N,Newspapers,English,General Interest Periodicals--Canada,2049994,
Nothing is Foreign,,Canadian Broadcasting Corporation,Toronto,Canada,,,,02-Mar-2023,22-Jun-2023,,N,02-Mar-2023,22-Jun-2023,,,,,,02-Mar-2023,22-Jun-2023,,02-Mar-2023,22-Jun-2023,,,,,,,,N,Other Sources,English,General Interest Periodicals--Canada,6727053,
Oak Bay News,,Black Press Group Ltd.,"Victoria, B.C.",Canada,,,,31-Dec-1969,04-Apr-2022,01-Jan-1970--31-Dec-2003,N,31-Dec-1969,04-Apr-2022,01-Jan-1970--31-Dec-2003,,,,,31-Dec-1969,04-Apr-2022,01-Jan-1970--31-Dec-2003,31-Dec-1969,04-Apr-2022,01-Jan-1970--31-Dec-2003,,,,,,,N,Newspapers,English,General Interest Periodicals--Canada,51112,
Oak Bay News (Online),,Black Press Group Ltd.,Victoria,Canada,,,,15-Feb-2021,Current,,N,15-Feb-2021,Current,,,,,,15-Feb-2021,Current,,15-Feb-2021,Current,,,,,,,,N,Newspapers,English,General Interest Periodicals--Canada,6552337,
Oakville Beaver,,"Torstar Syndication Services, a Division of Toronto Star Newspapers Limited","Oakville, Ont.",Canada,0834-6798,,,25-Jun-2003,Current,,N,25-Jun-2003,Current,,,,,,25-Jun-2003,Current,,25-Jun-2003,Current,,25-Jun-2003,10-Apr-2018,,,,,N,Newspapers,English,General Interest Periodicals--Canada,43201,
Observer,,Postmedia Network Inc.,"Sarnia, Ont.",Canada,0839-1270,,,21-May-1999,Current,01-Jan-2016--31-Dec-2017,N,21-May-1999,Current,01-Jan-2016--31-Dec-2017,,,,1,21-May-1999,Current,01-Jan-2016--31-Dec-2017,21-May-1999,Current,01-Jan-2016--31-Dec-2017,21-May-1999,31-May-2006,,,,,N,Newspapers,English,General Interest Periodicals--Canada,43272,
Omineca Express,,Black Press Group Ltd.,"Vanderhoof, B.C.",Canada,,,,04-Aug-2004,04-Apr-2022,,N,04-Aug-2004,04-Apr-2022,,,,,,04-Aug-2004,04-Apr-2022,,04-Aug-2004,04-Apr-2022,,,,,,,,N,Newspapers,English,General Interest Periodicals--Canada,50964,
Omineca Express (Online),,Black Press Group Ltd.,Vanderhoof,Canada,,,,16-Mar-2023,Current,,N,16-Mar-2023,Current,,,,,,16-Mar-2023,Current,,16-Mar-2023,Current,,,,,,,,N,"Blogs, Podcasts, & Websites",English,General Interest Periodicals--Canada,6552336,
Orillia Today,,"Torstar Syndication Services, a Division of Toronto Star Newspapers Limited","Orillia, Ont.",Canada,1186-4893,,,17-Feb-2003,Current,,N,17-Feb-2003,Current,,,,,,17-Feb-2003,Current,,17-Feb-2003,Current,,17-Feb-2003,09-Apr-2018,,,,,N,Newspapers,English,General Interest Periodicals--Canada,43337,
Orleans EMC,,Postmedia Network Inc.,"Orleans, Ont.",Canada,,,,03-Apr-2009,11-Jan-2018,,N,03-Apr-2009,11-Jan-2018,,,,,,03-Apr-2009,11-Jan-2018,,03-Apr-2009,11-Jan-2018,,03-Apr-2009,29-Jun-2017,,,,,N,Newspapers,English,General Interest Periodicals--Canada,52762,
Ottawa Business Quarterly,,Pegasus Publishing Inc.,Ottawa,Canada,0849-1836,,,01-Jan-1992,01-Jul-1995,01-Jan-1993--31-Dec-1993,N,01-Jan-1992,01-Jul-1995,01-Jan-1993--31-Dec-1993,,,,,01-Jan-1987,01-Jul-1995,01-Jan-1993--31-Dec-1993,01-Jan-1987,01-Jul-1995,,01-Jan-1992,01-Jul-1995,01-Jan-1993--31-Dec-1993,,,,N,Trade Journals,English,Business And Economics,42675,
The Ottawa Citizen (Online),,Postmedia Network Inc.,Ottawa,Canada,,,,30-Nov-2017,Current,,N,30-Nov-2017,Current,,,,,1,30-Nov-2017,Current,,30-Nov-2017,Current,,30-Nov-2017,30-Apr-2018,,,,,N,"Blogs, Podcasts, & Websites",English,General Interest Periodicals--Canada,2046009,
The Ottawa Citizen,,Postmedia Network Inc.,"Ottawa, Ont.",Canada,0839-3222,,,03-Sep-1985,Current,,N,03-Sep-1985,Current,,,,,1,03-Sep-1985,Current,01-Jan-2019--31-Dec-2022,03-Sep-1985,Current,,03-Sep-1985,Current,01-Jan-2019--31-Dec-2022,,,,N,Newspapers,English,General Interest Periodicals--Canada,44878,
Ottawa East EMC,,Postmedia Network Inc.,"Ottawa, Ont.",Canada,,,,03-Apr-2009,11-Jan-2018,,N,03-Apr-2009,11-Jan-2018,,,,,,03-Apr-2009,11-Jan-2018,,03-Apr-2009,11-Jan-2018,,03-Apr-2009,06-Jul-2017,,,,,N,Newspapers,English,General Interest Periodicals--Canada,52763,
Ottawa South EMC,,Postmedia Network Inc.,"Ottawa, Ont.",Canada,,,,03-Apr-2009,11-Jan-2018,,N,03-Apr-2009,11-Jan-2018,,,,,,03-Apr-2009,11-Jan-2018,,03-Apr-2009,11-Jan-2018,,03-Apr-2009,06-Jul-2017,,,,,N,Newspapers,English,General Interest Periodicals--Canada,52085,
The Ottawa Sun (Online),,Postmedia Network Inc.,Ottawa,Canada,,,,14-May-2015,Current,,N,14-May-2015,Current,,,,,1,14-May-2015,Current,,14-May-2015,Current,,,,,,,,N,"Blogs, Podcasts, & Websites",English,General Interest Periodicals--Canada,2050087,
The Ottawa Sun,,Postmedia Network Inc.,Ottawa,Canada,0843-2570,,,28-Apr-2007,Current,,N,28-Apr-2007,Current,,,,,1,28-Apr-2007,Current,,28-Apr-2007,Current,,,,,,,,N,Newspapers,English,,2050149,
Ottawa West EMC,,Postmedia Network Inc.,"Ottawa, Ont.",Canada,,,,03-Apr-2009,11-Jan-2018,,N,03-Apr-2009,11-Jan-2018,,,,,,03-Apr-2009,11-Jan-2018,,03-Apr-2009,11-Jan-2018,,03-Apr-2009,29-Jun-2017,,,,,N,Newspapers,English,General Interest Periodicals--Canada,52086,
Ottawa this Week,,"Torstar Syndication Services, a Division of Toronto Star Newspapers Limited","Nepean, Ont.",Canada,,,,21-Sep-2011,21-Jun-2013,,N,21-Sep-2011,21-Jun-2013,,,,,,21-Sep-2011,21-Jun-2013,,21-Sep-2011,21-Jun-2013,,21-Sep-2011,21-Jun-2013,,,,,N,Newspapers,English,General Interest Periodicals--Canada,55317,
Oxford Review,,Postmedia Network Inc.,Woodstock,Canada,,,,28-May-2011,Current,,N,28-May-2011,Current,,,,,1,28-May-2011,Current,,28-May-2011,Current,,,,,,,,N,Newspapers,English,General Interest Periodicals--Canada,2049990,
The Oyen Echo,,Alberta Weekly Newspapers Association,Oyen,Canada,,,,18-Jun-2013,28-Jun-2016,,N,18-Jun-2013,28-Jun-2016,,,,,,18-Jun-2013,28-Jun-2016,,18-Jun-2013,28-Jun-2016,,18-Jun-2013,28-Jun-2016,,,,,N,Newspapers,English,General Interest Periodicals--Canada,2032150,
Packet and Times,,Postmedia Network Inc.,"Orillia, Ont.",Canada,0837-1989,,,29-Jan-2000,31-May-2006,,N,29-Jan-2000,31-May-2006,,,,,,29-Jan-2000,31-May-2006,,29-Jan-2000,31-May-2006,,29-Jan-2000,31-May-2006,,,,,N,Newspapers,English,General Interest Periodicals--Canada,42976,
The Paris Star (Online),,Postmedia Network Inc.,Paris,Canada,,,,14-May-2015,Current,11-Apr-2021--15-Mar-2022,N,14-May-2015,Current,11-Apr-2021--15-Mar-2022,,,,1,14-May-2015,Current,11-Apr-2021--15-Mar-2022,14-May-2015,Current,11-Apr-2021--15-Mar-2022,,,,,,,N,"Blogs, Podcasts, & Websites",English,General Interest Periodicals--Canada,2050086,
The Paris Star,,Postmedia Network Inc.,Paris,Canada,0832-3062,,,23-Apr-2015,07-May-2020,,N,23-Apr-2015,07-May-2020,,,,,,23-Apr-2015,07-May-2020,,23-Apr-2015,07-May-2020,,,,,,,,N,Newspapers,English,General Interest Periodicals--Canada,2050156,
The Parkdale Villager,,"Torstar Syndication Services, a Division of Toronto Star Newspapers Limited","Toronto, Ont.",Canada,,,,27-May-2010,11-Jul-2023,,N,27-May-2010,11-Jul-2023,,,,,,27-May-2010,11-Jul-2023,,27-May-2010,11-Jul-2023,,27-May-2010,06-Mar-2018,,,,,N,Newspapers,English,General Interest Periodicals--Canada,55318,
Parksville - Qualicum News,,Black Press Group Ltd.,"Parksville, B.C.",Canada,,,,31-Dec-1969,04-Apr-2022,01-Jan-1970--31-Dec-2003,N,31-Dec-1969,04-Apr-2022,01-Jan-1970--31-Dec-2003,,,,,31-Dec-1969,04-Apr-2022,01-Jan-1970--31-Dec-2003,31-Dec-1969,04-Apr-2022,01-Jan-1970--31-Dec-2003,,,,,,,N,Newspapers,English,General Interest Periodicals--Canada,52301,
The Parksville Qualicum Beach News (Online),,Black Press Group Ltd.,Parksville,Canada,,,,19-Nov-2022,Current,,N,19-Nov-2022,Current,,,,,,19-Nov-2022,Current,,19-Nov-2022,Current,,,,,,,,N,"Blogs, Podcasts, & Websites",English,General Interest Periodicals--Canada,6553004,
Parry Sound North Star,,"Torstar Syndication Services, a Division of Toronto Star Newspapers Limited",Oakville,Canada,0834-7085,,,21-Oct-2023,Current,,N,21-Oct-2023,Current,,,,,,08-Dec-2016,Current,,08-Dec-2016,Current,,,,,,,,N,Newspapers,English,General Interest Periodicals--Canada,6720262,
Peace Arch News (Online),,Black Press Group Ltd.,White Rock,Canada,,,,08-Jan-2023,Current,,N,08-Jan-2023,Current,,,,,,08-Jan-2023,Current,,08-Jan-2023,Current,,,,,,,,N,"Blogs, Podcasts, & Websites",English,General Interest Periodicals--Canada,6552335,
The Peace Arch News,,Black Press Group Ltd.,"White Rock, B.C.",Canada,0700-9003,,,03-Aug-2004,04-Apr-2022,,N,03-Aug-2004,04-Apr-2022,,,,,,03-Aug-2004,04-Apr-2022,,03-Aug-2004,04-Apr-2022,,,,,,,,N,Newspapers,English,General Interest Periodicals--Canada,39445,
The Peace Country Sun (Online),,Postmedia Network Inc.,Grand Prairie,Canada,,,,14-May-2015,Current,01-Jan-2019--31-Dec-2019; 16-Apr-2021--09-Feb-2022,N,14-May-2015,Current,01-Jan-2019--31-Dec-2019; 16-Apr-2021--09-Feb-2022,,,,1,14-May-2015,Current,01-Jan-2019--31-Dec-2019; 16-Apr-2021--09-Feb-2022,14-May-2015,Current,01-Jan-2019--31-Dec-2019; 16-Apr-2021--09-Feb-2022,,,,,,,N,"Blogs, Podcasts, & Websites",English,General Interest Periodicals--Canada,2050155,
The Peace Country Sun,,Postmedia Network Inc.,Grand Prairie,Canada,,,,20-May-2011,24-Feb-2023,,N,20-May-2011,24-Feb-2023,,,,,,20-May-2011,24-Feb-2023,,20-May-2011,24-Feb-2023,,,,,,,,N,Newspapers,English,General Interest Periodicals--Canada,2050085,
Pembroke News,,Postmedia Network Inc.,Pembroke,Canada,,,,31-May-2008,Current,01-Jan-2009--31-Dec-2014,N,31-May-2008,Current,01-Jan-2009--31-Dec-2014,,,,1,31-May-2008,Current,01-Jan-2009--31-Dec-2014,31-May-2008,Current,01-Jan-2009--31-Dec-2014,,,,,,,N,Newspapers,English,General Interest Periodicals--Canada,2049989,
Pembroke Observer,,Postmedia Network Inc.,"Pembroke, Ont.",Canada,0832-2864,,,06-Apr-2000,09-Jul-2019,,N,06-Apr-2000,09-Jul-2019,,,,,,06-Apr-2000,09-Jul-2019,,06-Apr-2000,09-Jul-2019,,06-Apr-2000,31-May-2006,,,,,N,Newspapers,English,General Interest Periodicals--Canada,43887,
Pembroke Observer (Online),,Postmedia Network Inc.,Pembroke,Canada,,,,15-May-2015,Current,17-Apr-2021--27-Mar-2022,N,15-May-2015,Current,17-Apr-2021--27-Mar-2022,,,,1,15-May-2015,Current,17-Apr-2021--27-Mar-2022,15-May-2015,Current,17-Apr-2021--27-Mar-2022,,,,,,,N,"Blogs, Podcasts, & Websites",English,General Interest Periodicals--Canada,2049988,
Peninsula News Review,,Black Press Group Ltd.,"Sidney, B.C.",Canada,,,,04-Aug-2004,04-Apr-2022,,N,04-Aug-2004,04-Apr-2022,,,,,,04-Aug-2004,04-Apr-2022,,04-Aug-2004,04-Apr-2022,,,,,,,,N,Newspapers,English,General Interest Periodicals--Canada,51108,
Peninsula News Review (Online),,Black Press Group Ltd.,Sidney,Canada,,,,22-Feb-2021,Current,01-Jan-2022--31-Dec-2022,N,22-Feb-2021,Current,01-Jan-2022--31-Dec-2022,,,,,22-Feb-2021,Current,01-Jan-2022--31-Dec-2022,22-Feb-2021,Current,01-Jan-2022--31-Dec-2022,,,,,,,N,"Blogs, Podcasts, & Websites",English,General Interest Periodicals--Canada,6552332,
Penticton Western News,,Black Press Group Ltd.,"Penticton, B.C.",Canada,,,,03-Aug-2004,04-Apr-2022,,N,03-Aug-2004,04-Apr-2022,,,,,,03-Aug-2004,04-Apr-2022,,03-Aug-2004,04-Apr-2022,,,,,,,,N,Newspapers,English,General Interest Periodicals--Canada,50966,
Penticton Western News (Online),,Black Press Group Ltd.,Penticton,Canada,,,,18-Feb-2023,Current,,N,18-Feb-2023,Current,,,,,,18-Feb-2023,Current,,18-Feb-2023,Current,,,,,,,,N,"Blogs, Podcasts, & Websites",English,General Interest Periodicals--Canada,6552331,
The Perth Courier,,"Torstar Syndication Services, a Division of Toronto Star Newspapers Limited","Perth, Ont.",Canada,,,,03-Nov-2011,Current,,N,03-Nov-2011,Current,,,,,,03-Nov-2011,Current,,03-Nov-2011,Current,,03-Nov-2011,10-Apr-2018,,,,,N,Newspapers,English,General Interest Periodicals--Canada,55319,
Perth EMC,,Postmedia Network Inc.,"Perth, Ont.",Canada,,,,02-Apr-2009,08-Feb-2018,,N,02-Apr-2009,08-Feb-2018,,,,,,02-Apr-2009,08-Feb-2018,,02-Apr-2009,08-Feb-2018,,02-Apr-2009,08-Feb-2018,,,,,N,Newspapers,English,General Interest Periodicals--Canada,52082,
Peterborough Examiner,,"Torstar Syndication Services, a Division of Toronto Star Newspapers Limited","Peterborough, Ont.",Canada,0839-0878,,,27-Mar-2000,Current,01-Jan-2007--31-Dec-2017,N,27-Mar-2000,Current,01-Jan-2007--31-Dec-2017,,,,,27-Mar-2000,Current,01-Jan-2007--31-Dec-2017,27-Mar-2000,Current,01-Jan-2007--31-Dec-2017,27-Mar-2000,31-May-2006,,,,,N,Newspapers,English,General Interest Periodicals--Canada,44167,
Peterborough This Week,,"Torstar Syndication Services, a Division of Toronto Star Newspapers Limited","Peterborough, Ont.",Canada,0849-5025,,,21-Mar-2003,Current,,N,21-Mar-2003,Current,,,,,,21-Mar-2003,Current,,21-Mar-2003,Current,,21-Mar-2003,10-Apr-2018,,,,,N,Newspapers,English,General Interest Periodicals--Canada,43194,
Petrolia Topic,,Postmedia Network Inc.,Petrolia,Canada,1184-5112,,,29-Apr-2015,04-Apr-2018,,N,29-Apr-2015,04-Apr-2018,,,,,,29-Apr-2015,11-Jul-2018,,29-Apr-2015,11-Jul-2018,,,,,,,,N,Newspapers,English,,2069530,
Petrolia Topic (Online),,Postmedia Network Inc.,Petrolia,Canada,,,,14-May-2015,04-May-2020,01-Jan-2019--31-Dec-2019,N,14-May-2015,04-May-2020,01-Jan-2019--31-Dec-2019,,,,,14-May-2015,04-May-2020,01-Jan-2019--31-Dec-2019,14-May-2015,04-May-2020,01-Jan-2019--31-Dec-2019,,,,,,,N,"Blogs, Podcasts, & Websites",English,General Interest Periodicals--Canada,2049987,
Pincher Creek Echo,,Postmedia Network Inc.,Pincher Creek,Canada,,,,20-May-2011,22-Feb-2023,,N,20-May-2011,22-Feb-2023,,,,,,20-May-2011,22-Feb-2023,,20-May-2011,22-Feb-2023,,,,,,,,N,Newspapers,English,General Interest Periodicals--Canada,2049986,
Pincher Creek Echo (Online),,Postmedia Network Inc.,Pincher Creek,Canada,,,,14-May-2015,Current,01-Jan-2019--31-Dec-2019; 17-Apr-2021--15-Mar-2022,N,14-May-2015,Current,01-Jan-2019--31-Dec-2019; 17-Apr-2021--15-Mar-2022,,,,1,14-May-2015,Current,01-Jan-2019--31-Dec-2019; 17-Apr-2021--15-Mar-2022,14-May-2015,Current,01-Jan-2019--31-Dec-2019; 17-Apr-2021--15-Mar-2022,,,,,,,N,"Blogs, Podcasts, & Websites",English,General Interest Periodicals--Canada,2049985,
The Pipestone Flyer (Online),,Black Press Group Ltd.,Wetaskiwin,Canada,,,,18-Jul-2022,Current,,N,18-Jul-2022,Current,,,,,,18-Jul-2022,Current,,18-Jul-2022,Current,,,,,,,,N,"Blogs, Podcasts, & Websites",English,General Interest Periodicals--Canada,6552329,
The Pipestone Flyer,,Postmedia Network Inc.,"Millet, Alta.",Canada,,,,12-Mar-2009,Current,,N,12-Mar-2009,Current,,,,,1,12-Mar-2009,Current,,12-Mar-2009,Current,,12-Mar-2009,26-Apr-2018,,,,,N,Newspapers,English,General Interest Periodicals--Canada,52169,
Ponoka News,,Black Press Group Ltd.,Ponoka,Canada,,,,19-Jun-2013,Current,01-Jan-2017--31-Dec-2018,N,19-Jun-2013,Current,01-Jan-2017--31-Dec-2018,,,,1,19-Jun-2013,Current,01-Jan-2017--31-Dec-2018,19-Jun-2013,Current,01-Jan-2017--31-Dec-2018,,,,,,,N,Newspapers,English,General Interest Periodicals--Canada,2032149,
Ponoka News (Online),,Black Press Group Ltd.,Ponoka,Canada,,,,05-Dec-2020,Current,01-Jan-2021--31-Dec-2021,N,05-Dec-2020,Current,01-Jan-2021--31-Dec-2021,,,,,05-Dec-2020,Current,01-Jan-2021--31-Dec-2021,05-Dec-2020,Current,01-Jan-2021--31-Dec-2021,,,,,,,N,"Blogs, Podcasts, & Websites",English,General Interest Periodicals--Canada,6552328,
Port Colborne Leader,,"Torstar Syndication Services, a Division of Toronto Star Newspapers Limited","Port Colborne, Ont.",Canada,,,,09-May-2012,Current,,N,09-May-2012,Current,,,,,,09-May-2012,Current,01-Jan-2017--31-Dec-2017,09-May-2012,Current,,09-May-2012,10-Apr-2018,01-Jan-2017--31-Dec-2017,,,,N,Newspapers,English,General Interest Periodicals--Canada,55321,
Port Perry Star,,"Torstar Syndication Services, a Division of Toronto Star Newspapers Limited","Port Perry, Ont.",Canada,,,,26-Aug-2011,Current,,N,26-Aug-2011,Current,,,,,,26-Aug-2011,Current,,26-Aug-2011,Current,,26-Aug-2011,10-Apr-2018,,,,,N,Newspapers,English,General Interest Periodicals--Canada,55322,
The Post,,"Torstar Syndication Services, a Division of Toronto Star Newspapers Limited","Burlington, Ont.",Canada,,,,25-Jun-2003,Current,,N,25-Jun-2003,Current,,,,,,25-Jun-2003,Current,,25-Jun-2003,Current,,25-Jun-2003,10-Apr-2018,,,,,N,Newspapers,English,General Interest Periodicals--Canada,43202,
Power & Politics,,Canadian Broadcasting Corporation,Toronto,Canada,,,,17-Jan-2014,Current,,N,17-Jan-2014,Current,,,,,,17-Jan-2014,Current,,17-Jan-2014,Current,,,,,,,,N,Other Sources,English,General Interest Periodicals--Canada|Journalism,5983436,
Power Play with Evan Solomon,,"CTV Television, Inc.",Toronto,Canada,,,,12-Jan-2009,Current,,N,12-Jan-2009,Current,,,,,,12-Jan-2009,Current,,12-Jan-2009,Current,,10-Feb-2009,18-Jun-2009,,,,,N,Other Sources,,Communications--Television And Cable|General Interest Periodicals--Canada,51945,
Prairie Post East,,Postmedia Network Inc.,"Swift Current, Sask.",Canada,,,,06-Jan-2017,Current,,N,06-Jan-2017,Current,,,,,1,06-Jan-2017,Current,,06-Jan-2017,Current,,06-Jan-2017,27-Apr-2018,,,,,N,Newspapers,English,General Interest Periodicals--Canada,2043451,
Prairie Post West,,Postmedia Network Inc.,"Swift Current, Sask.",Canada,,,,06-Jan-2017,25-Nov-2022,,N,06-Jan-2017,25-Nov-2022,,,,,,06-Jan-2017,25-Nov-2022,,06-Jan-2017,25-Nov-2022,,13-Jan-2017,27-Apr-2018,,,,,N,Newspapers,English,General Interest Periodicals--Canada,2043449,
La Presse Canadienne -- Le Fil Radio,,Canadian Press Enterprises Inc.,Montréal,Canada,,,,30-Apr-2010,06-Oct-2010,,N,30-Apr-2010,06-Oct-2010,,,,,,30-Apr-2010,06-Oct-2010,,30-Apr-2010,06-Oct-2010,,,,,,,,N,Wire Feeds,French,General Interest Periodicals--Canada,85405,
La Presse Canadienne,,Canadian Press Enterprises Inc.,Montréal,Canada,,,,07-May-2010,Current,,N,07-May-2010,Current,,,,,,07-May-2010,Current,,07-May-2010,Current,,15-Feb-2017,15-Mar-2017,,,,,N,Wire Feeds,French,General Interest Periodicals--Canada,85406,
Prince Albert Daily Herald,,"FolioJumpline Publishing, Inc.","Prince Albert, Sask.",Canada,0839-5381,,,03-Aug-1999,09-May-2019,01-Jan-2009--31-Dec-2009,N,03-Aug-1999,09-May-2019,01-Jan-2009--31-Dec-2009,,,,,03-Aug-1999,09-May-2019,01-Jan-2009--31-Dec-2009,03-Aug-1999,09-May-2019,01-Jan-2009--31-Dec-2009,03-Aug-1999,27-Feb-2018,01-Jan-2009--31-Dec-2009,,,,N,Newspapers,English,General Interest Periodicals--Canada,27047,
Prince George Citizen,,Postmedia Network Inc.,"Prince George, B.C.",Canada,,,,17-Aug-1999,Current,,N,17-Aug-1999,Current,,,,,1,17-Aug-1999,Current,,17-Aug-1999,Current,,17-Aug-1999,28-Apr-2018,,,,,N,Newspapers,English,General Interest Periodicals--United States,43790,
The Prince George Free Press,,"Torstar Syndication Services, a Division of Toronto Star Newspapers Limited","Prince George, B.C.",Canada,1207-7062,,,,,,N,,,,,,,,01-Aug-2004,15-Oct-2013,,01-Aug-2004,15-Oct-2013,,01-Aug-2004,15-Oct-2013,,,,,N,Newspapers,English,General Interest Periodicals--Canada,39747,
Profit,,St. Joseph Communications,Toronto,Canada,1183-1324,,,01-Oct-1991,01-Dec-2013,,N,01-Oct-1991,01-Dec-2013,,,,,,01-Apr-1982,01-Dec-2013,,01-Apr-1982,01-Dec-2013,,01-Oct-1991,01-Dec-2013,,,,,N,Magazines,English,Business And Economics--Small Business,30525,
Project Syndicate,,Project Syndicate,Prague,Czech Republic,,,,02-Nov-2015,31-Oct-2018,,N,02-Nov-2015,31-Oct-2018,,,,,,02-Nov-2015,31-Oct-2018,,02-Nov-2015,31-Oct-2018,,02-Nov-2015,11-Apr-2018,,,,,N,Wire Feeds,English,General Interest Periodicals--Czech Republic,2041044,
The Province (Online),,Postmedia Network Inc.,Vancouver,Canada,,,,30-Nov-2017,Current,,N,30-Nov-2017,Current,,,,,1,30-Nov-2017,Current,,30-Nov-2017,Current,,30-Nov-2017,30-Apr-2018,,,,,N,"Blogs, Podcasts, & Websites",English,General Interest Periodicals--Canada,2046012,
The Province,,Postmedia Network Inc.,"Vancouver, B.C.",Canada,,,,20-Mar-1989,Current,,N,20-Mar-1989,Current,,,,,1,20-Mar-1989,Current,01-Jan-2019--31-Dec-2024,20-Mar-1989,Current,,20-Mar-1989,Current,01-Jan-2019--31-Dec-2024,,,,N,Newspapers,English,General Interest Periodicals--Canada,33261,
The Provost News,,Postmedia Network Inc.,"Provost, Alta.",Canada,,,,08-Apr-2009,Current,,N,08-Apr-2009,Current,,,,,1,08-Apr-2009,Current,,08-Apr-2009,Current,,08-Apr-2009,25-Apr-2018,,,,,N,Newspapers,English,General Interest Periodicals--Canada,39382,
Quesnel Cariboo Observer,,Black Press Group Ltd.,"Quesnel, B.C.",Canada,1195-5023,,,01-Aug-2004,04-Apr-2022,,N,01-Aug-2004,04-Apr-2022,,,,,,01-Aug-2004,04-Apr-2022,,01-Aug-2004,04-Apr-2022,,,,,,,,N,Newspapers,English,General Interest Periodicals--Canada,51401,
Quesnel Cariboo Observer (Online),,Black Press Group Ltd.,Quesnel,Canada,,,,08-Mar-2023,Current,,N,08-Mar-2023,Current,,,,,,08-Mar-2023,Current,,08-Mar-2023,Current,,,,,,,,N,"Blogs, Podcasts, & Websites",English,General Interest Periodicals--Canada,6552330,
Question Period - CTV Television,,"CTV Television, Inc.",Scarborough,Canada,,,,02-Jan-1994,Current,15-Jun-1997--09-Sep-2001; 29-Dec-2002--12-Sep-2004,N,02-Jan-1994,Current,15-Jun-1997--09-Sep-2001; 29-Dec-2002--12-Sep-2004,,,,,02-Jan-1994,Current,15-Jun-1997--09-Sep-2001; 29-Dec-2002--12-Sep-2004,02-Jan-1994,Current,15-Jun-1997--09-Sep-2001; 29-Dec-2002--12-Sep-2004,02-Jan-1994,30-Jan-2005,15-Jun-1997--09-Sep-2001; 29-Dec-2002--12-Sep-2004,,,,N,Newspapers,English,General Interest Periodicals--Canada,43663,
Quinte EMC,,Postmedia Network Inc.,"Quinte West, Ont.",Canada,,,,03-Apr-2009,23-Nov-2017,,N,03-Apr-2009,23-Nov-2017,,,,,,03-Apr-2009,23-Nov-2017,,03-Apr-2009,23-Nov-2017,,03-Apr-2009,13-Apr-2017,,,,,N,Newspapers,English,General Interest Periodicals--Canada,52090,
RFI,English ed.,"Disco Digital Media, Inc.",Paris,United States,,,,02-Jun-2010,02-Feb-2025,,N,02-Jun-2010,02-Feb-2025,,,,,,02-Jun-2010,02-Feb-2025,,02-Jun-2010,02-Feb-2025,,02-Nov-2014,17-Mar-2017,,,,,N,Other Sources,English,General Interest Periodicals--France,2040527,
RadioJournal,,Canadian Broadcasting Corporation,Montreal,Canada,,,,24-Jun-2013,Current,01-Jan-2017--31-Dec-2021,N,24-Jun-2013,Current,01-Jan-2017--31-Dec-2021,,,,,24-Jun-2013,Current,01-Jan-2017--31-Dec-2021,24-Jun-2013,Current,01-Jan-2017--31-Dec-2021,,,,,,,N,Other Sources,French,General Interest Periodicals--Canada,5983434,
RadioJournal Weekend,,Canadian Broadcasting Corporation,Montreal,Canada,,,,29-Jun-2013,30-Oct-2016,,N,29-Jun-2013,30-Oct-2016,,,,,,29-Jun-2013,30-Oct-2016,,29-Jun-2013,30-Oct-2016,,,,,,,,N,Other Sources,French,General Interest Periodicals--Canada,5983433,
Record,,Postmedia Network Inc.,"Sherbrooke, Que.",Canada,0841-6869,,,29-Nov-1999,Current,,N,29-Nov-1999,Current,,,,,1,29-Nov-1999,Current,,29-Nov-1999,Current,,29-Nov-1999,30-Apr-2018,,,,,N,Newspapers,English,General Interest Periodicals--Canada,43506,
The Record,,Postmedia Network Inc.,"New Westminster, B.C.",Canada,,,,16-Oct-2002,10-Aug-2023,,N,16-Oct-2002,10-Aug-2023,,,,,,16-Oct-2002,10-Aug-2023,,16-Oct-2002,10-Aug-2023,,16-Oct-2002,26-Apr-2018,,,,,N,Newspapers,English,General Interest Periodicals--United States,44258,
Record-Gazette,,Postmedia Network Inc.,Peace River,Canada,,,,18-May-2011,23-Aug-2023,,N,18-May-2011,23-Aug-2023,,,,,,18-May-2011,23-Aug-2023,,18-May-2011,23-Aug-2023,,,,,,,,N,Newspapers,English,General Interest Periodicals--Canada,2049984,
Record-Gazette (Online),,Postmedia Network Inc.,Peace River,Canada,,,,14-May-2015,Current,01-Jan-2019--31-Dec-2019; 13-Apr-2021--20-Mar-2022,N,14-May-2015,Current,01-Jan-2019--31-Dec-2019; 13-Apr-2021--20-Mar-2022,,,,1,14-May-2015,Current,01-Jan-2019--31-Dec-2019; 13-Apr-2021--20-Mar-2022,14-May-2015,Current,01-Jan-2019--31-Dec-2019; 13-Apr-2021--20-Mar-2022,,,,,,,N,"Blogs, Podcasts, & Websites",English,General Interest Periodicals--Canada,2049983,
The Recorder and Times (Online),,Postmedia Network Inc.,Brockville,Canada,,,,14-May-2015,Current,01-Jan-2019--31-Dec-2019; 18-Apr-2021--27-Mar-2022,N,14-May-2015,Current,01-Jan-2019--31-Dec-2019; 18-Apr-2021--27-Mar-2022,,,,1,14-May-2015,Current,01-Jan-2019--31-Dec-2019; 18-Apr-2021--27-Mar-2022,14-May-2015,Current,01-Jan-2019--31-Dec-2019; 18-Apr-2021--27-Mar-2022,,,,,,,N,"Blogs, Podcasts, & Websites",,General Interest Periodicals--Canada,2050084,
The Recorder and Times,,Postmedia Network Inc.,Brockville,Canada,0837-1814,,,23-Apr-2007,Current,,N,23-Apr-2007,Current,,,,,1,23-Apr-2007,Current,,23-Apr-2007,Current,,,,,,,,N,Newspapers,English,,2050148,
Red Deer Express,,Alberta Weekly Newspapers Association,Red Deer,Canada,,,,19-Jun-2013,08-Jun-2016,,N,19-Jun-2013,08-Jun-2016,,,,,,19-Jun-2013,08-Jun-2016,,19-Jun-2013,08-Jun-2016,,19-Jun-2013,08-Jun-2016,,,,,N,Newspapers,English,General Interest Periodicals--Canada,2032148,
Red River Valley Echo,,Postmedia Network Inc.,Altona,Canada,,,,01-Dec-2011,07-May-2020,,N,01-Dec-2011,07-May-2020,,,,,,01-Dec-2011,07-May-2020,,01-Dec-2011,07-May-2020,,,,,,,,N,Newspapers,English,General Interest Periodicals--Canada,2049982,
Redwater Review,,Alberta Weekly Newspapers Association,Redwater,Canada,1180-8144,,,18-Jun-2013,28-Jun-2016,,N,18-Jun-2013,28-Jun-2016,,,,,,18-Jun-2013,28-Jun-2016,,18-Jun-2013,28-Jun-2016,,18-Jun-2013,28-Jun-2016,,,,,N,Newspapers,English,General Interest Periodicals--Canada,2032147,
The Renfrew Mercury Weekender,,"Torstar Syndication Services, a Division of Toronto Star Newspapers Limited","Renfrew, Ont.",Canada,,,,30-Nov-2016,07-Dec-2016,,N,30-Nov-2016,07-Dec-2016,,,,,,30-Nov-2016,07-Dec-2016,,30-Nov-2016,07-Dec-2016,,30-Nov-2016,07-Dec-2016,,,,,N,Newspapers,English,General Interest Periodicals--Canada,55324,
The Renfrew Mercury,,"Torstar Syndication Services, a Division of Toronto Star Newspapers Limited","Renfrew, Ont.",Canada,,,,21-Sep-2011,Current,,N,21-Sep-2011,Current,,,,,,21-Sep-2011,Current,,21-Sep-2011,Current,,21-Sep-2011,09-Apr-2018,,,,,N,Newspapers,English,General Interest Periodicals--Canada,106010,
Revelstoke Review (Online),,Black Press Group Ltd.,Revelstoke,Canada,,,,14-Mar-2023,Current,,N,14-Mar-2023,Current,,,,,,14-Mar-2023,Current,,14-Mar-2023,Current,,,,,,,,N,"Blogs, Podcasts, & Websites",English,General Interest Periodicals--Canada,6552327,
Revelstoke Times Review,,Black Press Group Ltd.,"Revelstoke, B.C.",Canada,,,,04-Aug-2004,04-Apr-2022,,N,04-Aug-2004,04-Apr-2022,,,,,,04-Aug-2004,04-Apr-2022,,04-Aug-2004,04-Apr-2022,,,,,,,,N,Newspapers,English,General Interest Periodicals--Great Britain,39748,
The Review (Online),,Black Press Group Ltd.,Keremeos,Canada,,,,15-Mar-2023,Current,,N,15-Mar-2023,Current,,,,,,15-Mar-2023,Current,,15-Mar-2023,Current,,,,,,,,N,"Blogs, Podcasts, & Websites",English,General Interest Periodicals--Canada,6571422,
The Review,,"Torstar Syndication Services, a Division of Toronto Star Newspapers Limited","Richmond, B.C.",Canada,1490-5027,,,03-Aug-2004,12-May-2015,,N,03-Aug-2004,12-May-2015,,,,,,03-Aug-2004,12-May-2015,,03-Aug-2004,12-May-2015,,03-Aug-2004,12-May-2015,,,,,N,Newspapers,English,General Interest Periodicals--Canada,51399,
Richmond News,,Postmedia Network Inc.,"Richmond, B.C.",Canada,,,,10-Apr-2002,Current,,N,10-Apr-2002,Current,,,,,1,10-Apr-2002,Current,,10-Apr-2002,Current,,10-Apr-2002,26-Apr-2018,,,,,N,Newspapers,English,General Interest Periodicals--United States,44111,
Rimbey Review,,Postmedia Network Inc.,Rimbey,Canada,,,,18-Jun-2013,Current,01-Jan-2017--31-Dec-2018,N,18-Jun-2013,Current,01-Jan-2017--31-Dec-2018,,,,1,18-Jun-2013,Current,01-Jan-2017--31-Dec-2018,18-Jun-2013,Current,01-Jan-2017--31-Dec-2018,18-Jun-2013,14-Jun-2016,,,,,N,Newspapers,English,General Interest Periodicals--Canada,2032146,
Rimbey Review (Online),,Black Press Group Ltd.,Rimbey,Canada,,,,14-Mar-2023,Current,,N,14-Mar-2023,Current,,,,,,14-Mar-2023,Current,,14-Mar-2023,Current,,,,,,,,N,"Blogs, Podcasts, & Websites",English,General Interest Periodicals--Canada,6552326,
Rocky Mountain Outlook,,Postmedia Network Inc.,"Canmore, Alta.",Canada,,,,26-Mar-2009,12-Dec-2019,,N,26-Mar-2009,12-Dec-2019,,,,,,26-Mar-2009,12-Dec-2019,,26-Mar-2009,12-Dec-2019,,26-Mar-2009,27-Apr-2018,,,,,N,Newspapers,English,General Interest Periodicals--Canada,39642,
Rossland News (Online),,Black Press Group Ltd.,Rossland,Canada,,,,14-Mar-2023,Current,,N,14-Mar-2023,Current,,,,,,14-Mar-2023,Current,,14-Mar-2023,Current,,,,,,,,N,"Blogs, Podcasts, & Websites",English,General Interest Periodicals--Canada,6552325,
Saanich News,,Black Press Group Ltd.,"Victoria, B.C.",Canada,0838-9217,,,04-Aug-2004,04-Apr-2022,,N,04-Aug-2004,04-Apr-2022,,,,,,04-Aug-2004,04-Apr-2022,,04-Aug-2004,04-Apr-2022,,,,,,,,N,Newspapers,English,Abstracting And Indexing Services,39441,
Saanich News (Online),,Black Press Group Ltd.,Victoria,Canada,,,,14-Mar-2023,Current,,N,14-Mar-2023,Current,,,,,,14-Mar-2023,Current,,14-Mar-2023,Current,,,,,,,,N,"Blogs, Podcasts, & Websites",English,General Interest Periodicals--Canada,6552324,
The Sachem / Glanbrook Gazette,,"Torstar Syndication Services, a Division of Toronto Star Newspapers Limited","Caledonia, Ont.",Canada,,,,02-Jun-2010,Current,,N,02-Jun-2010,Current,,,,,,02-Jun-2010,Current,,02-Jun-2010,Current,,02-Jun-2010,10-Apr-2018,,,,,N,Newspapers,English,General Interest Periodicals--Canada,55341,
Saint City News,,Postmedia Network Inc.,"Saint Albert, Alta.",Canada,,,,03-Apr-2009,10-Jun-2011,,N,03-Apr-2009,10-Jun-2011,,,,,,03-Apr-2009,24-Jun-2011,,03-Apr-2009,24-Jun-2011,,03-Apr-2009,10-Jun-2011,,,,,N,Newspapers,English,General Interest Periodicals--Canada,39190,
Salmon Arm Observer,,Black Press Group Ltd.,"Salmon Arm, B.C.",Canada,,,,04-Aug-2004,04-Apr-2022,,N,04-Aug-2004,04-Apr-2022,,,,,,04-Aug-2004,04-Apr-2022,,04-Aug-2004,04-Apr-2022,,,,,,,,N,Newspapers,English,General Interest Periodicals--Canada,39276,
Salmon Arm Observer (Online),,Black Press Group Ltd.,Salmon Arm,Canada,,,,16-Feb-2023,Current,,N,16-Feb-2023,Current,,,,,,16-Feb-2023,Current,,16-Feb-2023,Current,,,,,,,,N,"Blogs, Podcasts, & Websites",English,General Interest Periodicals--Canada,6552323,
Sarnia Observer (Online),,Postmedia Network Inc.,Sarnia,Canada,,,,15-May-2015,Current,26-Sep-2021--27-Mar-2022,N,15-May-2015,Current,26-Sep-2021--27-Mar-2022,,,,1,15-May-2015,Current,26-Sep-2021--27-Mar-2022,15-May-2015,Current,26-Sep-2021--27-Mar-2022,,,,,,,N,Newspapers,,General Interest Periodicals--Canada,2049980,
Sarnia This Week,,Postmedia Network Inc.,Sarnia,Canada,,,,10-Feb-2022,Current,,N,10-Feb-2022,Current,,,,,1,10-Feb-2022,Current,,10-Feb-2022,Current,,,,,,,,N,"Blogs, Podcasts, & Websites",English,Journalism,5483514,
Saskbusiness,,Sunrise Publishing Ltd.,Saskatoon,Canada,1701-4468,,,01-Jan-1997,01-Apr-2011,,N,01-Jan-1997,01-Jun-2006,,01-Jun-2002,01-Apr-2011,,,01-Jan-1982,01-Jul-2011,01-Jan-1993--31-Dec-1993,01-Jan-1982,01-Jul-2011,01-Jan-1993--31-Dec-1993,01-Jan-1997,01-Mar-2010,,,,,N,Trade Journals,English,Business And Economics,43018,
Saturday Report - CBC Television,,Canadian Broadcasting Corporation,Toronto,Canada,,,,05-Feb-1994,29-Aug-2009,,N,05-Feb-1994,29-Aug-2009,,,,,,05-Feb-1994,29-Aug-2009,,05-Feb-1994,29-Aug-2009,,05-Feb-1994,29-Aug-2009,,,,,N,Other Sources,English,General Interest Periodicals--Canada,43639,
Sault Star,,Postmedia Network Inc.,"Sault Ste. Marie, Ont.",Canada,0839-203X,,,02-Jan-1997,Current,,N,02-Jan-1997,Current,,,,,1,02-Jan-1997,Current,,02-Jan-1997,Current,,02-Jan-1997,31-May-2006,,,,,N,Newspapers,English,General Interest Periodicals--Canada,43275,
The Sault Star (Online),,Postmedia Network Inc.,Sault Ste. Marie,Canada,,,,15-May-2015,Current,19-Apr-2021--28-Mar-2022,N,15-May-2015,Current,19-Apr-2021--28-Mar-2022,,,,1,15-May-2015,Current,19-Apr-2021--28-Mar-2022,15-May-2015,Current,19-Apr-2021--28-Mar-2022,,,,,,,N,"Blogs, Podcasts, & Websites",English,General Interest Periodicals--Canada,2050083,
Sault This Week,,Postmedia Network Inc.,Toronto,Canada,,,,10-Feb-2022,Current,,N,10-Feb-2022,Current,,,,,1,10-Feb-2022,Current,,10-Feb-2022,Current,,,,,,,,N,"Blogs, Podcasts, & Websites",English,Journalism,5483516,
The Scarborough Mirror,,"Torstar Syndication Services, a Division of Toronto Star Newspapers Limited","Scarborough, Ont.",Canada,0834-7387,,,27-Apr-2003,28-Dec-2023,,N,27-Apr-2003,28-Dec-2023,,,,,,27-Apr-2003,28-Dec-2023,,27-Apr-2003,28-Dec-2023,,27-Apr-2003,27-Mar-2018,,,,,N,Newspapers,English,General Interest Periodicals--Canada,43761,
Scope Newspaper,,Alberta Weekly Newspapers Association,"Slave Lake, Alta.",Canada,,,,28-Mar-2009,19-Dec-2015,,N,28-Mar-2009,19-Dec-2015,,,,,,28-Mar-2009,19-Dec-2015,,28-Mar-2009,19-Dec-2015,,28-Mar-2009,19-Dec-2015,,,,,N,Newspapers,English,General Interest Periodicals--Canada,39189,
Seaforth Huron Expositor,,Postmedia Network Inc.,Seaforth,Canada,0834-7360,,,18-May-2011,Current,,N,18-May-2011,Current,,,,,1,18-May-2011,Current,,18-May-2011,Current,,,,,,,,N,Newspapers,English,General Interest Periodicals--Canada,2050065,
Seaforth Huron Expositor (Online),,Postmedia Network Inc.,Seaforth,Canada,,,,14-May-2015,Current,08-Apr-2021--08-Feb-2022,N,14-May-2015,Current,08-Apr-2021--08-Feb-2022,,,,1,14-May-2015,Current,08-Apr-2021--08-Feb-2022,14-May-2015,Current,08-Apr-2021--08-Feb-2022,,,,,,,N,"Blogs, Podcasts, & Websites",English,General Interest Periodicals--Canada,2049979,
Selkirk Journal,,Postmedia Network Inc.,Selkirk,Canada,,,,27-Apr-2007,07-May-2020,,N,27-Apr-2007,07-May-2020,,,,,,27-Apr-2007,07-May-2020,,27-Apr-2007,07-May-2020,,,,,,,,N,Newspapers,English,General Interest Periodicals--Canada,2049978,
The Shaunavon Standard,,Postmedia Network Inc.,"Shaunavon, Sask.",Canada,,,,04-Jan-2017,Current,,N,04-Jan-2017,Current,,,,,1,04-Jan-2017,Current,,04-Jan-2017,Current,,04-Jan-2017,01-May-2018,,,,,N,Newspapers,English,General Interest Periodicals--Canada,2043443,
Sherwood Park News,,Postmedia Network Inc.,Sherwood Park,Canada,,,,25-Apr-2007,Current,,N,25-Apr-2007,Current,,,,,1,25-Apr-2007,Current,,25-Apr-2007,Current,,,,,,,,N,Newspapers,English,General Interest Periodicals--Canada,2049977,
Sherwood Park News (Online),,Postmedia Network Inc.,Sherwood Park,Canada,,,,14-May-2015,Current,01-Jan-2019--31-Dec-2019; 16-Apr-2021--28-Mar-2022,N,14-May-2015,Current,01-Jan-2019--31-Dec-2019; 16-Apr-2021--28-Mar-2022,,,,1,14-May-2015,Current,01-Jan-2019--31-Dec-2019; 16-Apr-2021--28-Mar-2022,14-May-2015,Current,01-Jan-2019--31-Dec-2019; 16-Apr-2021--28-Mar-2022,,,,,,,N,"Blogs, Podcasts, & Websites",English,General Interest Periodicals--Canada,2049976,
Shoreline Beacon,,Postmedia Network Inc.,Port Elgin,Canada,,,,25-Apr-2007,Current,,N,25-Apr-2007,Current,,,,,1,25-Apr-2007,Current,,25-Apr-2007,Current,,,,,,,,N,Newspapers,English,General Interest Periodicals--Canada,2049975,
Shoreline Beacon (Online),,Postmedia Network Inc.,Port Elgin,Canada,,,,14-May-2015,Current,24-Sep-2021--27-Mar-2022,N,14-May-2015,Current,24-Sep-2021--27-Mar-2022,,,,1,14-May-2015,Current,24-Sep-2021--27-Mar-2022,14-May-2015,Current,24-Sep-2021--27-Mar-2022,,,,,,,N,"Blogs, Podcasts, & Websites",English,General Interest Periodicals--Canada,2049973,
Shuswap Market News (Online),,Black Press Group Ltd.,Salmon Arm,Canada,,,,17-Mar-2023,Current,,N,17-Mar-2023,Current,,,,,,17-Mar-2023,Current,,17-Mar-2023,Current,,,,,,,,N,"Blogs, Podcasts, & Websites",English,General Interest Periodicals--Canada,6553030,
The Signal,,Postmedia Network Inc.,"Rycroft, Alta.",Canada,0712-1296,,,07-Apr-2009,Current,,N,07-Apr-2009,Current,,,,,1,07-Apr-2009,Current,,07-Apr-2009,Current,,07-Apr-2009,14-Mar-2017,,,,,N,Newspapers,English,General Interest Periodicals--Canada,39385,
The Simcoe Reformer (Online),,Postmedia Network Inc.,Simcoe,Canada,,,,14-May-2015,Current,18-Apr-2021--27-Mar-2022,N,14-May-2015,Current,18-Apr-2021--27-Mar-2022,,,,1,14-May-2015,Current,18-Apr-2021--27-Mar-2022,14-May-2015,Current,18-Apr-2021--27-Mar-2022,,,,,,,N,"Blogs, Podcasts, & Websites",English,General Interest Periodicals--Canada,2050082,
The Simcoe Reformer,,Postmedia Network Inc.,Calgary,Canada,,,,30-Apr-2007,Current,,N,30-Apr-2007,Current,,,,,1,30-Apr-2007,Current,,30-Apr-2007,Current,,,,,,,,N,Newspapers,English,General Interest Periodicals--Canada,2050147,
Similkameen Spotlight,,Black Press Group Ltd.,"Princeton, B.C.",Canada,,,,13-Aug-2004,31-Mar-2022,,N,13-Aug-2004,31-Mar-2022,,,,,,13-Aug-2004,31-Mar-2022,,13-Aug-2004,31-Mar-2022,,,,,,,,N,Newspapers,English,General Interest Periodicals--Canada,39871,
Similkameen Spotlight (Online),,Black Press Group Ltd.,Princeton,Canada,,,,05-Jan-2023,Current,,N,05-Jan-2023,Current,,,,,,05-Jan-2023,Current,,05-Jan-2023,Current,,,,,,,,N,"Blogs, Podcasts, & Websites",English,General Interest Periodicals--Canada,6553029,
Smiths Falls EMC,,Postmedia Network Inc.,"Smith Falls, Ont.",Canada,,,,02-Apr-2009,08-Feb-2018,,N,02-Apr-2009,08-Feb-2018,,,,,,02-Apr-2009,08-Feb-2018,,02-Apr-2009,08-Feb-2018,,02-Apr-2009,08-Feb-2018,,,,,N,Newspapers,English,General Interest Periodicals--Canada,52083,
Smiths Falls Record News,,"Torstar Syndication Services, a Division of Toronto Star Newspapers Limited",Smiths Falls,Canada,,,,24-Oct-2023,Current,,N,24-Oct-2023,Current,,,,,,20-Sep-2018,Current,,20-Sep-2018,Current,,,,,,,,N,Newspapers,English,General Interest Periodicals--Canada,6720256,
Smoky Lake Signal,,Postmedia Network Inc.,"Smoky Lake, Alta.",Canada,,,,01-Apr-2009,19-Dec-2019,,N,01-Apr-2009,19-Dec-2019,,,,,,01-Apr-2009,19-Dec-2019,,01-Apr-2009,19-Dec-2019,,01-Apr-2009,24-Apr-2018,,,,,N,Newspapers,English,General Interest Periodicals--Canada,39387,
Smoky River Express,,Postmedia Network Inc.,"Falher, Alta.",Canada,,,,08-Apr-2009,15-Dec-2020,,N,08-Apr-2009,15-Dec-2020,,,,,,08-Apr-2009,10-Aug-2021,,08-Apr-2009,10-Aug-2021,,08-Apr-2009,25-Apr-2018,,,,,N,Newspapers,English,General Interest Periodicals--Canada,39383,
The Sooke Mirror,,Black Press Group Ltd.,"Sooke, B.C.",Canada,,,,04-Aug-2004,04-Apr-2022,,N,04-Aug-2004,04-Apr-2022,,,,,,04-Aug-2004,04-Apr-2022,,04-Aug-2004,04-Apr-2022,,,,,,,,N,Newspapers,English,General Interest Periodicals--United States,39275,
Sooke News Mirror (Online),,Black Press Group Ltd.,Sooke,Canada,,,,15-Mar-2023,Current,,N,15-Mar-2023,Current,,,,,,15-Mar-2023,Current,,15-Mar-2023,Current,,,,,,,,N,"Blogs, Podcasts, & Websites",English,General Interest Periodicals--Canada,6552984,
South Asian Focus,,CNW Group Ltd.,"Brampton, Ont.",Canada,1928-2044,,,22-Jan-2010,28-Jun-2018,01-Jan-2017--31-Dec-2017,N,22-Jan-2010,28-Jun-2018,01-Jan-2017--31-Dec-2017,,,,,22-Jan-2010,28-Jun-2018,01-Jan-2017--31-Dec-2017,22-Jan-2010,28-Jun-2018,01-Jan-2017--31-Dec-2017,22-Jan-2010,05-Mar-2018,01-Jan-2017--31-Dec-2017,,,,N,Newspapers,English,General Interest Periodicals--Canada,55326,
South Delta Leader,,"Torstar Syndication Services, a Division of Toronto Star Newspapers Limited","Delta, B.C.",Canada,,,,,,,N,,,,,,,,06-Aug-2004,12-Mar-2015,,06-Aug-2004,12-Mar-2015,,06-Aug-2004,12-Mar-2015,,,,,N,Newspapers,English,General Interest Periodicals--Canada,50965,
The South Peace News,,Postmedia Network Inc.,"High Prairie, Alta.",Canada,,,,01-Apr-2009,Current,,N,01-Apr-2009,Current,,,,,1,01-Apr-2009,Current,,01-Apr-2009,Current,,01-Apr-2009,25-Apr-2018,,,,,N,Newspapers,English,General Interest Periodicals--Canada,39656,
The Spectator,,"Torstar Syndication Services, a Division of Toronto Star Newspapers Limited","Hamilton, Ont.",Canada,1189-9417,,,07-Oct-1991,Current,,N,07-Oct-1991,Current,,,,,,07-Oct-1991,Current,,07-Oct-1991,Current,,07-Oct-1991,12-Apr-2018,,,,,N,Newspapers,English,General Interest Periodicals--Canada,33268,
Spruce Grove Examiner,,Postmedia Network Inc.,Spruce Grove,Canada,0318-1650,,,27-Apr-2007,Current,,N,27-Apr-2007,Current,,,,,1,27-Apr-2007,Current,,27-Apr-2007,Current,,,,,,,,N,Newspapers,English,General Interest Periodicals--Canada,2049972,
Spruce Grove Examiner (Online),,Postmedia Network Inc.,Spruce Grove,Canada,,,,14-May-2015,Current,01-Jan-2019--31-Dec-2019; 18-Apr-2021--24-Mar-2022,N,14-May-2015,Current,01-Jan-2019--31-Dec-2019; 18-Apr-2021--24-Mar-2022,,,,1,14-May-2015,Current,01-Jan-2019--31-Dec-2019; 18-Apr-2021--24-Mar-2022,14-May-2015,Current,01-Jan-2019--31-Dec-2019; 18-Apr-2021--24-Mar-2022,,,,,,,N,"Blogs, Podcasts, & Websites",English,General Interest Periodicals--United States,2049971,
St. Lawrence EMC,,Postmedia Network Inc.,"St. Lawrence, Ont.",Canada,,,,02-Apr-2009,23-Nov-2017,,N,02-Apr-2009,23-Nov-2017,,,,,,02-Apr-2009,23-Nov-2017,,02-Apr-2009,23-Nov-2017,,02-Apr-2009,06-Jul-2017,,,,,N,Newspapers,English,General Interest Periodicals--Canada,40465,
St. Mary's Journal - Argus,,Postmedia Network Inc.,"St. Mary's, Ont.",Canada,0834-8472,,,02-Feb-2005,22-Nov-2017,,N,02-Feb-2005,22-Nov-2017,,,,,,02-Feb-2005,22-Nov-2017,,02-Feb-2005,22-Nov-2017,,02-Feb-2005,10-Nov-2016,,,,,N,Newspapers,English,General Interest Periodicals--Canada,43338,
St. Thomas Times-Journal,,Postmedia Network Inc.,Saint Thomas,Canada,0839-1580,,,25-May-2007,Current,,N,25-May-2007,Current,,,,,1,25-May-2007,Current,,25-May-2007,Current,,,,,,,,N,Newspapers,English,,2050093,
St. Thomas Times-Journal (Online),,Postmedia Network Inc.,St. Thomas,Canada,,,,15-May-2015,Current,24-Sep-2021--24-Mar-2022,N,15-May-2015,Current,24-Sep-2021--24-Mar-2022,,,,1,15-May-2015,Current,24-Sep-2021--24-Mar-2022,15-May-2015,Current,24-Sep-2021--24-Mar-2022,,,,,,,N,"Blogs, Podcasts, & Websites",English,General Interest Periodicals--Canada,2049970,
Standard,,Postmedia Network Inc.,Vermilion,Canada,,,,18-May-2011,22-Feb-2023,,N,18-May-2011,22-Feb-2023,,,,,,18-May-2011,22-Feb-2023,,18-May-2011,22-Feb-2023,,,,,,,,N,Newspapers,English,General Interest Periodicals--Canada,2049969,
Standard (Online),,Postmedia Network Inc.,Vermilion,Canada,,,,15-May-2015,Current,01-Jan-2019--31-Dec-2019; 12-Apr-2021--13-Feb-2022,N,15-May-2015,Current,01-Jan-2019--31-Dec-2019; 12-Apr-2021--13-Feb-2022,,,,1,15-May-2015,Current,01-Jan-2019--31-Dec-2019; 12-Apr-2021--13-Feb-2022,15-May-2015,Current,01-Jan-2019--31-Dec-2019; 12-Apr-2021--13-Feb-2022,,,,,,,N,"Blogs, Podcasts, & Websites",English,General Interest Periodicals--Canada,2049968,
The Standard (Online),,Postmedia Network Inc.,Elliot Lake,Canada,,,,14-May-2015,Current,01-Jan-2019--31-Dec-2019; 17-Apr-2021--23-Mar-2022,N,14-May-2015,Current,01-Jan-2019--31-Dec-2019; 17-Apr-2021--23-Mar-2022,,,,1,14-May-2015,Current,01-Jan-2019--31-Dec-2019; 17-Apr-2021--23-Mar-2022,14-May-2015,Current,01-Jan-2019--31-Dec-2019; 17-Apr-2021--23-Mar-2022,,,,,,,N,"Blogs, Podcasts, & Websites",English,General Interest Periodicals--Canada,2050109,
Standard - Freeholder,,Postmedia Network Inc.,"Cornwall, Ont.",Canada,0842-0351,,,25-Feb-1999,Current,01-Jan-2009--31-Dec-2011; 01-Jan-2014--31-Dec-2014,N,25-Feb-1999,Current,01-Jan-2009--31-Dec-2011; 01-Jan-2014--31-Dec-2014,,,,1,25-Feb-1999,Current,01-Jan-2009--31-Dec-2011; 01-Jan-2014--31-Dec-2014,25-Feb-1999,Current,01-Jan-2009--31-Dec-2011; 01-Jan-2014--31-Dec-2014,25-Feb-1999,31-May-2006,,,,,N,Newspapers,English,General Interest Periodicals--Canada,43883,
The Standard,,"Torstar Syndication Services, a Division of Toronto Star Newspapers Limited","St. Catharines, Ont.",Canada,0837-3434,,,01-Oct-1996,Current,01-Jan-2007--31-Dec-2017,N,01-Oct-1996,Current,01-Jan-2007--31-Dec-2017,,,,,01-Oct-1996,Current,01-Jan-2007--31-Dec-2017,01-Oct-1996,Current,01-Jan-2007--31-Dec-2017,01-Oct-1996,31-May-2006,,,,,N,Newspapers,English,General Interest Periodicals--Canada,25400,
The Standard,,Black Press Group Ltd.,"Hope, B.C.",Canada,0841-3614,,,05-Aug-2004,01-Apr-2022,,N,05-Aug-2004,01-Apr-2022,,,,,,05-Aug-2004,01-Apr-2022,,05-Aug-2004,01-Apr-2022,,,,,,,,N,Newspapers,English,General Interest Periodicals--Canada,39423,
The Standard,,Postmedia Network Inc.,Elliot Lake,Canada,0827-6609,,,13-Mar-2013,Current,,N,13-Mar-2013,Current,,,,,1,13-Mar-2013,Current,,13-Mar-2013,Current,,,,,,,,N,Newspapers,English,General Interest Periodicals--Canada,2050110,
Standard-Freeholder (Online),,Postmedia Network Inc.,Cornwall,Canada,,,,25-Feb-2008,22-Jun-2022,01-Jan-2019--31-Dec-2021; 01-Jan-2022--28-Mar-2022,N,25-Feb-2008,22-Jun-2022,01-Jan-2019--31-Dec-2021; 01-Jan-2022--28-Mar-2022,,,,,25-Feb-2008,22-Jun-2022,01-Jan-2019--27-Feb-2019; 02-Jun-2019--28-Mar-2022,25-Feb-2008,22-Jun-2022,01-Jan-2019--27-Feb-2019; 02-Jun-2019--28-Mar-2022,,,,,,,N,"Blogs, Podcasts, & Websites",English,General Interest Periodicals--Canada,2049967,
Star - Phoenix,,Postmedia Network Inc.,"Saskatoon, Sask.",Canada,0832-4174,,,01-May-1996,Current,,N,01-May-1996,Current,,,,,1,01-May-1996,Current,01-Jan-2019--31-Dec-2024,01-May-1996,Current,,01-May-1996,Current,01-Jan-2019--31-Dec-2024,,,,N,Newspapers,English,General Interest Periodicals--Canada,25399,
Star - Phoenix (Online),,Postmedia Network Inc.,Saskatoon,Canada,,,,30-Nov-2017,Current,,N,30-Nov-2017,Current,,,,,1,30-Nov-2017,Current,,30-Nov-2017,Current,,30-Nov-2017,30-Apr-2018,,,,,N,"Blogs, Podcasts, & Websites",English,General Interest Periodicals--Canada,2046003,
The Stayner Sun,,"Torstar Syndication Services, a Division of Toronto Star Newspapers Limited","Wasaga Beach, Ont.",Canada,,,,26-Jan-2010,Current,01-Jan-2017--31-Dec-2017; 01-Jan-2019--31-Dec-2019; 01-Jan-2023--31-Dec-2023,N,26-Jan-2010,Current,01-Jan-2017--31-Dec-2017; 01-Jan-2019--31-Dec-2019; 01-Jan-2023--31-Dec-2023,,,,,26-Jan-2010,Current,01-Jan-2017--31-Dec-2017; 01-Jan-2019--31-Dec-2019; 01-Jan-2023--31-Dec-2023,26-Jan-2010,Current,01-Jan-2017--31-Dec-2017; 01-Jan-2019--31-Dec-2019; 01-Jan-2023--31-Dec-2023,26-Jan-2010,01-Nov-2016,,,,,N,Newspapers,English,General Interest Periodicals--Canada,55327,
Stettler Independent (Online),,Black Press Group Ltd.,Stettler,Canada,,,,15-Mar-2023,Current,,N,15-Mar-2023,Current,,,,,,15-Mar-2023,Current,,15-Mar-2023,Current,,,,,,,,N,"Blogs, Podcasts, & Websites",English,General Interest Periodicals--Canada,6553028,
The Stettler Independent,,Postmedia Network Inc.,Stettler,Canada,,,,19-Jun-2013,Current,,N,19-Jun-2013,Current,,,,,,19-Jun-2013,Current,,19-Jun-2013,Current,,19-Jun-2013,08-Jun-2016,,,,,N,Newspapers,English,General Interest Periodicals--Canada,2032166,
Stirling EMC,,Postmedia Network Inc.,"Stirling, Ont.",Canada,,,,03-Apr-2009,12-Nov-2015,,N,03-Apr-2009,12-Nov-2015,,,,,,03-Apr-2009,12-Nov-2015,,03-Apr-2009,12-Nov-2015,,03-Apr-2009,12-Nov-2015,,,,,N,Newspapers,English,General Interest Periodicals--Canada,52225,
Stittsville News,,Postmedia Network Inc.,"Nepean, Ont.",Canada,,,,18-Jul-2013,03-Jan-2018,,N,18-Jul-2013,03-Jan-2018,,,,,,18-Jul-2013,03-Jan-2018,,18-Jul-2013,03-Jan-2018,,18-Jul-2013,03-Jan-2018,,,,,N,Newspapers,English,General Interest Periodicals--Canada,55328,
Stittsville/Richmond EMC,,Postmedia Network Inc.,"Stittsville, Ont.",Canada,,,,03-Apr-2009,11-Jan-2018,,N,03-Apr-2009,11-Jan-2018,,,,,,03-Apr-2009,11-Jan-2018,,03-Apr-2009,11-Jan-2018,,03-Apr-2009,06-Jul-2017,,,,,N,Newspapers,English,General Interest Periodicals--Canada,52080,
Stonewall Argus and Teulon Times,,Postmedia Network Inc.,Stonewall,Canada,,,,01-Dec-2011,07-May-2020,,N,01-Dec-2011,07-May-2020,,,,,,01-Dec-2011,07-May-2020,,01-Dec-2011,07-May-2020,,,,,,,,N,Newspapers,English,General Interest Periodicals--Canada,2049966,
Stoney Creek News,,"Torstar Syndication Services, a Division of Toronto Star Newspapers Limited","Stoney Creek, Ont.",Canada,0834-7433,,,01-Sep-1999,Current,,N,01-Sep-1999,Current,,,,,,01-Sep-1999,Current,,01-Sep-1999,Current,,01-Sep-1999,10-Apr-2018,,,,,N,Newspapers,English,General Interest Periodicals--Canada,44254,
The Stony Plain Reporter (Online),,Postmedia Network Inc.,Stony Plain,Canada,,,,05-Jan-2018,Current,01-Jan-2019--31-Dec-2019; 10-Apr-2021--19-Mar-2022,N,05-Jan-2018,Current,01-Jan-2019--31-Dec-2019; 10-Apr-2021--19-Mar-2022,,,,1,05-Jan-2018,Current,01-Jan-2019--31-Dec-2019; 10-Apr-2021--19-Mar-2022,05-Jan-2018,Current,01-Jan-2019--31-Dec-2019; 10-Apr-2021--19-Mar-2022,,,,,,,N,"Blogs, Podcasts, & Websites",English,General Interest Periodicals--Canada,2050080,
The Stony Plain Reporter,,Postmedia Network Inc.,Stony Plain,Canada,0847-8589,,,27-Apr-2007,Current,,N,27-Apr-2007,Current,,,,,1,27-Apr-2007,Current,,27-Apr-2007,Current,,,,,,,,N,Newspapers,English,General Interest Periodicals--Canada,2050081,
Stouffville Sun-Tribune,,"Torstar Syndication Services, a Division of Toronto Star Newspapers Limited","Stouffville, Ont.",Canada,,,,06-Nov-2003,15-Aug-2023,,N,06-Nov-2003,15-Aug-2023,,,,,,06-Nov-2003,15-Aug-2023,,06-Nov-2003,15-Aug-2023,,06-Nov-2003,10-Apr-2018,,,,,N,Newspapers,English,General Interest Periodicals--Canada,43196,
Stratford Gazette,,"Torstar Syndication Services, a Division of Toronto Star Newspapers Limited","Stratford, Ont.",Canada,1717-0095,,,03-Feb-2010,16-Nov-2017,,N,03-Feb-2010,16-Nov-2017,,,,,,03-Feb-2010,16-Nov-2017,,03-Feb-2010,16-Nov-2017,,03-Feb-2010,10-Nov-2016,,,,,N,Newspapers,English,General Interest Periodicals--Canada,55329,
The Strathmore Standard (Online),,Postmedia Network Inc.,Strathmore,Canada,,,,15-May-2015,04-Jul-2018,,N,15-May-2015,04-Jul-2018,,,,,,15-May-2015,04-Jul-2018,,15-May-2015,04-Jul-2018,,,,,,,,N,"Blogs, Podcasts, & Websites",English,General Interest Periodicals--Canada,2050079,
The Strathmore Standard,,Postmedia Network Inc.,Strathmore,Canada,,,,18-May-2011,25-Jul-2018,,N,18-May-2011,25-Jul-2018,,,,,,18-May-2011,25-Jul-2018,,18-May-2011,25-Jul-2018,,,,,,,,N,Newspapers,English,General Interest Periodicals--Canada,2050078,
Strathmore Times,,Alberta Weekly Newspapers Association,Stratmore,Canada,,,,21-Jun-2013,10-Jun-2016,,N,21-Jun-2013,10-Jun-2016,,,,,,21-Jun-2013,10-Jun-2016,,21-Jun-2013,10-Jun-2016,,21-Jun-2013,10-Jun-2016,,,,,N,Newspapers,English,General Interest Periodicals--Canada,2032145,
Strathroy Age Dispatch,,Postmedia Network Inc.,Strathroy,Canada,0834-7255,,,30-Apr-2015,Current,,N,30-Apr-2015,Current,,,,,1,30-Apr-2015,Current,,30-Apr-2015,Current,,,,,,,,N,Newspapers,English,General Interest Periodicals--Canada,2049964,
Strathroy Age Dispatch (Online),,Postmedia Network Inc.,Strathroy,Canada,,,,15-May-2015,Current,01-Jan-2019--31-Dec-2019; 16-Apr-2021--22-Mar-2022,N,15-May-2015,Current,01-Jan-2019--31-Dec-2019; 16-Apr-2021--22-Mar-2022,,,,1,15-May-2015,Current,01-Jan-2019--31-Dec-2019; 16-Apr-2021--22-Mar-2022,15-May-2015,Current,01-Jan-2019--31-Dec-2019; 16-Apr-2021--22-Mar-2022,,,,,,,N,"Blogs, Podcasts, & Websites",English,General Interest Periodicals--Canada,2049963,
Stuart Nechako Advertiser,,Black Press Group Ltd.,Vanderhoof,Canada,,,,16-Mar-2023,11-Jul-2024,,N,16-Mar-2023,11-Jul-2024,,,,,,16-Mar-2023,11-Jul-2024,,16-Mar-2023,11-Jul-2024,,,,,,,,N,Newspapers,English,General Interest Periodicals--Canada,6553027,
Sudbury Star,,Postmedia Network Inc.,"Sudbury, Ont.",Canada,0839-2544,,,08-Jul-1999,Current,,N,08-Jul-1999,Current,,,,,1,08-Jul-1999,Current,,08-Jul-1999,Current,,08-Jul-1999,31-May-2006,,,,,N,Newspapers,English,General Interest Periodicals--Canada,43415,
The Sudbury Star (Online),,Postmedia Network Inc.,Sudbury,Canada,,,,15-May-2015,Current,18-Apr-2021--28-Mar-2022,N,15-May-2015,Current,18-Apr-2021--28-Mar-2022,,,,1,15-May-2015,Current,18-Apr-2021--28-Mar-2022,15-May-2015,Current,18-Apr-2021--28-Mar-2022,,,,,,,N,"Blogs, Podcasts, & Websites",English,General Interest Periodicals--Canada,2050108,
Summerland Review,,Black Press Group Ltd.,"Summerland, B.C.",Canada,,,,05-Aug-2004,04-Apr-2022,,N,05-Aug-2004,04-Apr-2022,,,,,,05-Aug-2004,04-Apr-2022,,05-Aug-2004,04-Apr-2022,,,,,,,,N,Newspapers,English,General Interest Periodicals--Canada,51390,
Summerland Review (Online),,Black Press Group Ltd.,Summerland,Canada,,,,25-Jan-2023,Current,,N,25-Jan-2023,Current,,,,,,25-Jan-2023,Current,,25-Jan-2023,Current,,,,,,,,N,"Blogs, Podcasts, & Websites",English,General Interest Periodicals--Canada,6553026,
Sun Times,,Postmedia Network Inc.,"Owen Sound, Ont.",Canada,0839-5152,,,02-Mar-1998,Current,,N,02-Mar-1998,Current,,,,,1,02-Mar-1998,Current,,02-Mar-1998,Current,,02-Mar-1998,31-May-2006,,,,,N,Newspapers,English,General Interest Periodicals--Canada,43448,
Sun Times,,Postmedia Network Inc.,"Lethbridge, Alta.",Canada,,,,01-Apr-2009,26-Feb-2020,01-Jan-2014--31-Dec-2016,N,01-Apr-2009,26-Feb-2020,01-Jan-2014--31-Dec-2016,,,,,01-Apr-2009,26-Feb-2020,01-Jan-2014--31-Dec-2016,01-Apr-2009,26-Feb-2020,01-Jan-2014--31-Dec-2016,01-Apr-2009,03-May-2018,01-Jan-2014--31-Dec-2016,,,,N,Newspapers,English,General Interest Periodicals--Canada,52168,
The Sun Times (Online),,Postmedia Network Inc.,Owen Sound,Canada,,,,14-May-2015,Current,26-Sep-2021--26-Mar-2022,N,14-May-2015,Current,26-Sep-2021--26-Mar-2022,,,,1,14-May-2015,Current,26-Sep-2021--26-Mar-2022,14-May-2015,Current,26-Sep-2021--26-Mar-2022,,,,,,,N,"Blogs, Podcasts, & Websites",English,General Interest Periodicals--Canada,2050077,
Sunday Night,,Canadian Broadcasting Corporation,Toronto,Canada,,,,07-Jun-2009,13-Sep-2009,,N,07-Jun-2009,13-Sep-2009,,,,,,07-Jun-2009,13-Sep-2009,,07-Jun-2009,13-Sep-2009,,,,,,,,N,Other Sources,English,General Interest Periodicals--Canada,39289,
Sunday Phoenix,,Postmedia Network Inc.,"Saskatoon, Sask.",Canada,,,,16-Sep-2001,04-Jan-2015,,N,16-Sep-2001,04-Jan-2015,,,,,,16-Sep-2001,15-Nov-2015,,16-Sep-2001,15-Nov-2015,,16-Sep-2001,04-Jan-2015,,,,,N,Newspapers,English,General Interest Periodicals--Canada,44426,
Sunday Post,,Postmedia Network Inc.,"Regina, Sask.",Canada,,,,04-Nov-2001,26-Oct-2014,,N,04-Nov-2001,26-Oct-2014,,,,,,04-Nov-2001,15-Nov-2015,,04-Nov-2001,15-Nov-2015,,04-Nov-2001,26-Oct-2014,,,,,N,Newspapers,English,General Interest Periodicals--Canada,44425,
The Sunny South News,,Postmedia Network Inc.,"Coaldale, Alta.",Canada,,,,07-Apr-2009,Current,01-Jan-2014--31-Dec-2016,N,07-Apr-2009,Current,01-Jan-2014--31-Dec-2016,,,,1,07-Apr-2009,Current,01-Jan-2014--31-Dec-2016,07-Apr-2009,Current,01-Jan-2014--31-Dec-2016,07-Apr-2009,01-May-2018,01-Jan-2014--31-Dec-2016,,,,N,Newspapers,English,General Interest Periodicals--Canada,39645,
Surrey Now-Leader (Online),,Black Press Group Ltd.,Surrey,Canada,,,,22-Dec-2020,Current,,N,22-Dec-2020,Current,,,,,,22-Dec-2020,Current,,22-Dec-2020,Current,,,,,,,,N,"Blogs, Podcasts, & Websites",English,General Interest Periodicals--Canada,6553025,
Sylvan Lake News,,Postmedia Network Inc.,"Sylvan Lake, Alta.",Canada,,,,03-Apr-2009,Current,,N,03-Apr-2009,Current,,,,,1,03-Apr-2009,Current,,03-Apr-2009,Current,,03-Apr-2009,26-Apr-2018,,,,,N,Newspapers,English,General Interest Periodicals--Canada,39390,
Sylvan Lake News (Online),,Black Press Group Ltd.,Sylvan Lake,Canada,,,,16-Mar-2023,Current,,N,16-Mar-2023,Current,,,,,,16-Mar-2023,Current,,16-Mar-2023,Current,,,,,,,,N,"Blogs, Podcasts, & Websites",English,General Interest Periodicals--Canada,6553024,
The Taber Times,,Postmedia Network Inc.,"Taber, Alta.",Canada,,,,01-Apr-2009,05-Apr-2017,01-Jan-2014--31-Dec-2016,N,01-Apr-2009,05-Apr-2017,01-Jan-2014--31-Dec-2016,,,,,01-Apr-2009,20-Aug-2025,01-Jan-2014--31-Dec-2016,01-Apr-2009,20-Aug-2025,01-Jan-2014--31-Dec-2016,01-Apr-2009,05-Apr-2017,01-Jan-2014--31-Dec-2016,,,,N,Newspapers,English,General Interest Periodicals--Canada,39509,
Telegram,,Postmedia Network Inc.,"St. John's, Nfld.",Canada,1487-6019,,,,,,N,,,,,,,,05-Apr-1997,27-Apr-2007,,05-Apr-1997,27-Apr-2007,,,,,,,,N,Newspapers,English,General Interest Periodicals--Canada,27043,
Telegraph-Journal,,Postmedia Network Inc.,"Saint John, N.B.",Canada,1910-8001,,,02-Jan-1998,Current,,N,02-Jan-1998,Current,,,,,1,02-Jan-1998,Current,,02-Jan-1998,Current,,02-Jan-1998,01-May-2018,,,,,N,Newspapers,English,General Interest Periodicals--Canada,40381,
Le Téléjournal,,Canadian Broadcasting Corporation,Toronto,Canada,,,,01-Jun-2009,Current,,N,01-Jun-2009,Current,,,,,,01-Jun-2009,Current,,01-Jun-2009,Current,,21-Aug-2009,16-Mar-2017,,,,,N,Other Sources,French,General Interest Periodicals--Canada,39295,
Terrace Standard,,Black Press Group Ltd.,"Terrace, B.C.",Canada,0841-9264,,,01-Aug-2004,04-Apr-2022,,N,01-Aug-2004,04-Apr-2022,,,,,,01-Aug-2004,04-Apr-2022,,01-Aug-2004,04-Apr-2022,,,,,,,,N,Newspapers,English,General Interest Periodicals--Canada,39855,
Terrace Standard (Online),,Black Press Group Ltd.,Terrace,Canada,,,,15-Mar-2023,Current,,N,15-Mar-2023,Current,,,,,,15-Mar-2023,Current,,15-Mar-2023,Current,,,,,,,,N,"Blogs, Podcasts, & Websites",English,General Interest Periodicals--Canada,6553023,
This Week,,"Torstar Syndication Services, a Division of Toronto Star Newspapers Limited","Clarington, Oshawa, Port Perry, Whitby, Ont.",Canada,,,,26-Sep-2003,Current,,N,26-Sep-2003,Current,,,,,,26-Sep-2003,Current,,26-Sep-2003,Current,,26-Sep-2003,10-Apr-2018,,,,,N,Newspapers,English,General Interest Periodicals--Canada,43920,
This Week Online,,Postmedia Network Inc.,"Moncton, N.B.",Canada,,,,13-Jun-2008,01-Dec-2016,,N,13-Jun-2008,01-Dec-2016,,,,,,13-Jun-2008,08-Dec-2016,,13-Jun-2008,08-Dec-2016,,13-Jun-2008,01-Dec-2016,,,,,N,Newspapers,English,General Interest Periodicals--Canada,39724,
Thunder Bay Chronicle Journal,,Postmedia Network Inc.,"Thunder Bay, Ont.",Canada,0842-0084,,,25-Feb-2017,Current,01-Jan-2020--31-Dec-2020,N,25-Feb-2017,Current,01-Jan-2020--31-Dec-2020,,,,1,25-Feb-2017,Current,01-Jan-2020--31-Dec-2020,25-Feb-2017,Current,01-Jan-2020--31-Dec-2020,25-Feb-2017,01-May-2018,,,,,N,Newspapers,English,General Interest Periodicals--Canada,2043450,
The Tilbury Times,,Postmedia Network Inc.,Tilbury,Canada,0834-7344,,,30-Sep-2014,06-May-2020,,N,30-Sep-2014,06-May-2020,,,,,,30-Sep-2014,06-May-2020,,30-Sep-2014,06-May-2020,,31-Jan-2017,24-Apr-2018,,,,,N,Newspapers,English,General Interest Periodicals--Canada,2035121,
Tillsonburg News,,Postmedia Network Inc.,Tillsonburg,Canada,0834-7174,,,18-May-2011,Current,,N,18-May-2011,Current,,,,,1,18-May-2011,Current,,18-May-2011,Current,,,,,,,,N,Newspapers,English,General Interest Periodicals--Canada,2050130,
Tillsonburg News (Online),,Postmedia Network Inc.,Tillsonburg,Canada,,,,15-May-2015,Current,01-Jan-2019--31-Dec-2019; 15-Apr-2021--20-Mar-2022,N,15-May-2015,Current,01-Jan-2019--31-Dec-2019; 15-Apr-2021--20-Mar-2022,,,,1,15-May-2015,Current,01-Jan-2019--31-Dec-2019; 15-Apr-2021--20-Mar-2022,15-May-2015,Current,01-Jan-2019--31-Dec-2019; 15-Apr-2021--20-Mar-2022,,,,,,,N,"Blogs, Podcasts, & Websites",English,General Interest Periodicals--Canada,2050129,
Times,,"Torstar Syndication Services, a Division of Toronto Star Newspapers Limited","Cambridge, Ont.",Canada,0834-6119,,,10-Sep-1999,Current,01-Dec-2008--13-Feb-2013,N,10-Sep-1999,Current,01-Dec-2008--13-Feb-2013,,,,,10-Sep-1999,Current,01-Dec-2008--13-Feb-2013,10-Sep-1999,Current,01-Dec-2008--13-Feb-2013,10-Sep-1999,10-Apr-2018,01-Dec-2008--13-Feb-2013,,,,N,Newspapers,English,General Interest Periodicals--Canada,42478,
Times - Colonist,,Postmedia Network Inc.,"Victoria, B.C.",Canada,,,,04-Jan-1993,Current,,N,04-Jan-1993,Current,,,,,1,04-Jan-1993,Current,01-Jan-2019--31-Dec-2024,04-Jan-1993,Current,,04-Jan-1993,Current,01-Jan-2019--31-Dec-2024,,,,N,Newspapers,English,General Interest Periodicals--Canada,27470,
The Times - Transcript,,Postmedia Network Inc.,"Moncton, N.B.",Canada,1706-6204,,,02-Jan-1998,Current,,N,02-Jan-1998,Current,,,,,1,02-Jan-1998,Current,,02-Jan-1998,Current,,02-Jan-1998,01-May-2018,,,,,N,Newspapers,English,General Interest Periodicals--United States,44865,
The Times,,"Torstar Syndication Services, a Division of Toronto Star Newspapers Limited","Clearwater, B.C.",Canada,,,,09-Aug-2004,05-Apr-2022,,N,09-Aug-2004,05-Apr-2022,,,,,,09-Aug-2004,05-Apr-2022,,09-Aug-2004,05-Apr-2022,,09-Aug-2004,12-Apr-2018,,,,,N,Newspapers,English,General Interest Periodicals--Canada,39722,
The Timmins Times (Online),,Postmedia Network Inc.,Timmins,Canada,,,,15-May-2015,Current,01-Jan-2022--31-Dec-2022; 01-Jan-2024--31-Dec-2024,N,15-May-2015,Current,01-Jan-2022--31-Dec-2022; 01-Jan-2024--31-Dec-2024,,,,1,15-May-2015,Current,01-Jan-2022--31-Dec-2022; 01-Jan-2024--31-Dec-2024,15-May-2015,Current,01-Jan-2022--31-Dec-2022; 01-Jan-2024--31-Dec-2024,,,,,,,N,"Blogs, Podcasts, & Websites",English,General Interest Periodicals--Canada,2050076,
The Timmins Times,,Postmedia Network Inc.,Timmins,Canada,1191-0771,,,25-Apr-2007,Current,,N,25-Apr-2007,Current,,,,,1,25-Apr-2007,Current,,25-Apr-2007,Current,,,,,,,,N,Newspapers,English,General Interest Periodicals--Canada,2050075,
The Tofield Mercury,,Postmedia Network Inc.,"Tofield, Alta.",Canada,0841-3223,,,07-Apr-2009,Current,,N,07-Apr-2009,Current,,,,,1,07-Apr-2009,Current,,07-Apr-2009,Current,,07-Apr-2009,14-Mar-2017,,,,,N,Newspapers,English,General Interest Periodicals--Canada,39512,
Tofino-Ucluelet Westerly News (Online),,Black Press Group Ltd.,West Coast,Canada,,,,15-Mar-2023,Current,,N,15-Mar-2023,Current,,,,,,15-Mar-2023,Current,,15-Mar-2023,Current,,,,,,,,N,"Blogs, Podcasts, & Websites",English,General Interest Periodicals--Canada,6553002,
Topic,,"Torstar Syndication Services, a Division of Toronto Star Newspapers Limited","Bradford, Ont.",Canada,,,,27-Jan-2010,Current,,N,27-Jan-2010,Current,,,,,,27-Jan-2010,Current,,27-Jan-2010,Current,,27-Jan-2010,24-Apr-2018,,,,,N,Newspapers,English,General Interest Periodicals--Canada,55220,
Toronto Star,,"Torstar Syndication Services, a Division of Toronto Star Newspapers Limited","Toronto, Ont.",Canada,0319-0781,,,23-May-1985,Current,,N,23-May-1985,Current,,,,,,23-May-1985,Current,01-Jan-2018--31-Dec-2022,23-May-1985,Current,,23-May-1985,Current,01-Jan-2018--31-Dec-2022,,,,N,Newspapers,English,General Interest Periodicals--Canada,44892,
The Toronto Star (Online),,"Torstar Syndication Services, a Division of Toronto Star Newspapers Limited",Toronto,Canada,,,,07-Dec-2016,Current,01-Jan-1974--31-Dec-1977; 01-Jan-1981--31-Dec-1983; 01-Jan-1986--31-Dec-1988; 01-Jan-1990--31-Dec-1991; 01-Jan-1994--31-Dec-1994; 01-Jan-1997--31-Dec-1997; 01-Jan-2001--31-Dec-2001; 01-Jan-2004--31-Dec-2005,N,07-Dec-2016,Current,01-Jan-1974--31-Dec-1977; 01-Jan-1981--31-Dec-1983; 01-Jan-1986--31-Dec-1988; 01-Jan-1990--31-Dec-1991; 01-Jan-1994--31-Dec-1994; 01-Jan-1997--31-Dec-1997; 01-Jan-2001--31-Dec-2001; 01-Jan-2004--31-Dec-2005,,,,,07-Dec-2016,Current,01-Jan-1974--31-Dec-1977; 01-Jan-1981--31-Dec-1983; 01-Jan-1986--31-Dec-1988; 01-Jan-1990--31-Dec-1991; 01-Jan-1994--31-Dec-1994; 01-Jan-1997--31-Dec-1997; 01-Jan-2001--31-Dec-2001; 01-Jan-2004--31-Dec-2005,07-Dec-2016,Current,01-Jan-1974--31-Dec-1977; 01-Jan-1981--31-Dec-1983; 01-Jan-1986--31-Dec-1988; 01-Jan-1990--31-Dec-1991; 01-Jan-1994--31-Dec-1994; 01-Jan-1997--31-Dec-1997; 01-Jan-2001--31-Dec-2001; 01-Jan-2004--31-Dec-2005,07-Dec-2016,15-Mar-2017,,,,,N,"Blogs, Podcasts, & Websites",English,General Interest Periodicals--Canada,2043493,
The Toronto Sun (Online),,Postmedia Network Inc.,Toronto,Canada,,,,14-May-2015,Current,,N,14-May-2015,Current,,,,,1,14-May-2015,Current,,14-May-2015,Current,,,,,,,,N,"Blogs, Podcasts, & Websites",English,General Interest Periodicals--Canada,2050074,
The Toronto Sun,,Postmedia Network Inc.,Toronto,Canada,0837-3175,,,30-Apr-2007,Current,,N,30-Apr-2007,Current,,,,,1,30-Apr-2007,Current,,30-Apr-2007,Current,,,,,,,,N,Newspapers,English,General Interest Periodicals--Canada,2050146,
Toronto.com,,"Torstar Syndication Services, a Division of Toronto Star Newspapers Limited",Toronto,Canada,,,,23-Mar-2023,Current,,N,23-Mar-2023,Current,,,,,,08-Mar-2023,Current,,08-Mar-2023,Current,,,,,,,,N,"Blogs, Podcasts, & Websites",English,General Interest Periodicals--Canada,6720260,
Tout le monde en parle,,Canadian Broadcasting Corporation,Montreal,Canada,,,,02-Jul-2009,01-Sep-2015,,N,02-Jul-2009,01-Sep-2015,,,,,,02-Jul-2009,01-Sep-2015,,02-Jul-2009,01-Sep-2015,,,,,,,,N,Other Sources,French,General Interest Periodicals--Canada,5983425,
Town & Country News,,Postmedia Network Inc.,"Beaverlodge, Alta.",Canada,,,,06-Feb-2014,18-Jun-2015,,N,06-Feb-2014,18-Jun-2015,,,,,,06-Feb-2014,14-Aug-2025,,06-Feb-2014,14-Aug-2025,,06-Feb-2014,18-Jun-2015,,,,,N,Newspapers,,General Interest Periodicals--Canada,2032530,
Trail Times,,Postmedia Network Inc.,"Trail, B.C.",Canada,,,,01-Sep-1999,14-Feb-2018,,N,01-Sep-1999,14-Feb-2018,,,,,,01-Sep-1999,14-Feb-2018,,01-Sep-1999,14-Feb-2018,,01-Sep-1999,14-Feb-2018,,,,,N,Newspapers,English,General Interest Periodicals--Canada,43788,
Trail Times (Online),,Black Press Group Ltd.,Trail,Canada,,,,19-Feb-2023,Current,,N,19-Feb-2023,Current,,,,,,19-Feb-2023,Current,,19-Feb-2023,Current,,,,,,,,N,"Blogs, Podcasts, & Websites",English,General Interest Periodicals--Canada,6553001,
Trenton Trentonian,,Postmedia Network Inc.,Trenton,Canada,1064-3567,,,30-Apr-2015,Current,,N,30-Apr-2015,Current,,,,,1,30-Apr-2015,Current,,30-Apr-2015,Current,,,,,,,,N,Newspapers,English,General Interest Periodicals--Canada,2050127,
Trenton Trentonian (Online),,Postmedia Network Inc.,Trenton,Canada,,,,23-Jul-2015,Current,,N,23-Jul-2015,Current,,,,,1,23-Jul-2015,Current,,23-Jul-2015,Current,,,,,,,,N,"Blogs, Podcasts, & Websites",English,General Interest Periodicals--Canada,2050126,
The Tri - Cities NOW,,Postmedia Network Inc.,"Port Moody, B.C.",Canada,,,,03-Jul-2002,15-Oct-2015,,N,03-Jul-2002,15-Oct-2015,,,,,,03-Jul-2002,15-Oct-2015,,03-Jul-2002,15-Oct-2015,,03-Jul-2002,15-Oct-2015,,,,,N,Newspapers,English,General Interest Periodicals--Canada,42481,
The Tri - Cities Now,,Postmedia Network Inc.,"Port Moody, B.C.",Canada,,,,15-Jun-2002,30-Mar-2017,,N,15-Jun-2002,30-Mar-2017,,,,,,15-Jun-2002,30-Mar-2017,,15-Jun-2002,30-Mar-2017,,15-Jun-2002,30-Mar-2017,,,,,N,Newspapers,English,General Interest Periodicals--Canada,44255,
The Tri City News,,"Torstar Syndication Services, a Division of Toronto Star Newspapers Limited","Coquitlam, B.C.",Canada,0839-4741,,,,,,N,,,,,,,,04-Aug-2004,19-May-2015,,04-Aug-2004,19-May-2015,,04-Aug-2004,19-May-2015,,,,,N,Newspapers,English,General Interest Periodicals--Canada,39440,
Tribune,,"Torstar Syndication Services, a Division of Toronto Star Newspapers Limited","Guelph, Ont.",Canada,1197-4400,,,10-Sep-1999,14-Apr-2019,01-Dec-2008--26-May-2010,N,10-Sep-1999,14-Apr-2019,01-Dec-2008--26-May-2010,,,,,10-Sep-1999,14-Apr-2019,01-Dec-2008--26-May-2010; 01-Jan-2017--31-Dec-2017,10-Sep-1999,14-Apr-2019,01-Dec-2008--26-May-2010,10-Sep-1999,11-Apr-2018,01-Dec-2008--26-May-2010; 01-Jan-2017--31-Dec-2017,,,,N,Newspapers,English,General Interest Periodicals--Canada,42929,
Tribune,,"Torstar Syndication Services, a Division of Toronto Star Newspapers Limited","Welland, Ont.",Canada,1186-3129,,,17-Mar-1999,Current,01-Jan-2007--31-Dec-2017,N,17-Mar-1999,Current,01-Jan-2007--31-Dec-2017,,,,,17-Mar-1999,Current,01-Jan-2007--31-Dec-2017,17-Mar-1999,Current,01-Jan-2007--31-Dec-2017,17-Mar-1999,31-May-2006,,,,,N,Newspapers,English,General Interest Periodicals--United States,44396,
The Tribune,,Postmedia Network Inc.,"Campbellton, N.B.",Canada,,,,30-Apr-2008,Current,,N,30-Apr-2008,Current,,,,,1,30-Apr-2008,Current,,30-Apr-2008,Current,,30-Apr-2008,27-Apr-2018,,,,,N,Newspapers,English,General Interest Periodicals--United States,39167,
The Tribune,,Black Press Group Ltd.,"Williams Lake, B.C.",Canada,,,,03-Aug-2004,04-Apr-2022,,N,03-Aug-2004,04-Apr-2022,,,,,,03-Aug-2004,04-Apr-2022,,03-Aug-2004,04-Apr-2022,,,,,,,,N,Newspapers,English,General Interest Periodicals--Canada,39425,
Une heure sur Terre,,Canadian Broadcasting Corporation,Montreal,Canada,,,,22-Jan-2010,07-Jul-2013,,N,22-Jan-2010,07-Jul-2013,,,,,,22-Jan-2010,07-Jul-2013,,22-Jan-2010,07-Jul-2013,,,,,,,,N,Other Sources,French,Journalism,5983423,
Uxbridge Times - Journal,,"Torstar Syndication Services, a Division of Toronto Star Newspapers Limited","Uxbridge, Ont.",Canada,0834-7336,,,08-Oct-2003,Current,,N,08-Oct-2003,Current,,,,,,08-Oct-2003,Current,,08-Oct-2003,Current,,08-Oct-2003,09-Apr-2018,,,,,N,Newspapers,English,General Interest Periodicals--Canada,43197,
The Valley Leader,,Postmedia Network Inc.,Carman,Canada,,,,01-Dec-2011,07-May-2020,,N,01-Dec-2011,07-May-2020,,,,,,01-Dec-2011,07-May-2020,,01-Dec-2011,07-May-2020,,,,,,,,N,Newspapers,English,General Interest Periodicals--Canada,2050137,
The Valleyview Valley Views,,Alberta Weekly Newspapers Association,"Valleyview, Alta.",Canada,,,,01-Apr-2009,25-Feb-2015,,N,01-Apr-2009,25-Feb-2015,,,,,,01-Apr-2009,25-Feb-2015,,01-Apr-2009,25-Feb-2015,,01-Apr-2009,25-Feb-2015,,,,,N,Newspapers,English,General Interest Periodicals--Canada,39513,
Vancouver Courier,,Postmedia Network Inc.,"Vancouver, B.C.",Canada,1195-731X,,,15-Sep-2002,27-Jun-2023,,N,15-Sep-2002,27-Jun-2023,,,,,,15-Sep-2002,27-Jun-2023,,15-Sep-2002,27-Jun-2023,,15-Sep-2002,26-Apr-2018,,,,,N,Newspapers,English,General Interest Periodicals--United States,44397,
Vancouver Island Free Daily (Online),,Black Press Group Ltd.,Parksville,Canada,,,,23-Oct-2021,Current,01-Jan-2022--31-Dec-2022,N,23-Oct-2021,Current,01-Jan-2022--31-Dec-2022,,,,,23-Oct-2021,Current,01-Jan-2022--31-Dec-2022,23-Oct-2021,Current,01-Jan-2022--31-Dec-2022,,,,,,,N,"Blogs, Podcasts, & Websites",English,General Interest Periodicals--Canada,6553000,
The Vancouver Sun (Online),,Postmedia Network Inc.,Vancouver,Canada,,,,30-Nov-2017,Current,,N,30-Nov-2017,Current,,,,,1,30-Nov-2017,Current,,30-Nov-2017,Current,,30-Nov-2017,30-Apr-2018,,,,,N,"Blogs, Podcasts, & Websites",English,General Interest Periodicals--Canada,2046008,
The Vancouver Sun,,Postmedia Network Inc.,"Vancouver, B.C.",Canada,0832-1299,,,02-Jan-1987,Current,,N,02-Jan-1987,Current,,,,,1,02-Jan-1987,Current,01-Jan-2019--31-Dec-2022,02-Jan-1987,Current,,02-Jan-1987,Current,01-Jan-2019--31-Dec-2022,,,,N,Newspapers,English,General Interest Periodicals--Canada,44883,
Vaughan Citizen,,"Torstar Syndication Services, a Division of Toronto Star Newspapers Limited","Vaughan, Ont.",Canada,,,,26-Apr-2007,Current,,N,26-Apr-2007,Current,,,,,,26-Apr-2007,Current,,26-Apr-2007,Current,,26-Apr-2007,10-Apr-2018,,,,,N,Newspapers,English,General Interest Periodicals--Canada,40384,
The Vauxhall Advance,,Postmedia Network Inc.,"Vauxhall, Alta.",Canada,0706-7550,,,02-Apr-2009,06-Apr-2017,01-Jan-2014--31-Dec-2016,N,02-Apr-2009,06-Apr-2017,01-Jan-2014--31-Dec-2016,,,,,02-Apr-2009,21-Aug-2025,01-Jan-2014--31-Dec-2016,02-Apr-2009,21-Aug-2025,01-Jan-2014--31-Dec-2016,02-Apr-2009,06-Apr-2017,01-Jan-2014--31-Dec-2016,,,,N,Newspapers,English,General Interest Periodicals--Canada,39510,
Vegreville Observer,,Alberta Weekly Newspapers Association,"Vegreville, Alta.",Canada,,,,24-Jun-2009,27-May-2015,,N,24-Jun-2009,27-May-2015,,,,,,24-Jun-2009,27-May-2015,,24-Jun-2009,27-May-2015,,24-Jun-2009,27-May-2015,,,,,N,Newspapers,English,General Interest Periodicals--Canada,39511,
Vermilion and Area Voice,,Alberta Weekly Newspapers Association,Vermilion,Canada,,,,24-Jun-2013,13-Jun-2016,,N,24-Jun-2013,13-Jun-2016,,,,,,24-Jun-2013,13-Jun-2016,,24-Jun-2013,13-Jun-2016,,24-Jun-2013,13-Jun-2016,,,,,N,Newspapers,English,General Interest Periodicals--Canada,2032144,
Victoria News,,Black Press Group Ltd.,"Victoria, B.C.",Canada,0846-4235,,,31-Dec-1969,04-Apr-2022,01-Jan-1970--31-Dec-2003,N,31-Dec-1969,04-Apr-2022,01-Jan-1970--31-Dec-2003,,,,,31-Dec-1969,04-Apr-2022,01-Jan-1970--31-Dec-2003,31-Dec-1969,04-Apr-2022,01-Jan-1970--31-Dec-2003,,,,,,,N,Newspapers,English,General Interest Periodicals--Canada,39869,
Victoria News (Online),,Black Press Group Ltd.,Victoria,Canada,,,,26-Sep-2022,Current,,N,26-Sep-2022,Current,,,,,,26-Sep-2022,Current,,26-Sep-2022,Current,,,,,,,,N,"Blogs, Podcasts, & Websites",English,General Interest Periodicals--Canada,6552999,
The Victoria Star,,Postmedia Network Inc.,"Grand Falls, N.B.",Canada,,,,30-Apr-2008,04-Aug-2020,,N,30-Apr-2008,04-Aug-2020,,,,,,30-Apr-2008,04-Aug-2020,,30-Apr-2008,04-Aug-2020,,30-Apr-2008,25-Apr-2018,,,,,N,Newspapers,English,General Interest Periodicals--United States,28625,
Victoria Weekend,,"Torstar Syndication Services, a Division of Toronto Star Newspapers Limited","Victoria, B.C.",Canada,,,,06-Aug-2004,23-Sep-2005,,N,06-Aug-2004,23-Sep-2005,,,,,,06-Aug-2004,23-Sep-2005,,06-Aug-2004,23-Sep-2005,,06-Aug-2004,23-Sep-2005,,,,,N,Newspapers,English,General Interest Periodicals--Canada,50963,
La Voix du Restigouche,,Postmedia Network Inc.,"Campbellton, N.B.",Canada,,,,25-Apr-2008,23-Jan-2020,,N,25-Apr-2008,23-Jan-2020,,,,,,25-Apr-2008,23-Jan-2020,,25-Apr-2008,23-Jan-2020,,,,,,,,N,Newspapers,French,General Interest Periodicals--Canada,39720,
Vulcan Advocate,,Postmedia Network Inc.,Vulcan,Canada,1181-5159,,,18-May-2011,23-Aug-2023,,N,18-May-2011,23-Aug-2023,,,,,,18-May-2011,23-Aug-2023,,18-May-2011,23-Aug-2023,,,,,,,,N,Newspapers,English,General Interest Periodicals--Canada,2050125,
Vulcan Advocate (Online),,Postmedia Network Inc.,Vulcan,Canada,,,,15-May-2015,Current,01-Jan-2019--31-Dec-2019; 16-Apr-2021--14-Mar-2022,N,15-May-2015,Current,01-Jan-2019--31-Dec-2019; 16-Apr-2021--14-Mar-2022,,,,1,15-May-2015,Current,01-Jan-2019--31-Dec-2019; 16-Apr-2021--14-Mar-2022,15-May-2015,Current,01-Jan-2019--31-Dec-2019; 16-Apr-2021--14-Mar-2022,,,,,,,N,"Blogs, Podcasts, & Websites",English,General Interest Periodicals--Canada,2050124,
W - FIVE - CTV Television,,"CTV Television, Inc.",Toronto,Canada,,,,06-Jan-1994,02-Mar-2024,20-Dec-2002--20-Dec-2004,N,06-Jan-1994,02-Mar-2024,20-Dec-2002--20-Dec-2004,,,,,06-Jan-1994,02-Mar-2024,20-Dec-2002--20-Dec-2004,06-Jan-1994,02-Mar-2024,20-Dec-2002--20-Dec-2004,06-Jan-1994,13-Dec-2002,,,,,N,Newspapers,English,General Interest Periodicals--Canada,43794,
The Wainwright Edge,,Alberta Weekly Newspapers Association,"Wainwright, Alta.",Canada,,,,03-Apr-2009,25-Oct-2013,,N,03-Apr-2009,25-Oct-2013,,,,,,03-Apr-2009,25-Oct-2013,,03-Apr-2009,25-Oct-2013,,03-Apr-2009,25-Oct-2013,,,,,N,Newspapers,English,General Interest Periodicals--Canada,39460,
The Wainwright Review,,Postmedia Network Inc.,"Wainwright, Alta.",Canada,1489-2723,,,01-Apr-2009,28-Oct-2009,,N,01-Apr-2009,28-Oct-2009,,,,,,01-Apr-2009,28-Oct-2009,,01-Apr-2009,28-Oct-2009,,01-Apr-2009,28-Oct-2009,,,,,N,Newspapers,English,General Interest Periodicals--Canada,39461,
Wainwright Star,,Alberta Weekly Newspapers Association,"Wainwright, Alta.",Canada,,,,10-Nov-2009,29-Oct-2013,,N,10-Nov-2009,29-Oct-2013,,,,,,10-Nov-2009,29-Oct-2013,,10-Nov-2009,29-Oct-2013,,10-Nov-2009,29-Oct-2013,,,,,N,Newspapers,English,General Interest Periodicals--Canada,85501,
Wainwright Star Chronicle,,Postmedia Network Inc.,"Wainwright, Alta.",Canada,,,,06-Apr-2009,03-Nov-2009,,N,06-Apr-2009,03-Nov-2009,,,,,,06-Apr-2009,03-Nov-2009,,06-Apr-2009,03-Nov-2009,,06-Apr-2009,03-Nov-2009,,,,,N,Newspapers,English,General Interest Periodicals--Canada,39462,
Wainwright Star Edge,,Postmedia Network Inc.,"Wainwright, Alta.",Canada,,,,01-Nov-2013,Current,,N,01-Nov-2013,Current,,,,,1,01-Nov-2013,Current,,01-Nov-2013,Current,,01-Nov-2013,27-Apr-2018,,,,,N,Newspapers,English,General Interest Periodicals--Canada,2031888,
Walkerton Herald Times,,"Torstar Syndication Services, a Division of Toronto Star Newspapers Limited","Walkerton, Ont.",Canada,0834-7298,,,19-Jan-2005,25-Feb-2021,01-Jan-2020--31-Dec-2020; 08-Jun-2005--25-Sep-2007,N,19-Jan-2005,25-Feb-2021,01-Jan-2020--31-Dec-2020; 08-Jun-2005--25-Sep-2007,,,,,19-Jan-2005,25-Feb-2021,01-Jan-2020--31-Dec-2020; 08-Jun-2005--25-Sep-2007,19-Jan-2005,25-Feb-2021,01-Jan-2020--31-Dec-2020; 08-Jun-2005--25-Sep-2007,19-Jan-2005,09-Apr-2018,08-Jun-2005--25-Sep-2007,,,,N,Newspapers,English,General Interest Periodicals--Canada,43624,
The Wasaga Sun,,"Torstar Syndication Services, a Division of Toronto Star Newspapers Limited","Wasaga, Ont.",Canada,1197-995X,,,26-Jan-2010,Current,,N,26-Jan-2010,Current,,,,,,26-Jan-2010,Current,,26-Jan-2010,Current,,26-Jan-2010,09-Apr-2018,,,,,N,Newspapers,English,General Interest Periodicals--Canada,55331,
Waterloo Chronicle,,"Torstar Syndication Services, a Division of Toronto Star Newspapers Limited","Waterloo, Ont.",Canada,,,,08-Sep-1999,10-Apr-2024,01-Jan-2009--31-Dec-2009,N,08-Sep-1999,10-Apr-2024,01-Jan-2009--31-Dec-2009,,,,,08-Sep-1999,10-Apr-2024,01-Jan-2009--31-Dec-2009,08-Sep-1999,10-Apr-2024,01-Jan-2009--31-Dec-2009,08-Sep-1999,10-Apr-2018,01-Jan-2009--31-Dec-2009,,,,N,Newspapers,English,General Interest Periodicals--Canada,44398,
Waterloo Region Record,,"Torstar Syndication Services, a Division of Toronto Star Newspapers Limited","Kitchener, Ont.",Canada,,,,01-Oct-1990,Current,,N,01-Oct-1990,Current,,,,,,01-Oct-1990,Current,,01-Oct-1990,Current,,01-Oct-1990,12-Apr-2018,,,,,N,Newspapers,English,General Interest Periodicals--Canada,38474,
Waterloo Region Record (Online),,"Torstar Syndication Services, a Division of Toronto Star Newspapers Limited",Kitchener,Canada,,,,06-Dec-2016,Current,,N,06-Dec-2016,Current,,,,,,06-Dec-2016,Current,,06-Dec-2016,Current,,06-Dec-2016,15-Mar-2017,,,,,N,"Blogs, Podcasts, & Websites",English,General Interest Periodicals--Canada,2043494,
Weekend Regional,,Postmedia Network Inc.,"Brooks, Alta.",Canada,,,,27-Mar-2009,28-Nov-2019,,N,27-Mar-2009,28-Nov-2019,,,,,,27-Mar-2009,28-Nov-2019,,27-Mar-2009,28-Nov-2019,,27-Mar-2009,26-Apr-2018,,,,,N,Newspapers,English,General Interest Periodicals--Canada,38946,
The Weekly Anchor,,Postmedia Network Inc.,"Edson, Alta.",Canada,,,,06-Apr-2009,Current,,N,06-Apr-2009,Current,,,,,1,06-Apr-2009,Current,,06-Apr-2009,Current,,06-Apr-2009,30-Apr-2018,,,,,N,Newspapers,English,General Interest Periodicals--Canada,55005,
The Weekly Review,,Postmedia Network Inc.,"Viking, Alta.",Canada,,,,07-Apr-2009,Current,,N,07-Apr-2009,Current,,,,,1,07-Apr-2009,Current,,07-Apr-2009,Current,,07-Apr-2009,14-Mar-2017,,,,,N,Newspapers,English,General Interest Periodicals--Canada,39514,
West Carleton EMC,,Postmedia Network Inc.,"West Carleton, Ont.",Canada,,,,27-Mar-2009,11-Jan-2018,,N,27-Mar-2009,11-Jan-2018,,,,,,27-Mar-2009,11-Jan-2018,,27-Mar-2009,11-Jan-2018,,27-Mar-2009,06-Jul-2017,,,,,N,Newspapers,English,General Interest Periodicals--Canada,52081,
West Carleton Review,,Postmedia Network Inc.,"Arnprior, Ont.",Canada,,,,21-Sep-2011,05-Jan-2018,,N,21-Sep-2011,05-Jan-2018,,,,,,21-Sep-2011,05-Jan-2018,,21-Sep-2011,05-Jan-2018,,21-Sep-2011,05-Jan-2018,,,,,N,Newspapers,English,General Interest Periodicals--Canada,55338,
West Coast Traveller (web site),,Black Press Group Ltd.,Toronto,Canada,,,,17-Jun-2020,Current,,N,17-Jun-2020,Current,,,,,,17-Jun-2020,Current,,17-Jun-2020,Current,,,,,,,,N,"Blogs, Podcasts, & Websites",English,General Interest Periodicals--Canada,6552998,
West Elgin Chronicle,,Postmedia Network Inc.,West Lorne,Canada,1487-1041,,,30-Apr-2015,Current,,N,30-Apr-2015,Current,,,,,1,30-Apr-2015,Current,,30-Apr-2015,Current,,,,,,,,N,Newspapers,English,General Interest Periodicals--Canada,2050120,
West Elgin Chronicle (Online),,Postmedia Network Inc.,West Lorne,Canada,,,,15-May-2015,17-Jun-2022,01-Jan-2019--31-Dec-2021,N,15-May-2015,17-Jun-2022,01-Jan-2019--31-Dec-2021,,,,,15-May-2015,17-Jun-2022,01-Jan-2019--31-Dec-2021,15-May-2015,17-Jun-2022,01-Jan-2019--31-Dec-2021,,,,,,,N,"Blogs, Podcasts, & Websites",English,General Interest Periodicals--Canada,2050118,
West Kootenay Advertiser (Online),,Black Press Group Ltd.,Cranbrook,Canada,,,,27-Mar-2023,Current,,N,27-Mar-2023,Current,,,,,,27-Mar-2023,Current,,27-Mar-2023,Current,,,,,,,,N,"Blogs, Podcasts, & Websites",English,General Interest Periodicals--Canada,6552997,
WestEnder,,"Torstar Syndication Services, a Division of Toronto Star Newspapers Limited","Vancouver, B.C.",Canada,1716-5636,,,,,,N,,,,,,,,05-Aug-2004,09-Mar-2014,,05-Aug-2004,09-Mar-2014,,05-Aug-2004,09-Mar-2014,,,,,N,Newspapers,English,General Interest Periodicals--Canada,39870,
Western Star,,Postmedia Network Inc.,"Corner Brook, Nfld.",Canada,,,,,,,N,,,,,,,,01-Oct-1999,27-Apr-2007,,01-Oct-1999,27-Apr-2007,,,,,,,,N,Newspapers,English,General Interest Periodicals--Canada,44259,
The Westlock News,,Postmedia Network Inc.,"Westlock, Alta.",Canada,,,,10-Aug-2009,10-Dec-2019,,N,10-Aug-2009,10-Dec-2019,,,,,,10-Aug-2009,10-Dec-2019,,10-Aug-2009,10-Dec-2019,,10-Aug-2009,13-Feb-2018,,,,,N,Newspapers,English,General Interest Periodicals--Canada,39463,
Wetaskiwin Times Advertiser,,Postmedia Network Inc.,Wetaskiwin,Canada,,,,18-May-2011,Current,,N,18-May-2011,Current,,,,,1,18-May-2011,Current,,18-May-2011,Current,,,,,,,,N,Newspapers,English,General Interest Periodicals--Canada,2050116,
Wetaskiwin Times Advertiser (Online),,Postmedia Network Inc.,Wetaskiwin,Canada,,,,15-May-2015,Current,01-Jan-2019--31-Dec-2019,N,15-May-2015,Current,01-Jan-2019--31-Dec-2019,,,,1,15-May-2015,Current,01-Jan-2019--31-Dec-2019,15-May-2015,Current,01-Jan-2019--31-Dec-2019,,,,,,,N,"Blogs, Podcasts, & Websites",English,General Interest Periodicals--Canada,2050115,
Whitecourt Star,,Postmedia Network Inc.,Whitecourt,Canada,0847-8597,,,18-May-2011,22-Feb-2023,,N,18-May-2011,22-Feb-2023,,,,,,18-May-2011,22-Feb-2023,,18-May-2011,22-Feb-2023,,,,,,,,N,Newspapers,English,General Interest Periodicals--Canada,2050114,
Whitecourt Star (Online),,Postmedia Network Inc.,Whitecourt,Canada,,,,15-May-2015,Current,01-Jan-2019--31-Dec-2019; 19-Apr-2021--03-Mar-2022,N,15-May-2015,Current,01-Jan-2019--31-Dec-2019; 19-Apr-2021--03-Mar-2022,,,,1,15-May-2015,Current,01-Jan-2019--31-Dec-2019; 19-Apr-2021--03-Mar-2022,15-May-2015,Current,01-Jan-2019--31-Dec-2019; 19-Apr-2021--03-Mar-2022,,,,,,,N,"Blogs, Podcasts, & Websites",English,General Interest Periodicals--Canada,2050113,
Whitehorse Star,,Postmedia Network Inc.,"Whitehorse, Y.T.",Canada,,,,01-Nov-1999,17-May-2024,,N,01-Nov-1999,17-May-2024,,,,,,01-Nov-1999,17-May-2024,,01-Nov-1999,17-May-2024,,01-Nov-1999,27-Apr-2018,,,,,N,Newspapers,English,General Interest Periodicals--Canada,43650,
Wiarton Echo,,Postmedia Network Inc.,Wiarton,Canada,0832-3402,,,28-Apr-2015,Current,,N,28-Apr-2015,Current,,,,,1,28-Apr-2015,Current,,28-Apr-2015,Current,,,,,,,,N,Newspapers,English,General Interest Periodicals--Canada,2050112,
Wiarton Echo (Online),,Postmedia Network Inc.,Wiarton,Canada,,,,15-May-2015,Current,09-Sep-2021--07-Mar-2022,N,15-May-2015,Current,09-Sep-2021--07-Mar-2022,,,,1,15-May-2015,Current,09-Sep-2021--07-Mar-2022,15-May-2015,Current,09-Sep-2021--07-Mar-2022,,,,,,,N,"Blogs, Podcasts, & Websites",English,General Interest Periodicals--Canada,2050111,
The Williams Lake Tribune (Online),,Black Press Group Ltd.,Williams Lake,Canada,,,,24-Feb-2018,Current,01-Jan-2019--31-Dec-2019,N,24-Feb-2018,Current,01-Jan-2019--31-Dec-2019,,,,,24-Feb-2018,Current,01-Jan-2019--31-Dec-2019,24-Feb-2018,Current,01-Jan-2019--31-Dec-2019,,,,,,,N,"Blogs, Podcasts, & Websites",English,General Interest Periodicals--Canada,6553003,
The Windsor Star (Online),,Postmedia Network Inc.,Windsor,Canada,,,,30-Nov-2017,Current,,N,30-Nov-2017,Current,,,,,1,30-Nov-2017,Current,,30-Nov-2017,Current,,30-Nov-2017,30-Apr-2018,,,,,N,"Blogs, Podcasts, & Websites",English,,2046006,
The Windsor Star,,Postmedia Network Inc.,"Windsor, Ont.",Canada,,,,20-Oct-1986,Current,,N,20-Oct-1986,Current,,,,,1,20-Oct-1986,Current,01-Jan-2019--31-Dec-2024,20-Oct-1986,Current,,20-Oct-1986,Current,01-Jan-2019--31-Dec-2024,,,,N,Newspapers,English,Business And Economics--Banking And Finance,46778,
Wingham Advance - Times,,"Torstar Syndication Services, a Division of Toronto Star Newspapers Limited","Wingham, Ont.",Canada,,,,06-Jul-2003,11-Sep-2003,,N,06-Jul-2003,11-Sep-2003,,,,,,06-Jul-2003,11-Sep-2003,,06-Jul-2003,11-Sep-2003,,06-Jul-2003,11-Sep-2003,,,,,N,Newspapers,English,General Interest Periodicals--Canada,43339,
The Winkler Times,,Postmedia Network Inc.,Winkler,Canada,,,,01-Dec-2011,07-May-2020,,N,01-Dec-2011,07-May-2020,,,,,,01-Dec-2011,07-May-2020,,01-Dec-2011,07-May-2020,,,,,,,,N,Newspapers,English,General Interest Periodicals--Canada,2050133,
Winnipeg Free Press,,FP Canadian Newspapers Limited Partnership,"Winnipeg, Man.",Canada,0828-1785,,,01-May-2006,Current,,N,01-May-2006,Current,,,,,,02-Jan-1982,Current,01-Jan-1997--30-Apr-2006,02-Jan-1982,Current,01-Jan-1997--30-Apr-2006,01-May-2006,12-Jun-2017,,,,,N,Newspapers,English,General Interest Periodicals--Canada,44543,
The Winnipeg Sun,,Postmedia Network Inc.,Winnipeg,Canada,0711-3773,,,30-Apr-2007,Current,,N,30-Apr-2007,Current,,,,,1,30-Apr-2007,Current,,30-Apr-2007,Current,,,,,,,,N,Newspapers,English,General Interest Periodicals--Canada,2050145,
World Report,,Canadian Broadcasting Corporation,Toronto,Canada,,,,24-Jun-2013,Current,01-Jan-2017--31-Dec-2021,N,24-Jun-2013,Current,01-Jan-2017--31-Dec-2021,,,,,24-Jun-2013,Current,01-Jan-2017--31-Dec-2021,24-Jun-2013,Current,01-Jan-2017--31-Dec-2021,,,,,,,N,Other Sources,English,General Interest Periodicals--Canada|Journalism,6008983,
The World,,Public Radio International (PRI),Minneapolis,United States,,,,20-Jan-2017,Current,,N,20-Jan-2017,Current,,,,,,20-Jan-2017,Current,,20-Jan-2017,Current,,06-Feb-2017,11-Apr-2018,,,,,N,Other Sources,English,General Interest Periodicals--United States,2044508,
The York Guardian,,"Torstar Syndication Services, a Division of Toronto Star Newspapers Limited","Toronto, Ont.",Canada,,,,09-May-2003,Current,01-Jan-2020--31-Dec-2020,N,09-May-2003,Current,01-Jan-2020--31-Dec-2020,,,,,09-May-2003,Current,01-Jan-2020--31-Dec-2020,09-May-2003,Current,01-Jan-2020--31-Dec-2020,09-May-2003,13-Mar-2018,,,,,N,Newspapers,English,General Interest Periodicals--Canada,44055,
YorkRegion.com,,"Torstar Syndication Services, a Division of Toronto Star Newspapers Limited",Toronto,Canada,,,,23-Aug-2023,Current,,N,23-Aug-2023,Current,,,,,,22-Aug-2023,Current,,22-Aug-2023,Current,,,,,,,,N,"Blogs, Podcasts, & Websites",English,General Interest Periodicals--Canada,6720250,
Yukon News (Online),,Black Press Group Ltd.,Whitehorse,Canada,,,,01-Dec-2018,Current,01-Jan-2019--31-Dec-2022,N,01-Dec-2018,Current,01-Jan-2019--31-Dec-2022,,,,,01-Dec-2018,Current,01-Jan-2019--31-Dec-2022,01-Dec-2018,Current,01-Jan-2019--31-Dec-2022,,,,,,,N,"Blogs, Podcasts, & Websites",English,General Interest Periodicals--Canada,6552994,