{
  "Victim-aligned": {
    "precision": 0.6976744186046512,
    "recall": 0.5882352941176471,
    "f1-score": 0.6382978723404256,
    "support": 51.0
  },
  "Police-aligned": {
    "precision": 0.8208955223880597,
    "recall": 0.7534246575342466,
    "f1-score": 0.7857142857142857,
    "support": 73.0
  },
  "micro avg": {
    "precision": 0.7727272727272727,
    "recall": 0.6854838709677419,
    "f1-score": 0.7264957264957265,
    "support": 124.0
  },
  "macro avg": {
    "precision": 0.7592849704963555,
    "recall": 0.6708299758259468,
    "f1-score": 0.7120060790273557,
    "support": 124.0
  },
  "weighted avg": {
    "precision": 0.7702158748642385,
    "recall": 0.6854838709677419,
    "f1-score": 0.725083341504069,
    "support": 124.0
  }
}