{
  "Victim-aligned": {
    "precision": 0.7083333333333334,
    "recall": 0.6666666666666666,
    "f1-score": 0.6868686868686869,
    "support": 51.0
  },
  "Police-aligned": {
    "precision": 0.7605633802816901,
    "recall": 0.7397260273972602,
    "f1-score": 0.75,
    "support": 73.0
  },
  "micro avg": {
    "precision": 0.7394957983193278,
    "recall": 0.7096774193548387,
    "f1-score": 0.7242798353909465,
    "support": 124.0
  },
  "macro avg": {
    "precision": 0.7344483568075117,
    "recall": 0.7031963470319634,
    "f1-score": 0.7184343434343434,
    "support": 124.0
  },
  "weighted avg": {
    "precision": 0.7390816674238982,
    "recall": 0.7096774193548387,
    "f1-score": 0.7240347018572825,
    "support": 124.0
  }
}